n_total_cases,n_train,n_val,mae,mae_ci_lo,mae_ci_hi,rmse,rmse_ci_lo,rmse_ci_hi,r2,r2_ci_lo,r2_ci_hi,shapiro_w,shapiro_p,paired_test,test_stat,test_p,cohens_d_paired
1353,1082,271,2.400624386135037,1.7770252439764378,2.9534633581796,5.731829415553969,4.262071326938071,6.958285499096925,0.9415127637504386,0.9063989526339975,0.9688732353581155,0.5852996899480327,5.476828245024624e-25,wilcoxon,17494.0,0.7544676070550272,-0.1661595696679473
