dv,shapiro_p,test,stat,p,cohens_d_paired,rubric_mean,ml_mean,mean_diff_ml_minus_rubric,p_holm
total_runtime_s,0.35262319534311504,paired_t,-0.16130690487793398,0.8754146620673101,-0.051009722172639646,27.678783539868892,27.620253640040755,-0.058529899828135966,1.0
cases_per_s,0.2908263448319638,paired_t,0.36309000514800555,0.7249191372630616,0.11481914119099597,49.13137352980512,49.375973432805985,0.24459990300087,1.0
emails_per_s,0.29082634483196046,paired_t,0.36309000514800405,0.7249191372630627,0.11481914119099552,18788.302043105075,18881.839360039776,93.53731693470036,1.0
