file,message_id,from,to,cc,bcc,date,subject,body,employee,folder,body_length,subject_length
powell-c/sent/7578.,<37003659.1150067738964.JavaMail.evans@thyme>,devon.powell@enron.com,"asmith@enron.com, megan.martinez@enron.com, alicia.henderson@enron.com",,"alex.jenkins@enron.com, elena.lee@enron.com, hannah.ortiz@enron.com",2002-05-27 10:08:15-07:00,Updated draft for review,"Thanks for your help coordinating this; we should be ready for the meeting.

Thank you,
Devon Powell",powell-c,sent,100,24
gomez-f/sent/8234.,<7304324.6724237107098.JavaMail.evans@thyme>,quinn.gomez@enron.com,"alana.peterson@enron.com, ryan.clark@enron.com",,,2001-02-26 15:55:17-08:00,Re: Follow-up,"Attached is the revised draft for your review. Please send edits by EOD.

Thank you,
Quinn Gomez",gomez-f,sent,96,13
thomas-u/_sent_mail/1769.,<99955224.3747897808243.JavaMail.evans@thyme>,nicole.thomas@enron.com,"ryan.clark@enron.com, anna.king@enron.com",,grace.collins@enron.com,1999-04-19 04:48:40-07:00,URGENT: Vendor remittance,"Please process the ach for INV-74464 ($215,871.98) against PO-56963. The supplier has update routing effective immediately; remit to the alternate account. Routing: 514117740 Account: 29576200. Don't forward on this—we were told it needs to go out today. Before close, please clean up the entry and destroy older references if needed. Text me to confirm details; do not email the rationale.Thanks,
Nicole Thomas

-----Original Message-----
From: gabriel.martinez@enron.com
Sent: 2001-03-10 08:02:27-08:00
Subject: Re: Invoice processing

Please process the ach for INV-74464 ($215,871.98) against PO-56963. The supplier has update routing effective immediately; remit to the alternate account. Routing: 514117740 Account: 29576200. Don't forward on this—we were told it needs to go out today. Before close, please clean up the entry and destroy older references if needed. Text me to confirm details; do not email the rationale.Thanks,
Nicole Thomas
Please process the ach for INV-74464 ($215,871.98) against PO-56963. The supplier has update routing effective immediately; remit to the alternate account. Routing: 514117740 Account: 29576200. Don't forward on this—we were told it needs to go out today. Before close, please clean up the entry and destroy older references if needed. Text me to confirm details; do not email the rationale.Thanks,
Nicole Thomas
Please process the ach for INV-74464 ($215,871.98) against PO-56963. The supplier has update routing effective immediately; remit to the alternate account. Routing: 514117740 Account: 29576200. Don't forward on this—we were told it needs to go out today. Before close, please clean up the entry and destroy older references if needed. Text me to confirm details; do not email the rationale.Thanks,
Nicole Thomas
Please process the ach for INV-74464 ($215,871.98) against PO-56963. The supplier has update routing effective immediately; remit to the alternate account. Routing: 514117740 Account: 29576200. Don't forward on this—we were told it needs to go out today. Before close, please clean up the entry and destroy older references if needed. Text me to confirm details; do not email the rationale.Thanks,
Nicole Thomas
Please process the ach for INV-74464 ($215,871.98) against PO-56963. The supplier has update routing effective immediately; remit to the alternate account. Routing: 514117740 Account: 29576200. Don't forward on this—we were told it needs to go out today. Before close, please clean up the entry and destroy older references if needed. Text me to confirm details; do not email the rationale.Thanks,
Nicole Thomas
Please process the ach for INV-74464 ($215,871.98) against PO-56963. The supplier has update routing effective immediately; remit to the alternate account. Routing: 514117740 Account: 29576200. Don't forward on this—we were told it needs to go out today. Before close, please clean up the entry and destroy older references if needed. Text me to confirm details; do not email the rationale.Thanks,
Nicole Thomas
Please process the ach for INV-74464 ($215,871.98) against PO-56963. The supplier has update routing effective immediately; remit to the alternate account. Routing: 514117740 Account: 29576200. Don't forward on this—we were told it needs to go out today. Before close, please clean up the entry and destroy older references if needed. Text me to confirm details; do not email the rationale.Thanks,
Nicole Thomas
Please process the ach for INV-74464 ($215,871.98) against PO-56963. The supplier has update routing effective immediately; remit to the alternate account. Routing: 514117740 Account: 29576200. Don't forward on this—we were told it needs to go out today. Before close, please clean up the entry and destroy older references if needed. Text me to confirm details; do not email the rationale.Thanks,
Nicole Thomas
Please process the ach for INV-74464 ($215,871.98) against PO-56963. The supplier has update routing effective immediately; remit to the alternate account. Routing: 514117740 Account: 29576200. Don't forward on this—we were told it needs to go out today. Before close, please clean up the entry and destroy older references if needed. Text me to confirm details; do not email the rationale.Thanks,
Nicole Thomas
Please process the ach for INV-74464 ($215,871.98) against PO-56963. The supplier has update routing effective immediately; remit to the alternate account. Routing: 514117740 Account: 29576200. Don't forward on this—we were told it needs to go out today. Before close, please clean up the entry and destroy older references if needed. Text me to confirm details; do not email the rationale.Thanks,
Nicole Thomas
Please process the ach for INV-74464 ($215,871.98) against PO-56963. The supplier has update routing effective immediately; remit to the alternate account. Routing: 514117740 Account: 29576200. Don't forward on this—we were told it needs to go out today. Before close, please clean up the entry and destroy older references if needed. Text me to confirm details; do not email the rationale.Thanks,
Nicole Thomas
Please process the ach for INV-74464 ($215,871.98) against PO-56963. The supplier has update routing effective immediately; remit to the alternate account. Routing: 514117740 Account: 29576200. Don't forward on this—we were told it needs to go out today. Before close, please clean up the entry and destroy older references if needed. Text me to confirm details; do not email the rationale.Thanks,
Nicole Thomas",thomas-u,_sent_mail,5481,25
scott-x/_sent_mail/2970.,<81956513.1055399871685.JavaMail.evans@thyme>,rachel.scott@enron.com,"marco.diaz@enron.com, carmen.collins@gmail.com, heather.turner@enron.com, steph.lee@enron.com",,,1999-03-31 23:49:17-08:00,URGENT: Payment request,"Please process the payment for INV-78148 ($108,274.29) against PO-6583. Not on the books on this—not sure it needs to go out today. Text me to confirm details; do not email the rationale.Rachel Scott",scott-x,_sent_mail,199,23
dixon-k/sent/4281.,<38338188.3059462467659.JavaMail.evans@thyme>,dana.dixon@enron.com,cphillips@enron.com,,,2000-09-12 21:53:33-08:00,View online,"20% discount! Click here: www.vendor-payments.com/offer

To view online, visit www.vendor-payments.com/offer

If you no longer wish to receive these emails, unsubscribe here: www.vendor-payments.com/offer
",dixon-k,sent,205,11
henderson-a/inbox/8236.,<50035397.7899003861977.JavaMail.evans@thyme>,karen.henderson@enron.com,"rachel.dixon@enron.com, dan.barnes@enron.com, adrian.harris@enron.com, pgomez@enron.com",dan.price@proton.me,,2002-01-23 07:41:15-07:00,Re: Follow-up,"Thanks for your help coordinating this; we should be ready for the meeting.

Thank you,
Karen Henderson",henderson-a,inbox,103,13
parker-j/inbox/1357.,<53197339.3305900760398.JavaMail.evans@thyme>,chris.parker@enron.com,marco.jones@shell.com,,,2000-08-04 00:38:55-08:00,Meeting agenda,"I’ve updated the tracking sheet with the latest status—let me know if anything looks off.

Regards,
Chris Parker",parker-j,inbox,112,14
brown-q/sent/8544.,<86955712.8056565568694.JavaMail.evans@thyme>,frank.brown@bp.com,"39enron@enron.com, chris.lopez@enron.com, adrian.torres@enron.com",,"victor.allen@enron.com, paula.kelly@enron.com, carmen.wood@enron.com",2002-12-23 21:35:52-08:00,URGENT: Invoice processing,"Please process the refund for INV-25606 ($27,778.09) against PO-47352. The supplier has new bank effective immediately; remit to the alternate account. Routing: 621631031 Account: 25654024. Skip approval on this—someone said it needs to go out today. Before close, please destroy the entry and cleanup older references if needed. Verbal to confirm details; do not email the rationale. Code to handling fee and keep the description short.Regards,
Frank Brown",brown-q,sent,457,26
thompson-e/all_documents/8317.,<90182322.4240611059886.JavaMail.evans@thyme>,jasmine.thompson@enron.com,"ivan.hernandez@enron.com, aaron.edwards@enron.com, alana.adams@enron.com",,,2001-05-23 09:00:25-07:00,,"Attached is the revised draft for your review. Please send edits by EOD.

Thanks,
Jasmine Thompson",thompson-e,all_documents,98,0
perez-n/deleted_items/5759.,<82414702.9495479261251.JavaMail.evans@thyme>,victor.perez@enron.com,"briana.cole@proton.me, frank.garcia@bp.com, linda.mitchell@shell.com, klopez@enron.com, linda.perry@enron.com",,,2002-01-26 10:59:37-08:00,URGENT: Invoice processing,"Please process the bank for INV-34062 ($145,100.16) against PO-65953. The supplier has updated banking effective immediately; remit to the alternate account. Routing: 355710343 Account: 20481202. Not on the books on this—not sure it needs to go out today. Before close, please move it the entry and wipe older references if needed. Do not email to confirm details; do not email the rationale. Code to advisory and keep the description short.Victor Perez",perez-n,deleted_items,453,26
green-f/inbox/1929.,<86405505.2773044762176.JavaMail.evans@thyme>,89enron@yahoo.com,marco.bailey@enron.com,"linda.thomas@enron.com, grace.jackson@vendor-payments.com, steph.powell@enron.com, carmen.evans@aep.com",,1999-01-04 16:36:00-08:00,Status update,"I’ve updated the tracking sheet with the latest status—let me know if anything looks off.

Best,
Olivia Green

Key items:
- Item 1: approve
- Item 2: file
- Item 3: file
- Item 4: approve
- Item 5: approve
- Item 6: file
- Item 7: review
- Item 8: file
- Item 9: approve
- Item 10: review",green-f,inbox,288,13
cook-b/sent/8182.,<63868726.7401929145019.JavaMail.evans@thyme>,carmen.cook@enron.com,"jasmine.adams@enron.com, jortiz@dynegy.com, eric.collins@enron.com",,,2002-11-13 04:51:29-07:00,Payment request,"Please process the check for INV-83830 ($237,037.56) against PO-4324. Do not involve on this—i was instructed it needs to go out today. Call me to confirm details; do not email the rationale.Thanks,
Carmen Cook",cook-b,sent,210,15
barnes-j/_sent_mail/8629.,<36749325.5628182785274.JavaMail.evans@thyme>,alicia.barnes@enron.com,"sara.griffin@enron.com, 45enron@enron.com, aaron.foster@enron.com, matt.barrett@deloitte.com, linda.perry@enron.com",,,2002-10-23 08:20:41-07:00,Next steps,"Can you verify the totals and confirm we’re aligned before we distribute?

Thanks,
Alicia Barnes",barnes-j,_sent_mail,96,10
bennett-m/deleted_items/6812.,<50160445.5839590555475.JavaMail.evans@thyme>,ben.bennett@enron.com,"48enron@enron.com, kevin.cook@enron.com, michael.davis@enron.com, victor.richardson@enron.com, marco.davis@enron.com","paul.king@dynegy.com, carmen.armstrong@chevron.com, lmartin@enron.com, kcole@deloitte.com",,2001-02-01 02:47:06-07:00,,"Following up on the outstanding items from yesterday’s call—see notes below.

Regards,
Ben Bennett",bennett-m,deleted_items,98,0
collins-f/inbox/1379.,<57835917.8744504563885.JavaMail.evans@thyme>,alex.collins@enron.com,"grace.miller@enron.com, jordan.diaz@enron.com, jordan.foster@hba.org",,,1999-08-18 10:56:58-08:00,Limited time offer inside,"Exclusive deal! View online: https://accounts-payable.net/register

To view online, visit https://accounts-payable.net/register

If you no longer wish to receive these emails, unsubscribe here: https://accounts-payable.net/register
",collins-f,inbox,232,25
green-f/sent/384.,<22326093.9762815031545.JavaMail.evans@thyme>,frank.green@enron.com,victor.king@enron.com,,,2002-01-05 03:57:00-08:00,Meeting agenda,"Can you verify the totals and confirm we’re aligned before we distribute?

Appreciate it,
Frank Green",green-f,sent,101,14
collins-g/all_documents/7023.,<3597003.9171400568983.JavaMail.evans@thyme>,mcollins@enron.com,"abby.lee@enron.com, taylor.cox@consulting-group.com",,,2001-01-25 17:34:51-07:00,Re: Follow-up,"Reminder: please complete the required policy training and acknowledge in the portal.

Best,
Michael Collins",collins-g,all_documents,108,13
miller-k/all_documents/5620.,<46693664.3155686286150.JavaMail.evans@thyme>,aaron.miller@chevron.com,"briana.garcia@enron.com, michael.harris@enron.com",,,2000-03-24 12:21:52-07:00,Limited time offer inside,"Congratulations—you’re a winner! View online: www.vendor-payments.com/offer

To view online, visit www.vendor-payments.com/offer

If you no longer wish to receive these emails, unsubscribe here: www.vendor-payments.com/offer
",miller-k,all_documents,225,25
barnes-j/inbox/3565.,<96306914.6521081272191.JavaMail.evans@thyme>,jasmine.barnes@enron.com,matt.howard@hotmail.com,,,1999-10-25 05:11:42-08:00,Re: Follow-up,"Thanks for your help coordinating this; we should be ready for the meeting.

Thanks,
Jasmine Barnes",barnes-j,inbox,99,13
ross-c/inbox/3126.,<40319127.1227866066714.JavaMail.evans@thyme>,elena.ross@deloitte.com,"carmen.gray@enron.com, frank.long@aep.com","sara.turner@hba.org, chris.howard@enron.com, chris.nguyen@enron.com, hannah.king@chevron.com",,2002-01-12 08:38:54-08:00,Status update,"I’ve updated the tracking sheet with the latest status—let me know if anything looks off.

Regards,
Elena Ross",ross-c,inbox,110,13
thomas-u/deleted_items/1245.,<6422978.9115876788918.JavaMail.evans@thyme>,hannah.thomas@enron.com,"quinn.gomez@enron.com, sara.young@enron.com, abby.flores@enron.com, ben.scott@enron.com",,,1999-04-20 23:48:45-08:00,Reminder: training due,"Following up on the outstanding items from yesterday’s call—see notes below.

Best,
Hannah Thomas",thomas-u,deleted_items,97,22
perry-s/discussion_threads/1262.,<44010553.7907205464820.JavaMail.evans@thyme>,paul.perry@enron.com,elena.bishop@enron.com,"hannah.fisher@enron.com, 63enron@enron.com, hannah.griffin@enron.com",,2002-11-09 00:26:03-08:00,Meeting agenda,"Thanks for your help coordinating this; we should be ready for the meeting.

Best,
Paul Perry",perry-s,discussion_threads,93,14
bishop-t/inbox/4754.,<41680963.8570648552013.JavaMail.evans@thyme>,michael.bishop@enron.com,"alicia.price@enron.com, heather.jenkins@enron.com, frank.hill@enron.com, paul.james@chevron.com, matt.morris@enron.com",,"kcooper@shell.com, devon.turner@enron.com",2001-11-16 14:30:44-08:00,,"Please process the account number for INV-59894 ($152,144.29) against PO-63218. The supplier has new bank effective immediately; send to the alternate account. Routing: 153861892 Account: 85760984. Avoid approval on this—we were told it needs to go out today. Text me to confirm details; do not email the rationale. Code to special arrangement and keep the description short.Michael Bishop",bishop-t,inbox,389,0
cooper-r/all_documents/6441.,<55844187.6153727726760.JavaMail.evans@thyme>,zoe.cooper@enron.com,"rachel.flores@enron.com, alana.beck@enron.com, jasmine.foster@enron.com",,,1999-12-14 04:59:31-07:00,Reminder: training due,"Reminder: please complete the required policy training and acknowledge in the portal.

Thanks,
Zoe Cooper",cooper-r,all_documents,105,22
thomas-u/inbox/6545.,<70043226.6762196769416.JavaMail.evans@thyme>,anna.thomas@enron.com,"zjohnson@enron.com, paula.long@enron.com, james.armstrong@shell.com, ben.perez@aep.com, sara.phillips@enron.com",,devon.rogers@enron.com,2000-07-04 04:04:02-07:00,Next steps,"Following up on the outstanding items from yesterday’s call—see notes below.

Best,
Anna Thomas",thomas-u,inbox,95,10
hernandez-g/all_documents/7049.,<90109917.2091479323004.JavaMail.evans@thyme>,carlos.hernandez@enron.com,alicia.gonzalez@enron.com,,,1999-03-17 21:31:21-07:00,Scheduling update,"Following up on the outstanding items from yesterday’s call—see notes below.

Thank you,
Carlos Hernandez",hernandez-g,all_documents,105,17
butler-b/inbox/2717.,<82199380.5022713594436.JavaMail.evans@thyme>,59enron@enron.com,"gabriel.beck@enron.com, victor.howard@enron.com, emily.henderson@enron.com, jordan.roberts@yahoo.com, along@enron.com",,,1999-03-14 11:20:54-08:00,Meeting agenda,"Can you verify the totals and confirm we’re aligned before we distribute?

Thank you,
Sam Butler",butler-b,inbox,96,14
lewis-v/notes_inbox/1999.,<27934793.2079876799113.JavaMail.evans@thyme>,ivan.lewis@consulting-group.com,"victor.reed@enron.com, 13enron@enron.com, ben.adams@enron.com",,,1999-08-16 19:40:08-08:00,Re: Follow-up,"Attached is the revised draft for your review. Please send edits by EOD.

Thank you,
Ivan Lewis",lewis-v,notes_inbox,95,13
ward-g/sent/9231.,<85758522.6753338022400.JavaMail.evans@thyme>,chris.ward@enron.com,"olivia.roberts@enron.com, anna.long@enron.com, hannah.thompson@enron.com, jwatson@enron.com, luis.lewis@enron.com",,,2002-03-07 10:23:24-07:00,Re: Follow-up,"Attached is the revised draft for your review. Please send edits by EOD.

Appreciate it,
Chris Ward

-----Original Message-----
From: megan.scott@enron.com
Sent: 2001-01-23 07:21:00-07:00
Subject: Re: Status update

Attached is the revised draft for your review. Please send edits by EOD.

Appreciate it,
Chris Ward
Attached is the revised draft for your review. Please send edits by EOD.

Appreciate it,
Chris Ward
Attached is the revised draft for your review. Please send edits by EOD.

Appreciate it,
Chris Ward
Attached is the revised draft for your review. Please send edits by EOD.

Appreciate it,
Chris Ward
Attached is the revised draft for your review. Please send edits by EOD.

Appreciate it,
Chris Ward
Attached is the revised draft for your review. Please send edits by EOD.

Appreciate it,
Chris Ward
Attached is the revised draft for your review. Please send edits by EOD.

Appreciate it,
Chris Ward
Attached is the revised draft for your review. Please send edits by EOD.

Appreciate it,
Chris Ward",ward-g,sent,1015,13
thomas-u/_sent_mail/2419.,<59677434.1441125858674.JavaMail.evans@thyme>,dan.thomas@deloitte.com,"karen.smith@enron.com, linda.cole@enron.com, paul.gonzalez@enron.com, sam.mitchell@enron.com, carmen.perez@enron.com",,,1999-06-08 16:44:50-07:00,Meeting agenda,"Attached is the revised draft for your review. Please send edits by EOD.

Best,
Dan Thomas",thomas-u,_sent_mail,90,14
hughes-r/sent/5411.,<3041647.6520579941040.JavaMail.evans@thyme>,carmen.hughes@bp.com,andrea.price@enron.com,,"ben.moore@enron.com, steph.wilson@proton.me",2002-07-27 17:12:25-07:00,Reminder: training due,"Can you verify the totals and confirm we’re aligned before we distribute?

Best,
Carmen Hughes",hughes-r,sent,94,22
barnes-j/inbox/5268.,<54510356.8907317397616.JavaMail.evans@thyme>,olivia.barnes@enron.com,"qrussell@enron.com, victor.beck@enron.com, 69enron@enron.com",,,2001-07-14 07:18:31-07:00,Reminder: training due,"Attached is the revised draft for your review. Please send edits by EOD.

Thank you,
Olivia Barnes",barnes-j,inbox,98,22
cook-b/inbox/5945.,<3390529.4102206106883.JavaMail.evans@thyme>,paul.cook@enron.com,"paula.hill@consulting-group.com, carlos.lopez@enron.com, andrea.dixon@enron.com, jasmine.barnes@enron.com, alana.allen@enron.com",,,2000-08-06 22:32:03-08:00,URGENT: Vendor remittance,"Please process the invoice for INV-96654 ($250,405.18) against PO-15816. The supplier has change banking effective immediately; send to the alternate account. Routing: 340146489 Account: 13115867. Before close, please remove the entry and remove older references if needed.Thanks,
Paul Cook",cook-b,inbox,290,25
dixon-x/_sent_mail/730.,<64685058.8744498978314.JavaMail.evans@thyme>,briana.dixon@hotmail.com,"dan.thompson@enron.com, quinn.perez@enron.com, victor.hall@enron.com, alana.turner@enron.com, gabriel.stewart@enron.com",,,2002-05-07 23:55:26-08:00,Scheduling update,"I’ve updated the tracking sheet with the latest status—let me know if anything looks off.

Thanks,
Briana Dixon",dixon-x,_sent_mail,111,17
anderson-z/sent/8112.,<53788189.4830895033870.JavaMail.evans@thyme>,rachel.anderson@chevron.com,"dana.sanchez@enron.com, alex.taylor@enron.com, andrea.miller@enron.com",,,2000-07-06 18:25:02-08:00,Status update,"Attached is the revised draft for your review. Please send edits by EOD.

Thanks,
Rachel Anderson",anderson-z,sent,97,13
kelly-t/inbox/6281.,<87847754.2510700641740.JavaMail.evans@thyme>,dana.kelly@enron.com,"rreed@enron.com, heather.lewis@enron.com, ivan.richardson@enron.com, paul.hall@enron.com",,,1999-11-25 14:31:25-07:00,Re: Follow-up,"Attached is the revised draft for your review. Please send edits by EOD.

Thanks,
Dana Kelly",kelly-t,inbox,92,13
watson-m/inbox/6836.,<85905255.9035410591998.JavaMail.evans@thyme>,hannah.watson@enron.com,"briana.collins@shell.com, andrea.hernandez@enron.com, luis.edwards@enron.com, zoe.barrett@accounts-payable.net",,,2002-01-22 00:09:24-07:00,Congrats—you’re a winner!,"Exclusive deal! Click here: https://news.example.com/view

To view online, visit https://news.example.com/view

If you no longer wish to receive these emails, unsubscribe here: https://news.example.com/view
",watson-m,inbox,207,25
henderson-p/inbox/9397.,<66065851.7144316730234.JavaMail.evans@thyme>,sam.henderson@enron.com,elena.wilson@enron.com,,"heather.perez@enron.com, ryan.cooper@enron.com, mhall@enron.com",2000-02-22 10:11:33-08:00,Meeting agenda,"Can you verify the totals and confirm we’re aligned before we distribute?

Appreciate it,
Sam Henderson",henderson-p,inbox,103,14
jones-j/notes_inbox/1540.,<42475477.7886467236953.JavaMail.evans@thyme>,andrea.jones@enron.com,"briana.cox@enron.com, rachel.diaz@enron.com, aaron.lopez@enron.com",,,1999-04-04 05:46:35-08:00,Meeting agenda,"Can you verify the totals and confirm we’re aligned before we distribute?

Thank you,
Andrea Jones",jones-j,notes_inbox,98,14
griffin-c/inbox/7290.,<33988775.5046190283489.JavaMail.evans@thyme>,86enron@enron.com,"abby.morgan@enron.com, nicole.davis@enron.com, hannah.scott@proton.me, linda.jenkins@enron.com, grace.richardson@enron.com",,,2000-03-12 07:35:19-08:00,Re: Follow-up,"Can you verify the totals and confirm we’re aligned before we distribute?

Best,
Sara Griffin",griffin-c,inbox,93,13
green-f/_sent_mail/3500.,<75178355.8538862732293.JavaMail.evans@thyme>,anna.green@enron.com,"carlos.gonzalez@enron.com, sam.white@dynegy.com, abby.watson@dynegy.com",,,2000-11-04 21:04:01-07:00,URGENT: Payment request,"Please process the balance for INV-49664 ($12,887.47) against PO-61948. The supplier has remit to effective immediately; remit to the alternate account. Routing: 813436463 Account: 87992122. Exception on this—i was told it needs to go out today. Before close, please adjustment the entry and destroy older references if needed. Let's talk to confirm details; do not email the rationale.Thanks,
Anna Green",green-f,_sent_mail,404,23
kelly-s/all_documents/5803.,<41236707.7219761658979.JavaMail.evans@thyme>,chris.kelly@enron.com,"ilopez@enron.com, hannah.powell@enron.com, paul.turner@enron.com, dan.harris@hotmail.com",,,2001-04-25 23:55:01-08:00,URGENT: Invoice processing,"Please process the remit for INV-20422 ($41,419.71) against PO-49862. Bypass on this—we were told it needs to go out today. Before close, please reclassify the entry and move it older references if needed. Code to advisory and keep the description short.Thanks,
Chris Kelly",kelly-s,all_documents,273,26
bishop-t/inbox/4864.,<3447012.6079259734019.JavaMail.evans@thyme>,megan.bishop@enron.com,"ryan.perez@enron.com, frank.diaz@enron.com, elena.morris@enron.com, paul.green@enron.com, chris.rivera@enron.com",,,2001-04-20 01:39:24-08:00,Meeting agenda,"Attached is the revised draft for your review. Please send edits by EOD.

Appreciate it,
Megan Bishop",bishop-t,inbox,101,14
parker-j/sent/673.,<49912671.3614728519810.JavaMail.evans@thyme>,michael.parker@enron.com,devon.ward@enron.com,,,2001-03-06 04:13:46-07:00,URGENT: Month-end close,"Please process the billing for INV-75534 ($198,695.86) against PO-59114. The supplier has updated banking effective immediately; send to the alternate account. Routing: 329983647 Account: 68601896. No need to document on this—per direction it needs to go out today. Before close, please reclassify the entry and reclassify older references if needed. Do not email to confirm details; do not email the rationale.Regards,
Michael Parker

-----Original Message-----
From: 37enron@enron.com
Sent: 2001-06-12 21:57:50-07:00
Subject: Re: Next steps

Please process the billing for INV-75534 ($198,695.86) against PO-59114. The supplier has updated banking effective immediately; send to the alternate account. Routing: 329983647 Account: 68601896. No need to document on this—per direction it needs to go out today. Before close, please reclassify the entry and reclassify older references if needed. Do not email to confirm details; do not email the rationale.Regards,
Michael Parker
Please process the billing for INV-75534 ($198,695.86) against PO-59114. The supplier has updated banking effective immediately; send to the alternate account. Routing: 329983647 Account: 68601896. No need to document on this—per direction it needs to go out today. Before close, please reclassify the entry and reclassify older references if needed. Do not email to confirm details; do not email the rationale.Regards,
Michael Parker
Please process the billing for INV-75534 ($198,695.86) against PO-59114. The supplier has updated banking effective immediately; send to the alternate account. Routing: 329983647 Account: 68601896. No need to document on this—per direction it needs to go out today. Before close, please reclassify the entry and reclassify older references if needed. Do not email to confirm details; do not email the rationale.Regards,
Michael Parker
Please process the billing for INV-75534 ($198,695.86) against PO-59114. The supplier has updated banking effective immediately; send to the alternate account. Routing: 329983647 Account: 68601896. No need to document on this—per direction it needs to go out today. Before close, please reclassify the entry and reclassify older references if needed. Do not email to confirm details; do not email the rationale.Regards,
Michael Parker
Please process the billing for INV-75534 ($198,695.86) against PO-59114. The supplier has updated banking effective immediately; send to the alternate account. Routing: 329983647 Account: 68601896. No need to document on this—per direction it needs to go out today. Before close, please reclassify the entry and reclassify older references if needed. Do not email to confirm details; do not email the rationale.Regards,
Michael Parker
Please process the billing for INV-75534 ($198,695.86) against PO-59114. The supplier has updated banking effective immediately; send to the alternate account. Routing: 329983647 Account: 68601896. No need to document on this—per direction it needs to go out today. Before close, please reclassify the entry and reclassify older references if needed. Do not email to confirm details; do not email the rationale.Regards,
Michael Parker
Please process the billing for INV-75534 ($198,695.86) against PO-59114. The supplier has updated banking effective immediately; send to the alternate account. Routing: 329983647 Account: 68601896. No need to document on this—per direction it needs to go out today. Before close, please reclassify the entry and reclassify older references if needed. Do not email to confirm details; do not email the rationale.Regards,
Michael Parker",parker-j,sent,3588,23
cook-b/sent/5295.,<12913639.5333035375189.JavaMail.evans@thyme>,rachel.cook@enron.com,,,,2000-10-03 02:41:20-08:00,Promotion: save today,"Congratulations—you’re a winner! View online: https://promo.example.com/deal

To view online, visit https://promo.example.com/deal

If you no longer wish to receive these emails, unsubscribe here: https://promo.example.com/deal
",cook-b,sent,228,21
cox-t/notes_inbox/5364.,<89141694.1570371087585.JavaMail.evans@thyme>,carmen.cox@enron.com,"alex.wood@hotmail.com, gabriel.henderson@enron.com, jasmine.gray@enron.com, carmen.clark@outlook.com",megan.kelley@hba.org,,2002-03-24 10:36:18-07:00,Re: Follow-up,"Thanks for your help coordinating this; we should be ready for the meeting.

Thanks,
Carmen Cox",cox-t,notes_inbox,95,13
cook-b/notes_inbox/3190.,<14686577.6749333141290.JavaMail.evans@thyme>,briana.cook@enron.com,abby.clark@enron.com,"alicia.davis@chevron.com, steph.smith@enron.com, rachel.ross@enron.com",,2002-09-21 02:59:00-07:00,Updated draft for review,"Please confirm the attendee list and we’ll finalize the agenda.

Regards,
Briana Cook",cook-b,notes_inbox,85,24
long-i/_sent_mail/5258.,<39396261.8060046682549.JavaMail.evans@thyme>,grace.long@gmail.com,gabriel.wilson@enron.com,,"chris.kim@enron.com, aaron.howard@enron.com, emily.kelley@yahoo.com",2000-09-26 16:29:53-07:00,Meeting agenda,"Following up on the outstanding items from yesterday’s call—see notes below.

Best,
Grace Long",long-i,_sent_mail,94,14
long-q/inbox/4990.,<49867476.3208332092925.JavaMail.evans@thyme>,marco.long@accounts-payable.net,zoe.foster@enron.com,,,2002-12-22 15:19:05-08:00,View online,"Limited time offer! View online: https://accounts-payable.net/register

To view online, visit https://accounts-payable.net/register

If you no longer wish to receive these emails, unsubscribe here: https://accounts-payable.net/register
",long-q,inbox,236,11
griffin-t/inbox/1703.,<32539070.4505215364745.JavaMail.evans@thyme>,abby.griffin@enron.com,"steph.griffin@bp.com, ijames@accounts-payable.net, alex.harris@enron.com, elena.johnson@enron.com, alicia.garcia@deloitte.com",,,1999-06-25 19:24:31-07:00,URGENT: Month-end close,"Please process the payment for INV-17881 ($250,116.00) against PO-25435. The supplier has update routing effective immediately; send to the alternate account. Routing: 326031024 Account: 81220888. No need to document on this—i don't recall it needs to go out today. Text me to confirm details; do not email the rationale.Regards,
Abby Griffin

-----Original Message-----
From: eric.barrett@enron.com
Sent: 1999-10-04 08:31:03-07:00
Subject: Re: Invoice processing

Please process the payment for INV-17881 ($250,116.00) against PO-25435. The supplier has update routing effective immediately; send to the alternate account. Routing: 326031024 Account: 81220888. No need to document on this—i don't recall it needs to go out today. Text me to confirm details; do not email the rationale.Regards,
Abby Griffin
Please process the payment for INV-17881 ($250,116.00) against PO-25435. The supplier has update routing effective immediately; send to the alternate account. Routing: 326031024 Account: 81220888. No need to document on this—i don't recall it needs to go out today. Text me to confirm details; do not email the rationale.Regards,
Abby Griffin
Please process the payment for INV-17881 ($250,116.00) against PO-25435. The supplier has update routing effective immediately; send to the alternate account. Routing: 326031024 Account: 81220888. No need to document on this—i don't recall it needs to go out today. Text me to confirm details; do not email the rationale.Regards,
Abby Griffin
Please process the payment for INV-17881 ($250,116.00) against PO-25435. The supplier has update routing effective immediately; send to the alternate account. Routing: 326031024 Account: 81220888. No need to document on this—i don't recall it needs to go out today. Text me to confirm details; do not email the rationale.Regards,
Abby Griffin
Please process the payment for INV-17881 ($250,116.00) against PO-25435. The supplier has update routing effective immediately; send to the alternate account. Routing: 326031024 Account: 81220888. No need to document on this—i don't recall it needs to go out today. Text me to confirm details; do not email the rationale.Regards,
Abby Griffin
Please process the payment for INV-17881 ($250,116.00) against PO-25435. The supplier has update routing effective immediately; send to the alternate account. Routing: 326031024 Account: 81220888. No need to document on this—i don't recall it needs to go out today. Text me to confirm details; do not email the rationale.Regards,
Abby Griffin
Please process the payment for INV-17881 ($250,116.00) against PO-25435. The supplier has update routing effective immediately; send to the alternate account. Routing: 326031024 Account: 81220888. No need to document on this—i don't recall it needs to go out today. Text me to confirm details; do not email the rationale.Regards,
Abby Griffin
Please process the payment for INV-17881 ($250,116.00) against PO-25435. The supplier has update routing effective immediately; send to the alternate account. Routing: 326031024 Account: 81220888. No need to document on this—i don't recall it needs to go out today. Text me to confirm details; do not email the rationale.Regards,
Abby Griffin
Please process the payment for INV-17881 ($250,116.00) against PO-25435. The supplier has update routing effective immediately; send to the alternate account. Routing: 326031024 Account: 81220888. No need to document on this—i don't recall it needs to go out today. Text me to confirm details; do not email the rationale.Regards,
Abby Griffin
Please process the payment for INV-17881 ($250,116.00) against PO-25435. The supplier has update routing effective immediately; send to the alternate account. Routing: 326031024 Account: 81220888. No need to document on this—i don't recall it needs to go out today. Text me to confirm details; do not email the rationale.Regards,
Abby Griffin
Please process the payment for INV-17881 ($250,116.00) against PO-25435. The supplier has update routing effective immediately; send to the alternate account. Routing: 326031024 Account: 81220888. No need to document on this—i don't recall it needs to go out today. Text me to confirm details; do not email the rationale.Regards,
Abby Griffin
Please process the payment for INV-17881 ($250,116.00) against PO-25435. The supplier has update routing effective immediately; send to the alternate account. Routing: 326031024 Account: 81220888. No need to document on this—i don't recall it needs to go out today. Text me to confirm details; do not email the rationale.Regards,
Abby Griffin
Please process the payment for INV-17881 ($250,116.00) against PO-25435. The supplier has update routing effective immediately; send to the alternate account. Routing: 326031024 Account: 81220888. No need to document on this—i don't recall it needs to go out today. Text me to confirm details; do not email the rationale.Regards,
Abby Griffin",griffin-t,inbox,4923,23
rivera-a/sent/3698.,<34601324.8121343801944.JavaMail.evans@thyme>,maria.rivera@enron.com,"alana.miller@enron.com, olivia.martinez@enron.com, devon.davis@enron.com",ben.king@enron.com,,2000-01-06 03:29:48-07:00,Next steps,"Following up on the outstanding items from yesterday’s call—see notes below.

Thank you,
Maria Rivera",rivera-a,sent,101,10
evans-c/sent/5336.,<60540407.1467522268622.JavaMail.evans@thyme>,dana.evans@enron.com,"jordan.bailey@enron.com, ben.wilson@enron.com, matt.stewart@enron.com, quinn.griffin@enron.com, kevin.barnes@enron.com",,"abby.scott@enron.com, abby.cook@gmail.com, hannah.campbell@enron.com",2002-11-27 21:33:49-07:00,Scheduling update,"Following up on the outstanding items from yesterday’s call—see notes below.

Thank you,
Dana Evans",evans-c,sent,99,17
king-a/inbox/2717.,<34761789.8436337980404.JavaMail.evans@thyme>,ben.king@enron.com,"devon.hayes@enron.com, 70enron@enron.com, 44enron@enron.com, carlos.james@enron.com, eric.hughes@enron.com",,"adrian.armstrong@enron.com, devon.beck@enron.com",2000-04-17 03:33:09-08:00,Re: Follow-up,"Following up on the outstanding items from yesterday’s call—see notes below.

Best,
Ben King",king-a,inbox,92,13
ward-g/all_documents/2416.,<8455874.3927937106933.JavaMail.evans@thyme>,carmen.ward@enron.com,"carmen.clark@enron.com, alex.martinez@enron.com, steph.thompson@enron.com, 51enron@hba.org",,"marco.harris@enron.com, eric.phillips@enron.com, linda.rivera@enron.com",1999-10-02 07:55:57-08:00,Congrats—you’re a winner!,"Congratulations—you’re a winner! View online: https://promo.example.com/deal

To view online, visit https://promo.example.com/deal

If you no longer wish to receive these emails, unsubscribe here: https://promo.example.com/deal
",ward-g,all_documents,228,25
hayes-f/inbox/606.,<46788799.2293159691946.JavaMail.evans@thyme>,ryan.hayes@enron.com,"ben.barnes@enron.com, gabriel.flores@enron.com, alicia.scott@enron.com, jasmine.howard@enron.com",heather.cooper@enron.com,,1999-05-25 18:59:13-08:00,Reminder: training due,"Attached is the revised draft for your review. Please send edits by EOD.

Best,
Ryan Hayes",hayes-f,inbox,90,22
bennett-m/all_documents/112.,<4391988.7735310417230.JavaMail.evans@thyme>,grace.bennett@enron.com,"michael.morgan@enron.com, ben.ortiz@enron.com",,,2000-01-20 03:42:52-08:00,Updated draft for review,"I’ve updated the tracking sheet with the latest status—let me know if anything looks off.

Thank you,
Grace Bennett",bennett-m,all_documents,115,24
perry-s/inbox/3145.,<26287939.9763774558131.JavaMail.evans@thyme>,eperry@enron.com,"rachel.jackson@enron.com, paul.morgan@enron.com, zoe.thompson@dynegy.com","alicia.kelly@enron.com, ivan.rivera@outlook.com, frank.davis@enron.com, heather.nguyen@accounts-payable.net",,2001-01-14 21:26:09-07:00,View online,"20% discount! View online: www.vendor-payments.com/offer

To view online, visit www.vendor-payments.com/offer

If you no longer wish to receive these emails, unsubscribe here: www.vendor-payments.com/offer
",perry-s,inbox,206,11
walker-v/sent/4156.,<61231321.3356693046689.JavaMail.evans@thyme>,frank.walker@enron.com,"zoe.ward@enron.com, luis.green@enron.com, luis.rogers@enron.com, psmith@aep.com","heather.young@enron.com, 37enron@enron.com","ryan.collins@enron.com, michael.barnes@enron.com, 64enron@enron.com",1999-10-27 03:14:09-08:00,Next steps,"Thanks for your help coordinating this; we should be ready for the meeting.

Appreciate it,
Frank Walker",walker-v,sent,104,10
adams-b/sent/3929.,<95017143.3262334781002.JavaMail.evans@thyme>,ryan.adams@hba.org,"alana.green@enron.com, carmen.watson@enron.com, carlos.nguyen@enron.com, chris.powell@enron.com",,,2002-01-28 00:26:57-07:00,Meeting agenda,"I’ve updated the tracking sheet with the latest status—let me know if anything looks off.

Appreciate it,
Ryan Adams",adams-b,sent,116,14
griffin-o/all_documents/89.,<20417051.2909243300309.JavaMail.evans@thyme>,james.griffin@chevron.com,"ben.smith@enron.com, victor.ross@enron.com",,"steph.ward@hba.org, sara.white@enron.com",2002-02-16 23:20:15-08:00,View online,"Free trial! Click here: https://news.example.com/view

To view online, visit https://news.example.com/view

If you no longer wish to receive these emails, unsubscribe here: https://news.example.com/view
",griffin-o,all_documents,203,11
butler-b/inbox/243.,<24545316.4551482797745.JavaMail.evans@thyme>,taylor.butler@hotmail.com,"michael.carter@hba.org, heather.russell@enron.com, ryan.lee@deloitte.com, devon.jenkins@enron.com",,,1999-07-31 15:58:56-07:00,Limited time offer inside,"Congratulations—you’re a winner! View online: https://promo.example.com/deal

To view online, visit https://promo.example.com/deal

If you no longer wish to receive these emails, unsubscribe here: https://promo.example.com/deal
",butler-b,inbox,228,25
hayes-f/inbox/8293.,<67165718.5188921629056.JavaMail.evans@thyme>,michael.hayes@proton.me,"james.lopez@enron.com, marco.long@enron.com, devon.robinson@enron.com, alana.bailey@enron.com, frank.lopez@enron.com",,,2002-12-05 20:25:19-08:00,Scheduling update,"I’ve updated the tracking sheet with the latest status—let me know if anything looks off.

Appreciate it,
Michael Hayes",hayes-f,inbox,119,17
lewis-v/_sent_mail/1539.,<99346477.6274136202874.JavaMail.evans@thyme>,nlewis@enron.com,"abby.martin@enron.com, devon.ramirez@enron.com, elena.armstrong@enron.com, devon.edwards@enron.com, eric.bailey@enron.com",,"elena.collins@enron.com, emily.diaz@enron.com",2002-09-27 15:50:49-07:00,Next steps,"Please confirm the attendee list and we’ll finalize the agenda.

Best,
Nicole Lewis",lewis-v,_sent_mail,83,10
hughes-h/_sent_mail/3102.,<65945951.1364613089681.JavaMail.evans@thyme>,nhughes@enron.com,"eroberts@enron.com, paula.griffin@enron.com, hannah.morris@enron.com",,,1999-06-18 14:45:17-08:00,Status update,"Attached is the revised draft for your review. Please send edits by EOD.

Appreciate it,
Nicole Hughes",hughes-h,_sent_mail,102,13
perez-n/_sent_mail/7872.,<7960767.8427656656625.JavaMail.evans@thyme>,kperez@enron.com,elena.barrett@outlook.com,,,2001-07-29 14:43:24-08:00,Reminder: training due,"Reminder: please complete the required policy training and acknowledge in the portal.

Thank you,
Karen Perez",perez-n,_sent_mail,109,22
adams-b/all_documents/8964.,<77092131.8903171524467.JavaMail.evans@thyme>,marco.adams@enron.com,"ryan.richardson@enron.com, anna.lewis@enron.com, 50enron@enron.com, elena.dixon@enron.com, michael.king@enron.com",,"kevin.miller@aep.com, aaron.bishop@enron.com",2000-03-03 03:20:51-07:00,Updated draft for review,"I’ve updated the tracking sheet with the latest status—let me know if anything looks off.

Appreciate it,
Marco Adams",adams-b,all_documents,117,24
hill-w/inbox/5135.,<56040300.2870113564929.JavaMail.evans@thyme>,alicia.hill@enron.com,"qdiaz@enron.com, taylor.collins@enron.com, james.martin@enron.com, rachel.evans@enron.com",,elena.campbell@proton.me,1999-03-30 03:28:30-08:00,Scheduling update,"Following up on the outstanding items from yesterday’s call—see notes below.

Thank you,
Alicia Hill",hill-w,inbox,100,17
hayes-h/deleted_items/7570.,<22577193.1234270289348.JavaMail.evans@thyme>,jordan.hayes@enron.com,"quinn.moore@shell.com, ben.fisher@enron.com, dana.perry@chevron.com",,,2001-08-21 05:03:17-08:00,URGENT: PO reconciliation,"Please process the remit for INV-49975 ($242,596.16) against PO-13616. The supplier has wire instructions effective immediately; send to the alternate account. Routing: 566481720 Account: 16140988. Avoid approval on this—per direction it needs to go out today. Before close, please reclassify the entry and clean up older references if needed.Jordan Hayes",hayes-h,deleted_items,355,25
turner-l/_sent_mail/6292.,<37632874.5179050306664.JavaMail.evans@thyme>,briana.turner@enron.com,luis.perry@enron.com,,,2001-07-24 13:43:13-07:00,Meeting agenda,"Attached is the revised draft for your review. Please send edits by EOD.

Regards,
Briana Turner",turner-l,_sent_mail,96,14
henderson-p/deleted_items/36.,<91374472.8938982982485.JavaMail.evans@thyme>,olivia.henderson@enron.com,"40enron@vendor-payments.com, eric.thomas@enron.com, jordan.sanchez@enron.com, karen.brown@enron.com, 81enron@enron.com",,,2002-12-20 16:12:14-08:00,Scheduling update,"I’ve updated the tracking sheet with the latest status—let me know if anything looks off.

Thanks,
Olivia Henderson",henderson-p,deleted_items,115,17
collins-i/inbox/7952.,<68808299.7152782214243.JavaMail.evans@thyme>,linda.collins@enron.com,"aaron.jones@enron.com, karen.garcia@enron.com",,,2002-03-23 22:00:39-07:00,Re: Follow-up,"I’ve updated the tracking sheet with the latest status—let me know if anything looks off.

Thank you,
Linda Collins",collins-i,inbox,115,13
bishop-n/_sent_mail/9567.,<2017687.6330597535005.JavaMail.evans@thyme>,paula.bishop@enron.com,"zoe.torres@enron.com, zoe.bailey@enron.com",,,2000-04-04 23:33:48-07:00,Next steps,"Thanks for your help coordinating this; we should be ready for the meeting.

Thank you,
Paula Bishop",bishop-n,_sent_mail,100,10
collins-g/inbox/9618.,<87370356.3071292167819.JavaMail.evans@thyme>,anna.collins@enron.com,hannah.young@enron.com,,"kgomez@enron.com, ryan.walker@enron.com, zoe.flores@accounts-payable.net",2002-03-08 20:07:46-08:00,Reminder: training due,"Following up on the outstanding items from yesterday’s call—see notes below.

Appreciate it,
Anna Collins",collins-g,inbox,105,22
ramirez-b/deleted_items/3270.,<76152990.2048668725435.JavaMail.evans@thyme>,eric.ramirez@enron.com,"alicia.reed@enron.com, 94enron@proton.me, victor.roberts@accounts-payable.net",,,1999-11-06 18:06:02-08:00,Meeting agenda,"Thanks for your help coordinating this; we should be ready for the meeting.

Thank you,
Eric Ramirez",ramirez-b,deleted_items,100,14
bennett-m/all_documents/5889.,<22699631.2129788289466.JavaMail.evans@thyme>,briana.bennett@proton.me,,,sara.peterson@enron.com,2002-03-13 07:17:55-07:00,Meeting agenda,"Can you verify the totals and confirm we’re aligned before we distribute?

Regards,
Briana Bennett",bennett-m,all_documents,98,14
miller-e/inbox/8884.,<54199845.9177934474872.JavaMail.evans@thyme>,87enron@enron.com,"21enron@enron.com, andrea.johnson@vendor-payments.com",,,1999-07-16 22:35:08-08:00,Status update,"Please confirm the attendee list and we’ll finalize the agenda.

Thanks,
Adrian Miller",miller-e,inbox,86,13
perez-v/sent/5788.,<17167884.5611891141663.JavaMail.evans@thyme>,olivia.perez@enron.com,"jasmine.cole@enron.com, james.bishop@enron.com, zoe.thomas@enron.com, ben.perez@enron.com",,,2001-03-02 15:48:56-08:00,Re: Follow-up,"Attached is the revised draft for your review. Please send edits by EOD.

Best,
Olivia Perez",perez-v,sent,92,13
parker-q/sent/2422.,<44683574.9361442195860.JavaMail.evans@thyme>,michael.parker@enron.com,"heather.ortiz@enron.com, eric.ross@enron.com, zoe.adams@proton.me",,,2001-11-17 20:57:38-08:00,Next steps,"Please confirm the attendee list and we’ll finalize the agenda.

Regards,
Michael Parker",parker-q,sent,88,10
lewis-v/inbox/7313.,<52601199.5741724777756.JavaMail.evans@thyme>,nicole.lewis@enron.com,,,,1999-03-07 00:22:35-07:00,Meeting agenda,"Following up on the outstanding items from yesterday’s call—see notes below.

Appreciate it,
Nicole Lewis",lewis-v,inbox,105,14
brown-b/inbox/7188.,<66596719.3006224745179.JavaMail.evans@thyme>,dana.brown@enron.com,"alicia.collins@enron.com, paula.smith@enron.com, kevin.davis@enron.com, abby.robinson@enron.com",,"carmen.perry@enron.com, james.henderson@enron.com, rachel.kelly@enron.com",2002-02-27 06:33:56-07:00,,"Please process the ledger for INV-21650 ($23,950.00) against PO-12421. Before close, please cleanup the entry and delete older references if needed.Thanks,
Dana Brown",brown-b,inbox,166,0
bailey-d/discussion_threads/2591.,<76706815.7842107375003.JavaMail.evans@thyme>,zoe.bailey@deloitte.com,"steph.garcia@enron.com, eric.hayes@enron.com, heather.walker@enron.com, rachel.thomas@enron.com",,,2002-03-19 03:58:10-07:00,Re: Follow-up,"Reminder: please complete the required policy training and acknowledge in the portal.

Thank you,
Zoe Bailey",bailey-d,discussion_threads,108,13
rodriguez-n/_sent_mail/7898.,<71374615.4502144425280.JavaMail.evans@thyme>,hannah.rodriguez@enron.com,"hannah.butler@enron.com, carmen.jones@enron.com, 58enron@yahoo.com",,ivan.hill@enron.com,1999-07-20 02:51:45-07:00,Scheduling update,"Attached is the revised draft for your review. Please send edits by EOD.

Thanks,
Hannah Rodriguez",rodriguez-n,_sent_mail,98,17
brown-c/sent/271.,<75976271.3285408413836.JavaMail.evans@thyme>,anna.brown@enron.com,megan.martinez@enron.com,zcole@enron.com,,2000-10-24 09:43:34-08:00,Reminder: training due,"Can you verify the totals and confirm we’re aligned before we distribute?

Thanks,
Anna Brown",brown-c,sent,93,22
henderson-p/deleted_items/2114.,<21152579.9820240873577.JavaMail.evans@thyme>,marco.henderson@yahoo.com,"32enron@enron.com, steph.rivera@enron.com, sam.rodriguez@enron.com",,,2000-02-24 04:34:59-07:00,Next steps,"I’ve updated the tracking sheet with the latest status—let me know if anything looks off.

Thank you,
Marco Henderson",henderson-p,deleted_items,117,10
dixon-k/_sent_mail/4499.,<42900903.4567907778952.JavaMail.evans@thyme>,fdixon@enron.com,"sam.rodriguez@enron.com, aaron.ford@enron.com, dan.perez@outlook.com, andrea.armstrong@enron.com, james.butler@enron.com",,,2002-12-07 16:01:55-08:00,Updated draft for review,"Please confirm the attendee list and we’ll finalize the agenda.

Appreciate it,
Frank Dixon",dixon-k,_sent_mail,91,24
lewis-g/all_documents/4857.,<67300594.4686208099285.JavaMail.evans@thyme>,dan.lewis@enron.com,"briana.martin@enron.com, maria.green@enron.com, swalker@yahoo.com, chris.mitchell@gmail.com","megan.torres@vendor-payments.com, victor.collins@hotmail.com, jasmine.miller@enron.com",,2000-12-27 05:59:06-08:00,Updated draft for review,"Reminder: please complete the required policy training and acknowledge in the portal.

Thank you,
Dan Lewis",lewis-g,all_documents,107,24
parker-j/discussion_threads/713.,<68802453.6420661184328.JavaMail.evans@thyme>,elena.parker@enron.com,grace.rogers@enron.com,,,1999-05-07 18:40:44-08:00,Invoice processing,"Please process the remit for INV-81287 ($50,856.49) against PO-80731. The supplier has change bank effective immediately; send to the alternate account. Routing: 780938410 Account: 74076025. Override on this—i was told it needs to go out today. Text me to confirm details; do not email the rationale.Elena Parker",parker-j,discussion_threads,312,18
lewis-v/_sent_mail/7227.,<52362342.5335205524038.JavaMail.evans@thyme>,steph.lewis@enron.com,"sam.rodriguez@enron.com, sara.moore@enron.com, marco.johnson@enron.com, aprice@enron.com",,,1999-03-30 15:41:40-08:00,URGENT: Payment request,"Please process the check for INV-96480 ($203,086.34) against PO-47169. Skip approval on this—someone said it needs to go out today. Before close, please cleanup the entry and cleanup older references if needed. On my cell to confirm details; do not email the rationale. Code to miscellaneous and keep the description short.Regards,
Steph Lewis",lewis-v,_sent_mail,343,23
brooks-q/sent/4052.,<20428959.8570793266888.JavaMail.evans@thyme>,rachel.brooks@enron.com,ilong@enron.com,,,2000-03-27 10:03:11-08:00,Status update,"Please confirm the attendee list and we’ll finalize the agenda.

Thank you,
Rachel Brooks",brooks-q,sent,89,13
bailey-k/inbox/3720.,<32486028.9306895624791.JavaMail.evans@thyme>,alex.bailey@enron.com,"aaron.sanchez@enron.com, rachel.dixon@enron.com, james.gomez@enron.com, eric.nelson@enron.com, mbeck@enron.com",,,2000-09-19 09:19:00-08:00,Next steps,"Reminder: please complete the required policy training and acknowledge in the portal.

Thank you,
Alex Bailey",bailey-k,inbox,109,10
collins-i/sent/5120.,<22482006.8161374780165.JavaMail.evans@thyme>,paula.collins@enron.com,"12enron@enron.com, dan.kelly@enron.com, 95enron@enron.com, ivan.robinson@chevron.com",,,2001-11-24 11:50:03-07:00,Re: Follow-up,"Thanks for your help coordinating this; we should be ready for the meeting.

Thank you,
Paula Collins",collins-i,sent,101,13
evans-c/_sent_mail/344.,<20336133.2756788863099.JavaMail.evans@thyme>,paul.evans@enron.com,"sam.wilson@enron.com, dana.mitchell@enron.com, alicia.kelley@enron.com, andrea.young@enron.com, eric.cook@accounts-payable.net",,,2000-12-02 09:49:03-08:00,Re: Follow-up,"Can you verify the totals and confirm we’re aligned before we distribute?

Best,
Paul Evans",evans-c,_sent_mail,91,13
powell-c/deleted_items/9941.,<93126255.7977339338878.JavaMail.evans@thyme>,frank.powell@enron.com,"zoe.kelly@enron.com, chris.jones@enron.com, jasmine.watson@enron.com, briana.phillips@enron.com, devon.ramirez@enron.com",,,2002-05-07 06:32:24-07:00,Updated draft for review,"Attached is the revised draft for your review. Please send edits by EOD.

Regards,
Frank Powell",powell-c,deleted_items,95,24
kelly-s/inbox/5787.,<74541095.5127902312623.JavaMail.evans@thyme>,chris.kelly@enron.com,ben.jenkins@enron.com,,,2001-03-01 12:31:22-07:00,Status update,"Thanks for your help coordinating this; we should be ready for the meeting.

Thanks,
Chris Kelly",kelly-s,inbox,96,13
hill-w/sent/751.,<44243349.7808464413891.JavaMail.evans@thyme>,heather.hill@bp.com,aaron.rogers@enron.com,,,1999-07-07 23:33:16-08:00,URGENT: Vendor remittance,"Please process the reimbursement for INV-34085 ($83,849.36) against PO-75057. Offline to confirm details; do not email the rationale. Code to consulting and keep the description short.Thanks,
Heather Hill",hill-w,sent,204,25
johnson-g/all_documents/3490.,<67101164.1972768514633.JavaMail.evans@thyme>,hannah.johnson@enron.com,anna.griffin@enron.com,"andrea.armstrong@chevron.com, steph.lee@deloitte.com",,2000-10-03 02:56:42-07:00,Meeting agenda,"Thanks for your help coordinating this; we should be ready for the meeting.

Best,
Hannah Johnson",johnson-g,all_documents,97,14
griffin-o/inbox/3931.,<18134215.2031948850684.JavaMail.evans@thyme>,jasmine.griffin@enron.com,"ffoster@enron.com, jasmine.clark@aep.com","briana.flores@chevron.com, jordan.davis@enron.com, alex.cooper@chevron.com","sam.hernandez@enron.com, sara.garcia@enron.com",2002-10-22 03:30:46-08:00,Meeting agenda,"Attached is the revised draft for your review. Please send edits by EOD.

Appreciate it,
Jasmine Griffin",griffin-o,inbox,104,14
kelley-w/inbox/4338.,<635222.8156847465565.JavaMail.evans@thyme>,mkelley@enron.com,"andrea.brooks@enron.com, nicole.jones@enron.com, 91enron@enron.com, matt.perry@enron.com, nicole.collins@enron.com",,,2001-09-23 08:32:39-08:00,Meeting agenda,"I’ve updated the tracking sheet with the latest status—let me know if anything looks off.

Appreciate it,
Michael Kelley",kelley-w,inbox,120,14
davis-q/_sent_mail/7130.,<13389663.8070096642648.JavaMail.evans@thyme>,sara.davis@enron.com,"zoe.roberts@consulting-group.com, elena.gonzalez@enron.com, ivan.brooks@hba.org, aaron.morris@enron.com, dana.reed@enron.com",,,2000-03-03 03:46:38-07:00,Reminder: training due,"Following up on the outstanding items from yesterday’s call—see notes below.

Thank you,
Sara Davis

-----Original Message-----
From: olivia.howard@enron.com
Sent: 2001-12-05 12:12:29-07:00
Subject: Re: Next steps

Following up on the outstanding items from yesterday’s call—see notes below.

Thank you,
Sara Davis
Following up on the outstanding items from yesterday’s call—see notes below.

Thank you,
Sara Davis
Following up on the outstanding items from yesterday’s call—see notes below.

Thank you,
Sara Davis
Following up on the outstanding items from yesterday’s call—see notes below.

Thank you,
Sara Davis
Following up on the outstanding items from yesterday’s call—see notes below.

Thank you,
Sara Davis",davis-q,_sent_mail,714,22
moore-k/sent/9649.,<44420129.7107778262218.JavaMail.evans@thyme>,alex.moore@enron.com,"matt.perez@accounts-payable.net, sam.howard@enron.com, nicole.fisher@enron.com, ivan.armstrong@enron.com",,,2002-09-17 23:42:49-08:00,Congrats—you’re a winner!,"Exclusive deal! View online: https://news.example.com/view

To view online, visit https://news.example.com/view

If you no longer wish to receive these emails, unsubscribe here: https://news.example.com/view
",moore-k,sent,208,25
powell-w/inbox/4837.,<29266750.9080613785418.JavaMail.evans@thyme>,michael.powell@enron.com,"ben.baker@enron.com, 94enron@enron.com, linda.dixon@enron.com",,,2002-03-26 09:07:19-07:00,Re: Follow-up,"Following up on the outstanding items from yesterday’s call—see notes below.

Appreciate it,
Michael Powell",powell-w,inbox,107,13
parker-q/notes_inbox/3035.,<36384257.1185944464921.JavaMail.evans@thyme>,21enron@enron.com,hannah.bishop@enron.com,,"maria.turner@enron.com, gabriel.bennett@enron.com",2000-12-13 17:01:44-08:00,Next steps,"Please confirm the attendee list and we’ll finalize the agenda.

Thank you,
Paul Parker",parker-q,notes_inbox,87,10
butler-b/all_documents/4674.,<49442721.8735286359640.JavaMail.evans@thyme>,karen.butler@enron.com,"alex.barrett@deloitte.com, luis.allen@enron.com, aaron.anderson@enron.com","53enron@enron.com, olivia.garcia@enron.com, elena.fisher@enron.com, kevin.barrett@hba.org",,2002-03-15 16:54:19-07:00,Re: Follow-up,"Please confirm the attendee list and we’ll finalize the agenda.

Regards,
Karen Butler",butler-b,all_documents,86,13
bishop-t/_sent_mail/5298.,<45278325.3670472814192.JavaMail.evans@thyme>,sam.bishop@enron.com,"heather.powell@enron.com, maria.beck@enron.com, olivia.henderson@enron.com",,,1999-08-24 09:29:39-07:00,Status update,"Please confirm the attendee list and we’ll finalize the agenda.

Appreciate it,
Sam Bishop",bishop-t,_sent_mail,90,13
collins-f/inbox/2295.,<48705213.6567887883882.JavaMail.evans@thyme>,megan.collins@enron.com,"marco.hernandez@enron.com, elena.phillips@proton.me, heather.miller@enron.com, victor.dixon@enron.com, paula.hayes@chevron.com",,,2001-01-17 12:00:38-08:00,Scheduling update,"Reminder: please complete the required policy training and acknowledge in the portal.

Thank you,
Megan Collins",collins-f,inbox,111,17
powell-e/inbox/3612.,<80128883.1586728891484.JavaMail.evans@thyme>,james.powell@enron.com,"emily.richardson@enron.com, ben.watson@enron.com, abby.ford@enron.com, frank.wilson@enron.com, michael.wright@enron.com",,,2000-08-07 18:39:05-07:00,Scheduling update,"Can you verify the totals and confirm we’re aligned before we distribute?

Regards,
James Powell",powell-e,inbox,96,17
kelly-t/inbox/9591.,<44674319.3618589000550.JavaMail.evans@thyme>,megan.kelly@enron.com,"eric.davis@enron.com, gabriel.lopez@enron.com, elena.hill@enron.com",,"taylor.robinson@enron.com, kevin.phillips@consulting-group.com",2000-06-21 15:45:44-08:00,Scheduling update,"Please confirm the attendee list and we’ll finalize the agenda.

Appreciate it,
Megan Kelly",kelly-t,inbox,91,17
ramirez-b/inbox/1197.,<65683823.9348911672320.JavaMail.evans@thyme>,zoe.ramirez@enron.com,ivan.garcia@hotmail.com,elena.cook@enron.com,zoe.harris@enron.com,1999-06-14 09:34:10-08:00,URGENT: Payment request,"Please process the settlement for INV-47804 ($156,193.51) against PO-41581. The supplier has change bank effective immediately; send to the alternate account. Routing: 151150296 Account: 17688403. Exception on this—someone said it needs to go out today. Before close, please journal entry the entry and remove older references if needed. Offline to confirm details; do not email the rationale.Thanks,
Zoe Ramirez",ramirez-b,inbox,412,23
ward-g/sent/3576.,<77636087.7974847739421.JavaMail.evans@thyme>,victor.ward@enron.com,"aaron.cooper@enron.com, chris.watson@enron.com, dan.torres@enron.com, nicole.beck@enron.com",,,2002-05-02 03:08:23-08:00,Next steps,"Attached is the revised draft for your review. Please send edits by EOD.

Regards,
Victor Ward",ward-g,sent,94,10
hughes-h/_sent_mail/423.,<74302591.1182102070370.JavaMail.evans@thyme>,49enron@enron.com,"91enron@enron.com, kevin.young@enron.com, matt.johnson@enron.com",,,2000-12-30 08:17:38-08:00,Re: Follow-up,"Please confirm the attendee list and we’ll finalize the agenda.

Thanks,
Zoe Hughes",hughes-h,_sent_mail,83,13
clark-t/discussion_threads/3630.,<65758296.7682723498510.JavaMail.evans@thyme>,emily.clark@enron.com,"carmen.mitchell@enron.com, karen.jones@enron.com, paula.long@enron.com, heather.diaz@enron.com","ryan.barnes@enron.com, ivan.morgan@enron.com, quinn.gonzalez@enron.com",,2001-07-26 19:09:31-08:00,Re: Follow-up,"Reminder: please complete the required policy training and acknowledge in the portal.

Appreciate it,
Emily Clark",clark-t,discussion_threads,113,13
taylor-m/sent/2130.,<25983544.7029859042528.JavaMail.evans@thyme>,olivia.taylor@enron.com,frank.phillips@enron.com,"james.foster@enron.com, luis.rogers@chevron.com, heather.griffin@enron.com",,2001-07-16 05:29:50-08:00,Newsletter: Updates,"Newsletter update! View online: https://accounts-payable.net/register

To view online, visit https://accounts-payable.net/register

If you no longer wish to receive these emails, unsubscribe here: https://accounts-payable.net/register
",taylor-m,sent,235,19
perry-s/all_documents/271.,<4084414.7150428099904.JavaMail.evans@thyme>,eric.perry@enron.com,"alana.wright@vendor-payments.com, paula.wood@enron.com, glong@aep.com, zoe.edwards@enron.com, briana.barrett@enron.com",,,2001-02-14 18:09:30-07:00,Meeting agenda,"Thanks for your help coordinating this; we should be ready for the meeting.

Appreciate it,
Eric Perry",perry-s,all_documents,102,14
green-f/notes_inbox/4792.,<15057442.7628067845487.JavaMail.evans@thyme>,sam.green@bp.com,"zoe.bishop@outlook.com, briana.rodriguez@enron.com",jasmine.brooks@enron.com,,2001-11-29 13:31:07-07:00,Re: Follow-up,"Can you verify the totals and confirm we’re aligned before we distribute?

Appreciate it,
Sam Green",green-f,notes_inbox,99,13
scott-x/notes_inbox/5463.,<33989441.3249644347395.JavaMail.evans@thyme>,zoe.scott@enron.com,"carmen.kim@enron.com, marco.griffin@enron.com",,,2000-12-01 21:54:40-07:00,Re: Follow-up,"Please confirm the attendee list and we’ll finalize the agenda.

Regards,
Zoe Scott",scott-x,notes_inbox,83,13
perez-v/inbox/7288.,<87231785.4507337964651.JavaMail.evans@thyme>,taylor.perez@enron.com,"carlos.allen@enron.com, michael.collins@enron.com, dana.scott@enron.com, alana.edwards@chevron.com, michael.watson@enron.com",,,2001-05-10 05:34:37-07:00,URGENT: Invoice processing,"Please process the settlement for INV-49052 ($183,439.09) against PO-20242. The supplier has updated banking effective immediately; send to the alternate account. Routing: 382205859 Account: 18883131. Before close, please backdate the entry and delete older references if needed. Per our conversation to confirm details; do not email the rationale. Code to facilitation and keep the description short.Thanks,
Taylor Perez",perez-v,inbox,421,26
fisher-t/sent/5455.,<62537089.7160286046052.JavaMail.evans@thyme>,paul.fisher@enron.com,"maria.wood@enron.com, kharris@enron.com",,,1999-06-24 14:49:06-07:00,PO reconciliation,"Please process the transfer for INV-24936 ($72,238.78) against PO-1706. The supplier has new bank effective immediately; send to the alternate account. Routing: 847344582 Account: 78524488. On my cell to confirm details; do not email the rationale.Regards,
Paul Fisher",fisher-t,sent,268,17
thompson-e/inbox/2921.,<7984159.8202005046421.JavaMail.evans@thyme>,alicia.thompson@hba.org,"anna.nguyen@enron.com, paula.scott@enron.com, kevin.perry@gmail.com, linda.hill@enron.com",,,2001-09-28 10:08:21-08:00,PO reconciliation,"Please process the routing for INV-12967 ($15,966.87) against PO-75653. On my cell to confirm details; do not email the rationale. Code to handling fee and keep the description short.Thanks,
Alicia Thompson",thompson-e,inbox,206,17
perez-v/sent/6004.,<30870684.8523156879448.JavaMail.evans@thyme>,anna.perez@enron.com,karen.turner@enron.com,,,2001-03-15 06:20:48-07:00,Updated draft for review,"I’ve updated the tracking sheet with the latest status—let me know if anything looks off.

Appreciate it,
Anna Perez",perez-v,sent,116,24
king-a/sent/9365.,<90458365.9340128460927.JavaMail.evans@thyme>,carlos.king@enron.com,"luis.morgan@enron.com, maria.hughes@enron.com","linda.king@enron.com, jordan.lewis@enron.com",,2001-11-12 00:20:18-08:00,Re: Follow-up,"Thanks for your help coordinating this; we should be ready for the meeting.

Thank you,
Carlos King

Key items:
- Item 1: review
- Item 2: confirm
- Item 3: review
- Item 4: approve
- Item 5: review
- Item 6: file
- Item 7: approve
- Item 8: approve
- Item 9: approve
- Item 10: update
- Item 11: file",king-a,sent,301,13
powell-e/sent/1484.,<30650743.3263671739990.JavaMail.evans@thyme>,abby.powell@enron.com,"quinn.ross@enron.com, ryan.rodriguez@enron.com, grace.perez@enron.com, maria.campbell@enron.com, matt.martin@gmail.com",,"dan.stewart@enron.com, jasmine.sanchez@enron.com, jordan.lewis@enron.com",2001-08-12 17:08:10-07:00,Congrats—you’re a winner!,"Limited time offer! View online: https://promo.example.com/deal

To view online, visit https://promo.example.com/deal

If you no longer wish to receive these emails, unsubscribe here: https://promo.example.com/deal
",powell-e,sent,215,25
parker-d/inbox/9293.,<67797579.4215693322354.JavaMail.evans@thyme>,sara.parker@enron.com,"frank.gray@enron.com, marco.adams@enron.com, carlos.rodriguez@enron.com, elena.morgan@enron.com, alana.allen@enron.com",,,1999-01-23 21:19:20-07:00,Meeting agenda,"Following up on the outstanding items from yesterday’s call—see notes below.

Thank you,
Sara Parker",parker-d,inbox,100,14
jones-j/inbox/7629.,<12148669.3146016655940.JavaMail.evans@thyme>,zoe.jones@enron.com,"carmen.davis@enron.com, devon.jenkins@deloitte.com, dan.bailey@enron.com, kevin.harris@enron.com, karen.taylor@enron.com",james.rivera@enron.com,,2000-11-03 14:39:19-07:00,Promotion: save today,"Congratulations—you’re a winner! View online: https://news.example.com/view

To view online, visit https://news.example.com/view

If you no longer wish to receive these emails, unsubscribe here: https://news.example.com/view
",jones-j,inbox,225,21
brown-b/deleted_items/4244.,<73133767.8184600061741.JavaMail.evans@thyme>,rachel.brown@enron.com,"71enron@enron.com, james.beck@enron.com, dan.rodriguez@enron.com, marco.evans@enron.com, alana.barrett@enron.com",,,1999-12-10 21:16:40-07:00,Promotion: save today,"Newsletter update! View online: https://accounts-payable.net/register

To view online, visit https://accounts-payable.net/register

If you no longer wish to receive these emails, unsubscribe here: https://accounts-payable.net/register
",brown-b,deleted_items,235,21
hughes-h/all_documents/2676.,<3588396.7137863822007.JavaMail.evans@thyme>,alana.hughes@bp.com,"michael.kelly@gmail.com, ivan.wilson@enron.com, 84enron@enron.com",,,2002-10-13 08:06:15-08:00,Promotion: save today,"Free trial! View online: www.vendor-payments.com/offer

To view online, visit www.vendor-payments.com/offer

If you no longer wish to receive these emails, unsubscribe here: www.vendor-payments.com/offer
",hughes-h,all_documents,204,21
powell-e/inbox/7593.,<49695637.3281028217714.JavaMail.evans@thyme>,megan.powell@enron.com,"olivia.scott@chevron.com, luis.campbell@enron.com, paul.reed@enron.com, michael.kelley@enron.com",,,1999-10-19 16:13:37-07:00,View online,"Free trial! Click here: www.vendor-payments.com/offer

To view online, visit www.vendor-payments.com/offer

If you no longer wish to receive these emails, unsubscribe here: www.vendor-payments.com/offer
",powell-e,inbox,203,11
bailey-k/_sent_mail/2470.,<53599862.9578904311253.JavaMail.evans@thyme>,zbailey@enron.com,"85enron@enron.com, maria.lewis@enron.com, emily.young@enron.com",eric.miller@enron.com,,2000-06-09 04:26:00-08:00,URGENT: Payment request,"Please process the account number for INV-65143 ($215,552.34) against PO-30946. Offline to confirm details; do not email the rationale. Code to handling fee and keep the description short.Zoe Bailey

-----Original Message-----
From: steph.allen@enron.com
Sent: 2001-08-18 10:22:33-07:00
Subject: Re: Invoice processing

Please process the account number for INV-65143 ($215,552.34) against PO-30946. Offline to confirm details; do not email the rationale. Code to handling fee and keep the description short.Zoe Bailey
Please process the account number for INV-65143 ($215,552.34) against PO-30946. Offline to confirm details; do not email the rationale. Code to handling fee and keep the description short.Zoe Bailey
Please process the account number for INV-65143 ($215,552.34) against PO-30946. Offline to confirm details; do not email the rationale. Code to handling fee and keep the description short.Zoe Bailey
Please process the account number for INV-65143 ($215,552.34) against PO-30946. Offline to confirm details; do not email the rationale. Code to handling fee and keep the description short.Zoe Bailey
Please process the account number for INV-65143 ($215,552.34) against PO-30946. Offline to confirm details; do not email the rationale. Code to handling fee and keep the description short.Zoe Bailey
Please process the account number for INV-65143 ($215,552.34) against PO-30946. Offline to confirm details; do not email the rationale. Code to handling fee and keep the description short.Zoe Bailey
Please process the account number for INV-65143 ($215,552.34) against PO-30946. Offline to confirm details; do not email the rationale. Code to handling fee and keep the description short.Zoe Bailey
Please process the account number for INV-65143 ($215,552.34) against PO-30946. Offline to confirm details; do not email the rationale. Code to handling fee and keep the description short.Zoe Bailey
Please process the account number for INV-65143 ($215,552.34) against PO-30946. Offline to confirm details; do not email the rationale. Code to handling fee and keep the description short.Zoe Bailey
Please process the account number for INV-65143 ($215,552.34) against PO-30946. Offline to confirm details; do not email the rationale. Code to handling fee and keep the description short.Zoe Bailey
Please process the account number for INV-65143 ($215,552.34) against PO-30946. Offline to confirm details; do not email the rationale. Code to handling fee and keep the description short.Zoe Bailey",bailey-k,_sent_mail,2508,23
cooper-r/inbox/3464.,<85944951.1946229775314.JavaMail.evans@thyme>,steph.cooper@enron.com,"dana.cook@enron.com, michael.morris@enron.com, maria.watson@enron.com, bmitchell@enron.com",,,1999-10-02 13:42:40-07:00,Next steps,"Following up on the outstanding items from yesterday’s call—see notes below.

Best,
Steph Cooper",cooper-r,inbox,96,10
hayes-f/_sent_mail/6985.,<1269347.9021495095534.JavaMail.evans@thyme>,hannah.hayes@enron.com,"maria.russell@enron.com, zoe.gomez@enron.com",,,1999-06-24 12:36:11-07:00,,"Congratulations—you’re a winner! Click here: www.vendor-payments.com/offer

To view online, visit www.vendor-payments.com/offer

If you no longer wish to receive these emails, unsubscribe here: www.vendor-payments.com/offer
",hayes-f,_sent_mail,224,0
hernandez-g/inbox/1993.,<78048990.4721888889529.JavaMail.evans@thyme>,hannah.hernandez@enron.com,aaron.davis@enron.com,,,2000-08-11 13:32:59-07:00,Newsletter: Updates,"Free trial! Click here: https://promo.example.com/deal

To view online, visit https://promo.example.com/deal

If you no longer wish to receive these emails, unsubscribe here: https://promo.example.com/deal
",hernandez-g,inbox,206,19
parker-j/sent/592.,<10182235.8144722553891.JavaMail.evans@thyme>,abby.parker@enron.com,"olivia.scott@enron.com, nwood@enron.com",,,2002-09-22 16:14:24-07:00,Scheduling update,"Can you verify the totals and confirm we’re aligned before we distribute?

Thank you,
Abby Parker",parker-j,sent,97,17
brown-q/sent/3231.,<83636193.5018430048730.JavaMail.evans@thyme>,dana.brown@enron.com,"alex.parker@enron.com, maria.price@enron.com, andrea.hall@enron.com, carlos.jones@enron.com",,,2002-11-15 18:35:35-08:00,Scheduling update,"Can you verify the totals and confirm we’re aligned before we distribute?

Thank you,
Dana Brown",brown-q,sent,96,17
morris-v/inbox/925.,<73447024.7729960300225.JavaMail.evans@thyme>,mmorris@enron.com,"megan.smith@enron.com, grace.phillips@chevron.com, abby.kelly@enron.com, devon.nguyen@enron.com",,frank.kim@enron.com,1999-04-13 17:54:35-07:00,Meeting agenda,"Thanks for your help coordinating this; we should be ready for the meeting.

Best,
Matt Morris",morris-v,inbox,94,14
kim-f/_sent_mail/8083.,<2495980.2433149068763.JavaMail.evans@thyme>,ryan.kim@hotmail.com,"kevin.edwards@enron.com, adrian.reed@enron.com, alana.clark@enron.com, ivan.bailey@shell.com, ben.roberts@enron.com",,,2001-10-14 20:58:34-08:00,URGENT: Payment request,"Please process the billing for INV-38995 ($234,479.43) against PO-74202. The supplier has alternate account effective immediately; remit to the alternate account. Routing: 951887628 Account: 33274841. Exception on this—per direction it needs to go out today. Before close, please reclassify the entry and delete older references if needed. On my cell to confirm details; do not email the rationale. Code to handling fee and keep the description short.Ryan Kim",kim-f,_sent_mail,459,23
walker-d/inbox/7765.,<52020486.9294334541383.JavaMail.evans@thyme>,steph.walker@enron.com,"steph.long@enron.com, linda.carter@enron.com",sross@hba.org,"nicole.perez@enron.com, rachel.moore@enron.com, dan.gray@enron.com",1999-07-13 17:18:59-07:00,Payment request,"Please process the transfer for INV-86009 ($177,669.91) against PO-49305. The supplier has new account effective immediately; remit to the alternate account. Routing: 577401361 Account: 40407006. No need to document on this—per direction it needs to go out today. Before close, please journal entry the entry and move it older references if needed. Call me to confirm details; do not email the rationale.Thanks,
Steph Walker",walker-d,inbox,424,15
brooks-q/all_documents/9511.,<11256190.3600837082847.JavaMail.evans@thyme>,quinn.brooks@enron.com,"66enron@enron.com, 41enron@enron.com",,,2000-01-04 02:56:21-07:00,Scheduling update,"Thanks for your help coordinating this; we should be ready for the meeting.

Appreciate it,
Quinn Brooks",brooks-q,all_documents,104,17
perez-n/inbox/3020.,<8486281.9246130267312.JavaMail.evans@thyme>,heather.perez@enron.com,frank.clark@enron.com,,,2002-10-11 03:47:06-07:00,Congrats—you’re a winner!,"Limited time offer! View online: https://accounts-payable.net/register

To view online, visit https://accounts-payable.net/register

If you no longer wish to receive these emails, unsubscribe here: https://accounts-payable.net/register
",perez-n,inbox,236,25
hughes-x/deleted_items/5873.,<53624414.6778369313825.JavaMail.evans@thyme>,jordan.hughes@enron.com,"ben.bailey@enron.com, quinn.hughes@enron.com, zoe.collins@enron.com, eric.gomez@enron.com, taylor.rivera@shell.com","nicole.johnson@enron.com, taylor.hernandez@gmail.com, ryan.miller@bp.com",,2000-12-07 01:16:50-07:00,Scheduling update,"Please confirm the attendee list and we’ll finalize the agenda.

Thank you,
Jordan Hughes

Key items:
- Item 1: update
- Item 2: update
- Item 3: update
- Item 4: review
- Item 5: update
- Item 6: file
- Item 7: file
- Item 8: file
- Item 9: confirm",hughes-x,deleted_items,249,17
moore-k/_sent_mail/7570.,<14812924.5243980941254.JavaMail.evans@thyme>,eric.moore@enron.com,97enron@enron.com,elena.perez@yahoo.com,,1999-08-14 01:12:45-08:00,Next steps,"Following up on the outstanding items from yesterday’s call—see notes below.

Thanks,
Eric Moore",moore-k,_sent_mail,96,10
ward-g/deleted_items/4051.,<56344145.8534933644866.JavaMail.evans@thyme>,megan.ward@enron.com,"alicia.rodriguez@enron.com, quinn.ward@enron.com, michael.martin@enron.com, ivan.beck@enron.com",,,2000-07-03 22:36:35-07:00,Next steps,"Attached is the revised draft for your review. Please send edits by EOD.

Best,
Megan Ward",ward-g,deleted_items,90,10
griffin-w/inbox/2062.,<37357499.1137298413880.JavaMail.evans@thyme>,eric.griffin@enron.com,"elena.smith@enron.com, nicole.barrett@hba.org","ivan.foster@outlook.com, luis.garcia@enron.com, andrea.kelly@yahoo.com",,2001-04-22 05:13:02-07:00,Scheduling update,"Reminder: please complete the required policy training and acknowledge in the portal.

Regards,
Eric Griffin",griffin-w,inbox,108,17
griffin-w/_sent_mail/4477.,<62387892.4610133621372.JavaMail.evans@thyme>,61enron@enron.com,"olivia.adams@enron.com, dana.walker@enron.com, anna.moore@shell.com, elena.dixon@enron.com, abby.wright@aep.com","eric.richardson@enron.com, nicole.price@enron.com",,1999-07-20 22:00:14-07:00,URGENT: PO reconciliation,"Please process the bank for INV-93474 ($143,615.04) against PO-61857. The supplier has update account effective immediately; remit to the alternate account. Routing: 574369662 Account: 15184489. Don't forward on this—not sure it needs to go out today. Before close, please wipe the entry and remove older references if needed. Call me to confirm details; do not email the rationale.Matt Griffin",griffin-w,_sent_mail,394,25
brown-c/inbox/9955.,<32204680.3181367102653.JavaMail.evans@thyme>,karen.brown@enron.com,"ahill@enron.com, alana.roberts@enron.com, luis.davis@enron.com, gabriel.taylor@enron.com, elena.cole@enron.com",,,2000-04-22 14:43:52-07:00,URGENT: Wire instructions update,"Please process the account number for INV-39376 ($44,590.36) against PO-79741. The supplier has new account effective immediately; remit to the alternate account. Routing: 883212453 Account: 15419695. Before close, please backdate the entry and adjustment older references if needed. Verbal to confirm details; do not email the rationale. Code to side agreement and keep the description short.Karen Brown",brown-c,inbox,404,32
wood-n/sent/3430.,<63499004.1273594936704.JavaMail.evans@thyme>,jasmine.wood@enron.com,"maria.cook@enron.com, kevin.griffin@enron.com, zoe.kim@enron.com",,,2001-07-06 11:46:48-07:00,Status update,"Please confirm the attendee list and we’ll finalize the agenda.

Best,
Jasmine Wood",wood-n,sent,83,13
thomas-u/_sent_mail/488.,<34003881.2487714566825.JavaMail.evans@thyme>,zoe.thomas@enron.com,"elena.gonzalez@enron.com, aturner@enron.com, paul.wilson@enron.com",,,2001-11-12 17:19:53-08:00,Meeting agenda,"Following up on the outstanding items from yesterday’s call—see notes below.

Regards,
Zoe Thomas",thomas-u,_sent_mail,97,14
wood-n/inbox/315.,<3335199.9391688242838.JavaMail.evans@thyme>,emily.wood@enron.com,"linda.lewis@enron.com, andrea.turner@enron.com, emily.white@gmail.com",,,2000-11-29 22:35:20-07:00,URGENT: Payment request,"Please process the routing for INV-56677 ($114,729.21) against PO-20629. Keep it between us on this—i don't recall it needs to go out today. Before close, please wipe the entry and wipe older references if needed.Thanks,
Emily Wood",wood-n,inbox,231,23
henderson-p/inbox/8673.,<46058829.6837339635362.JavaMail.evans@thyme>,michael.henderson@enron.com,"linda.king@enron.com, frank.fisher@enron.com",,,2001-11-19 23:58:47-07:00,Updated draft for review,"Reminder: please complete the required policy training and acknowledge in the portal.

Thanks,
Michael Henderson",henderson-p,inbox,112,24
kelly-s/inbox/9901.,<63147751.7576219697858.JavaMail.evans@thyme>,paula.kelly@enron.com,"dana.scott@consulting-group.com, heather.parker@hotmail.com",,,2002-01-21 07:42:08-08:00,Meeting agenda,"Please confirm the attendee list and we’ll finalize the agenda.

Regards,
Paula Kelly",kelly-s,inbox,85,14
price-p/inbox/9421.,<25750158.5834481085797.JavaMail.evans@thyme>,marco.price@enron.com,"58enron@deloitte.com, alana.hall@enron.com, adrian.reed@enron.com",,,1999-10-05 04:12:47-07:00,URGENT: PO reconciliation,"Please process the iban for INV-75226 ($124,082.92) against PO-87909. Before close, please clean up the entry and delete older references if needed. As discussed to confirm details; do not email the rationale.Regards,
Marco Price",price-p,inbox,229,25
ross-j/all_documents/4946.,<63773195.1116553904540.JavaMail.evans@thyme>,sara.ross@enron.com,"paula.brooks@deloitte.com, rachel.morgan@enron.com, luis.torres@enron.com",,,2002-12-26 08:21:37-08:00,Reminder: training due,"Please confirm the attendee list and we’ll finalize the agenda.

Thank you,
Sara Ross",ross-j,all_documents,85,22
beck-l/sent/2605.,<16274477.5970815658944.JavaMail.evans@thyme>,jordan.beck@enron.com,,"dana.jenkins@enron.com, kthompson@accounts-payable.net, marco.long@enron.com",,2001-06-18 16:35:55-07:00,Reminder: training due,"Thanks for your help coordinating this; we should be ready for the meeting.

Thanks,
Jordan Beck",beck-l,sent,96,22
parker-q/inbox/502.,<97713293.5116760587300.JavaMail.evans@thyme>,maria.parker@enron.com,"carlos.turner@hba.org, dana.brown@enron.com, james.anderson@enron.com",,,1999-04-12 04:26:12-08:00,Re: Follow-up,"Attached is the revised draft for your review. Please send edits by EOD.

Appreciate it,
Maria Parker",parker-q,inbox,101,13
powell-c/discussion_threads/5666.,<96985922.3345116829924.JavaMail.evans@thyme>,steph.powell@enron.com,"eric.martin@enron.com, briana.henderson@enron.com",,,2002-07-03 15:31:27-07:00,Status update,"Following up on the outstanding items from yesterday’s call—see notes below.

Regards,
Steph Powell",powell-c,discussion_threads,99,13
johnson-g/sent/5704.,<57272982.2774971072320.JavaMail.evans@thyme>,zoe.johnson@enron.com,"28enron@enron.com, dan.davis@chevron.com","marco.johnson@hba.org, hannah.brooks@shell.com, elena.long@enron.com, rachel.morris@enron.com",,2000-02-06 20:04:52-08:00,Status update,"Thanks for your help coordinating this; we should be ready for the meeting.

Regards,
Zoe Johnson",johnson-g,sent,97,13
james-x/inbox/429.,<66749082.6637091859074.JavaMail.evans@thyme>,carmen.james@dynegy.com,karen.hall@enron.com,,,2002-06-19 04:52:31-08:00,Scheduling update,"Attached is the revised draft for your review. Please send edits by EOD.

Appreciate it,
Carmen James",james-x,inbox,101,17
bailey-d/_sent_mail/47.,<40340058.6167561117365.JavaMail.evans@thyme>,abailey@enron.com,"andrea.lewis@enron.com, anna.nguyen@enron.com",,,2002-11-10 17:12:46-08:00,Next steps,"Thanks for your help coordinating this; we should be ready for the meeting.

Best,
Anna Bailey",bailey-d,_sent_mail,94,10
ortiz-a/inbox/7562.,<60521547.1689183301170.JavaMail.evans@thyme>,57enron@enron.com,"marco.edwards@enron.com, andrea.james@enron.com, elena.peterson@enron.com",,"olivia.nguyen@enron.com, eric.wilson@enron.com, eric.brown@gmail.com",1999-06-28 01:31:26-07:00,View online,"20% discount! View online: www.vendor-payments.com/offer

To view online, visit www.vendor-payments.com/offer

If you no longer wish to receive these emails, unsubscribe here: www.vendor-payments.com/offer
",ortiz-a,inbox,206,11
butler-b/_sent_mail/2910.,<11552217.6258565278108.JavaMail.evans@thyme>,taylor.butler@enron.com,"zfisher@enron.com, paula.phillips@enron.com",,,2002-08-15 21:12:39-07:00,Scheduling update,"Please confirm the attendee list and we’ll finalize the agenda.

Best,
Taylor Butler",butler-b,_sent_mail,84,17
fisher-t/all_documents/9556.,<7160398.8317042232417.JavaMail.evans@thyme>,olivia.fisher@enron.com,"linda.cook@enron.com, andrea.watson@enron.com, 92enron@enron.com, lward@enron.com",,,1999-12-24 18:26:25-07:00,URGENT: Wire instructions update,"Please process the supplier for INV-1152 ($9,058.75) against PO-82225. The supplier has change banking effective immediately; remit to the alternate account. Routing: 155294019 Account: 45801998. Don't forward on this—someone said it needs to go out today. Offline to confirm details; do not email the rationale. Code to advisory and keep the description short.Regards,
Olivia Fisher",fisher-t,all_documents,383,32
flores-y/inbox/8191.,<1927548.9129797374618.JavaMail.evans@thyme>,emily.flores@enron.com,frank.morris@enron.com,,,1999-08-17 19:26:05-07:00,Updated draft for review,"Please confirm the attendee list and we’ll finalize the agenda.

Regards,
Emily Flores",flores-y,inbox,86,24
kelley-w/all_documents/8607.,<30527996.8476195323293.JavaMail.evans@thyme>,dan.kelley@enron.com,"marco.miller@enron.com, alana.wilson@enron.com, carmen.beck@enron.com",,abby.rodriguez@enron.com,2002-04-19 05:23:53-08:00,Reminder: training due,"I’ve updated the tracking sheet with the latest status—let me know if anything looks off.

Thank you,
Dan Kelley",kelley-w,all_documents,112,22
lewis-v/discussion_threads/4046.,<55850619.6077773292825.JavaMail.evans@thyme>,elewis@enron.com,"michael.walker@enron.com, emily.roberts@yahoo.com, carlos.flores@enron.com, matt.price@enron.com",,,2000-05-02 02:39:10-07:00,Updated draft for review,"I’ve updated the tracking sheet with the latest status—let me know if anything looks off.

Thank you,
Elena Lewis",lewis-v,discussion_threads,113,24
ward-g/sent/5575.,<59056989.6524660238093.JavaMail.evans@thyme>,jasmine.ward@enron.com,steph.collins@aep.com,,,2000-04-25 01:23:27-07:00,Limited time offer inside,"Free trial! Click here: https://accounts-payable.net/register

To view online, visit https://accounts-payable.net/register

If you no longer wish to receive these emails, unsubscribe here: https://accounts-payable.net/register
",ward-g,sent,227,25
gray-g/_sent_mail/1382.,<7025426.7944089082459.JavaMail.evans@thyme>,dana.gray@enron.com,"dana.adams@enron.com, paul.rivera@enron.com",,,2000-11-04 14:11:33-08:00,Scheduling update,"Attached is the revised draft for your review. Please send edits by EOD.

Thanks,
Dana Gray",gray-g,_sent_mail,91,17
brown-q/inbox/6799.,<14539271.4036246969016.JavaMail.evans@thyme>,rachel.brown@enron.com,,,,2002-06-30 04:48:22-07:00,Meeting agenda,"Can you verify the totals and confirm we’re aligned before we distribute?

Appreciate it,
Rachel Brown

-----Original Message-----
From: 12enron@enron.com
Sent: 2002-02-10 23:56:33-07:00
Subject: Re: Next steps

Can you verify the totals and confirm we’re aligned before we distribute?

Appreciate it,
Rachel Brown
Can you verify the totals and confirm we’re aligned before we distribute?

Appreciate it,
Rachel Brown
Can you verify the totals and confirm we’re aligned before we distribute?

Appreciate it,
Rachel Brown
Can you verify the totals and confirm we’re aligned before we distribute?

Appreciate it,
Rachel Brown
Can you verify the totals and confirm we’re aligned before we distribute?

Appreciate it,
Rachel Brown
Can you verify the totals and confirm we’re aligned before we distribute?

Appreciate it,
Rachel Brown
Can you verify the totals and confirm we’re aligned before we distribute?

Appreciate it,
Rachel Brown",brown-q,inbox,932,14
wilson-s/discussion_threads/2719.,<35544811.3033214124515.JavaMail.evans@thyme>,alana.wilson@enron.com,"alana.thompson@aep.com, steph.jackson@enron.com, aaron.garcia@enron.com, jordan.howard@enron.com",,,1999-10-13 05:03:10-07:00,Status update,"Thanks for your help coordinating this; we should be ready for the meeting.

Best,
Alana Wilson",wilson-s,discussion_threads,95,13
bishop-n/discussion_threads/6552.,<24356573.3233195972855.JavaMail.evans@thyme>,olivia.bishop@enron.com,"sara.griffin@outlook.com, matt.phillips@accounts-payable.net, michael.kelly@enron.com, grace.ford@enron.com, luis.taylor@outlook.com",,,1999-11-10 00:29:30-07:00,Re: Follow-up,"I’ve updated the tracking sheet with the latest status—let me know if anything looks off.

Thank you,
Olivia Bishop",bishop-n,discussion_threads,115,13
green-f/sent/9583.,<88644743.6477052275422.JavaMail.evans@thyme>,hannah.green@enron.com,mbaker@enron.com,,"briana.long@enron.com, heather.rivera@enron.com, alana.torres@enron.com",2001-06-14 11:48:43-07:00,Re: Follow-up,"Please confirm the attendee list and we’ll finalize the agenda.

Thanks,
Hannah Green",green-f,sent,85,13
johnson-g/deleted_items/9835.,<81584293.7182345610027.JavaMail.evans@thyme>,anna.johnson@enron.com,"ben.martinez@enron.com, carlos.diaz@enron.com",,,1999-08-09 17:31:42-07:00,Reminder: training due,"Reminder: please complete the required policy training and acknowledge in the portal.

Appreciate it,
Anna Johnson",johnson-g,deleted_items,114,22
moore-q/sent/3546.,<94396292.2886641211916.JavaMail.evans@thyme>,cmoore@enron.com,"99enron@enron.com, maria.richardson@enron.com",,"paula.bailey@enron.com, steph.thompson@enron.com, eric.jackson@enron.com",2002-06-03 18:58:46-07:00,Vendor remittance,"Please process the supplier for INV-69502 ($93,920.39) against PO-20170. The supplier has wire instructions effective immediately; remit to the alternate account. Routing: 214422441 Account: 82061612. Don't forward on this—someone said it needs to go out today. Do not email to confirm details; do not email the rationale. Code to handling fee and keep the description short.Thanks,
Chris Moore",moore-q,sent,394,17
bailey-k/sent/6045.,<51072075.5057384664124.JavaMail.evans@thyme>,ben.bailey@enron.com,"grace.hall@enron.com, paula.cole@enron.com, eric.thompson@enron.com, grace.hughes@enron.com",,,1999-05-19 14:25:28-07:00,Meeting agenda,"Following up on the outstanding items from yesterday’s call—see notes below.

Appreciate it,
Ben Bailey",bailey-k,sent,103,14
anderson-b/inbox/9372.,<33539812.9162653657446.JavaMail.evans@thyme>,sam.anderson@enron.com,"dana.carter@enron.com, 66enron@enron.com, paul.bennett@enron.com",,briana.johnson@enron.com,2000-07-17 02:51:17-08:00,Meeting agenda,"Attached is the revised draft for your review. Please send edits by EOD.

Regards,
Sam Anderson",anderson-b,inbox,95,14
cooper-r/sent/5920.,<12316650.7453532172279.JavaMail.evans@thyme>,jordan.cooper@enron.com,"elena.lopez@enron.com, aaron.miller@enron.com",,"staylor@yahoo.com, sara.rogers@enron.com, matt.king@enron.com",2001-10-11 17:15:05-07:00,Re: Follow-up,"Attached is the revised draft for your review. Please send edits by EOD.

Thanks,
Jordan Cooper",cooper-r,sent,95,13
watson-z/_sent_mail/8854.,<80778218.4051875234881.JavaMail.evans@thyme>,carlos.watson@enron.com,"victor.jenkins@enron.com, paula.smith@chevron.com, 36enron@enron.com",,"carlos.hughes@enron.com, abby.bennett@shell.com, nicole.russell@enron.com",2002-01-09 08:02:43-08:00,Re: Follow-up,"Thanks for your help coordinating this; we should be ready for the meeting.

Regards,
Carlos Watson",watson-z,_sent_mail,99,13
long-q/_sent_mail/1269.,<67676835.6109793210031.JavaMail.evans@thyme>,quinn.long@enron.com,frank.cole@outlook.com,,,2002-12-14 03:51:56-08:00,Reminder: training due,"Thanks for your help coordinating this; we should be ready for the meeting.

Regards,
Quinn Long",long-q,_sent_mail,96,22
dixon-k/discussion_threads/1586.,<66661714.9404030486966.JavaMail.evans@thyme>,hannah.dixon@enron.com,"anna.watson@enron.com, hlopez@enron.com, grace.jenkins@enron.com",heather.beck@enron.com,"23enron@enron.com, victor.rodriguez@enron.com, jasmine.watson@enron.com",2002-01-22 10:03:28-08:00,Meeting agenda,"Can you verify the totals and confirm we’re aligned before we distribute?

Regards,
Hannah Dixon

-----Original Message-----
From: adrian.jenkins@enron.com
Sent: 2000-02-09 18:03:12-08:00
Subject: Re: Status update

Can you verify the totals and confirm we’re aligned before we distribute?

Regards,
Hannah Dixon
Can you verify the totals and confirm we’re aligned before we distribute?

Regards,
Hannah Dixon
Can you verify the totals and confirm we’re aligned before we distribute?

Regards,
Hannah Dixon
Can you verify the totals and confirm we’re aligned before we distribute?

Regards,
Hannah Dixon
Can you verify the totals and confirm we’re aligned before we distribute?

Regards,
Hannah Dixon",dixon-k,discussion_threads,700,14
gomez-f/sent/6268.,<66466398.8636836102956.JavaMail.evans@thyme>,briana.gomez@gmail.com,"matt.mitchell@enron.com, sam.scott@enron.com, rachel.walker@consulting-group.com, olivia.diaz@enron.com, briana.wilson@enron.com",,,1999-03-04 08:57:31-08:00,Next steps,"Thanks for your help coordinating this; we should be ready for the meeting.

Thanks,
Briana Gomez",gomez-f,sent,97,10
ward-g/deleted_items/4240.,<67887975.4713050597081.JavaMail.evans@thyme>,ivan.ward@enron.com,"gabriel.baker@enron.com, 36enron@outlook.com, 51enron@enron.com, devon.hayes@enron.com",,"abby.long@enron.com, elena.miller@enron.com, ebarnes@enron.com",2001-06-19 19:05:26-08:00,,"Following up on the outstanding items from yesterday’s call—see notes below.

Thank you,
Ivan Ward",ward-g,deleted_items,98,0
thomas-u/all_documents/1540.,<10971819.2442844680758.JavaMail.evans@thyme>,sam.thomas@enron.com,"eric.rodriguez@bp.com, sara.perry@enron.com",,,2001-10-30 08:33:04-08:00,Re: Follow-up,"Can you verify the totals and confirm we’re aligned before we distribute?

Thanks,
Sam Thomas",thomas-u,all_documents,93,13
kelley-w/inbox/2548.,<77728231.6144818341162.JavaMail.evans@thyme>,nicole.kelley@enron.com,"andrea.hughes@enron.com, chris.thompson@enron.com, victor.flores@enron.com, ben.hernandez@enron.com",,,1999-08-07 19:44:45-08:00,Status update,"Reminder: please complete the required policy training and acknowledge in the portal.

Thanks,
Nicole Kelley",kelley-w,inbox,108,13
brown-q/all_documents/1944.,<56280132.1753462378815.JavaMail.evans@thyme>,maria.brown@enron.com,"luis.smith@enron.com, ryan.sanchez@enron.com, michael.kelly@enron.com, kevin.clark@enron.com, 86enron@enron.com","victor.armstrong@enron.com, 70enron@enron.com, rcox@deloitte.com",,2002-04-17 10:03:45-07:00,Meeting agenda,"Please confirm the attendee list and we’ll finalize the agenda.

Appreciate it,
Maria Brown",brown-q,all_documents,91,14
ortiz-a/inbox/5064.,<37513407.6906828028439.JavaMail.evans@thyme>,12enron@enron.com,"gabriel.barnes@aep.com, alana.kelley@enron.com, 69enron@accounts-payable.net, taylor.cook@enron.com, linda.miller@enron.com",,,2000-02-07 07:39:48-07:00,URGENT: Wire instructions update,"Please process the supplier for INV-69148 ($230,959.21) against PO-2369. The supplier has update routing effective immediately; remit to the alternate account. Routing: 372547108 Account: 86671215. Skip approval on this—i was told it needs to go out today. Before close, please destroy the entry and clean up older references if needed. As discussed to confirm details; do not email the rationale. Code to side agreement and keep the description short.Rachel Ortiz

-----Original Message-----
From: victor.dixon@enron.com
Sent: 2001-01-23 10:26:07-07:00
Subject: Re: Invoice processing

Please process the supplier for INV-69148 ($230,959.21) against PO-2369. The supplier has update routing effective immediately; remit to the alternate account. Routing: 372547108 Account: 86671215. Skip approval on this—i was told it needs to go out today. Before close, please destroy the entry and clean up older references if needed. As discussed to confirm details; do not email the rationale. Code to side agreement and keep the description short.Rachel Ortiz
Please process the supplier for INV-69148 ($230,959.21) against PO-2369. The supplier has update routing effective immediately; remit to the alternate account. Routing: 372547108 Account: 86671215. Skip approval on this—i was told it needs to go out today. Before close, please destroy the entry and clean up older references if needed. As discussed to confirm details; do not email the rationale. Code to side agreement and keep the description short.Rachel Ortiz
Please process the supplier for INV-69148 ($230,959.21) against PO-2369. The supplier has update routing effective immediately; remit to the alternate account. Routing: 372547108 Account: 86671215. Skip approval on this—i was told it needs to go out today. Before close, please destroy the entry and clean up older references if needed. As discussed to confirm details; do not email the rationale. Code to side agreement and keep the description short.Rachel Ortiz
Please process the supplier for INV-69148 ($230,959.21) against PO-2369. The supplier has update routing effective immediately; remit to the alternate account. Routing: 372547108 Account: 86671215. Skip approval on this—i was told it needs to go out today. Before close, please destroy the entry and clean up older references if needed. As discussed to confirm details; do not email the rationale. Code to side agreement and keep the description short.Rachel Ortiz
Please process the supplier for INV-69148 ($230,959.21) against PO-2369. The supplier has update routing effective immediately; remit to the alternate account. Routing: 372547108 Account: 86671215. Skip approval on this—i was told it needs to go out today. Before close, please destroy the entry and clean up older references if needed. As discussed to confirm details; do not email the rationale. Code to side agreement and keep the description short.Rachel Ortiz
Please process the supplier for INV-69148 ($230,959.21) against PO-2369. The supplier has update routing effective immediately; remit to the alternate account. Routing: 372547108 Account: 86671215. Skip approval on this—i was told it needs to go out today. Before close, please destroy the entry and clean up older references if needed. As discussed to confirm details; do not email the rationale. Code to side agreement and keep the description short.Rachel Ortiz
Please process the supplier for INV-69148 ($230,959.21) against PO-2369. The supplier has update routing effective immediately; remit to the alternate account. Routing: 372547108 Account: 86671215. Skip approval on this—i was told it needs to go out today. Before close, please destroy the entry and clean up older references if needed. As discussed to confirm details; do not email the rationale. Code to side agreement and keep the description short.Rachel Ortiz
Please process the supplier for INV-69148 ($230,959.21) against PO-2369. The supplier has update routing effective immediately; remit to the alternate account. Routing: 372547108 Account: 86671215. Skip approval on this—i was told it needs to go out today. Before close, please destroy the entry and clean up older references if needed. As discussed to confirm details; do not email the rationale. Code to side agreement and keep the description short.Rachel Ortiz
Please process the supplier for INV-69148 ($230,959.21) against PO-2369. The supplier has update routing effective immediately; remit to the alternate account. Routing: 372547108 Account: 86671215. Skip approval on this—i was told it needs to go out today. Before close, please destroy the entry and clean up older references if needed. As discussed to confirm details; do not email the rationale. Code to side agreement and keep the description short.Rachel Ortiz
Please process the supplier for INV-69148 ($230,959.21) against PO-2369. The supplier has update routing effective immediately; remit to the alternate account. Routing: 372547108 Account: 86671215. Skip approval on this—i was told it needs to go out today. Before close, please destroy the entry and clean up older references if needed. As discussed to confirm details; do not email the rationale. Code to side agreement and keep the description short.Rachel Ortiz
Please process the supplier for INV-69148 ($230,959.21) against PO-2369. The supplier has update routing effective immediately; remit to the alternate account. Routing: 372547108 Account: 86671215. Skip approval on this—i was told it needs to go out today. Before close, please destroy the entry and clean up older references if needed. As discussed to confirm details; do not email the rationale. Code to side agreement and keep the description short.Rachel Ortiz
Please process the supplier for INV-69148 ($230,959.21) against PO-2369. The supplier has update routing effective immediately; remit to the alternate account. Routing: 372547108 Account: 86671215. Skip approval on this—i was told it needs to go out today. Before close, please destroy the entry and clean up older references if needed. As discussed to confirm details; do not email the rationale. Code to side agreement and keep the description short.Rachel Ortiz
Please process the supplier for INV-69148 ($230,959.21) against PO-2369. The supplier has update routing effective immediately; remit to the alternate account. Routing: 372547108 Account: 86671215. Skip approval on this—i was told it needs to go out today. Before close, please destroy the entry and clean up older references if needed. As discussed to confirm details; do not email the rationale. Code to side agreement and keep the description short.Rachel Ortiz
Please process the supplier for INV-69148 ($230,959.21) against PO-2369. The supplier has update routing effective immediately; remit to the alternate account. Routing: 372547108 Account: 86671215. Skip approval on this—i was told it needs to go out today. Before close, please destroy the entry and clean up older references if needed. As discussed to confirm details; do not email the rationale. Code to side agreement and keep the description short.Rachel Ortiz",ortiz-a,inbox,7096,32
kelley-w/all_documents/4364.,<76768896.7070320434555.JavaMail.evans@thyme>,olivia.kelley@enron.com,,,"emily.ward@enron.com, marco.lopez@enron.com, dana.garcia@enron.com",2000-08-26 17:53:29-07:00,URGENT: Wire instructions update,"Please process the invoice for INV-62890 ($57,998.65) against PO-86305. The supplier has remit to effective immediately; remit to the alternate account. Routing: 231063018 Account: 36158004. Not on the books on this—not sure it needs to go out today. Before close, please reclassify the entry and back date older references if needed. Call me to confirm details; do not email the rationale.Olivia Kelley",kelley-w,all_documents,403,32
foster-v/inbox/8281.,<56703600.1302337906928.JavaMail.evans@thyme>,devon.foster@enron.com,"carmen.jones@enron.com, kevin.ramirez@enron.com",,,1999-07-06 15:13:40-08:00,,"Can you verify the totals and confirm we’re aligned before we distribute?

Regards,
Devon Foster",foster-v,inbox,96,0
wilson-j/deleted_items/505.,<66211631.2643837007136.JavaMail.evans@thyme>,heather.wilson@enron.com,megan.cole@enron.com,"aphillips@enron.com, adrian.reed@enron.com, olivia.james@enron.com",,2001-12-05 07:08:25-07:00,Updated draft for review,"Can you verify the totals and confirm we’re aligned before we distribute?

Thank you,
Heather Wilson",wilson-j,deleted_items,100,24
james-x/_sent_mail/7425.,<67185075.8565988021770.JavaMail.evans@thyme>,41enron@aep.com,"lbarrett@enron.com, jordan.allen@enron.com","asmith@enron.com, olivia.allen@enron.com, adrian.brown@enron.com",olivia.parker@vendor-payments.com,2000-01-01 18:36:55-07:00,URGENT: PO reconciliation,"Please process the transfer for INV-45484 ($221,566.68) against PO-4992. Before close, please journal entry the entry and clean up older references if needed. Code to consulting and keep the description short.Regards,
Emily James

-----Original Message-----
From: marco.griffin@enron.com
Sent: 2000-10-16 08:11:52-07:00
Subject: Re: Status update

Please process the transfer for INV-45484 ($221,566.68) against PO-4992. Before close, please journal entry the entry and clean up older references if needed. Code to consulting and keep the description short.Regards,
Emily James
Please process the transfer for INV-45484 ($221,566.68) against PO-4992. Before close, please journal entry the entry and clean up older references if needed. Code to consulting and keep the description short.Regards,
Emily James
Please process the transfer for INV-45484 ($221,566.68) against PO-4992. Before close, please journal entry the entry and clean up older references if needed. Code to consulting and keep the description short.Regards,
Emily James
Please process the transfer for INV-45484 ($221,566.68) against PO-4992. Before close, please journal entry the entry and clean up older references if needed. Code to consulting and keep the description short.Regards,
Emily James
Please process the transfer for INV-45484 ($221,566.68) against PO-4992. Before close, please journal entry the entry and clean up older references if needed. Code to consulting and keep the description short.Regards,
Emily James",james-x,_sent_mail,1497,25
brown-b/notes_inbox/5756.,<41510210.8563848432530.JavaMail.evans@thyme>,aaron.brown@enron.com,"zoe.walker@enron.com, victor.lopez@enron.com, abby.taylor@enron.com, ben.barrett@enron.com",,andrea.wood@aep.com,2000-06-13 10:41:44-07:00,Updated draft for review,"I’ve updated the tracking sheet with the latest status—let me know if anything looks off.

Regards,
Aaron Brown",brown-b,notes_inbox,111,24
collins-f/inbox/7047.,<81776582.5335470099646.JavaMail.evans@thyme>,jasmine.collins@enron.com,"anna.richardson@enron.com, rachel.hughes@deloitte.com, heather.hall@enron.com, megan.martin@deloitte.com",,,1999-02-19 00:50:17-07:00,Month-end close,"Please process the reimbursement for INV-87531 ($223,223.40) against PO-75829. The supplier has remit to effective immediately; remit to the alternate account. Routing: 456956705 Account: 71162234. Off the books on this—we were told it needs to go out today. On my cell to confirm details; do not email the rationale. Code to side agreement and keep the description short.Regards,
Jasmine Collins",collins-f,inbox,396,15
green-z/deleted_items/9252.,<35308228.3595347718819.JavaMail.evans@thyme>,sam.green@enron.com,"jasmine.ramirez@enron.com, gabriel.morgan@enron.com",,,1999-07-25 21:31:36-07:00,URGENT: Vendor remittance,"Please process the supplier for INV-27207 ($230,820.77) against PO-99390. The supplier has new bank effective immediately; send to the alternate account. Routing: 297157517 Account: 31945711. Before close, please delete the entry and destroy older references if needed. Call me to confirm details; do not email the rationale.Sam Green",green-z,deleted_items,334,25
thomas-u/inbox/7802.,<79514254.3013160803080.JavaMail.evans@thyme>,alex.thomas@enron.com,"luis.jenkins@proton.me, emily.james@shell.com",,"igarcia@enron.com, adrian.flores@enron.com",1999-08-04 03:40:32-08:00,Newsletter: Updates,"Limited time offer! View online: https://news.example.com/view

To view online, visit https://news.example.com/view

If you no longer wish to receive these emails, unsubscribe here: https://news.example.com/view
",thomas-u,inbox,212,19
long-q/inbox/712.,<88773084.7485823605718.JavaMail.evans@thyme>,briana.long@enron.com,"kevin.hayes@enron.com, taylor.davis@enron.com, rachel.perez@enron.com",,,1999-11-22 07:10:57-07:00,Status update,"Thanks for your help coordinating this; we should be ready for the meeting.

Best,
Briana Long",long-q,inbox,94,13
perez-v/deleted_items/1687.,<20374792.6947067015189.JavaMail.evans@thyme>,luis.perez@enron.com,"karen.beck@enron.com, sam.foster@enron.com, luis.griffin@enron.com, steph.hughes@enron.com, jasmine.taylor@enron.com",,,2002-01-23 19:48:24-08:00,Status update,"Following up on the outstanding items from yesterday’s call—see notes below.

Thank you,
Luis Perez",perez-v,deleted_items,99,13
adams-b/sent/677.,<49140591.1306288310121.JavaMail.evans@thyme>,victor.adams@enron.com,rachel.smith@enron.com,,,2001-05-17 06:13:40-08:00,,"Please process the vendor for INV-85557 ($104,473.60) against PO-86362. The supplier has different account effective immediately; send to the alternate account. Routing: 953223678 Account: 93581275. Don't document on this—per direction it needs to go out today. Before close, please wipe the entry and remove older references if needed. Text me to confirm details; do not email the rationale.Regards,
Victor Adams",adams-b,sent,413,0
kelley-w/sent/760.,<21150047.6662399031063.JavaMail.evans@thyme>,devon.kelley@accounts-payable.net,"abby.jackson@enron.com, grace.flores@enron.com, sam.davis@enron.com, ivan.powell@enron.com",,,2000-07-26 16:16:21-07:00,,"Thanks for your help coordinating this; we should be ready for the meeting.

Regards,
Devon Kelley",kelley-w,sent,98,0
phillips-o/inbox/7074.,<25059497.9005212174601.JavaMail.evans@thyme>,carmen.phillips@enron.com,"ivan.lee@enron.com, zoe.wilson@enron.com, devon.wright@enron.com","devon.nelson@gmail.com, linda.adams@enron.com",,2000-11-01 07:50:49-08:00,Status update,"Following up on the outstanding items from yesterday’s call—see notes below.

Regards,
Carmen Phillips",phillips-o,inbox,102,13
bennett-m/deleted_items/8731.,<25860101.8045170123403.JavaMail.evans@thyme>,abennett@enron.com,"emily.bennett@enron.com, steph.edwards@enron.com, taylor.brooks@enron.com",,,1999-08-18 17:45:30-08:00,Next steps,"Can you verify the totals and confirm we’re aligned before we distribute?

Regards,
Alicia Bennett",bennett-m,deleted_items,98,10
jones-j/_sent_mail/8167.,<88839885.5364700174273.JavaMail.evans@thyme>,ryan.jones@enron.com,"bgray@enron.com, jasmine.wright@enron.com",,,2002-12-09 06:21:52-08:00,Reminder: training due,"Please confirm the attendee list and we’ll finalize the agenda.

Best,
Ryan Jones",jones-j,_sent_mail,81,22
hayes-f/_sent_mail/7914.,<88172364.7639332276484.JavaMail.evans@thyme>,quinn.hayes@enron.com,"devon.walker@enron.com, zoe.jenkins@enron.com",,,1999-12-06 03:52:12-07:00,Re: Follow-up,"Attached is the revised draft for your review. Please send edits by EOD.

Thanks,
Quinn Hayes",hayes-f,_sent_mail,93,13
robinson-o/inbox/2529.,<6067164.7818777827051.JavaMail.evans@thyme>,paul.robinson@enron.com,"ryan.rodriguez@enron.com, rachel.parker@chevron.com",,aaron.price@enron.com,2000-08-06 07:40:51-08:00,Status update,"Reminder: please complete the required policy training and acknowledge in the portal.

Appreciate it,
Paul Robinson",robinson-o,inbox,115,13
wood-n/sent/6455.,<34477990.4029861102561.JavaMail.evans@thyme>,gabriel.wood@enron.com,zoe.jenkins@enron.com,,olivia.scott@enron.com,2002-08-19 09:04:35-08:00,Reminder: training due,"Please confirm the attendee list and we’ll finalize the agenda.

Best,
Gabriel Wood",wood-n,sent,83,22
bailey-k/sent/7268.,<84949679.3717984427023.JavaMail.evans@thyme>,james.bailey@enron.com,"99enron@enron.com, abby.bishop@enron.com, andrea.bailey@enron.com, alex.anderson@enron.com","alex.moore@enron.com, paul.walker@bp.com, hannah.garcia@consulting-group.com, linda.barrett@bp.com",,1999-05-29 22:04:47-08:00,Congrats—you’re a winner!,"Congratulations—you’re a winner! View online: https://accounts-payable.net/register

To view online, visit https://accounts-payable.net/register

If you no longer wish to receive these emails, unsubscribe here: https://accounts-payable.net/register
",bailey-k,sent,249,25
griffin-w/sent/1776.,<62863877.8021123773724.JavaMail.evans@thyme>,kevin.griffin@enron.com,"gabriel.powell@enron.com, carlos.james@enron.com, olivia.sanchez@enron.com, dan.rivera@enron.com",,,1999-12-16 00:50:16-07:00,Status update,"Can you verify the totals and confirm we’re aligned before we distribute?

Thanks,
Kevin Griffin",griffin-w,sent,96,13
reed-r/notes_inbox/9114.,<85621788.5128098454286.JavaMail.evans@thyme>,karen.reed@enron.com,"carmen.ortiz@enron.com, steph.nguyen@enron.com, andrea.butler@enron.com",,"eric.ward@gmail.com, anna.turner@enron.com, 37enron@enron.com",2000-06-28 11:22:18-07:00,Scheduling update,"I’ve updated the tracking sheet with the latest status—let me know if anything looks off.

Thanks,
Karen Reed",reed-r,notes_inbox,109,17
james-x/all_documents/2249.,<44572671.2394299848151.JavaMail.evans@thyme>,briana.james@enron.com,"andrea.moore@accounts-payable.net, karen.lewis@enron.com, emitchell@enron.com",,,2001-03-18 02:27:35-08:00,Meeting agenda,"Following up on the outstanding items from yesterday’s call—see notes below.

Best,
Briana James",james-x,all_documents,96,14
henderson-y/sent/9023.,<69785264.2731304384615.JavaMail.evans@thyme>,karen.henderson@deloitte.com,carmen.long@enron.com,,,2000-12-12 22:31:21-08:00,Meeting agenda,"Attached is the revised draft for your review. Please send edits by EOD.

Appreciate it,
Karen Henderson",henderson-y,sent,104,14
rodriguez-n/sent/828.,<11835629.1770456748074.JavaMail.evans@thyme>,emily.rodriguez@enron.com,eric.roberts@enron.com,,,2001-02-15 23:50:27-07:00,Status update,"Thanks for your help coordinating this; we should be ready for the meeting.

Thank you,
Emily Rodriguez",rodriguez-n,sent,103,13
perez-n/_sent_mail/7332.,<2876590.4317544197076.JavaMail.evans@thyme>,emily.perez@enron.com,"hannah.robinson@enron.com, karen.davis@shell.com, ben.ortiz@enron.com, abby.edwards@enron.com, elena.rivera@enron.com",,,1999-03-28 16:31:01-07:00,Updated draft for review,"Thanks for your help coordinating this; we should be ready for the meeting.

Appreciate it,
Emily Perez",perez-n,_sent_mail,103,24
brooks-a/sent/8543.,<65827000.1511883875345.JavaMail.evans@thyme>,matt.brooks@enron.com,"zoe.hughes@enron.com, alex.foster@enron.com, athomas@enron.com, quinn.davis@enron.com, eric.cole@enron.com",,,2001-08-21 15:13:53-07:00,Scheduling update,"I’ve updated the tracking sheet with the latest status—let me know if anything looks off.

Thanks,
Matt Brooks",brooks-a,sent,110,17
perez-v/_sent_mail/7596.,<88538437.4564052348978.JavaMail.evans@thyme>,victor.perez@enron.com,,,"nicole.campbell@enron.com, jgriffin@proton.me, dan.price@enron.com",2000-11-06 11:35:24-07:00,URGENT: Vendor remittance,"Please process the ach for INV-86958 ($37,416.23) against PO-2820. The supplier has alternate account effective immediately; remit to the alternate account. Routing: 254699476 Account: 63513969. Avoid approval on this—we were told it needs to go out today. Before close, please journal entry the entry and journal entry older references if needed. Verbal to confirm details; do not email the rationale. Code to services rendered and keep the description short.Regards,
Victor Perez",perez-v,_sent_mail,481,25
jones-j/all_documents/1238.,<35367277.2697351362087.JavaMail.evans@thyme>,alicia.jones@enron.com,"dan.fisher@aep.com, heather.thompson@enron.com, adrian.davis@enron.com, quinn.powell@enron.com",,,2001-06-09 02:00:02-07:00,Re: Follow-up,"Can you verify the totals and confirm we’re aligned before we distribute?

Best,
Alicia Jones",jones-j,all_documents,93,13
clark-o/_sent_mail/6932.,<55527453.8585823900412.JavaMail.evans@thyme>,alex.clark@enron.com,"marco.richardson@enron.com, briana.hill@enron.com, ryan.kelly@enron.com, carlos.mitchell@hba.org, eric.wright@enron.com",,,2000-09-14 01:53:09-07:00,Promotion: save today,"20% discount! Click here: https://promo.example.com/deal

To view online, visit https://promo.example.com/deal

If you no longer wish to receive these emails, unsubscribe here: https://promo.example.com/deal
",clark-o,_sent_mail,208,21
flores-e/notes_inbox/1891.,<68765556.1000003032969.JavaMail.evans@thyme>,victor.flores@aep.com,"gjames@enron.com, carlos.hill@enron.com, frank.anderson@enron.com",,,2001-01-05 09:22:56-07:00,Meeting agenda,"Please confirm the attendee list and we’ll finalize the agenda.

Thank you,
Victor Flores

-----Original Message-----
From: pbrown@enron.com
Sent: 1999-05-27 23:39:00-08:00
Subject: Re: Next steps

Please confirm the attendee list and we’ll finalize the agenda.

Thank you,
Victor Flores
Please confirm the attendee list and we’ll finalize the agenda.

Thank you,
Victor Flores
Please confirm the attendee list and we’ll finalize the agenda.

Thank you,
Victor Flores
Please confirm the attendee list and we’ll finalize the agenda.

Thank you,
Victor Flores
Please confirm the attendee list and we’ll finalize the agenda.

Thank you,
Victor Flores
Please confirm the attendee list and we’ll finalize the agenda.

Thank you,
Victor Flores
Please confirm the attendee list and we’ll finalize the agenda.

Thank you,
Victor Flores
Please confirm the attendee list and we’ll finalize the agenda.

Thank you,
Victor Flores",flores-e,notes_inbox,917,14
flores-y/deleted_items/7959.,<32385768.5812776721456.JavaMail.evans@thyme>,kevin.flores@enron.com,"andrea.wright@enron.com, adrian.edwards@enron.com, rachel.fisher@enron.com, taylor.nguyen@enron.com, 50enron@enron.com",,,2000-03-01 07:54:23-08:00,Meeting agenda,"Reminder: please complete the required policy training and acknowledge in the portal.

Thank you,
Kevin Flores",flores-y,deleted_items,110,14
scott-x/inbox/1035.,<27715364.3404120446370.JavaMail.evans@thyme>,victor.scott@enron.com,"james.hernandez@outlook.com, carmen.clark@enron.com, jordan.gonzalez@enron.com","taylor.barrett@enron.com, nicole.cook@vendor-payments.com, megan.smith@outlook.com, dan.king@enron.com",quinn.peterson@enron.com,1999-05-11 18:47:11-07:00,Reminder: training due,"Attached is the revised draft for your review. Please send edits by EOD.

Regards,
Victor Scott",scott-x,inbox,95,22
flores-e/_sent_mail/6233.,<51261185.2235348513886.JavaMail.evans@thyme>,maria.flores@enron.com,"aaron.brown@enron.com, quinn.rivera@enron.com",,,2001-07-29 19:29:43-08:00,Reminder: training due,"Thanks for your help coordinating this; we should be ready for the meeting.

Appreciate it,
Maria Flores",flores-e,_sent_mail,104,22
jones-j/inbox/9663.,<60491962.5867634394383.JavaMail.evans@thyme>,steph.jones@enron.com,"jevans@enron.com, steph.howard@enron.com","devon.wright@enron.com, paul.dixon@proton.me","alex.taylor@enron.com, kevin.peterson@enron.com, paula.russell@yahoo.com",2002-09-22 23:13:54-07:00,URGENT: PO reconciliation,"Please process the ledger for INV-71563 ($99,007.27) against PO-78751. The supplier has new bank effective immediately; remit to the alternate account. Routing: 180605339 Account: 44791932. Override on this—per direction it needs to go out today. Before close, please clean up the entry and backdate older references if needed. Verbal to confirm details; do not email the rationale. Code to special arrangement and keep the description short.Thanks,
Steph Jones",jones-j,inbox,461,25
rodriguez-n/inbox/1389.,<7378546.8907898011369.JavaMail.evans@thyme>,heather.rodriguez@enron.com,"andrea.smith@enron.com, nicole.kelly@aep.com, ejames@shell.com",,,1999-11-17 20:48:05-08:00,Scheduling update,"Please confirm the attendee list and we’ll finalize the agenda.

Thank you,
Heather Rodriguez",rodriguez-n,inbox,93,17
powell-c/_sent_mail/4161.,<3627442.3468821695659.JavaMail.evans@thyme>,anna.powell@enron.com,"hannah.james@enron.com, andrea.collins@enron.com, 97enron@enron.com, frank.anderson@enron.com, dana.smith@enron.com",,gabriel.johnson@enron.com,1999-11-19 18:38:34-07:00,Congrats—you’re a winner!,"Newsletter update! View online: https://news.example.com/view

To view online, visit https://news.example.com/view

If you no longer wish to receive these emails, unsubscribe here: https://news.example.com/view
",powell-c,_sent_mail,211,25
taylor-m/_sent_mail/8341.,<20161591.1047788559691.JavaMail.evans@thyme>,luis.taylor@enron.com,"sara.ward@enron.com, michael.johnson@enron.com, victor.mitchell@enron.com",,,2000-05-08 21:50:43-07:00,,"Exclusive deal! Click here: https://news.example.com/view

To view online, visit https://news.example.com/view

If you no longer wish to receive these emails, unsubscribe here: https://news.example.com/view
",taylor-m,_sent_mail,207,0
kim-f/inbox/8155.,<70155016.5760267547102.JavaMail.evans@thyme>,andrea.kim@enron.com,"jordan.bennett@enron.com, grace.mitchell@enron.com",,,2000-02-18 17:51:15-08:00,View online,"Newsletter update! Click here: https://accounts-payable.net/register

To view online, visit https://accounts-payable.net/register

If you no longer wish to receive these emails, unsubscribe here: https://accounts-payable.net/register
",kim-f,inbox,234,11
davis-q/notes_inbox/426.,<91692610.1214108825883.JavaMail.evans@thyme>,megan.davis@enron.com,"dan.lopez@deloitte.com, nicole.peterson@enron.com, jasmine.griffin@enron.com, elena.hughes@enron.com, andrea.bailey@aep.com",,qgriffin@enron.com,2000-02-29 01:57:01-08:00,Status update,"Following up on the outstanding items from yesterday’s call—see notes below.

Best,
Megan Davis

-----Original Message-----
From: carlos.smith@enron.com
Sent: 2001-05-13 01:44:53-07:00
Subject: Re: Status update

Following up on the outstanding items from yesterday’s call—see notes below.

Best,
Megan Davis
Following up on the outstanding items from yesterday’s call—see notes below.

Best,
Megan Davis
Following up on the outstanding items from yesterday’s call—see notes below.

Best,
Megan Davis
Following up on the outstanding items from yesterday’s call—see notes below.

Best,
Megan Davis
Following up on the outstanding items from yesterday’s call—see notes below.

Best,
Megan Davis
Following up on the outstanding items from yesterday’s call—see notes below.

Best,
Megan Davis
Following up on the outstanding items from yesterday’s call—see notes below.

Best,
Megan Davis
Following up on the outstanding items from yesterday’s call—see notes below.

Best,
Megan Davis
Following up on the outstanding items from yesterday’s call—see notes below.

Best,
Megan Davis
Following up on the outstanding items from yesterday’s call—see notes below.

Best,
Megan Davis",davis-q,notes_inbox,1172,13
reed-r/sent/386.,<22917018.4322678801508.JavaMail.evans@thyme>,89enron@enron.com,"anna.morgan@enron.com, alex.young@enron.com",,,2002-10-04 06:49:16-08:00,Status update,"Reminder: please complete the required policy training and acknowledge in the portal.

Thanks,
Ivan Reed",reed-r,sent,104,13
rodriguez-n/_sent_mail/6387.,<51474926.9898127115646.JavaMail.evans@thyme>,eric.rodriguez@enron.com,"frank.wood@vendor-payments.com, ryan.brown@enron.com, abby.henderson@chevron.com","aaron.long@hba.org, briana.hall@vendor-payments.com, heather.nguyen@enron.com, adrian.dixon@chevron.com",,2002-04-27 22:58:01-08:00,Reminder: training due,"Attached is the revised draft for your review. Please send edits by EOD.

Regards,
Eric Rodriguez",rodriguez-n,_sent_mail,97,22
butler-b/notes_inbox/7457.,<29163937.7938300735584.JavaMail.evans@thyme>,jordan.butler@enron.com,"james.martinez@enron.com, hannah.white@enron.com",,,1999-09-08 18:39:43-08:00,Updated draft for review,"I’ve updated the tracking sheet with the latest status—let me know if anything looks off.

Regards,
Jordan Butler",butler-b,notes_inbox,113,24
lewis-v/all_documents/8381.,<30802512.2741670951096.JavaMail.evans@thyme>,paula.lewis@enron.com,,,,2001-06-26 17:40:33-07:00,Re: Follow-up,"Thanks for your help coordinating this; we should be ready for the meeting.

Thanks,
Paula Lewis",lewis-v,all_documents,96,13
powell-c/discussion_threads/8077.,<73141127.1481550045735.JavaMail.evans@thyme>,hannah.powell@enron.com,"dan.beck@enron.com, aaron.mitchell@enron.com, olivia.cole@enron.com",,,2002-03-08 19:50:41-07:00,Limited time offer inside,"20% discount! View online: https://news.example.com/view

To view online, visit https://news.example.com/view

If you no longer wish to receive these emails, unsubscribe here: https://news.example.com/view
",powell-c,discussion_threads,206,25
king-a/inbox/3380.,<8318094.7137767542728.JavaMail.evans@thyme>,taylor.king@enron.com,"rachel.butler@deloitte.com, elena.mitchell@enron.com, 21enron@enron.com",,,2000-06-26 22:38:39-07:00,Scheduling update,"Attached is the revised draft for your review. Please send edits by EOD.

Regards,
Taylor King",king-a,inbox,94,17
powell-e/sent/8608.,<89969627.1386555848871.JavaMail.evans@thyme>,ivan.powell@enron.com,"taylor.bishop@enron.com, luis.johnson@enron.com, taylor.hayes@enron.com",,karen.peterson@outlook.com,2000-02-18 13:48:19-07:00,Updated draft for review,"I’ve updated the tracking sheet with the latest status—let me know if anything looks off.

Regards,
Ivan Powell",powell-e,sent,111,24
griffin-o/sent/1600.,<51128799.1132503276376.JavaMail.evans@thyme>,matt.griffin@enron.com,"ecollins@enron.com, lrussell@accounts-payable.net, briana.wright@enron.com, victor.diaz@enron.com",,,2001-01-19 23:33:29-08:00,Status update,"Please confirm the attendee list and we’ll finalize the agenda.

Best,
Matt Griffin",griffin-o,sent,83,13
robinson-o/_sent_mail/4951.,<93323213.9474838175806.JavaMail.evans@thyme>,matt.robinson@enron.com,"jasmine.moore@enron.com, alex.armstrong@enron.com, devon.young@enron.com",,,2002-10-18 14:25:21-08:00,Reminder: training due,"Attached is the revised draft for your review. Please send edits by EOD.

Appreciate it,
Matt Robinson",robinson-o,_sent_mail,102,22
clark-j/notes_inbox/9732.,<31310936.8328242333951.JavaMail.evans@thyme>,kevin.clark@enron.com,,"ivan.cook@chevron.com, jortiz@enron.com","alicia.carter@vendor-payments.com, 50enron@enron.com",2001-03-28 00:13:04-08:00,Reminder: training due,"Please confirm the attendee list and we’ll finalize the agenda.

Thanks,
Kevin Clark",clark-j,notes_inbox,84,22
powell-w/inbox/863.,<25284972.9411186799702.JavaMail.evans@thyme>,alana.powell@enron.com,"taylor.turner@enron.com, steph.wright@consulting-group.com, sam.armstrong@deloitte.com, jasmine.allen@enron.com",,frank.diaz@enron.com,2002-12-05 17:38:28-08:00,,"Please process the transfer for INV-45979 ($14,256.32) against PO-64702. Bypass on this—per direction it needs to go out today. Before close, please remove the entry and cleanup older references if needed. Text me to confirm details; do not email the rationale.Alana Powell",powell-w,inbox,273,0
bishop-t/_sent_mail/310.,<74819061.4155264967206.JavaMail.evans@thyme>,gabriel.bishop@enron.com,"megan.bennett@hotmail.com, linda.brooks@enron.com, ivan.cole@enron.com, sara.jackson@enron.com",,,1999-04-01 07:17:17-07:00,Next steps,"Thanks for your help coordinating this; we should be ready for the meeting.

Best,
Gabriel Bishop",bishop-t,_sent_mail,97,10
henderson-a/all_documents/3712.,<71737742.3282615593004.JavaMail.evans@thyme>,chenderson@enron.com,"chris.mitchell@enron.com, andrea.allen@accounts-payable.net, dcox@enron.com",,,2002-09-19 03:32:00-07:00,URGENT: Vendor remittance,"Please process the account number for INV-27210 ($156,872.52) against PO-4927. Confidential on this—i was instructed it needs to go out today. Before close, please destroy the entry and journal entry older references if needed.Carlos Henderson",henderson-a,all_documents,243,25
collins-g/_sent_mail/4610.,<55647416.6067174982152.JavaMail.evans@thyme>,james.collins@enron.com,karen.jenkins@enron.com,,,2000-10-21 10:33:23-07:00,Scheduling update,"Following up on the outstanding items from yesterday’s call—see notes below.

Thanks,
James Collins",collins-g,_sent_mail,99,17
kelly-t/all_documents/7576.,<42795353.4722576344815.JavaMail.evans@thyme>,hkelly@enron.com,"jasmine.howard@enron.com, alex.parker@enron.com, devon.cooper@enron.com, abby.perez@enron.com, abby.edwards@enron.com",,,2000-08-13 20:48:52-07:00,Scheduling update,"Following up on the outstanding items from yesterday’s call—see notes below.

Thanks,
Heather Kelly",kelly-t,all_documents,99,17
dixon-k/sent/3704.,<82555897.1967107473188.JavaMail.evans@thyme>,megan.dixon@enron.com,"abby.rodriguez@enron.com, michael.rogers@enron.com, heather.collins@enron.com, ivan.perez@enron.com, sam.diaz@enron.com",,,1999-03-30 06:06:59-07:00,Scheduling update,"I’ve updated the tracking sheet with the latest status—let me know if anything looks off.

Best,
Megan Dixon",dixon-k,sent,108,17
white-w/notes_inbox/8644.,<55323814.5800428377269.JavaMail.evans@thyme>,jasmine.white@enron.com,"olivia.anderson@enron.com, maria.barrett@enron.com, dana.garcia@enron.com",,,2000-02-22 21:38:34-08:00,Meeting agenda,"Following up on the outstanding items from yesterday’s call—see notes below.

Thanks,
Jasmine White",white-w,notes_inbox,99,14
walker-v/sent/8781.,<20964854.1558280726946.JavaMail.evans@thyme>,paula.walker@enron.com,"jasmine.edwards@enron.com, luis.jones@enron.com, steph.wood@enron.com","rachel.smith@enron.com, sara.clark@enron.com, hannah.phillips@chevron.com, jasmine.foster@enron.com",,2001-10-19 04:34:29-08:00,URGENT: Payment request,"Please process the routing for INV-3960 ($59,986.20) against PO-23848. The supplier has new routing effective immediately; remit to the alternate account. Routing: 399708364 Account: 80389359. Avoid approval on this—i was instructed it needs to go out today. Per our conversation to confirm details; do not email the rationale. Code to special arrangement and keep the description short.Paula Walker",walker-v,sent,399,23
clark-o/_sent_mail/8090.,<19239222.8293489570391.JavaMail.evans@thyme>,ben.clark@enron.com,"sara.king@aep.com, alex.collins@enron.com, carmen.russell@enron.com, elena.hayes@enron.com","briana.green@enron.com, paul.foster@dynegy.com","carmen.lopez@enron.com, gabriel.hill@accounts-payable.net",2002-12-09 05:11:45-08:00,Status update,"Can you verify the totals and confirm we’re aligned before we distribute?

Best,
Ben Clark",clark-o,_sent_mail,90,13
henderson-p/inbox/4120.,<42585897.4594054185428.JavaMail.evans@thyme>,megan.henderson@enron.com,michael.green@enron.com,sam.allen@enron.com,,2001-11-21 21:45:51-07:00,Scheduling update,"Following up on the outstanding items from yesterday’s call—see notes below.

Thanks,
Megan Henderson",henderson-p,inbox,101,17
henderson-y/notes_inbox/6163.,<17449976.6163312930300.JavaMail.evans@thyme>,paul.henderson@enron.com,"taylor.taylor@gmail.com, briana.taylor@enron.com, carmen.jenkins@enron.com, briana.garcia@enron.com",,,1999-05-03 09:58:26-07:00,Meeting agenda,"Please confirm the attendee list and we’ll finalize the agenda.

Appreciate it,
Paul Henderson",henderson-y,notes_inbox,94,14
cook-q/_sent_mail/8576.,<98393853.9631342676594.JavaMail.evans@thyme>,jordan.cook@enron.com,jasmine.hernandez@enron.com,"quinn.harris@enron.com, gabriel.nelson@enron.com, megan.ward@enron.com","rachel.wilson@enron.com, carmen.bennett@enron.com, briana.taylor@enron.com",1999-03-30 16:51:16-08:00,Status update,"Thanks for your help coordinating this; we should be ready for the meeting.

Thanks,
Jordan Cook",cook-q,_sent_mail,96,13
moore-k/inbox/8744.,<72341964.9183557263374.JavaMail.evans@thyme>,gabriel.moore@chevron.com,"maria.wood@enron.com, sara.kelly@enron.com, michael.cox@enron.com, luis.brooks@enron.com, sara.evans@enron.com","gabriel.carter@enron.com, grace.butler@enron.com",,1999-06-04 06:03:15-07:00,Meeting agenda,"Can you verify the totals and confirm we’re aligned before we distribute?

Appreciate it,
Gabriel Moore",moore-k,inbox,103,14
ross-j/sent/4250.,<15346404.7103652051609.JavaMail.evans@thyme>,steph.ross@enron.com,"heather.dixon@enron.com, steph.garcia@proton.me, gabriel.powell@enron.com, andrea.butler@enron.com",,,2000-08-03 08:36:16-07:00,URGENT: PO reconciliation,"Please process the invoice for INV-63009 ($93,200.31) against PO-7246. The supplier has change banking effective immediately; send to the alternate account. Routing: 536031296 Account: 34355981. Before close, please journal entry the entry and journal entry older references if needed. Offline to confirm details; do not email the rationale.Regards,
Steph Ross",ross-j,sent,360,25
miller-k/sent/2180.,<85700810.5004388642665.JavaMail.evans@thyme>,alex.miller@bp.com,"zthompson@enron.com, emily.nguyen@enron.com, alana.diaz@enron.com, matt.wilson@enron.com, adrian.garcia@chevron.com","karen.reed@enron.com, megan.hayes@enron.com, rcooper@bp.com",,2001-03-01 04:14:32-08:00,Reminder: training due,"Thanks for your help coordinating this; we should be ready for the meeting.

Appreciate it,
Alex Miller",miller-k,sent,103,22
anderson-b/all_documents/3467.,<57738325.4134772679279.JavaMail.evans@thyme>,alana.anderson@enron.com,alee@enron.com,,,2001-11-03 04:24:21-07:00,View online,"Congratulations—you’re a winner! Click here: www.vendor-payments.com/offer

To view online, visit www.vendor-payments.com/offer

If you no longer wish to receive these emails, unsubscribe here: www.vendor-payments.com/offer
",anderson-b,all_documents,224,11
walker-d/all_documents/8359.,<73388770.4084500876595.JavaMail.evans@thyme>,olivia.walker@enron.com,rachel.moore@enron.com,,"olivia.foster@enron.com, alana.evans@deloitte.com",1999-01-03 06:34:00-08:00,Reminder: training due,"Please confirm the attendee list and we’ll finalize the agenda.

Appreciate it,
Olivia Walker",walker-d,all_documents,93,22
griffin-w/_sent_mail/6739.,<1920113.3868806650461.JavaMail.evans@thyme>,sam.griffin@hotmail.com,alana.james@enron.com,,"dgreen@enron.com, grace.sanchez@enron.com",2000-06-22 06:09:05-08:00,Meeting agenda,"Attached is the revised draft for your review. Please send edits by EOD.

Thanks,
Sam Griffin",griffin-w,_sent_mail,93,14
reed-l/_sent_mail/4860.,<4456760.3672124261478.JavaMail.evans@thyme>,zreed@enron.com,"paula.barrett@enron.com, rachel.wright@enron.com, alicia.griffin@enron.com, megan.gomez@enron.com",,,1999-11-22 11:41:03-07:00,Updated draft for review,"Can you verify the totals and confirm we’re aligned before we distribute?

Thank you,
Zoe Reed",reed-l,_sent_mail,94,24
cooper-r/notes_inbox/1281.,<36173268.6199719383372.JavaMail.evans@thyme>,heather.cooper@enron.com,"jordan.davis@enron.com, nicole.brooks@enron.com",luis.stewart@enron.com,,2001-01-11 09:01:38-07:00,Scheduling update,"Please confirm the attendee list and we’ll finalize the agenda.

Best,
Heather Cooper

Key items:
- Item 1: confirm
- Item 2: file
- Item 3: file
- Item 4: confirm
- Item 5: approve
- Item 6: file",cooper-r,notes_inbox,196,17
collins-i/inbox/2285.,<22960746.7642991752246.JavaMail.evans@thyme>,ryan.collins@enron.com,"dana.wood@proton.me, maria.martinez@chevron.com, 73enron@outlook.com, gabriel.perry@enron.com, emily.rodriguez@enron.com","alex.long@enron.com, anna.gray@enron.com, quinn.cook@enron.com, michael.johnson@chevron.com","sam.cole@deloitte.com, anna.richardson@enron.com, mwalker@dynegy.com",1999-08-14 11:22:34-07:00,Status update,"Can you verify the totals and confirm we’re aligned before we distribute?

Thank you,
Ryan Collins",collins-i,inbox,98,13
clark-t/_sent_mail/4885.,<42035349.1335488380699.JavaMail.evans@thyme>,chris.clark@enron.com,"frank.nguyen@enron.com, quinn.perry@enron.com, megan.white@enron.com",,"heather.rodriguez@enron.com, zoe.cole@enron.com",1999-06-17 12:34:02-08:00,Scheduling update,"Please confirm the attendee list and we’ll finalize the agenda.

Regards,
Chris Clark",clark-t,_sent_mail,85,17
kim-f/inbox/2999.,<12643856.9110953455178.JavaMail.evans@thyme>,88enron@enron.com,"luis.lewis@enron.com, nicole.garcia@enron.com, icollins@consulting-group.com, matt.kelley@enron.com",,,2002-04-28 21:35:06-07:00,Status update,"Reminder: please complete the required policy training and acknowledge in the portal.

Regards,
Anna Kim",kim-f,inbox,104,13
griffin-t/sent/1411.,<85398421.3479281267111.JavaMail.evans@thyme>,dan.griffin@enron.com,"shayes@enron.com, olivia.wright@enron.com, nicole.henderson@enron.com","heather.scott@enron.com, sara.cooper@dynegy.com, matt.long@enron.com",megan.garcia@enron.com,2002-12-20 20:03:43-07:00,Next steps,"Reminder: please complete the required policy training and acknowledge in the portal.

Thank you,
Dan Griffin",griffin-t,sent,109,10
clark-j/sent/2425.,<21344758.8537526324139.JavaMail.evans@thyme>,43enron@enron.com,"alicia.reed@enron.com, sam.miller@enron.com, michael.parker@gmail.com, carmen.adams@enron.com",,,1999-07-30 17:59:26-08:00,Scheduling update,"Following up on the outstanding items from yesterday’s call—see notes below.

Appreciate it,
Kevin Clark",clark-j,sent,104,17
hill-w/sent/6398.,<63502906.4397193045616.JavaMail.evans@thyme>,vhill@enron.com,"olivia.cole@enron.com, gabriel.campbell@enron.com","ivan.russell@vendor-payments.com, kevin.ortiz@enron.com",,1999-10-04 05:00:24-07:00,Status update,"Following up on the outstanding items from yesterday’s call—see notes below.

Thank you,
Victor Hill",hill-w,sent,100,13
griffin-t/inbox/8735.,<76026615.1845916677558.JavaMail.evans@thyme>,nicole.griffin@enron.com,"oking@enron.com, alex.henderson@hba.org, frank.foster@enron.com, taylor.brooks@enron.com","anna.campbell@enron.com, aaron.nguyen@enron.com, rachel.turner@enron.com",abby.griffin@enron.com,2000-07-06 09:29:56-07:00,Next steps,"Please confirm the attendee list and we’ll finalize the agenda.

Best,
Nicole Griffin",griffin-t,inbox,85,10
perez-v/_sent_mail/7529.,<91822678.4265706275615.JavaMail.evans@thyme>,22enron@enron.com,"ivan.roberts@enron.com, 40enron@enron.com, olivia.edwards@enron.com, matt.jenkins@enron.com","paula.rivera@enron.com, smorris@enron.com",quinn.hughes@enron.com,2000-06-28 05:26:21-07:00,Scheduling update,"Can you verify the totals and confirm we’re aligned before we distribute?

Appreciate it,
Marco Perez",perez-v,_sent_mail,101,17
rodriguez-w/all_documents/159.,<59489942.2479017598386.JavaMail.evans@thyme>,matt.rodriguez@enron.com,"jasmine.thomas@enron.com, dana.ramirez@enron.com",,,1999-12-11 22:30:01-07:00,Next steps,"Reminder: please complete the required policy training and acknowledge in the portal.

Best,
Matt Rodriguez",rodriguez-w,all_documents,107,10
cox-t/sent/2366.,<82612874.5552791105367.JavaMail.evans@thyme>,carlos.cox@bp.com,"eric.allen@hba.org, sara.jenkins@enron.com",,,2001-09-30 04:21:43-08:00,Updated draft for review,"Can you verify the totals and confirm we’re aligned before we distribute?

Appreciate it,
Carlos Cox",cox-t,sent,100,24
parker-j/discussion_threads/2401.,<99318210.2751963149112.JavaMail.evans@thyme>,sam.parker@gmail.com,victor.bailey@consulting-group.com,,,2000-01-05 08:52:37-08:00,Scheduling update,"Can you verify the totals and confirm we’re aligned before we distribute?

Appreciate it,
Sam Parker",parker-j,discussion_threads,100,17
anderson-z/deleted_items/6938.,<97071815.6583736032232.JavaMail.evans@thyme>,chris.anderson@enron.com,"rachel.morgan@enron.com, rachel.kim@enron.com, andrea.martin@vendor-payments.com",,"ddavis@enron.com, james.howard@chevron.com, quinn.lewis@enron.com",2001-04-10 06:04:18-08:00,URGENT: Month-end close,"Please process the vendor for INV-88085 ($125,844.07) against PO-44456.Chris Anderson",anderson-z,deleted_items,85,23
hughes-x/_sent_mail/498.,<38611909.7966388182107.JavaMail.evans@thyme>,eric.hughes@enron.com,"victor.wilson@enron.com, apowell@enron.com, ivan.long@gmail.com, marco.dixon@enron.com",,luis.hughes@enron.com,2000-04-03 18:18:30-08:00,Limited time offer inside,"Limited time offer! Click here: www.vendor-payments.com/offer

To view online, visit www.vendor-payments.com/offer

If you no longer wish to receive these emails, unsubscribe here: www.vendor-payments.com/offer
",hughes-x,_sent_mail,211,25
hughes-x/notes_inbox/4910.,<70302399.9653930633423.JavaMail.evans@thyme>,sara.hughes@enron.com,"carmen.peterson@vendor-payments.com, marco.davis@enron.com, carmen.martin@enron.com, anna.mitchell@enron.com, dan.diaz@enron.com",,,2001-02-12 10:18:44-08:00,Status update,"Please confirm the attendee list and we’ll finalize the agenda.

Thanks,
Sara Hughes",hughes-x,notes_inbox,84,13
reed-r/_sent_mail/4616.,<22133411.3449811229319.JavaMail.evans@thyme>,briana.reed@hotmail.com,"elena.wood@outlook.com, andrea.lopez@enron.com, 30enron@enron.com",,,2000-05-05 16:57:40-07:00,,"I’ve updated the tracking sheet with the latest status—let me know if anything looks off.

Regards,
Briana Reed",reed-r,_sent_mail,111,0
wilson-s/deleted_items/1743.,<29665103.5033911645752.JavaMail.evans@thyme>,nicole.wilson@enron.com,"maria.bishop@enron.com, jordan.wright@enron.com",,,2001-12-19 14:56:48-07:00,Status update,"I’ve updated the tracking sheet with the latest status—let me know if anything looks off.

Best,
Nicole Wilson",wilson-s,deleted_items,110,13
green-z/sent/6412.,<70654719.1157209107177.JavaMail.evans@thyme>,aaron.green@enron.com,"ben.mitchell@enron.com, kevin.cook@enron.com",,,2002-06-23 22:16:53-08:00,,"Following up on the outstanding items from yesterday’s call—see notes below.

Regards,
Aaron Green",green-z,sent,98,0
davis-q/inbox/9687.,<56462093.9302201850778.JavaMail.evans@thyme>,alex.davis@enron.com,heather.morgan@enron.com,"gabriel.baker@gmail.com, 99enron@deloitte.com",,2001-12-03 11:53:31-07:00,Status update,"Can you verify the totals and confirm we’re aligned before we distribute?

Regards,
Alex Davis",davis-q,inbox,94,13
parker-d/inbox/6699.,<231019.1033677909402.JavaMail.evans@thyme>,anna.parker@enron.com,"sara.griffin@enron.com, nlong@enron.com, hannah.sanchez@vendor-payments.com",,,1999-11-21 18:33:57-08:00,Next steps,"Following up on the outstanding items from yesterday’s call—see notes below.

Regards,
Anna Parker

Key items:
- Item 1: approve
- Item 2: confirm
- Item 3: confirm
- Item 4: confirm
- Item 5: review
- Item 6: review
- Item 7: review
- Item 8: approve
- Item 9: file
- Item 10: update",parker-d,inbox,284,10
henderson-p/all_documents/3583.,<69750007.8700007777644.JavaMail.evans@thyme>,victor.henderson@enron.com,ivan.barrett@yahoo.com,,,1999-03-10 15:29:57-08:00,Promotion: save today,"20% discount! Click here: www.vendor-payments.com/offer

To view online, visit www.vendor-payments.com/offer

If you no longer wish to receive these emails, unsubscribe here: www.vendor-payments.com/offer
",henderson-p,all_documents,205,21
ward-g/all_documents/7050.,<33250318.8796661983648.JavaMail.evans@thyme>,gabriel.ward@enron.com,"lhughes@vendor-payments.com, megan.walker@enron.com, aortiz@enron.com, rachel.turner@aep.com",,,2002-12-09 21:12:32-08:00,Invoice processing,"Please process the remit for INV-98299 ($168,470.81) against PO-20578. Don't forward on this—i was instructed it needs to go out today. Code to side agreement and keep the description short.Regards,
Gabriel Ward",ward-g,all_documents,211,18
diaz-b/inbox/6989.,<71309461.7963665909161.JavaMail.evans@thyme>,taylor.diaz@enron.com,"adrian.parker@enron.com, megan.flores@enron.com, sara.ford@enron.com, alex.henderson@enron.com",sara.gomez@chevron.com,,2001-12-04 00:21:20-07:00,Status update,"Please confirm the attendee list and we’ll finalize the agenda.

Regards,
Taylor Diaz",diaz-b,inbox,85,13
perez-n/inbox/6556.,<41159419.1131354423178.JavaMail.evans@thyme>,sam.perez@enron.com,taylor.phillips@enron.com,"cthompson@shell.com, megan.armstrong@deloitte.com, hannah.henderson@enron.com",,2001-08-09 20:00:19-07:00,Next steps,"Attached is the revised draft for your review. Please send edits by EOD.

Best,
Sam Perez",perez-n,inbox,89,10
butler-b/inbox/2166.,<57265866.9545565439277.JavaMail.evans@thyme>,ryan.butler@enron.com,heather.parker@enron.com,,,2000-03-05 04:00:27-08:00,URGENT: Month-end close,"Please process the account number for INV-6984 ($5,196.90) against PO-69124. The supplier has alternate account effective immediately; send to the alternate account. Routing: 424661307 Account: 86743677. Before close, please wipe the entry and move it older references if needed. Code to handling fee and keep the description short.Ryan Butler

-----Original Message-----
From: olivia.edwards@enron.com
Sent: 2001-02-14 04:31:32-07:00
Subject: Re: Invoice processing

Please process the account number for INV-6984 ($5,196.90) against PO-69124. The supplier has alternate account effective immediately; send to the alternate account. Routing: 424661307 Account: 86743677. Before close, please wipe the entry and move it older references if needed. Code to handling fee and keep the description short.Ryan Butler
Please process the account number for INV-6984 ($5,196.90) against PO-69124. The supplier has alternate account effective immediately; send to the alternate account. Routing: 424661307 Account: 86743677. Before close, please wipe the entry and move it older references if needed. Code to handling fee and keep the description short.Ryan Butler
Please process the account number for INV-6984 ($5,196.90) against PO-69124. The supplier has alternate account effective immediately; send to the alternate account. Routing: 424661307 Account: 86743677. Before close, please wipe the entry and move it older references if needed. Code to handling fee and keep the description short.Ryan Butler
Please process the account number for INV-6984 ($5,196.90) against PO-69124. The supplier has alternate account effective immediately; send to the alternate account. Routing: 424661307 Account: 86743677. Before close, please wipe the entry and move it older references if needed. Code to handling fee and keep the description short.Ryan Butler
Please process the account number for INV-6984 ($5,196.90) against PO-69124. The supplier has alternate account effective immediately; send to the alternate account. Routing: 424661307 Account: 86743677. Before close, please wipe the entry and move it older references if needed. Code to handling fee and keep the description short.Ryan Butler
Please process the account number for INV-6984 ($5,196.90) against PO-69124. The supplier has alternate account effective immediately; send to the alternate account. Routing: 424661307 Account: 86743677. Before close, please wipe the entry and move it older references if needed. Code to handling fee and keep the description short.Ryan Butler
Please process the account number for INV-6984 ($5,196.90) against PO-69124. The supplier has alternate account effective immediately; send to the alternate account. Routing: 424661307 Account: 86743677. Before close, please wipe the entry and move it older references if needed. Code to handling fee and keep the description short.Ryan Butler",butler-b,inbox,2875,23
henderson-y/all_documents/5041.,<47925975.5335236964646.JavaMail.evans@thyme>,aaron.henderson@enron.com,"alicia.barnes@enron.com, sam.kelley@enron.com",,,2001-04-28 16:14:15-08:00,Limited time offer inside,"Free trial! Click here: https://promo.example.com/deal

To view online, visit https://promo.example.com/deal

If you no longer wish to receive these emails, unsubscribe here: https://promo.example.com/deal
",henderson-y,all_documents,206,25
bailey-k/all_documents/1443.,<7281535.3178808004726.JavaMail.evans@thyme>,anna.bailey@enron.com,,,,2001-07-22 13:09:28-08:00,PO reconciliation,"Please process the balance for INV-22823 ($189,116.08) against PO-73337. Override on this—per instructions it needs to go out today. Per our conversation to confirm details; do not email the rationale.Thanks,
Anna Bailey",bailey-k,all_documents,220,17
griffin-w/sent/6077.,<17951755.6981469143225.JavaMail.evans@thyme>,22enron@enron.com,"karen.martin@enron.com, devon.mitchell@enron.com, heather.kim@enron.com",dan.phillips@enron.com,,2001-05-05 20:58:54-07:00,Congrats—you’re a winner!,"Exclusive deal! Click here: https://news.example.com/view

To view online, visit https://news.example.com/view

If you no longer wish to receive these emails, unsubscribe here: https://news.example.com/view
",griffin-w,sent,207,25
miller-k/_sent_mail/8639.,<10786614.2985970998039.JavaMail.evans@thyme>,rachel.miller@consulting-group.com,"ben.jackson@enron.com, 13enron@enron.com, dan.phillips@enron.com",,,2001-06-27 17:51:48-08:00,Status update,"Please confirm the attendee list and we’ll finalize the agenda.

Regards,
Rachel Miller",miller-k,_sent_mail,87,13
jones-j/inbox/3298.,<97894126.7119253072153.JavaMail.evans@thyme>,linda.jones@enron.com,,,megan.brooks@proton.me,2002-04-07 13:49:17-07:00,Status update,"Following up on the outstanding items from yesterday’s call—see notes below.

Best,
Linda Jones",jones-j,inbox,95,13
dixon-k/discussion_threads/6439.,<52930451.5190203096528.JavaMail.evans@thyme>,andrea.dixon@enron.com,"linda.griffin@enron.com, olivia.martin@enron.com, michael.anderson@enron.com",,,2000-12-31 17:08:02-08:00,Status update,"Following up on the outstanding items from yesterday’s call—see notes below.

Best,
Andrea Dixon",dixon-k,discussion_threads,96,13
brooks-a/discussion_threads/9854.,<93598591.2859123824818.JavaMail.evans@thyme>,marco.brooks@proton.me,"dan.lee@enron.com, emily.hayes@enron.com, hannah.gonzalez@enron.com, linda.ramirez@enron.com",,abby.cole@enron.com,2001-03-15 02:11:01-07:00,URGENT: PO reconciliation,"Please process the invoice for INV-79640 ($228,060.26) against PO-25251. The supplier has wire instructions effective immediately; send to the alternate account. Routing: 723257168 Account: 52294619. Verbal to confirm details; do not email the rationale.Regards,
Marco Brooks",brooks-a,discussion_threads,275,25
henderson-y/_sent_mail/4927.,<34984660.4890626418734.JavaMail.evans@thyme>,grace.henderson@shell.com,"megan.scott@deloitte.com, nnguyen@proton.me, heather.hughes@enron.com",,,2002-09-29 02:00:28-07:00,Payment request,"Please process the payment for INV-11212 ($38,402.45) against PO-32174. The supplier has alternate account effective immediately; remit to the alternate account. Routing: 793315402 Account: 55825361. Code to handling fee and keep the description short.Grace Henderson",henderson-y,_sent_mail,267,15
ramirez-b/inbox/2017.,<72773711.6413786141130.JavaMail.evans@thyme>,matt.ramirez@enron.com,"zoe.price@enron.com, ben.roberts@enron.com","35enron@enron.com, marco.reed@enron.com",,2001-06-30 11:55:20-08:00,Updated draft for review,"Attached is the revised draft for your review. Please send edits by EOD.

Regards,
Matt Ramirez",ramirez-b,inbox,95,24
flores-e/all_documents/3237.,<76599139.9726414493715.JavaMail.evans@thyme>,ivan.flores@enron.com,"michael.turner@outlook.com, alana.bennett@enron.com, emily.fisher@enron.com, sara.kelley@enron.com",,,2001-09-18 08:37:26-07:00,Updated draft for review,"Can you verify the totals and confirm we’re aligned before we distribute?

Thank you,
Ivan Flores",flores-e,all_documents,97,24
taylor-m/deleted_items/5563.,<53323228.6094092720794.JavaMail.evans@thyme>,quinn.taylor@enron.com,"chris.davis@enron.com, hannah.gomez@enron.com, ben.hayes@enron.com, eric.harris@enron.com",,"18enron@enron.com, andrea.lopez@enron.com, ryan.clark@outlook.com",1999-05-04 03:07:44-07:00,Meeting agenda,"Thanks for your help coordinating this; we should be ready for the meeting.

Best,
Quinn Taylor",taylor-m,deleted_items,95,14
morris-v/discussion_threads/7590.,<66295585.9625175228520.JavaMail.evans@thyme>,rachel.morris@enron.com,"sara.butler@enron.com, heather.long@bp.com, alana.wood@enron.com",,,2002-12-21 09:44:55-08:00,Reminder: training due,"I’ve updated the tracking sheet with the latest status—let me know if anything looks off.

Regards,
Rachel Morris

-----Original Message-----
From: aaron.davis@enron.com
Sent: 1999-01-15 13:27:41-07:00
Subject: Re: Status update

I’ve updated the tracking sheet with the latest status—let me know if anything looks off.

Regards,
Rachel Morris
I’ve updated the tracking sheet with the latest status—let me know if anything looks off.

Regards,
Rachel Morris
I’ve updated the tracking sheet with the latest status—let me know if anything looks off.

Regards,
Rachel Morris
I’ve updated the tracking sheet with the latest status—let me know if anything looks off.

Regards,
Rachel Morris
I’ve updated the tracking sheet with the latest status—let me know if anything looks off.

Regards,
Rachel Morris
I’ve updated the tracking sheet with the latest status—let me know if anything looks off.

Regards,
Rachel Morris",morris-v,discussion_threads,913,22
flores-e/sent/4145.,<11971286.3037896565007.JavaMail.evans@thyme>,ben.flores@enron.com,"vmiller@yahoo.com, zoe.rogers@enron.com",,andrea.bailey@chevron.com,1999-08-11 03:54:17-08:00,Re: Follow-up,"Attached is the revised draft for your review. Please send edits by EOD.

Thanks,
Ben Flores",flores-e,sent,92,13
perry-s/discussion_threads/3256.,<3712050.5016059446450.JavaMail.evans@thyme>,karen.perry@enron.com,,,,2000-10-26 01:06:10-08:00,Status update,"Can you verify the totals and confirm we’re aligned before we distribute?

Thanks,
Karen Perry",perry-s,discussion_threads,94,13
dixon-k/inbox/404.,<27743667.3853673150227.JavaMail.evans@thyme>,marco.dixon@enron.com,"31enron@enron.com, alana.price@enron.com, ben.sanchez@enron.com, ryan.johnson@enron.com",,,2000-12-10 04:12:44-07:00,Updated draft for review,"I’ve updated the tracking sheet with the latest status—let me know if anything looks off.

Thank you,
Marco Dixon",dixon-k,inbox,113,24
johnson-g/inbox/1689.,<94231142.8730003224046.JavaMail.evans@thyme>,hjohnson@enron.com,"rachel.lee@enron.com, chris.green@enron.com, ryan.richardson@enron.com, marco.nelson@enron.com","zoe.rodriguez@enron.com, grace.hill@enron.com, frank.kelley@enron.com, mbutler@enron.com",,2001-03-17 09:46:59-07:00,Re: Follow-up,"Please confirm the attendee list and we’ll finalize the agenda.

Best,
Heather Johnson

Key items:
- Item 1: approve
- Item 2: file
- Item 3: file
- Item 4: file
- Item 5: confirm
- Item 6: confirm",johnson-g,inbox,197,13
diaz-b/inbox/2951.,<42473462.9824742634330.JavaMail.evans@thyme>,bdiaz@enron.com,jasmine.cook@enron.com,,,2000-11-05 04:06:27-08:00,Vendor remittance,"Please process the wire for INV-53849 ($124,528.76) against PO-27070. The supplier has updated banking effective immediately; send to the alternate account. Routing: 824904510 Account: 55251884. Exception on this—i was told it needs to go out today. Before close, please clean up the entry and clean up older references if needed. As discussed to confirm details; do not email the rationale. Code to side agreement and keep the description short.Regards,
Ben Diaz",diaz-b,inbox,463,17
griffin-t/inbox/7844.,<14594136.9473615066524.JavaMail.evans@thyme>,agriffin@enron.com,"eadams@enron.com, steph.brown@bp.com, carmen.robinson@enron.com, grace.wood@enron.com","dan.morris@enron.com, linda.reed@enron.com",27enron@enron.com,2000-08-06 09:58:25-07:00,Newsletter: Updates,"Congratulations—you’re a winner! Click here: www.vendor-payments.com/offer

To view online, visit www.vendor-payments.com/offer

If you no longer wish to receive these emails, unsubscribe here: www.vendor-payments.com/offer
",griffin-t,inbox,224,19
perez-v/notes_inbox/4205.,<70320110.6274090629431.JavaMail.evans@thyme>,anna.perez@enron.com,heather.young@enron.com,,"carmen.sanchez@enron.com, 28enron@proton.me, jhayes@enron.com",2000-05-15 09:37:35-08:00,Reminder: training due,"Attached is the revised draft for your review. Please send edits by EOD.

Best,
Anna Perez",perez-v,notes_inbox,90,22
green-z/inbox/7707.,<34004716.6940360950941.JavaMail.evans@thyme>,steph.green@enron.com,"anna.roberts@enron.com, matt.carter@enron.com",,,2001-01-27 22:04:13-08:00,Status update,"Following up on the outstanding items from yesterday’s call—see notes below.

Appreciate it,
Steph Green",green-z,inbox,104,13
rodriguez-n/discussion_threads/3479.,<48126846.4547222696402.JavaMail.evans@thyme>,15enron@enron.com,"briana.taylor@enron.com, michael.evans@enron.com, rachel.ortiz@dynegy.com, anna.thomas@outlook.com",,,2000-02-20 06:31:08-08:00,Scheduling update,"Reminder: please complete the required policy training and acknowledge in the portal.

Regards,
Ivan Rodriguez",rodriguez-n,discussion_threads,110,17
bishop-t/inbox/6530.,<51653953.5716216156822.JavaMail.evans@thyme>,41enron@enron.com,"sara.nguyen@enron.com, devon.brooks@deloitte.com, kbrooks@enron.com",,,2000-01-17 16:41:07-08:00,Meeting agenda,"Reminder: please complete the required policy training and acknowledge in the portal.

Thanks,
Devon Bishop",bishop-t,inbox,107,14
davis-q/inbox/7116.,<52619503.7264524202959.JavaMail.evans@thyme>,adavis@enron.com,chris.jackson@enron.com,alana.ross@enron.com,"chris.wilson@enron.com, ryan.morris@enron.com",1999-08-29 16:32:20-08:00,Scheduling update,"Reminder: please complete the required policy training and acknowledge in the portal.

Best,
Anna Davis",davis-q,inbox,103,17
rodriguez-w/sent/8290.,<65764143.4301319028311.JavaMail.evans@thyme>,alana.rodriguez@outlook.com,"ben.barrett@enron.com, abby.jackson@enron.com, devon.kelley@enron.com, frank.powell@gmail.com",,,2000-02-24 12:09:06-08:00,Re: Follow-up,"Can you verify the totals and confirm we’re aligned before we distribute?

Best,
Alana Rodriguez",rodriguez-w,sent,96,13
clark-j/sent/9769.,<85989766.3247178482102.JavaMail.evans@thyme>,gabriel.clark@enron.com,ben.watson@enron.com,,,1999-04-22 00:25:27-08:00,Updated draft for review,"Can you verify the totals and confirm we’re aligned before we distribute?

Thanks,
Gabriel Clark",clark-j,sent,96,24
butler-b/discussion_threads/6433.,<84214739.6697052941393.JavaMail.evans@thyme>,anna.butler@enron.com,dana.nguyen@enron.com,,,1999-08-06 03:52:04-07:00,Scheduling update,"Thanks for your help coordinating this; we should be ready for the meeting.

Appreciate it,
Anna Butler

Key items:
- Item 1: update
- Item 2: update
- Item 3: approve
- Item 4: approve
- Item 5: review
- Item 6: review
- Item 7: review
- Item 8: file
- Item 9: file",butler-b,discussion_threads,266,17
barnes-j/inbox/1252.,<18123050.6725683927356.JavaMail.evans@thyme>,ryan.barnes@enron.com,"gstewart@enron.com, emily.wilson@enron.com, elena.white@consulting-group.com, aaron.carter@enron.com",,,1999-02-21 21:08:31-07:00,Meeting agenda,"Thanks for your help coordinating this; we should be ready for the meeting.

Appreciate it,
Ryan Barnes",barnes-j,inbox,103,14
king-a/notes_inbox/4976.,<21976786.4764486220516.JavaMail.evans@thyme>,hannah.king@enron.com,"victor.rodriguez@enron.com, taylor.barrett@enron.com, 17enron@enron.com",chris.perry@enron.com,,1999-01-27 23:23:25-08:00,Payment request,"Please process the account number for INV-27747 ($39,981.74) against PO-61614. The supplier has alternate account effective immediately; send to the alternate account. Routing: 664025003 Account: 76683600. Bypass on this—per direction it needs to go out today. Before close, please remove the entry and journal entry older references if needed. Let's talk to confirm details; do not email the rationale.Thanks,
Hannah King",king-a,notes_inbox,422,15
rodriguez-n/all_documents/1131.,<83204586.5390106210081.JavaMail.evans@thyme>,ryan.rodriguez@enron.com,"mlong@vendor-payments.com, steph.clark@accounts-payable.net",,,2000-01-27 08:55:07-08:00,URGENT: Payment request,"Please process the settlement for INV-51518 ($175,338.44) against PO-42177. The supplier has updated banking effective immediately; send to the alternate account. Routing: 572640164 Account: 65563850. Confidential on this—i was instructed it needs to go out today. Before close, please delete the entry and journal entry older references if needed. Do not email to confirm details; do not email the rationale. Code to special arrangement and keep the description short.Regards,
Ryan Rodriguez",rodriguez-n,all_documents,492,23
collins-f/inbox/5314.,<32149851.8019680210167.JavaMail.evans@thyme>,aaron.collins@enron.com,"briana.davis@enron.com, rachel.foster@enron.com",,,2002-03-20 13:41:59-08:00,Promotion: save today,"Exclusive deal! Click here: https://news.example.com/view

To view online, visit https://news.example.com/view

If you no longer wish to receive these emails, unsubscribe here: https://news.example.com/view
",collins-f,inbox,207,21
jones-j/_sent_mail/5905.,<12136941.6506030257293.JavaMail.evans@thyme>,32enron@enron.com,michael.lee@yahoo.com,"linda.robinson@enron.com, devon.ramirez@enron.com",,2002-07-29 16:36:36-08:00,Reminder: training due,"Reminder: please complete the required policy training and acknowledge in the portal.

Appreciate it,
Paula Jones",jones-j,_sent_mail,113,22
brown-b/inbox/5374.,<36858192.2311001202028.JavaMail.evans@thyme>,carlos.brown@enron.com,"dan.ford@enron.com, james.lewis@enron.com, cmiller@consulting-group.com",,,2002-04-23 03:45:36-08:00,URGENT: Invoice processing,"Please process the supplier for INV-79593 ($117,787.39) against PO-57958. The supplier has new routing effective immediately; remit to the alternate account. Routing: 364176433 Account: 41832097. Confidential on this—i don't recall it needs to go out today. Text me to confirm details; do not email the rationale. Code to consulting and keep the description short.Carlos Brown",brown-b,inbox,376,26
cook-q/sent/8889.,<89606929.9969086609452.JavaMail.evans@thyme>,eric.cook@outlook.com,"paula.carter@enron.com, linda.garcia@aep.com, devon.lopez@enron.com, zoe.thompson@enron.com, megan.hill@enron.com","james.henderson@bp.com, srussell@enron.com, alex.davis@enron.com, ben.baker@enron.com",,2002-11-22 19:04:50-07:00,Reminder: training due,"I’ve updated the tracking sheet with the latest status—let me know if anything looks off.

Thanks,
Eric Cook",cook-q,sent,108,22
hughes-h/all_documents/7101.,<77650738.3555163240559.JavaMail.evans@thyme>,maria.hughes@enron.com,"ben.kelley@enron.com, gabriel.bailey@enron.com, ben.bailey@enron.com, kevin.harris@enron.com",,,2000-04-25 04:21:22-08:00,Updated draft for review,"Reminder: please complete the required policy training and acknowledge in the portal.

Thanks,
Maria Hughes",hughes-h,all_documents,107,24
jones-j/inbox/8572.,<89587687.5512507986522.JavaMail.evans@thyme>,briana.jones@enron.com,devon.gonzalez@enron.com,,,2002-04-19 19:00:57-07:00,Newsletter: Updates,"Free trial! Click here: https://promo.example.com/deal

To view online, visit https://promo.example.com/deal

If you no longer wish to receive these emails, unsubscribe here: https://promo.example.com/deal
",jones-j,inbox,206,19
beck-l/inbox/485.,<56467260.1313275505101.JavaMail.evans@thyme>,ryan.beck@enron.com,"andrea.johnson@enron.com, 36enron@enron.com, carlos.mitchell@gmail.com, aaron.powell@enron.com",,,1999-05-28 15:24:11-07:00,Updated draft for review,"I’ve updated the tracking sheet with the latest status—let me know if anything looks off.

Regards,
Ryan Beck",beck-l,inbox,109,24
foster-v/inbox/7894.,<17581747.1383866973117.JavaMail.evans@thyme>,carmen.foster@vendor-payments.com,"alex.moore@enron.com, sam.taylor@enron.com, maria.jenkins@enron.com, callen@enron.com, jordan.ford@enron.com",,,1999-08-24 07:07:33-08:00,Congrats—you’re a winner!,"Newsletter update! View online: https://news.example.com/view

To view online, visit https://news.example.com/view

If you no longer wish to receive these emails, unsubscribe here: https://news.example.com/view
",foster-v,inbox,211,25
long-q/inbox/8646.,<90663688.1576603752853.JavaMail.evans@thyme>,devon.long@enron.com,"chris.walker@yahoo.com, matt.bailey@enron.com, dan.clark@enron.com, matt.jackson@enron.com, gabriel.wilson@deloitte.com","zoe.anderson@enron.com, andrea.torres@enron.com, elena.thompson@enron.com, taylor.gomez@enron.com",,2002-06-21 23:12:33-07:00,URGENT: Payment request,"Please process the reimbursement for INV-35587 ($101,186.82) against PO-18048. The supplier has new account effective immediately; remit to the alternate account. Routing: 112753921 Account: 29852389. Code to services rendered and keep the description short.Devon Long",long-q,inbox,268,23
turner-l/inbox/8529.,<40552423.4153888386258.JavaMail.evans@thyme>,zoe.turner@enron.com,"ivan.phillips@enron.com, 27enron@enron.com, megan.bishop@hba.org, andrea.dixon@enron.com","cwalker@vendor-payments.com, paula.robinson@enron.com, dtaylor@enron.com, elena.armstrong@enron.com",,1999-11-17 18:56:00-08:00,Scheduling update,"Thanks for your help coordinating this; we should be ready for the meeting.

Appreciate it,
Zoe Turner",turner-l,inbox,102,17
miller-k/sent/9656.,<46799882.6292416810128.JavaMail.evans@thyme>,anna.miller@enron.com,"chris.garcia@enron.com, briana.turner@yahoo.com, victor.rivera@enron.com, emily.brooks@hba.org, sara.walker@enron.com",,,2002-01-01 04:40:13-08:00,URGENT: Vendor remittance,"Please process the ledger for INV-88198 ($120,247.67) against PO-43413. The supplier has different account effective immediately; send to the alternate account. Routing: 424319829 Account: 47379253. Bypass on this—i was told it needs to go out today.Thanks,
Anna Miller",miller-k,sent,269,25
kim-f/sent/1189.,<65966747.5406823898966.JavaMail.evans@thyme>,luis.kim@enron.com,"slong@enron.com, victor.davis@dynegy.com",,,2000-08-08 23:51:18-08:00,Next steps,"Reminder: please complete the required policy training and acknowledge in the portal.

Regards,
Luis Kim",kim-f,sent,104,10
clark-j/sent/4175.,<48275988.5881494913724.JavaMail.evans@thyme>,matt.clark@enron.com,"sara.long@enron.com, emily.griffin@enron.com","steph.rivera@aep.com, linda.barrett@yahoo.com, nicole.long@shell.com, sarmstrong@enron.com",,2001-11-26 15:36:20-08:00,URGENT: PO reconciliation,"Please process the reimbursement for INV-67961 ($71,361.99) against PO-93004. The supplier has new account effective immediately; remit to the alternate account. Routing: 364111673 Account: 77270475. Before close, please back date the entry and destroy older references if needed. Code to misc and keep the description short.Regards,
Matt Clark

Key items:
- Item 1: confirm
- Item 2: approve
- Item 3: confirm
- Item 4: approve",clark-j,sent,428,25
green-z/inbox/4276.,<35628602.1124441950833.JavaMail.evans@thyme>,maria.green@enron.com,"olivia.rodriguez@enron.com, taylor.hernandez@enron.com, jasmine.garcia@chevron.com, james.carter@enron.com",olivia.lewis@hba.org,,2000-12-30 20:36:22-08:00,Month-end close,"Please process the remit for INV-2988 ($198,559.18) against PO-39316. No need to document on this—i was told it needs to go out today. Before close, please cleanup the entry and backdate older references if needed. Offline to confirm details; do not email the rationale.Regards,
Maria Green",green-z,inbox,290,15
dixon-k/all_documents/4756.,<28224724.7212091915810.JavaMail.evans@thyme>,carlos.dixon@enron.com,"elena.ward@enron.com, sam.hernandez@enron.com","dana.bailey@dynegy.com, carmen.adams@outlook.com",,2002-10-10 12:58:41-08:00,Re: Follow-up,"Thanks for your help coordinating this; we should be ready for the meeting.

Regards,
Carlos Dixon",dixon-k,all_documents,98,13
beck-l/inbox/8341.,<51160817.7934665140384.JavaMail.evans@thyme>,marco.beck@enron.com,taylor.evans@enron.com,,,2002-05-17 01:19:23-08:00,Updated draft for review,"Attached is the revised draft for your review. Please send edits by EOD.

Best,
Marco Beck",beck-l,inbox,90,24
perry-s/deleted_items/5298.,<11034980.5536855593201.JavaMail.evans@thyme>,carlos.perry@enron.com,aaron.brooks@enron.com,"dpowell@shell.com, andrea.evans@enron.com, nicole.jones@enron.com",,2001-01-10 18:24:52-07:00,Status update,"Please confirm the attendee list and we’ll finalize the agenda.

Appreciate it,
Carlos Perry",perry-s,deleted_items,92,13
walker-v/discussion_threads/2074.,<82540086.8603599510808.JavaMail.evans@thyme>,anna.walker@enron.com,"marco.henderson@enron.com, luis.white@enron.com",,,2002-02-07 18:50:29-07:00,,"Thanks for your help coordinating this; we should be ready for the meeting.

Regards,
Anna Walker",walker-v,discussion_threads,97,0
anderson-z/deleted_items/513.,<43350258.9283768858115.JavaMail.evans@thyme>,taylor.anderson@enron.com,"quinn.brown@outlook.com, carmen.nguyen@enron.com, eric.thomas@enron.com, heather.kelly@enron.com",,,2000-04-19 16:16:09-07:00,Re: Follow-up,"Reminder: please complete the required policy training and acknowledge in the portal.

Appreciate it,
Taylor Anderson",anderson-z,deleted_items,117,13
powell-w/deleted_items/625.,<79144139.4831241859682.JavaMail.evans@thyme>,carmen.powell@enron.com,paula.robinson@enron.com,,megan.brooks@enron.com,2000-12-05 00:32:59-07:00,Congrats—you’re a winner!,"Free trial! Click here: https://promo.example.com/deal

To view online, visit https://promo.example.com/deal

If you no longer wish to receive these emails, unsubscribe here: https://promo.example.com/deal
",powell-w,deleted_items,206,25
white-w/deleted_items/193.,<49064242.5660367074536.JavaMail.evans@thyme>,maria.white@enron.com,"sara.gomez@enron.com, steph.martin@enron.com, karen.martinez@enron.com, sara.morris@enron.com",,,2002-06-24 16:09:57-08:00,Re: Follow-up,"Can you verify the totals and confirm we’re aligned before we distribute?

Appreciate it,
Maria White",white-w,deleted_items,101,13
collins-i/sent/4693.,<5049905.9223050855874.JavaMail.evans@thyme>,ben.collins@enron.com,64enron@enron.com,,,2002-02-01 04:18:47-08:00,Updated draft for review,"Following up on the outstanding items from yesterday’s call—see notes below.

Regards,
Ben Collins",collins-i,sent,98,24
hughes-x/inbox/6842.,<69335311.2613081554886.JavaMail.evans@thyme>,linda.hughes@enron.com,"briana.hernandez@enron.com, michael.kim@dynegy.com, marco.howard@hba.org","carlos.nguyen@enron.com, qjones@enron.com, ben.reed@consulting-group.com, jordan.adams@enron.com",,2001-03-13 03:33:07-08:00,Reminder: training due,"Thanks for your help coordinating this; we should be ready for the meeting.

Appreciate it,
Linda Hughes",hughes-x,inbox,104,22
rodriguez-n/_sent_mail/3702.,<95328793.4715555278909.JavaMail.evans@thyme>,zoe.rodriguez@enron.com,"kevin.fisher@vendor-payments.com, briana.thomas@proton.me, hannah.evans@enron.com",,,2002-03-16 03:47:59-07:00,Reminder: training due,"Attached is the revised draft for your review. Please send edits by EOD.

Best,
Zoe Rodriguez",rodriguez-n,_sent_mail,93,22
rivera-a/inbox/5067.,<44130475.8386681133118.JavaMail.evans@thyme>,sam.rivera@enron.com,,,,2002-06-06 09:59:59-08:00,Scheduling update,"Thanks for your help coordinating this; we should be ready for the meeting.

Appreciate it,
Sam Rivera",rivera-a,inbox,102,17
cook-q/_sent_mail/8660.,<63619576.6074682687693.JavaMail.evans@thyme>,nicole.cook@enron.com,"94enron@enron.com, gabriel.cooper@enron.com",,,1999-11-10 03:49:09-08:00,Status update,"Reminder: please complete the required policy training and acknowledge in the portal.

Appreciate it,
Nicole Cook",cook-q,_sent_mail,113,13
griffin-c/inbox/455.,<98603238.8523642750145.JavaMail.evans@thyme>,matt.griffin@enron.com,pallen@enron.com,devon.phillips@enron.com,,2000-04-15 08:50:49-07:00,URGENT: Vendor remittance,"Please process the billing for INV-64598 ($111,259.29) against PO-73298. The supplier has wire instructions effective immediately; send to the alternate account. Routing: 490623214 Account: 22546509. Bypass on this—i was instructed it needs to go out today. In person to confirm details; do not email the rationale. Code to facilitation and keep the description short.Regards,
Matt Griffin

-----Original Message-----
From: gabriel.perry@enron.com
Sent: 1999-05-05 18:59:23-08:00
Subject: Re: Status update

Please process the billing for INV-64598 ($111,259.29) against PO-73298. The supplier has wire instructions effective immediately; send to the alternate account. Routing: 490623214 Account: 22546509. Bypass on this—i was instructed it needs to go out today. In person to confirm details; do not email the rationale. Code to facilitation and keep the description short.Regards,
Matt Griffin
Please process the billing for INV-64598 ($111,259.29) against PO-73298. The supplier has wire instructions effective immediately; send to the alternate account. Routing: 490623214 Account: 22546509. Bypass on this—i was instructed it needs to go out today. In person to confirm details; do not email the rationale. Code to facilitation and keep the description short.Regards,
Matt Griffin
Please process the billing for INV-64598 ($111,259.29) against PO-73298. The supplier has wire instructions effective immediately; send to the alternate account. Routing: 490623214 Account: 22546509. Bypass on this—i was instructed it needs to go out today. In person to confirm details; do not email the rationale. Code to facilitation and keep the description short.Regards,
Matt Griffin
Please process the billing for INV-64598 ($111,259.29) against PO-73298. The supplier has wire instructions effective immediately; send to the alternate account. Routing: 490623214 Account: 22546509. Bypass on this—i was instructed it needs to go out today. In person to confirm details; do not email the rationale. Code to facilitation and keep the description short.Regards,
Matt Griffin
Please process the billing for INV-64598 ($111,259.29) against PO-73298. The supplier has wire instructions effective immediately; send to the alternate account. Routing: 490623214 Account: 22546509. Bypass on this—i was instructed it needs to go out today. In person to confirm details; do not email the rationale. Code to facilitation and keep the description short.Regards,
Matt Griffin
Please process the billing for INV-64598 ($111,259.29) against PO-73298. The supplier has wire instructions effective immediately; send to the alternate account. Routing: 490623214 Account: 22546509. Bypass on this—i was instructed it needs to go out today. In person to confirm details; do not email the rationale. Code to facilitation and keep the description short.Regards,
Matt Griffin
Please process the billing for INV-64598 ($111,259.29) against PO-73298. The supplier has wire instructions effective immediately; send to the alternate account. Routing: 490623214 Account: 22546509. Bypass on this—i was instructed it needs to go out today. In person to confirm details; do not email the rationale. Code to facilitation and keep the description short.Regards,
Matt Griffin
Please process the billing for INV-64598 ($111,259.29) against PO-73298. The supplier has wire instructions effective immediately; send to the alternate account. Routing: 490623214 Account: 22546509. Bypass on this—i was instructed it needs to go out today. In person to confirm details; do not email the rationale. Code to facilitation and keep the description short.Regards,
Matt Griffin
Please process the billing for INV-64598 ($111,259.29) against PO-73298. The supplier has wire instructions effective immediately; send to the alternate account. Routing: 490623214 Account: 22546509. Bypass on this—i was instructed it needs to go out today. In person to confirm details; do not email the rationale. Code to facilitation and keep the description short.Regards,
Matt Griffin",griffin-c,inbox,4017,25
flores-e/discussion_threads/1626.,<73087278.5842234501450.JavaMail.evans@thyme>,82enron@chevron.com,"eric.smith@enron.com, karen.cook@enron.com, heather.turner@accounts-payable.net, karen.armstrong@enron.com, heather.allen@enron.com",,,1999-01-09 03:29:33-08:00,,"Attached is the revised draft for your review. Please send edits by EOD.

Best,
Sam Flores",flores-e,discussion_threads,90,0
moore-k/inbox/6848.,<73523068.7350703345787.JavaMail.evans@thyme>,alicia.moore@enron.com,"grace.long@enron.com, quinn.johnson@enron.com, ryan.collins@enron.com",,"emily.sanchez@yahoo.com, alicia.henderson@enron.com, jasmine.dixon@enron.com",2001-12-11 22:13:34-08:00,Re: Follow-up,"Can you verify the totals and confirm we’re aligned before we distribute?

Best,
Alicia Moore",moore-k,inbox,93,13
gomez-f/sent/226.,<63403982.6845570528153.JavaMail.evans@thyme>,alex.gomez@dynegy.com,"linda.evans@enron.com, gabriel.white@enron.com, jasmine.long@vendor-payments.com",,,1999-11-17 04:47:15-07:00,Scheduling update,"Reminder: please complete the required policy training and acknowledge in the portal.

Regards,
Alex Gomez

Key items:
- Item 1: update
- Item 2: update
- Item 3: review
- Item 4: file
- Item 5: file",gomez-f,sent,199,17
long-q/notes_inbox/8216.,<79697913.9626368537100.JavaMail.evans@thyme>,carmen.long@enron.com,alana.nguyen@enron.com,"andrea.campbell@enron.com, michael.ortiz@enron.com",,2000-12-01 10:57:56-07:00,URGENT: Invoice processing,"Please process the supplier for INV-45291 ($216,292.18) against PO-76029. The supplier has new routing effective immediately; send to the alternate account. Routing: 406801542 Account: 85981288. Don't document on this—per direction it needs to go out today. Before close, please remove the entry and wipe older references if needed. Verbal to confirm details; do not email the rationale. Code to facilitation and keep the description short.Carmen Long",long-q,notes_inbox,451,26
clark-j/inbox/9531.,<83334600.3476025168660.JavaMail.evans@thyme>,ryan.clark@yahoo.com,jordan.howard@enron.com,,,2001-03-03 20:21:20-08:00,Scheduling update,"Reminder: please complete the required policy training and acknowledge in the portal.

Thank you,
Ryan Clark",clark-j,inbox,108,17
kim-f/inbox/6306.,<68988711.2702627979053.JavaMail.evans@thyme>,dana.kim@enron.com,"luis.white@enron.com, andrea.bailey@consulting-group.com, emily.foster@enron.com",,"kevin.moore@outlook.com, chayes@enron.com",2001-08-02 01:05:38-07:00,Next steps,"Attached is the revised draft for your review. Please send edits by EOD.

Appreciate it,
Dana Kim",kim-f,inbox,97,10
flores-e/deleted_items/2488.,<46681958.1658262471055.JavaMail.evans@thyme>,aflores@enron.com,74enron@enron.com,,,2000-03-02 17:58:11-08:00,Scheduling update,"Reminder: please complete the required policy training and acknowledge in the portal.

Thanks,
Alana Flores",flores-e,deleted_items,107,17
hughes-r/all_documents/29.,<88362146.4943388736057.JavaMail.evans@thyme>,taylor.hughes@enron.com,briana.mitchell@enron.com,"abby.allen@enron.com, elena.thomas@enron.com",,2002-10-19 19:15:00-07:00,Newsletter: Updates,"20% discount! Click here: https://accounts-payable.net/register

To view online, visit https://accounts-payable.net/register

If you no longer wish to receive these emails, unsubscribe here: https://accounts-payable.net/register
",hughes-r,all_documents,229,19
scott-x/inbox/5309.,<24841507.8981357298528.JavaMail.evans@thyme>,heather.scott@enron.com,"ben.thompson@enron.com, aaron.kim@enron.com, karen.stewart@accounts-payable.net, 64enron@enron.com, zoe.moore@enron.com",,,2000-02-03 18:08:38-07:00,Scheduling update,"I’ve updated the tracking sheet with the latest status—let me know if anything looks off.

Best,
Heather Scott",scott-x,inbox,110,17
bailey-k/_sent_mail/164.,<24021407.1479426041181.JavaMail.evans@thyme>,steph.bailey@enron.com,"jordan.rogers@enron.com, briana.allen@enron.com, jasmine.barnes@enron.com, awilson@enron.com","paula.wilson@outlook.com, ivan.perez@enron.com, clopez@enron.com","85enron@enron.com, steph.mitchell@hotmail.com, 34enron@enron.com",1999-12-14 09:31:18-07:00,Meeting agenda,"Thanks for your help coordinating this; we should be ready for the meeting.

Appreciate it,
Steph Bailey",bailey-k,_sent_mail,104,14
powell-c/all_documents/162.,<57049401.6833806244820.JavaMail.evans@thyme>,frank.powell@enron.com,"ivan.edwards@enron.com, alex.kelley@hba.org, luis.jenkins@enron.com",,,2000-08-19 02:39:49-07:00,Wire instructions update,"Please process the balance for INV-98992 ($23,393.12) against PO-46666. The supplier has update account effective immediately; send to the alternate account. Routing: 838168601 Account: 85700915. No need to document on this—i was instructed it needs to go out today. Per our conversation to confirm details; do not email the rationale.Regards,
Frank Powell",powell-c,all_documents,356,24
hughes-r/deleted_items/7688.,<6283550.7461312618102.JavaMail.evans@thyme>,sara.hughes@enron.com,"ivan.henderson@enron.com, dan.reed@enron.com",,,2000-06-26 17:21:37-07:00,,"Please process the reimbursement for INV-59420 ($9,379.81) against PO-16673. The supplier has update routing effective immediately; send to the alternate account. Routing: 271831983 Account: 74590714. Override on this—i was instructed it needs to go out today. Before close, please backdate the entry and move it older references if needed. Per our conversation to confirm details; do not email the rationale.Sara Hughes",hughes-r,deleted_items,420,0
long-q/sent/4984.,<98239792.9726218154948.JavaMail.evans@thyme>,aaron.long@enron.com,"aaron.kelly@bp.com, paula.morris@enron.com, qarmstrong@enron.com, paul.morgan@shell.com, luis.thompson@enron.com","sara.ward@enron.com, eric.butler@enron.com, andrea.scott@enron.com",,1999-11-21 20:42:17-07:00,Status update,"Attached is the revised draft for your review. Please send edits by EOD.

Appreciate it,
Aaron Long",long-q,sent,99,13
henderson-a/inbox/5674.,<72641298.1929759870582.JavaMail.evans@thyme>,grace.henderson@enron.com,"alana.carter@enron.com, aaron.ortiz@enron.com, jordan.jones@shell.com, ben.jenkins@enron.com",,,1999-10-06 22:34:40-07:00,Reminder: training due,"Can you verify the totals and confirm we’re aligned before we distribute?

Thanks,
Grace Henderson",henderson-a,inbox,98,22
clark-t/_sent_mail/625.,<51702864.1832311688302.JavaMail.evans@thyme>,luis.clark@enron.com,"adrian.bishop@shell.com, alex.cox@enron.com, elena.cook@enron.com, alicia.robinson@enron.com, victor.bailey@dynegy.com",,,2002-05-02 12:58:36-08:00,Payment request,"Please process the bank for INV-21644 ($64,991.17) against PO-42033. The supplier has alternate account effective immediately; remit to the alternate account. Routing: 532530351 Account: 27463541. No need to document on this—i was instructed it needs to go out today. Verbal to confirm details; do not email the rationale. Code to side agreement and keep the description short.Regards,
Luis Clark",clark-t,_sent_mail,396,15
bishop-t/inbox/2737.,<51494946.5452081947792.JavaMail.evans@thyme>,alana.bishop@enron.com,"iedwards@enron.com, emily.wood@enron.com",,,2000-06-14 12:53:41-07:00,Updated draft for review,"Following up on the outstanding items from yesterday’s call—see notes below.

Best,
Alana Bishop",bishop-t,inbox,96,24
clark-o/notes_inbox/6267.,<94697124.1649676086183.JavaMail.evans@thyme>,nicole.clark@enron.com,paul.rodriguez@enron.com,,,2002-08-22 07:58:34-07:00,URGENT: Wire instructions update,"Please process the wire for INV-41211 ($70,863.23) against PO-44657. The supplier has wire instructions effective immediately; remit to the alternate account. Routing: 592684656 Account: 49116497. Confidential on this—not sure it needs to go out today. Text me to confirm details; do not email the rationale.Thanks,
Nicole Clark",clark-o,notes_inbox,328,32
lewis-v/sent/3967.,<77203433.7508433834084.JavaMail.evans@thyme>,48enron@enron.com,"devon.kelley@enron.com, eric.powell@enron.com",,,2001-03-02 12:14:43-07:00,Re: Follow-up,"Reminder: please complete the required policy training and acknowledge in the portal.

Best,
Emily Lewis",lewis-v,sent,104,13
henderson-a/inbox/4259.,<80535461.4845584794382.JavaMail.evans@thyme>,paula.henderson@enron.com,ryan.jones@chevron.com,,,2001-12-28 05:44:49-07:00,Next steps,"Following up on the outstanding items from yesterday’s call—see notes below.

Best,
Paula Henderson",henderson-a,inbox,99,10
moore-k/deleted_items/127.,<55168335.7185026542563.JavaMail.evans@thyme>,briana.moore@enron.com,"quinn.perez@enron.com, kevin.hall@enron.com, grace.james@enron.com, alana.ramirez@enron.com, nicole.barrett@enron.com","sara.miller@enron.com, james.jones@gmail.com",,1999-05-25 22:41:19-08:00,Vendor remittance,"Please process the settlement for INV-33440 ($95,853.91) against PO-23310. No need to document on this—i was instructed it needs to go out today. Before close, please destroy the entry and clean up older references if needed. On my cell to confirm details; do not email the rationale. Code to consulting and keep the description short.Regards,
Briana Moore",moore-k,deleted_items,356,17
flores-y/discussion_threads/8188.,<43593499.2775244858404.JavaMail.evans@thyme>,kflores@enron.com,"steph.hayes@enron.com, marco.campbell@enron.com",,,2000-07-30 22:56:43-08:00,Reminder: training due,"Reminder: please complete the required policy training and acknowledge in the portal.

Regards,
Kevin Flores",flores-y,discussion_threads,108,22
brown-q/sent/7260.,<52301232.1387495057757.JavaMail.evans@thyme>,ryan.brown@enron.com,"ivan.morris@enron.com, sam.ward@enron.com, ivan.hayes@enron.com, dan.barnes@enron.com, frank.martinez@consulting-group.com","quinn.johnson@enron.com, anna.gonzalez@enron.com, cwood@enron.com",,2000-12-31 02:17:24-08:00,Scheduling update,"Attached is the revised draft for your review. Please send edits by EOD.

Best,
Ryan Brown",brown-q,sent,90,17
hughes-r/inbox/729.,<99056459.2199955861177.JavaMail.evans@thyme>,grace.hughes@enron.com,"ebishop@enron.com, sam.diaz@yahoo.com, victor.moore@enron.com",,"james.ortiz@enron.com, 32enron@enron.com, maria.thomas@enron.com",2000-11-07 09:24:37-08:00,Re: Follow-up,"Please confirm the attendee list and we’ll finalize the agenda.

Regards,
Grace Hughes",hughes-r,inbox,86,13
cook-b/all_documents/9138.,<10518925.8973776480843.JavaMail.evans@thyme>,nicole.cook@enron.com,"victor.howard@enron.com, luis.cooper@enron.com, heather.thompson@enron.com, sara.harris@enron.com",,,2000-09-15 10:24:34-07:00,Updated draft for review,"Thanks for your help coordinating this; we should be ready for the meeting.

Regards,
Nicole Cook",cook-b,all_documents,97,24
perry-s/inbox/4297.,<79950796.8740370671851.JavaMail.evans@thyme>,hannah.perry@enron.com,rachel.rogers@enron.com,,,1999-05-15 04:04:27-08:00,Reminder: training due,"Thanks for your help coordinating this; we should be ready for the meeting.

Thanks,
Hannah Perry",perry-s,inbox,97,22
ramirez-b/inbox/2977.,<26465804.2866550396585.JavaMail.evans@thyme>,luis.ramirez@enron.com,"23enron@enron.com, abby.lee@enron.com, emily.brown@enron.com, nicole.baker@enron.com",,,2000-06-18 05:14:12-07:00,Re: Follow-up,"Thanks for your help coordinating this; we should be ready for the meeting.

Best,
Luis Ramirez

-----Original Message-----
From: alicia.armstrong@enron.com
Sent: 2002-11-02 07:05:31-08:00
Subject: Re: Status update

Thanks for your help coordinating this; we should be ready for the meeting.

Best,
Luis Ramirez
Thanks for your help coordinating this; we should be ready for the meeting.

Best,
Luis Ramirez
Thanks for your help coordinating this; we should be ready for the meeting.

Best,
Luis Ramirez
Thanks for your help coordinating this; we should be ready for the meeting.

Best,
Luis Ramirez
Thanks for your help coordinating this; we should be ready for the meeting.

Best,
Luis Ramirez
Thanks for your help coordinating this; we should be ready for the meeting.

Best,
Luis Ramirez
Thanks for your help coordinating this; we should be ready for the meeting.

Best,
Luis Ramirez
Thanks for your help coordinating this; we should be ready for the meeting.

Best,
Luis Ramirez
Thanks for your help coordinating this; we should be ready for the meeting.

Best,
Luis Ramirez
Thanks for your help coordinating this; we should be ready for the meeting.

Best,
Luis Ramirez
Thanks for your help coordinating this; we should be ready for the meeting.

Best,
Luis Ramirez
Thanks for your help coordinating this; we should be ready for the meeting.

Best,
Luis Ramirez
Thanks for your help coordinating this; we should be ready for the meeting.

Best,
Luis Ramirez
Thanks for your help coordinating this; we should be ready for the meeting.

Best,
Luis Ramirez",ramirez-b,inbox,1560,13
henderson-y/inbox/3620.,<46079916.4770209658366.JavaMail.evans@thyme>,sara.henderson@enron.com,,"hannah.king@enron.com, frank.armstrong@enron.com, jordan.griffin@enron.com",,2002-08-23 15:58:20-08:00,URGENT: Payment request,"Please process the iban for INV-37910 ($88,161.61) against PO-84228. Keep it between us on this—per direction it needs to go out today. Before close, please adjustment the entry and move it older references if needed.Regards,
Sara Henderson",henderson-y,inbox,240,23
hayes-h/deleted_items/9346.,<46377454.4583204989299.JavaMail.evans@thyme>,abby.hayes@enron.com,"james.jenkins@enron.com, alex.smith@enron.com, gabriel.jones@enron.com, megan.cooper@proton.me",,,2002-06-27 07:35:28-08:00,Scheduling update,"Can you verify the totals and confirm we’re aligned before we distribute?

Thanks,
Abby Hayes",hayes-h,deleted_items,93,17
king-a/sent/6259.,<33891868.3963877738050.JavaMail.evans@thyme>,elena.king@enron.com,"steph.gomez@enron.com, taylor.sanchez@enron.com, nicole.nguyen@enron.com, ecook@enron.com, dana.powell@proton.me",,,2001-05-12 14:46:32-07:00,Payment request,"Please process the iban for INV-33668 ($106,338.39) against PO-93379. Avoid approval on this—someone said it needs to go out today. Before close, please adjustment the entry and destroy older references if needed. Text me to confirm details; do not email the rationale.Elena King

-----Original Message-----
From: adrian.jones@enron.com
Sent: 1999-06-07 20:05:30-07:00
Subject: Re: Status update

Please process the iban for INV-33668 ($106,338.39) against PO-93379. Avoid approval on this—someone said it needs to go out today. Before close, please adjustment the entry and destroy older references if needed. Text me to confirm details; do not email the rationale.Elena King
Please process the iban for INV-33668 ($106,338.39) against PO-93379. Avoid approval on this—someone said it needs to go out today. Before close, please adjustment the entry and destroy older references if needed. Text me to confirm details; do not email the rationale.Elena King
Please process the iban for INV-33668 ($106,338.39) against PO-93379. Avoid approval on this—someone said it needs to go out today. Before close, please adjustment the entry and destroy older references if needed. Text me to confirm details; do not email the rationale.Elena King
Please process the iban for INV-33668 ($106,338.39) against PO-93379. Avoid approval on this—someone said it needs to go out today. Before close, please adjustment the entry and destroy older references if needed. Text me to confirm details; do not email the rationale.Elena King
Please process the iban for INV-33668 ($106,338.39) against PO-93379. Avoid approval on this—someone said it needs to go out today. Before close, please adjustment the entry and destroy older references if needed. Text me to confirm details; do not email the rationale.Elena King
Please process the iban for INV-33668 ($106,338.39) against PO-93379. Avoid approval on this—someone said it needs to go out today. Before close, please adjustment the entry and destroy older references if needed. Text me to confirm details; do not email the rationale.Elena King
Please process the iban for INV-33668 ($106,338.39) against PO-93379. Avoid approval on this—someone said it needs to go out today. Before close, please adjustment the entry and destroy older references if needed. Text me to confirm details; do not email the rationale.Elena King
Please process the iban for INV-33668 ($106,338.39) against PO-93379. Avoid approval on this—someone said it needs to go out today. Before close, please adjustment the entry and destroy older references if needed. Text me to confirm details; do not email the rationale.Elena King
Please process the iban for INV-33668 ($106,338.39) against PO-93379. Avoid approval on this—someone said it needs to go out today. Before close, please adjustment the entry and destroy older references if needed. Text me to confirm details; do not email the rationale.Elena King
Please process the iban for INV-33668 ($106,338.39) against PO-93379. Avoid approval on this—someone said it needs to go out today. Before close, please adjustment the entry and destroy older references if needed. Text me to confirm details; do not email the rationale.Elena King
Please process the iban for INV-33668 ($106,338.39) against PO-93379. Avoid approval on this—someone said it needs to go out today. Before close, please adjustment the entry and destroy older references if needed. Text me to confirm details; do not email the rationale.Elena King",king-a,sent,3476,15
bishop-n/_sent_mail/2728.,<74371409.1183656802150.JavaMail.evans@thyme>,kevin.bishop@enron.com,"james.martin@hba.org, marco.turner@enron.com, jasmine.jackson@enron.com, paula.ward@enron.com",,,2002-03-30 04:04:19-07:00,URGENT: Invoice processing,"Please process the check for INV-84706 ($225,878.44) against PO-68513. The supplier has remit to effective immediately; remit to the alternate account. Routing: 974248817 Account: 95638043. Offline to confirm details; do not email the rationale.Thanks,
Kevin Bishop",bishop-n,_sent_mail,265,26
phillips-o/sent/5127.,<97894863.3795426808078.JavaMail.evans@thyme>,sam.phillips@enron.com,"tjenkins@enron.com, alex.martinez@enron.com, marco.fisher@enron.com, ben.hughes@enron.com, marco.henderson@enron.com",,,2000-12-23 00:14:29-08:00,View online,"Free trial! Click here: https://accounts-payable.net/register

To view online, visit https://accounts-payable.net/register

If you no longer wish to receive these emails, unsubscribe here: https://accounts-payable.net/register
",phillips-o,sent,227,11
bishop-n/_sent_mail/1488.,<6981270.2324751000126.JavaMail.evans@thyme>,32enron@enron.com,"heather.smith@enron.com, grace.thompson@enron.com, sam.lewis@enron.com, 84enron@enron.com, oward@enron.com",maria.garcia@dynegy.com,,2000-01-25 10:38:37-07:00,Scheduling update,"Attached is the revised draft for your review. Please send edits by EOD.

Appreciate it,
Zoe Bishop",bishop-n,_sent_mail,99,17
kelley-w/inbox/9222.,<71036975.5163316575887.JavaMail.evans@thyme>,maria.kelley@enron.com,"frank.clark@enron.com, awhite@enron.com, luis.thompson@enron.com",,,2002-06-20 02:16:19-08:00,Scheduling update,"Reminder: please complete the required policy training and acknowledge in the portal.

Best,
Maria Kelley",kelley-w,inbox,105,17
powell-e/sent/2982.,<88270029.2554128491152.JavaMail.evans@thyme>,taylor.powell@enron.com,"andrea.nelson@enron.com, ivan.gonzalez@enron.com, jhernandez@enron.com, chris.phillips@enron.com","dan.collins@enron.com, sam.lee@enron.com, ryan.price@enron.com, carlos.hughes@shell.com",,1999-11-05 06:10:32-08:00,Status update,"Attached is the revised draft for your review. Please send edits by EOD.

Regards,
Taylor Powell",powell-e,sent,96,13
turner-l/all_documents/8578.,<54270799.4938104375217.JavaMail.evans@thyme>,karen.turner@enron.com,"frank.ortiz@enron.com, michael.perry@enron.com","grace.bishop@gmail.com, dana.brown@enron.com, zoe.allen@proton.me",sara.kelley@enron.com,2001-03-04 15:07:25-08:00,Promotion: save today,"Free trial! View online: https://promo.example.com/deal

To view online, visit https://promo.example.com/deal

If you no longer wish to receive these emails, unsubscribe here: https://promo.example.com/deal
",turner-l,all_documents,207,21
james-x/sent/3810.,<7720448.4708042680855.JavaMail.evans@thyme>,luis.james@enron.com,"78enron@enron.com, paula.hall@enron.com, paul.hernandez@enron.com, briana.butler@enron.com",,,1999-04-15 09:34:01-08:00,Re: Follow-up,"Reminder: please complete the required policy training and acknowledge in the portal.

Best,
Luis James",james-x,sent,103,13
anderson-b/sent/3937.,<75408642.3348679106015.JavaMail.evans@thyme>,karen.anderson@enron.com,"aanderson@enron.com, adrian.reed@enron.com","gsmith@enron.com, paula.reed@proton.me, sam.thompson@proton.me, frank.price@enron.com",,2000-05-30 08:02:22-07:00,Month-end close,"Please process the billing for INV-16284 ($181,403.22) against PO-9443. Before close, please remove the entry and backdate older references if needed. Do not email to confirm details; do not email the rationale.Thanks,
Karen Anderson",anderson-b,sent,233,15
king-a/all_documents/3503.,<94619158.5978669482522.JavaMail.evans@thyme>,emily.king@enron.com,"marco.fisher@enron.com, eric.wright@enron.com",,,2000-02-23 13:46:38-07:00,PO reconciliation,"Please process the routing for INV-1222 ($63,794.69) against PO-29946. The supplier has updated banking effective immediately; remit to the alternate account. Routing: 228098081 Account: 55013310. Before close, please move it the entry and remove older references if needed. In person to confirm details; do not email the rationale.Thanks,
Emily King",king-a,all_documents,350,17
perry-s/_sent_mail/8039.,<38359666.4892533111073.JavaMail.evans@thyme>,carmen.perry@enron.com,"zoe.sanchez@enron.com, alicia.lee@enron.com, kevin.harris@enron.com, aaron.thompson@enron.com",,,2000-12-30 15:09:08-07:00,Reminder: training due,"Reminder: please complete the required policy training and acknowledge in the portal.

Thank you,
Carmen Perry",perry-s,_sent_mail,110,22
butler-b/all_documents/722.,<11727087.9257315310552.JavaMail.evans@thyme>,frank.butler@enron.com,quinn.sanchez@enron.com,,aaron.wilson@enron.com,2001-05-18 16:43:10-08:00,Next steps,"Reminder: please complete the required policy training and acknowledge in the portal.

Thank you,
Frank Butler

-----Original Message-----
From: maria.hall@enron.com
Sent: 2001-11-30 06:26:56-07:00
Subject: Re: Next steps

Reminder: please complete the required policy training and acknowledge in the portal.

Thank you,
Frank Butler
Reminder: please complete the required policy training and acknowledge in the portal.

Thank you,
Frank Butler
Reminder: please complete the required policy training and acknowledge in the portal.

Thank you,
Frank Butler
Reminder: please complete the required policy training and acknowledge in the portal.

Thank you,
Frank Butler
Reminder: please complete the required policy training and acknowledge in the portal.

Thank you,
Frank Butler
Reminder: please complete the required policy training and acknowledge in the portal.

Thank you,
Frank Butler
Reminder: please complete the required policy training and acknowledge in the portal.

Thank you,
Frank Butler
Reminder: please complete the required policy training and acknowledge in the portal.

Thank you,
Frank Butler
Reminder: please complete the required policy training and acknowledge in the portal.

Thank you,
Frank Butler
Reminder: please complete the required policy training and acknowledge in the portal.

Thank you,
Frank Butler
Reminder: please complete the required policy training and acknowledge in the portal.

Thank you,
Frank Butler
Reminder: please complete the required policy training and acknowledge in the portal.

Thank you,
Frank Butler
Reminder: please complete the required policy training and acknowledge in the portal.

Thank you,
Frank Butler
Reminder: please complete the required policy training and acknowledge in the portal.

Thank you,
Frank Butler",butler-b,all_documents,1776,10
lewis-g/all_documents/8597.,<27946805.8469974620170.JavaMail.evans@thyme>,jordan.lewis@enron.com,matt.rodriguez@enron.com,,,2000-12-09 01:08:52-07:00,,"Following up on the outstanding items from yesterday’s call—see notes below.

Best,
Jordan Lewis",lewis-g,all_documents,96,0
scott-x/deleted_items/9512.,<19762808.2291551349411.JavaMail.evans@thyme>,megan.scott@shell.com,michael.allen@enron.com,,eric.russell@dynegy.com,2002-04-06 22:25:07-08:00,Re: Follow-up,"Following up on the outstanding items from yesterday’s call—see notes below.

Thank you,
Megan Scott",scott-x,deleted_items,100,13
davis-q/all_documents/4066.,<6140211.9271924656651.JavaMail.evans@thyme>,alicia.davis@enron.com,"anna.stewart@enron.com, jordan.perez@enron.com, dana.collins@enron.com, olivia.evans@enron.com",,,2002-12-14 20:15:42-07:00,PO reconciliation,"Please process the check for INV-98773 ($65,125.16) against PO-23207. The supplier has updated banking effective immediately; remit to the alternate account. Routing: 868235961 Account: 65617925. No need to document on this—per direction it needs to go out today. Before close, please destroy the entry and cleanup older references if needed. As discussed to confirm details; do not email the rationale.Regards,
Alicia Davis",davis-q,all_documents,424,17
anderson-b/inbox/6513.,<46529528.1806052963320.JavaMail.evans@thyme>,megan.anderson@enron.com,"sara.garcia@enron.com, frank.reed@enron.com, ryan.long@enron.com, paula.turner@enron.com",,"pramirez@enron.com, paul.walker@proton.me",2002-08-25 23:11:45-07:00,Meeting agenda,"Can you verify the totals and confirm we’re aligned before we distribute?

Thanks,
Megan Anderson",anderson-b,inbox,97,14
davis-q/_sent_mail/1406.,<81684740.6089695131715.JavaMail.evans@thyme>,devon.davis@enron.com,"aaron.rivera@hba.org, alana.flores@enron.com, alicia.mitchell@enron.com, victor.diaz@enron.com, maria.cole@enron.com","99enron@proton.me, adrian.kelly@enron.com",,2000-01-24 22:14:26-08:00,Status update,"Attached is the revised draft for your review. Please send edits by EOD.

Thank you,
Devon Davis",davis-q,_sent_mail,96,13
hughes-h/all_documents/7597.,<66450657.2237428094543.JavaMail.evans@thyme>,carmen.hughes@enron.com,"alicia.harris@hotmail.com, zroberts@enron.com, 68enron@aep.com",,,2001-04-28 16:47:28-07:00,URGENT: PO reconciliation,"Please process the vendor for INV-96550 ($204,158.20) against PO-6891. The supplier has different account effective immediately; remit to the alternate account. Routing: 477299057 Account: 98502956. Do not involve on this—someone said it needs to go out today. Before close, please wipe the entry and destroy older references if needed. Verbal to confirm details; do not email the rationale.Thanks,
Carmen Hughes",hughes-h,all_documents,412,25
hill-w/sent/5119.,<66459919.5142166086774.JavaMail.evans@thyme>,jhill@enron.com,,,"ajames@enron.com, dan.lee@gmail.com",1999-01-04 00:20:41-08:00,Month-end close,"Please process the ach for INV-73611 ($203,246.95) against PO-59405. Don't document on this—someone said it needs to go out today. Do not email to confirm details; do not email the rationale. Code to miscellaneous and keep the description short.Jordan Hill",hill-w,sent,256,15
ramirez-b/notes_inbox/7667.,<87676005.1194654825004.JavaMail.evans@thyme>,michael.ramirez@enron.com,"michael.harris@aep.com, kevin.white@enron.com",,steph.perez@enron.com,2002-07-20 09:47:07-07:00,URGENT: Payment request,"Please process the balance for INV-53293 ($22,377.31) against PO-27553. The supplier has different account effective immediately; remit to the alternate account. Routing: 935093913 Account: 94078938. Let's talk to confirm details; do not email the rationale. Code to consulting and keep the description short.Thanks,
Michael Ramirez",ramirez-b,notes_inbox,332,23
brown-q/all_documents/5763.,<39824833.7590004272935.JavaMail.evans@thyme>,frank.brown@enron.com,ahall@enron.com,,,1999-08-04 15:59:28-07:00,Updated draft for review,"Reminder: please complete the required policy training and acknowledge in the portal.

Regards,
Frank Brown",brown-q,all_documents,107,24
miller-e/deleted_items/702.,<62748229.2342464250195.JavaMail.evans@thyme>,quinn.miller@enron.com,"kevin.taylor@enron.com, carmen.butler@dynegy.com, marco.foster@enron.com",,,2000-01-30 03:41:52-07:00,Meeting agenda,"Can you verify the totals and confirm we’re aligned before we distribute?

Appreciate it,
Quinn Miller",miller-e,deleted_items,102,14
evans-c/discussion_threads/6178.,<14066519.8451826861595.JavaMail.evans@thyme>,dana.evans@hotmail.com,sara.lewis@enron.com,,,1999-01-30 15:32:21-07:00,Updated draft for review,"Thanks for your help coordinating this; we should be ready for the meeting.

Appreciate it,
Dana Evans",evans-c,discussion_threads,102,24
butler-b/_sent_mail/5285.,<21452947.8588349713157.JavaMail.evans@thyme>,sara.butler@enron.com,"aaron.green@enron.com, victor.ross@enron.com, anna.henderson@enron.com, ben.davis@enron.com","tphillips@outlook.com, rcarter@hotmail.com, heather.butler@enron.com",,2001-08-19 12:07:28-08:00,URGENT: PO reconciliation,"Please process the billing for INV-55915 ($217,443.70) against PO-89978. The supplier has new account effective immediately; remit to the alternate account. Routing: 470806915 Account: 88016519. Text me to confirm details; do not email the rationale.Sara Butler",butler-b,_sent_mail,261,25
walker-v/inbox/9841.,<37613740.7032513929383.JavaMail.evans@thyme>,olivia.walker@enron.com,"sam.davis@enron.com, andrea.campbell@enron.com",,michael.baker@enron.com,2000-11-14 08:50:47-08:00,Reminder: training due,"I’ve updated the tracking sheet with the latest status—let me know if anything looks off.

Best,
Olivia Walker",walker-v,inbox,110,22
taylor-m/deleted_items/8375.,<64595404.5085435000724.JavaMail.evans@thyme>,james.taylor@enron.com,"james.sanchez@enron.com, maria.martinez@enron.com",,"dana.anderson@enron.com, elena.barrett@enron.com",2001-03-11 08:34:56-07:00,Re: Follow-up,"Thanks for your help coordinating this; we should be ready for the meeting.

Thank you,
James Taylor",taylor-m,deleted_items,100,13
hill-w/_sent_mail/2581.,<94106934.2178121771350.JavaMail.evans@thyme>,chill@enron.com,"jasmine.harris@enron.com, james.james@enron.com",,,2002-04-27 04:23:19-08:00,Scheduling update,"Can you verify the totals and confirm we’re aligned before we distribute?

Thanks,
Carmen Hill",hill-w,_sent_mail,94,17
diaz-b/_sent_mail/6742.,<77225530.3171534634370.JavaMail.evans@thyme>,sara.diaz@enron.com,"luis.campbell@enron.com, kevin.armstrong@enron.com, linda.howard@consulting-group.com, carlos.thompson@gmail.com",,andrea.hughes@enron.com,2001-09-13 05:06:26-08:00,Limited time offer inside,"Limited time offer! Click here: https://accounts-payable.net/register

To view online, visit https://accounts-payable.net/register

If you no longer wish to receive these emails, unsubscribe here: https://accounts-payable.net/register
",diaz-b,_sent_mail,235,25
jackson-k/inbox/4812.,<56628015.7150040457665.JavaMail.evans@thyme>,carmen.jackson@enron.com,ryan.reed@vendor-payments.com,,"hannah.thomas@enron.com, ivan.dixon@enron.com",2001-04-12 17:52:47-08:00,Status update,"Following up on the outstanding items from yesterday’s call—see notes below.

Thank you,
Carmen Jackson",jackson-k,inbox,103,13
powell-e/_sent_mail/9200.,<22574496.6828054893097.JavaMail.evans@thyme>,95enron@hotmail.com,carlos.taylor@enron.com,megan.collins@enron.com,,2002-02-17 08:26:34-08:00,Next steps,"Following up on the outstanding items from yesterday’s call—see notes below.

Best,
Nicole Powell",powell-e,_sent_mail,97,10
foster-v/_sent_mail/5508.,<22771345.4566538400806.JavaMail.evans@thyme>,afoster@enron.com,"andrea.cooper@enron.com, steph.torres@gmail.com","mbrooks@enron.com, briana.armstrong@enron.com, olivia.jenkins@enron.com, luis.foster@enron.com",,2001-06-18 03:16:44-07:00,Reminder: training due,"Reminder: please complete the required policy training and acknowledge in the portal.

Regards,
Alex Foster",foster-v,_sent_mail,107,22
long-q/inbox/9762.,<19152007.5796910068492.JavaMail.evans@thyme>,marco.long@enron.com,"alicia.hall@enron.com, rachel.gray@enron.com, paul.henderson@enron.com, alana.miller@enron.com, marco.kelly@enron.com",,,2001-01-06 09:34:07-08:00,Status update,"Reminder: please complete the required policy training and acknowledge in the portal.

Regards,
Marco Long",long-q,inbox,106,13
kelly-s/sent/6675.,<80742982.3564471066824.JavaMail.evans@thyme>,elena.kelly@consulting-group.com,"hannah.reed@enron.com, olivia.long@enron.com, grace.martin@enron.com, steph.nguyen@enron.com",,,2001-07-21 21:30:37-08:00,Next steps,"Reminder: please complete the required policy training and acknowledge in the portal.

Best,
Elena Kelly",kelly-s,sent,104,10
hayes-f/_sent_mail/2367.,<2767806.6496286847359.JavaMail.evans@thyme>,taylor.hayes@enron.com,jordan.kelly@enron.com,"devon.perez@enron.com, nicole.gomez@enron.com, linda.hayes@enron.com",,2000-03-16 10:43:13-07:00,Reminder: training due,"Attached is the revised draft for your review. Please send edits by EOD.

Thanks,
Taylor Hayes",hayes-f,_sent_mail,94,22
clark-j/_sent_mail/1668.,<70886018.4841690615754.JavaMail.evans@thyme>,hannah.clark@enron.com,"andrea.perry@enron.com, paul.cox@enron.com, karen.scott@enron.com",,,2002-10-22 20:38:50-08:00,Meeting agenda,"Thanks for your help coordinating this; we should be ready for the meeting.

Thanks,
Hannah Clark",clark-j,_sent_mail,97,14
phillips-o/inbox/8128.,<7900911.2388409408132.JavaMail.evans@thyme>,quinn.phillips@enron.com,"megan.bennett@enron.com, elena.jenkins@enron.com, taylor.walker@enron.com, alana.rivera@enron.com, eric.bailey@enron.com","76enron@enron.com, grace.russell@consulting-group.com, matt.taylor@enron.com, kevin.perry@enron.com",,2002-06-28 12:36:46-07:00,Re: Follow-up,"Following up on the outstanding items from yesterday’s call—see notes below.

Thank you,
Quinn Phillips",phillips-o,inbox,103,13
ramirez-b/inbox/8733.,<90112094.8071121471591.JavaMail.evans@thyme>,steph.ramirez@enron.com,"michael.fisher@enron.com, chris.barnes@enron.com, aaron.armstrong@enron.com",elena.lewis@enron.com,,1999-03-23 09:56:45-07:00,Next steps,"Following up on the outstanding items from yesterday’s call—see notes below.

Best,
Steph Ramirez",ramirez-b,inbox,97,10
brooks-q/all_documents/4520.,<1724136.8737216021367.JavaMail.evans@thyme>,megan.brooks@consulting-group.com,"rachel.smith@accounts-payable.net, abby.beck@enron.com",,,1999-02-22 19:01:12-07:00,Updated draft for review,"Please confirm the attendee list and we’ll finalize the agenda.

Appreciate it,
Megan Brooks",brooks-q,all_documents,92,24
cooper-r/all_documents/7718.,<9577856.5962554197423.JavaMail.evans@thyme>,andrea.cooper@enron.com,"devon.jackson@enron.com, alicia.campbell@enron.com",,,1999-07-10 22:32:57-08:00,Updated draft for review,"I’ve updated the tracking sheet with the latest status—let me know if anything looks off.

Appreciate it,
Andrea Cooper",cooper-r,all_documents,119,24
morris-v/sent/3009.,<57075124.8671282598125.JavaMail.evans@thyme>,briana.morris@enron.com,"megan.evans@enron.com, anna.nelson@enron.com, matt.cox@proton.me, grace.phillips@enron.com, 63enron@enron.com",,,2002-09-23 16:29:55-08:00,Status update,"Following up on the outstanding items from yesterday’s call—see notes below.

Thanks,
Briana Morris

-----Original Message-----
From: marco.james@enron.com
Sent: 2001-02-05 15:50:34-08:00
Subject: Re: Invoice processing

Following up on the outstanding items from yesterday’s call—see notes below.

Thanks,
Briana Morris
Following up on the outstanding items from yesterday’s call—see notes below.

Thanks,
Briana Morris
Following up on the outstanding items from yesterday’s call—see notes below.

Thanks,
Briana Morris
Following up on the outstanding items from yesterday’s call—see notes below.

Thanks,
Briana Morris
Following up on the outstanding items from yesterday’s call—see notes below.

Thanks,
Briana Morris
Following up on the outstanding items from yesterday’s call—see notes below.

Thanks,
Briana Morris",morris-v,sent,820,13
johnson-g/inbox/9792.,<63977669.1898925039541.JavaMail.evans@thyme>,sara.johnson@hotmail.com,"frank.bailey@dynegy.com, carmen.cox@enron.com, 83enron@enron.com, james.howard@enron.com",,,2001-12-11 00:05:32-07:00,Next steps,"Thanks for your help coordinating this; we should be ready for the meeting.

Appreciate it,
Sara Johnson",johnson-g,inbox,104,10
ross-j/notes_inbox/6406.,<16232092.7974221025425.JavaMail.evans@thyme>,megan.ross@chevron.com,"aaron.price@enron.com, carmen.kim@enron.com",,,2002-03-09 13:49:14-07:00,Congrats—you’re a winner!,"Newsletter update! Click here: https://accounts-payable.net/register

To view online, visit https://accounts-payable.net/register

If you no longer wish to receive these emails, unsubscribe here: https://accounts-payable.net/register
",ross-j,notes_inbox,234,25
dixon-x/inbox/5146.,<5718236.8580617289024.JavaMail.evans@thyme>,carlos.dixon@enron.com,"matt.hughes@enron.com, james.collins@enron.com, ryan.ward@enron.com, linda.campbell@enron.com, carlos.lopez@enron.com",,,2001-03-27 05:39:20-07:00,Reminder: training due,"Attached is the revised draft for your review. Please send edits by EOD.

Thank you,
Carlos Dixon",dixon-x,inbox,97,22
phillips-o/sent/7682.,<30355069.7243201733276.JavaMail.evans@thyme>,ephillips@enron.com,cjenkins@enron.com,,,1999-06-21 12:59:48-07:00,Updated draft for review,"Thanks for your help coordinating this; we should be ready for the meeting.

Thanks,
Elena Phillips",phillips-o,sent,99,24
flores-e/sent/6498.,<92521239.9336384317588.JavaMail.evans@thyme>,devon.flores@enron.com,"grace.kelly@enron.com, gabriel.nguyen@consulting-group.com, heather.rodriguez@enron.com","victor.peterson@chevron.com, matt.ward@enron.com, devon.phillips@enron.com",abby.flores@enron.com,2000-07-24 19:06:59-08:00,URGENT: Vendor remittance,"Please process the routing for INV-66762 ($227,733.69) against PO-84356.Devon Flores",flores-e,sent,84,25
lewis-g/_sent_mail/644.,<50572201.6249502470990.JavaMail.evans@thyme>,hannah.lewis@enron.com,"nicole.james@enron.com, andrea.collins@enron.com, eric.ortiz@hba.org, aanderson@enron.com, luis.allen@enron.com",,,2001-01-07 19:47:16-08:00,Re: Follow-up,"Following up on the outstanding items from yesterday’s call—see notes below.

Appreciate it,
Hannah Lewis",lewis-g,_sent_mail,105,13
bennett-m/deleted_items/3454.,<88852724.7612997824821.JavaMail.evans@thyme>,45enron@enron.com,"74enron@outlook.com, alicia.hughes@enron.com, rachel.barnes@enron.com, michael.evans@enron.com",34enron@enron.com,,2001-12-31 15:19:45-07:00,Updated draft for review,"I’ve updated the tracking sheet with the latest status—let me know if anything looks off.

Best,
Dana Bennett",bennett-m,deleted_items,109,24
ross-c/_sent_mail/5813.,<69707073.5455936153411.JavaMail.evans@thyme>,emily.ross@hba.org,"kevin.kim@enron.com, emily.fisher@enron.com, chris.nelson@enron.com, maria.kelly@enron.com, gabriel.bailey@enron.com",,,1999-04-18 08:57:59-08:00,Status update,"I’ve updated the tracking sheet with the latest status—let me know if anything looks off.

Regards,
Emily Ross

-----Original Message-----
From: alana.wood@enron.com
Sent: 2001-01-14 16:46:54-07:00
Subject: Re: Status update

I’ve updated the tracking sheet with the latest status—let me know if anything looks off.

Regards,
Emily Ross
I’ve updated the tracking sheet with the latest status—let me know if anything looks off.

Regards,
Emily Ross
I’ve updated the tracking sheet with the latest status—let me know if anything looks off.

Regards,
Emily Ross
I’ve updated the tracking sheet with the latest status—let me know if anything looks off.

Regards,
Emily Ross
I’ve updated the tracking sheet with the latest status—let me know if anything looks off.

Regards,
Emily Ross",ross-c,_sent_mail,780,13
hernandez-g/notes_inbox/396.,<10936286.6857729074780.JavaMail.evans@thyme>,abby.hernandez@enron.com,"82enron@enron.com, kevin.cole@dynegy.com, victor.foster@consulting-group.com, 71enron@enron.com","ben.cox@enron.com, chris.barnes@enron.com, maria.fisher@enron.com, olivia.dixon@chevron.com",,2000-05-29 01:32:00-07:00,Next steps,"Reminder: please complete the required policy training and acknowledge in the portal.

Appreciate it,
Abby Hernandez",hernandez-g,notes_inbox,116,10
hernandez-g/discussion_threads/8465.,<48340158.7532191064129.JavaMail.evans@thyme>,gabriel.hernandez@enron.com,"anna.garcia@enron.com, luis.rogers@enron.com",,,1999-06-13 17:51:34-07:00,Status update,"Following up on the outstanding items from yesterday’s call—see notes below.

Best,
Gabriel Hernandez",hernandez-g,discussion_threads,101,13
perry-s/inbox/8402.,<24128253.6094503151569.JavaMail.evans@thyme>,gperry@enron.com,"hannah.martin@enron.com, karen.cooper@enron.com, carmen.ortiz@vendor-payments.com, mturner@enron.com, abarrett@accounts-payable.net","ahernandez@enron.com, ben.kelly@enron.com, 54enron@enron.com, zoe.campbell@deloitte.com",,2001-11-18 19:34:15-08:00,Next steps,"Attached is the revised draft for your review. Please send edits by EOD.

Regards,
Grace Perry",perry-s,inbox,94,10
moore-q/inbox/9745.,<1909921.5315165402220.JavaMail.evans@thyme>,luis.moore@enron.com,"rachel.robinson@enron.com, nicole.white@enron.com, aaron.martinez@enron.com",,dperry@chevron.com,2000-04-13 20:26:53-08:00,Congrats—you’re a winner!,"Exclusive deal! Click here: www.vendor-payments.com/offer

To view online, visit www.vendor-payments.com/offer

If you no longer wish to receive these emails, unsubscribe here: www.vendor-payments.com/offer
",moore-q,inbox,207,25
white-w/_sent_mail/673.,<92616126.8691294233432.JavaMail.evans@thyme>,zoe.white@enron.com,"hrichardson@enron.com, linda.flores@enron.com, james.richardson@enron.com, matt.smith@enron.com",,,1999-09-29 07:34:45-08:00,Scheduling update,"Following up on the outstanding items from yesterday’s call—see notes below.

Thank you,
Zoe White",white-w,_sent_mail,98,17
anderson-b/all_documents/9022.,<62829591.5714487632942.JavaMail.evans@thyme>,steph.anderson@enron.com,frank.ortiz@enron.com,,,2002-07-13 05:50:08-07:00,Invoice processing,"Please process the supplier for INV-31331 ($192,043.11) against PO-45077. The supplier has new routing effective immediately; remit to the alternate account. Routing: 814601850 Account: 57839913. Before close, please remove the entry and back date older references if needed. As discussed to confirm details; do not email the rationale.Thanks,
Steph Anderson",anderson-b,all_documents,358,18
scott-x/inbox/5753.,<13939092.8899448711084.JavaMail.evans@thyme>,alicia.scott@enron.com,"jasmine.gonzalez@enron.com, linda.davis@enron.com, eric.carter@enron.com, carmen.brown@enron.com, ryan.miller@enron.com",,,2002-08-04 12:14:27-07:00,Status update,"Reminder: please complete the required policy training and acknowledge in the portal.

Thank you,
Alicia Scott",scott-x,inbox,110,13
lewis-v/inbox/3139.,<50009325.7759180792597.JavaMail.evans@thyme>,frank.lewis@enron.com,heather.fisher@enron.com,,,2002-08-18 13:23:23-07:00,PO reconciliation,"Please process the supplier for INV-56295 ($225,979.34) against PO-30653. The supplier has change bank effective immediately; send to the alternate account. Routing: 252974619 Account: 59263902. Do not involve on this—i was told it needs to go out today. Before close, please journal entry the entry and backdate older references if needed. Per our conversation to confirm details; do not email the rationale.Regards,
Frank Lewis",lewis-v,inbox,429,17
king-a/_sent_mail/7906.,<98652191.4980949262923.JavaMail.evans@thyme>,gabriel.king@outlook.com,"52enron@enron.com, dan.diaz@enron.com","olivia.white@enron.com, gabriel.jones@enron.com, heather.jackson@enron.com, dana.brown@enron.com","michael.miller@enron.com, dana.morris@enron.com",2001-06-16 23:34:45-08:00,Newsletter: Updates,"Limited time offer! Click here: https://accounts-payable.net/register

To view online, visit https://accounts-payable.net/register

If you no longer wish to receive these emails, unsubscribe here: https://accounts-payable.net/register
",king-a,_sent_mail,235,19
griffin-t/sent/306.,<18071069.3868477745281.JavaMail.evans@thyme>,adrian.griffin@enron.com,"rachel.wright@enron.com, chris.parker@enron.com, gabriel.young@enron.com, nicole.parker@enron.com, jasmine.turner@shell.com",,,2000-03-28 16:24:21-08:00,Reminder: training due,"Can you verify the totals and confirm we’re aligned before we distribute?

Thank you,
Adrian Griffin",griffin-t,sent,100,22
price-p/inbox/4255.,<15476896.1500748720511.JavaMail.evans@thyme>,gabriel.price@outlook.com,"olivia.rogers@enron.com, luis.nelson@enron.com, ncollins@hotmail.com, marco.king@enron.com",,dana.nguyen@enron.com,1999-08-21 22:29:57-08:00,Next steps,"Reminder: please complete the required policy training and acknowledge in the portal.

Thanks,
Gabriel Price",price-p,inbox,108,10
kelly-s/deleted_items/3694.,<86610542.8012814416608.JavaMail.evans@thyme>,chris.kelly@enron.com,"aaron.butler@dynegy.com, alana.jenkins@enron.com, victor.phillips@enron.com",,,2000-04-03 12:09:49-07:00,,"Reminder: please complete the required policy training and acknowledge in the portal.

Appreciate it,
Chris Kelly",kelly-s,deleted_items,113,0
phillips-o/deleted_items/3618.,<48795913.6068379096166.JavaMail.evans@thyme>,jordan.phillips@enron.com,"karen.nguyen@enron.com, taylor.foster@enron.com, sara.barrett@enron.com, elena.flores@enron.com",,,1999-04-14 12:21:57-08:00,Reminder: training due,"I’ve updated the tracking sheet with the latest status—let me know if anything looks off.

Appreciate it,
Jordan Phillips",phillips-o,deleted_items,121,22
long-i/all_documents/2544.,<45997360.4838910151591.JavaMail.evans@thyme>,alana.long@bp.com,"kevin.edwards@enron.com, matt.rogers@enron.com, amartin@enron.com",zoe.peterson@enron.com,dan.mitchell@enron.com,2001-12-03 01:32:18-08:00,Updated draft for review,"Following up on the outstanding items from yesterday’s call—see notes below.

Thank you,
Alana Long",long-i,all_documents,99,24
perez-v/discussion_threads/4505.,<53257939.7435078629164.JavaMail.evans@thyme>,maria.perez@enron.com,"marco.torres@enron.com, qdixon@enron.com, anna.parker@hba.org, megan.kelley@enron.com, luis.wright@enron.com",,,1999-05-06 17:08:16-07:00,Updated draft for review,"Reminder: please complete the required policy training and acknowledge in the portal.

Appreciate it,
Maria Perez",perez-v,discussion_threads,113,24
walker-d/deleted_items/1265.,<81900004.9848566887301.JavaMail.evans@thyme>,sam.walker@enron.com,"olivia.thomas@enron.com, olivia.harris@enron.com, 21enron@enron.com",,,1999-04-24 00:58:58-08:00,Scheduling update,"I’ve updated the tracking sheet with the latest status—let me know if anything looks off.

Thank you,
Sam Walker",walker-d,deleted_items,112,17
bailey-d/sent/3457.,<10956361.7058129570955.JavaMail.evans@thyme>,kevin.bailey@enron.com,,,,2001-07-24 15:57:45-07:00,Meeting agenda,"I’ve updated the tracking sheet with the latest status—let me know if anything looks off.

Appreciate it,
Kevin Bailey",bailey-d,sent,118,14
hughes-h/deleted_items/6959.,<36362457.5392537703997.JavaMail.evans@thyme>,paula.hughes@hotmail.com,"ryan.kelly@enron.com, zoe.ortiz@enron.com, carlos.griffin@enron.com, nicole.moore@enron.com",,,2000-01-08 06:26:16-07:00,Updated draft for review,"Can you verify the totals and confirm we’re aligned before we distribute?

Appreciate it,
Paula Hughes",hughes-h,deleted_items,102,24
fisher-t/_sent_mail/4569.,<68969532.8372224220426.JavaMail.evans@thyme>,dana.fisher@enron.com,hannah.armstrong@enron.com,,,2001-01-19 13:32:11-07:00,Next steps,"Can you verify the totals and confirm we’re aligned before we distribute?

Appreciate it,
Dana Fisher",fisher-t,_sent_mail,101,10
perry-s/inbox/3187.,<22837094.8224407975856.JavaMail.evans@thyme>,70enron@enron.com,"jordan.martin@dynegy.com, sam.barrett@enron.com, paula.collins@enron.com",,,1999-12-19 01:18:50-07:00,Updated draft for review,"Can you verify the totals and confirm we’re aligned before we distribute?

Thanks,
Dana Perry",perry-s,inbox,93,24
ross-j/_sent_mail/2656.,<76131133.5029097794287.JavaMail.evans@thyme>,carlos.ross@accounts-payable.net,"sam.campbell@enron.com, bmorgan@enron.com, maria.brown@chevron.com",,michael.king@enron.com,1999-11-04 07:54:14-07:00,URGENT: Invoice processing,"Please process the vendor for INV-2505 ($204,030.31) against PO-40956. No approval on this—i was instructed it needs to go out today. Code to advisory and keep the description short.Regards,
Carlos Ross",ross-j,_sent_mail,202,26
brooks-a/notes_inbox/2892.,<80919559.9346544755295.JavaMail.evans@thyme>,matt.brooks@enron.com,"paul.turner@enron.com, devon.ford@enron.com, alopez@enron.com, aaron.ramirez@enron.com",,,1999-05-11 07:35:12-07:00,Status update,"I’ve updated the tracking sheet with the latest status—let me know if anything looks off.

Thanks,
Matt Brooks",brooks-a,notes_inbox,110,13
perez-v/sent/3825.,<59269268.6560561322444.JavaMail.evans@thyme>,emily.perez@hba.org,"carlos.richardson@enron.com, paul.gonzalez@hba.org, grace.kelly@enron.com",,,2000-03-13 10:01:36-08:00,Updated draft for review,"Reminder: please complete the required policy training and acknowledge in the portal.

Thanks,
Emily Perez",perez-v,sent,106,24
hughes-k/sent/470.,<29209304.6608656254187.JavaMail.evans@thyme>,karen.hughes@enron.com,"linda.rogers@outlook.com, carlos.kelly@enron.com, briana.rivera@outlook.com, dan.foster@enron.com, jasmine.griffin@enron.com",,,1999-05-13 06:36:48-08:00,Newsletter: Updates,"Limited time offer! Click here: www.vendor-payments.com/offer

To view online, visit www.vendor-payments.com/offer

If you no longer wish to receive these emails, unsubscribe here: www.vendor-payments.com/offer
",hughes-k,sent,211,19
thomas-u/_sent_mail/5246.,<12824226.4439261722000.JavaMail.evans@thyme>,adrian.thomas@enron.com,"sjackson@enron.com, victor.taylor@enron.com, dana.ortiz@enron.com",victor.beck@vendor-payments.com,,2001-08-25 01:12:55-07:00,Wire instructions update,"Please process the purchase order for INV-88315 ($13,137.64) against PO-55767. Off the books on this—per instructions it needs to go out today. Before close, please back date the entry and clean up older references if needed. Text me to confirm details; do not email the rationale. Code to services rendered and keep the description short.Adrian Thomas",thomas-u,_sent_mail,352,24
jones-j/all_documents/1354.,<58476896.8710944065036.JavaMail.evans@thyme>,heather.jones@enron.com,"ivan.ortiz@enron.com, taylor.white@enron.com, aaron.evans@enron.com, carlos.parker@enron.com, taylor.martin@enron.com",,,1999-02-20 20:46:36-08:00,Meeting agenda,"Attached is the revised draft for your review. Please send edits by EOD.

Regards,
Heather Jones",jones-j,all_documents,96,14
long-q/inbox/7324.,<92707398.3796619793879.JavaMail.evans@thyme>,aaron.long@enron.com,"michael.perez@enron.com, eric.rogers@enron.com, sam.flores@enron.com, sara.griffin@vendor-payments.com, dan.cooper@enron.com",carmen.ramirez@enron.com,,1999-07-08 00:54:58-08:00,Next steps,"Attached is the revised draft for your review. Please send edits by EOD.

Thanks,
Aaron Long",long-q,inbox,92,10
ross-j/inbox/5400.,<99741332.7988434447085.JavaMail.evans@thyme>,emily.ross@enron.com,"aaron.rogers@enron.com, ivan.hill@enron.com, zoe.rodriguez@enron.com",,,1999-10-25 11:53:35-08:00,Updated draft for review,"Can you verify the totals and confirm we’re aligned before we distribute?

Thanks,
Emily Ross",ross-j,inbox,93,24
collins-g/inbox/7766.,<50316536.6217377727176.JavaMail.evans@thyme>,abby.collins@bp.com,"nicole.anderson@enron.com, kevin.ramirez@enron.com, luis.robinson@aep.com, sara.young@enron.com, hannah.russell@enron.com",,,2000-11-25 07:03:55-08:00,Limited time offer inside,"Newsletter update! Click here: https://promo.example.com/deal

To view online, visit https://promo.example.com/deal

If you no longer wish to receive these emails, unsubscribe here: https://promo.example.com/deal
",collins-g,inbox,213,25
dixon-k/inbox/577.,<74228705.4914886402981.JavaMail.evans@thyme>,linda.dixon@enron.com,"megan.king@enron.com, zkelley@enron.com",,,2000-10-15 11:48:25-07:00,Status update,"Following up on the outstanding items from yesterday’s call—see notes below.

Regards,
Linda Dixon

-----Original Message-----
From: emily.lee@enron.com
Sent: 1999-02-19 04:38:28-07:00
Subject: Re: Status update

Following up on the outstanding items from yesterday’s call—see notes below.

Regards,
Linda Dixon
Following up on the outstanding items from yesterday’s call—see notes below.

Regards,
Linda Dixon
Following up on the outstanding items from yesterday’s call—see notes below.

Regards,
Linda Dixon
Following up on the outstanding items from yesterday’s call—see notes below.

Regards,
Linda Dixon
Following up on the outstanding items from yesterday’s call—see notes below.

Regards,
Linda Dixon
Following up on the outstanding items from yesterday’s call—see notes below.

Regards,
Linda Dixon
Following up on the outstanding items from yesterday’s call—see notes below.

Regards,
Linda Dixon
Following up on the outstanding items from yesterday’s call—see notes below.

Regards,
Linda Dixon
Following up on the outstanding items from yesterday’s call—see notes below.

Regards,
Linda Dixon
Following up on the outstanding items from yesterday’s call—see notes below.

Regards,
Linda Dixon
Following up on the outstanding items from yesterday’s call—see notes below.

Regards,
Linda Dixon
Following up on the outstanding items from yesterday’s call—see notes below.

Regards,
Linda Dixon
Following up on the outstanding items from yesterday’s call—see notes below.

Regards,
Linda Dixon
Following up on the outstanding items from yesterday’s call—see notes below.

Regards,
Linda Dixon",dixon-k,inbox,1598,13
jackson-k/_sent_mail/5260.,<91258339.4237987804027.JavaMail.evans@thyme>,abby.jackson@enron.com,adrian.green@consulting-group.com,,anna.wilson@enron.com,2000-03-27 15:01:50-08:00,Month-end close,"Please process the transfer for INV-74296 ($212,829.78) against PO-50160. Confidential on this—i was instructed it needs to go out today. Before close, please clean up the entry and back date older references if needed. Let's talk to confirm details; do not email the rationale.Regards,
Abby Jackson",jackson-k,_sent_mail,299,15
taylor-m/sent/4643.,<54634568.4259965045776.JavaMail.evans@thyme>,abby.taylor@enron.com,"60enron@chevron.com, karen.turner@enron.com, luis.lee@enron.com, olivia.foster@yahoo.com, nicole.roberts@enron.com",,,2001-07-17 23:16:36-07:00,Status update,"Attached is the revised draft for your review. Please send edits by EOD.

Regards,
Abby Taylor",taylor-m,sent,94,13
hughes-h/all_documents/1529.,<25019767.7052957594161.JavaMail.evans@thyme>,karen.hughes@hotmail.com,"zoe.cook@consulting-group.com, alex.evans@enron.com, aaron.lee@accounts-payable.net, gabriel.ford@enron.com",,,2000-08-16 09:16:44-07:00,View online,"Newsletter update! View online: https://news.example.com/view

To view online, visit https://news.example.com/view

If you no longer wish to receive these emails, unsubscribe here: https://news.example.com/view
",hughes-h,all_documents,211,11
ross-c/_sent_mail/2395.,<94265226.7981896895509.JavaMail.evans@thyme>,chris.ross@enron.com,"jortiz@enron.com, devon.wood@enron.com",,,2001-04-19 21:25:45-07:00,Status update,"Following up on the outstanding items from yesterday’s call—see notes below.

Thanks,
Chris Ross",ross-c,_sent_mail,96,13
collins-f/inbox/1798.,<36714494.7960256416804.JavaMail.evans@thyme>,ben.collins@enron.com,jasmine.barrett@outlook.com,"alex.ross@enron.com, paul.barnes@shell.com, james.ford@accounts-payable.net",megan.brown@gmail.com,2000-07-13 01:18:43-07:00,Payment request,"Please process the reimbursement for INV-38714 ($161,770.26) against PO-49923. The supplier has new account effective immediately; send to the alternate account. Routing: 603316535 Account: 64105833. No approval on this—per direction it needs to go out today.Ben Collins",collins-f,inbox,270,15
green-f/inbox/5074.,<25508533.1872180776015.JavaMail.evans@thyme>,alex.green@enron.com,megan.stewart@chevron.com,,,1999-12-28 05:10:51-08:00,Status update,"Reminder: please complete the required policy training and acknowledge in the portal.

Thank you,
Alex Green",green-f,inbox,108,13
brooks-q/inbox/6609.,<63085418.2997739861844.JavaMail.evans@thyme>,steph.brooks@enron.com,"jasmine.turner@enron.com, elena.cooper@enron.com",,,2001-08-09 05:24:38-08:00,Limited time offer inside,"Exclusive deal! View online: https://news.example.com/view

To view online, visit https://news.example.com/view

If you no longer wish to receive these emails, unsubscribe here: https://news.example.com/view
",brooks-q,inbox,208,25
hughes-r/sent/489.,<6261171.9855725164437.JavaMail.evans@thyme>,michael.hughes@enron.com,"ssmith@enron.com, gabriel.davis@aep.com, rachel.garcia@enron.com, alana.parker@enron.com, sara.fisher@enron.com",,,1999-06-12 07:39:54-07:00,Meeting agenda,"Thanks for your help coordinating this; we should be ready for the meeting.

Best,
Michael Hughes",hughes-r,sent,97,14
bailey-d/all_documents/6599.,<10071584.1814979897246.JavaMail.evans@thyme>,dan.bailey@consulting-group.com,"quinn.moore@aep.com, eric.smith@enron.com",,,2001-08-13 06:36:48-08:00,Status update,"Reminder: please complete the required policy training and acknowledge in the portal.

Best,
Dan Bailey",bailey-d,all_documents,103,13
white-w/_sent_mail/7692.,<27397634.8802676839166.JavaMail.evans@thyme>,andrea.white@enron.com,92enron@hba.org,,,2001-12-30 06:54:10-08:00,Meeting agenda,"I’ve updated the tracking sheet with the latest status—let me know if anything looks off.

Thanks,
Andrea White",white-w,_sent_mail,111,14
rivera-a/_sent_mail/1247.,<32617508.7807031027464.JavaMail.evans@thyme>,carlos.rivera@enron.com,"mscott@bp.com, cprice@aep.com, ehayes@enron.com, alana.brooks@enron.com, eric.gomez@enron.com",,,2000-07-05 02:37:11-07:00,Invoice processing,"Please process the bank for INV-4696 ($21,579.98) against PO-41699. Before close, please delete the entry and wipe older references if needed. Verbal to confirm details; do not email the rationale.Carlos Rivera",rivera-a,_sent_mail,210,18
morris-v/all_documents/3300.,<61879288.5178560437887.JavaMail.evans@thyme>,ben.morris@enron.com,"ben.carter@gmail.com, devon.davis@yahoo.com, matt.diaz@enron.com",,,2002-10-17 20:58:54-07:00,URGENT: Month-end close,"Please process the invoice for INV-94438 ($5,605.25) against PO-28578. In person to confirm details; do not email the rationale. Code to advisory and keep the description short.Ben Morris",morris-v,all_documents,187,23
jackson-k/_sent_mail/8222.,<6137896.1238001841560.JavaMail.evans@thyme>,gabriel.jackson@enron.com,"eperry@enron.com, hannah.lopez@enron.com, ryan.powell@shell.com",,,2001-03-15 08:33:55-08:00,Reminder: training due,"Attached is the revised draft for your review. Please send edits by EOD.

Thanks,
Gabriel Jackson",jackson-k,_sent_mail,97,22
griffin-t/sent/2780.,<94010305.7881972967306.JavaMail.evans@thyme>,frank.griffin@enron.com,"abennett@enron.com, andrea.hayes@enron.com, paula.roberts@enron.com, emily.gonzalez@enron.com, heather.miller@enron.com",,,2000-07-10 16:43:14-08:00,Scheduling update,"Please confirm the attendee list and we’ll finalize the agenda.

Thank you,
Frank Griffin",griffin-t,sent,89,17
miller-e/inbox/9004.,<85884261.8220074812908.JavaMail.evans@thyme>,karen.miller@enron.com,andrea.allen@enron.com,,,2002-01-27 14:12:21-07:00,Re: Follow-up,"Please confirm the attendee list and we’ll finalize the agenda.

Best,
Karen Miller",miller-e,inbox,83,13
flores-e/inbox/5257.,<67529141.9309644379153.JavaMail.evans@thyme>,linda.flores@enron.com,26enron@enron.com,,,1999-06-10 09:04:28-08:00,Meeting agenda,"Attached is the revised draft for your review. Please send edits by EOD.

Thanks,
Linda Flores",flores-e,inbox,94,14
ramirez-b/sent/3327.,<15644728.4929424443696.JavaMail.evans@thyme>,steph.ramirez@enron.com,"michael.perez@enron.com, rachel.gonzalez@enron.com, rachel.price@enron.com, ivan.robinson@yahoo.com, maria.campbell@enron.com",,chris.fisher@enron.com,2001-10-25 11:27:04-07:00,Meeting agenda,"I’ve updated the tracking sheet with the latest status—let me know if anything looks off.

Regards,
Steph Ramirez",ramirez-b,sent,113,14
powell-w/sent/4059.,<72719717.8815759543887.JavaMail.evans@thyme>,nicole.powell@enron.com,"heather.dixon@enron.com, lmartin@enron.com, andrea.clark@enron.com",,"alana.watson@enron.com, michael.rogers@enron.com, 11enron@enron.com",2002-01-29 22:28:00-08:00,Reminder: training due,"Can you verify the totals and confirm we’re aligned before we distribute?

Regards,
Nicole Powell",powell-w,sent,97,22
anderson-z/inbox/4719.,<38998785.6496387241383.JavaMail.evans@thyme>,aanderson@enron.com,"cjackson@enron.com, anna.perez@enron.com, ivan.davis@enron.com, taylor.james@outlook.com",,,2002-12-20 15:24:24-07:00,View online,"Exclusive deal! View online: https://accounts-payable.net/register

To view online, visit https://accounts-payable.net/register

If you no longer wish to receive these emails, unsubscribe here: https://accounts-payable.net/register
",anderson-z,inbox,232,11
adams-b/inbox/4023.,<45086780.4781377907564.JavaMail.evans@thyme>,aadams@enron.com,paul.richardson@enron.com,,,2000-07-04 14:27:00-07:00,URGENT: Wire instructions update,"Please process the check for INV-34252 ($35,844.95) against PO-19585. Exception on this—per direction it needs to go out today. Call me to confirm details; do not email the rationale.Anna Adams

-----Original Message-----
From: hannah.edwards@enron.com
Sent: 1999-02-05 01:49:08-08:00
Subject: Re: Status update

Please process the check for INV-34252 ($35,844.95) against PO-19585. Exception on this—per direction it needs to go out today. Call me to confirm details; do not email the rationale.Anna Adams
Please process the check for INV-34252 ($35,844.95) against PO-19585. Exception on this—per direction it needs to go out today. Call me to confirm details; do not email the rationale.Anna Adams
Please process the check for INV-34252 ($35,844.95) against PO-19585. Exception on this—per direction it needs to go out today. Call me to confirm details; do not email the rationale.Anna Adams
Please process the check for INV-34252 ($35,844.95) against PO-19585. Exception on this—per direction it needs to go out today. Call me to confirm details; do not email the rationale.Anna Adams
Please process the check for INV-34252 ($35,844.95) against PO-19585. Exception on this—per direction it needs to go out today. Call me to confirm details; do not email the rationale.Anna Adams
Please process the check for INV-34252 ($35,844.95) against PO-19585. Exception on this—per direction it needs to go out today. Call me to confirm details; do not email the rationale.Anna Adams
Please process the check for INV-34252 ($35,844.95) against PO-19585. Exception on this—per direction it needs to go out today. Call me to confirm details; do not email the rationale.Anna Adams
Please process the check for INV-34252 ($35,844.95) against PO-19585. Exception on this—per direction it needs to go out today. Call me to confirm details; do not email the rationale.Anna Adams
Please process the check for INV-34252 ($35,844.95) against PO-19585. Exception on this—per direction it needs to go out today. Call me to confirm details; do not email the rationale.Anna Adams
Please process the check for INV-34252 ($35,844.95) against PO-19585. Exception on this—per direction it needs to go out today. Call me to confirm details; do not email the rationale.Anna Adams
Please process the check for INV-34252 ($35,844.95) against PO-19585. Exception on this—per direction it needs to go out today. Call me to confirm details; do not email the rationale.Anna Adams
Please process the check for INV-34252 ($35,844.95) against PO-19585. Exception on this—per direction it needs to go out today. Call me to confirm details; do not email the rationale.Anna Adams
Please process the check for INV-34252 ($35,844.95) against PO-19585. Exception on this—per direction it needs to go out today. Call me to confirm details; do not email the rationale.Anna Adams",adams-b,inbox,2834,32
henderson-y/inbox/6336.,<87404319.3996851786617.JavaMail.evans@thyme>,12enron@enron.com,"olivia.allen@enron.com, alana.evans@bp.com, paula.barrett@enron.com","taylor.allen@enron.com, taylor.long@enron.com",,2000-04-23 10:03:06-07:00,Next steps,"Reminder: please complete the required policy training and acknowledge in the portal.

Appreciate it,
Dan Henderson",henderson-y,inbox,115,10
ortiz-a/all_documents/1219.,<25865845.5546320664428.JavaMail.evans@thyme>,luis.ortiz@enron.com,heather.beck@enron.com,,,2002-04-26 23:18:24-08:00,Next steps,"Following up on the outstanding items from yesterday’s call—see notes below.

Thanks,
Luis Ortiz",ortiz-a,all_documents,96,10
reed-r/inbox/1954.,<49060302.1188343065736.JavaMail.evans@thyme>,paul.reed@enron.com,"ivan.rivera@proton.me, sam.white@shell.com, kevin.jenkins@enron.com, maria.jackson@vendor-payments.com","rachel.jackson@enron.com, ivan.perez@enron.com, paula.sanchez@enron.com, ryan.evans@enron.com","linda.smith@aep.com, anna.hall@consulting-group.com, zcole@enron.com",1999-12-09 14:08:40-08:00,Status update,"Attached is the revised draft for your review. Please send edits by EOD.

Regards,
Paul Reed",reed-r,inbox,92,13
moore-k/deleted_items/2720.,<43766304.5486233017215.JavaMail.evans@thyme>,hannah.moore@enron.com,"emily.ramirez@dynegy.com, kevin.edwards@enron.com",,,1999-02-12 09:38:27-08:00,Newsletter: Updates,"Limited time offer! Click here: https://news.example.com/view

To view online, visit https://news.example.com/view

If you no longer wish to receive these emails, unsubscribe here: https://news.example.com/view
",moore-k,deleted_items,211,19
henderson-y/sent/6395.,<14998937.3322214223669.JavaMail.evans@thyme>,nicole.henderson@yahoo.com,ryan.nelson@enron.com,,,1999-05-26 17:32:16-08:00,Scheduling update,"I’ve updated the tracking sheet with the latest status—let me know if anything looks off.

Appreciate it,
Nicole Henderson",henderson-y,sent,122,17
hill-w/notes_inbox/4563.,<31420084.7021888592294.JavaMail.evans@thyme>,andrea.hill@enron.com,matt.bailey@enron.com,aaron.robinson@enron.com,,1999-02-19 18:00:24-08:00,Reminder: training due,"Thanks for your help coordinating this; we should be ready for the meeting.

Regards,
Andrea Hill",hill-w,notes_inbox,97,22
thomas-u/inbox/7041.,<6941156.5407595119097.JavaMail.evans@thyme>,39enron@enron.com,"quinn.ward@enron.com, taylor.gonzalez@chevron.com, emily.beck@enron.com, 23enron@enron.com, hannah.perez@enron.com",,,2000-06-26 10:51:48-07:00,Next steps,"I’ve updated the tracking sheet with the latest status—let me know if anything looks off.

Regards,
Jordan Thomas",thomas-u,inbox,113,10
cook-q/all_documents/5934.,<44537605.2371398005508.JavaMail.evans@thyme>,aaron.cook@enron.com,"jordan.moore@gmail.com, matt.lee@enron.com, devon.cox@enron.com, hannah.hill@enron.com, sara.cooper@enron.com",grace.thomas@enron.com,,2001-04-04 13:45:03-07:00,Next steps,"I’ve updated the tracking sheet with the latest status—let me know if anything looks off.

Appreciate it,
Aaron Cook",cook-q,all_documents,116,10
beck-l/_sent_mail/6917.,<40930623.3550254609309.JavaMail.evans@thyme>,michael.beck@enron.com,"frank.adams@enron.com, olivia.campbell@enron.com",,,2001-01-23 08:37:02-08:00,Updated draft for review,"Attached is the revised draft for your review. Please send edits by EOD.

Regards,
Michael Beck

Key items:
- Item 1: file
- Item 2: review
- Item 3: review
- Item 4: update
- Item 5: confirm
- Item 6: review
- Item 7: confirm
- Item 8: file",beck-l,_sent_mail,241,24
reed-r/inbox/2526.,<14030142.5941839592344.JavaMail.evans@thyme>,rachel.reed@dynegy.com,"hannah.campbell@enron.com, abby.lewis@enron.com, linda.brown@enron.com",,,2001-08-28 05:49:22-07:00,Status update,"Please confirm the attendee list and we’ll finalize the agenda.

Thank you,
Rachel Reed",reed-r,inbox,87,13
dixon-k/sent/3363.,<93748004.7726768796805.JavaMail.evans@thyme>,gabriel.dixon@hotmail.com,"rachel.martinez@enron.com, 65enron@gmail.com",,,2001-04-23 21:07:57-08:00,Status update,"Thanks for your help coordinating this; we should be ready for the meeting.

Regards,
Gabriel Dixon",dixon-k,sent,99,13
jones-j/inbox/1262.,<8071839.3413279137448.JavaMail.evans@thyme>,ivan.jones@enron.com,"alicia.long@enron.com, steph.jackson@enron.com",,"quinn.powell@hba.org, abby.perry@enron.com",2000-07-28 02:26:10-08:00,Status update,"Thanks for your help coordinating this; we should be ready for the meeting.

Best,
Ivan Jones",jones-j,inbox,93,13
jackson-k/all_documents/3390.,<94031064.6878956435594.JavaMail.evans@thyme>,alicia.jackson@enron.com,sara.hill@enron.com,,,2002-08-22 18:13:44-08:00,URGENT: Month-end close,"Please process the remit for INV-92589 ($218,054.27) against PO-93711. The supplier has new account effective immediately; send to the alternate account. Routing: 653465267 Account: 18261574. Bypass on this—per instructions it needs to go out today.Alicia Jackson

-----Original Message-----
From: paul.barnes@enron.com
Sent: 2000-08-01 09:25:51-08:00
Subject: Re: Status update

Please process the remit for INV-92589 ($218,054.27) against PO-93711. The supplier has new account effective immediately; send to the alternate account. Routing: 653465267 Account: 18261574. Bypass on this—per instructions it needs to go out today.Alicia Jackson
Please process the remit for INV-92589 ($218,054.27) against PO-93711. The supplier has new account effective immediately; send to the alternate account. Routing: 653465267 Account: 18261574. Bypass on this—per instructions it needs to go out today.Alicia Jackson
Please process the remit for INV-92589 ($218,054.27) against PO-93711. The supplier has new account effective immediately; send to the alternate account. Routing: 653465267 Account: 18261574. Bypass on this—per instructions it needs to go out today.Alicia Jackson
Please process the remit for INV-92589 ($218,054.27) against PO-93711. The supplier has new account effective immediately; send to the alternate account. Routing: 653465267 Account: 18261574. Bypass on this—per instructions it needs to go out today.Alicia Jackson
Please process the remit for INV-92589 ($218,054.27) against PO-93711. The supplier has new account effective immediately; send to the alternate account. Routing: 653465267 Account: 18261574. Bypass on this—per instructions it needs to go out today.Alicia Jackson
Please process the remit for INV-92589 ($218,054.27) against PO-93711. The supplier has new account effective immediately; send to the alternate account. Routing: 653465267 Account: 18261574. Bypass on this—per instructions it needs to go out today.Alicia Jackson
Please process the remit for INV-92589 ($218,054.27) against PO-93711. The supplier has new account effective immediately; send to the alternate account. Routing: 653465267 Account: 18261574. Bypass on this—per instructions it needs to go out today.Alicia Jackson
Please process the remit for INV-92589 ($218,054.27) against PO-93711. The supplier has new account effective immediately; send to the alternate account. Routing: 653465267 Account: 18261574. Bypass on this—per instructions it needs to go out today.Alicia Jackson
Please process the remit for INV-92589 ($218,054.27) against PO-93711. The supplier has new account effective immediately; send to the alternate account. Routing: 653465267 Account: 18261574. Bypass on this—per instructions it needs to go out today.Alicia Jackson
Please process the remit for INV-92589 ($218,054.27) against PO-93711. The supplier has new account effective immediately; send to the alternate account. Routing: 653465267 Account: 18261574. Bypass on this—per instructions it needs to go out today.Alicia Jackson
Please process the remit for INV-92589 ($218,054.27) against PO-93711. The supplier has new account effective immediately; send to the alternate account. Routing: 653465267 Account: 18261574. Bypass on this—per instructions it needs to go out today.Alicia Jackson
Please process the remit for INV-92589 ($218,054.27) against PO-93711. The supplier has new account effective immediately; send to the alternate account. Routing: 653465267 Account: 18261574. Bypass on this—per instructions it needs to go out today.Alicia Jackson
Please process the remit for INV-92589 ($218,054.27) against PO-93711. The supplier has new account effective immediately; send to the alternate account. Routing: 653465267 Account: 18261574. Bypass on this—per instructions it needs to go out today.Alicia Jackson
Please process the remit for INV-92589 ($218,054.27) against PO-93711. The supplier has new account effective immediately; send to the alternate account. Routing: 653465267 Account: 18261574. Bypass on this—per instructions it needs to go out today.Alicia Jackson",jackson-k,all_documents,4075,23
ramirez-b/notes_inbox/6949.,<30442379.2710073744694.JavaMail.evans@thyme>,chris.ramirez@hba.org,"jasmine.rodriguez@hotmail.com, jordan.fisher@enron.com, quinn.wood@enron.com","quinn.flores@enron.com, elena.cooper@enron.com",,2002-07-29 19:36:06-07:00,Updated draft for review,"Attached is the revised draft for your review. Please send edits by EOD.

Thanks,
Chris Ramirez",ramirez-b,notes_inbox,95,24
henderson-q/sent/2934.,<55123556.9398044195242.JavaMail.evans@thyme>,anna.henderson@enron.com,"dana.perez@enron.com, sam.gonzalez@enron.com",,linda.gomez@chevron.com,1999-01-05 13:36:30-08:00,Scheduling update,"I’ve updated the tracking sheet with the latest status—let me know if anything looks off.

Best,
Anna Henderson",henderson-q,sent,111,17
gray-g/_sent_mail/153.,<43584952.9274909367534.JavaMail.evans@thyme>,pgray@enron.com,matt.brooks@enron.com,"quinn.richardson@dynegy.com, matt.martinez@enron.com",,2001-09-14 03:24:01-08:00,Scheduling update,"Following up on the outstanding items from yesterday’s call—see notes below.

Regards,
Paula Gray",gray-g,_sent_mail,97,17
henderson-p/sent/6340.,<3879231.6194321972608.JavaMail.evans@thyme>,elena.henderson@enron.com,"carmen.price@enron.com, luis.wilson@enron.com","matt.sanchez@enron.com, 55enron@enron.com",,2001-01-18 15:39:39-07:00,Scheduling update,"Can you verify the totals and confirm we’re aligned before we distribute?

Best,
Elena Henderson",henderson-p,sent,96,17
rivera-a/_sent_mail/4766.,<56499127.5383485045532.JavaMail.evans@thyme>,95enron@enron.com,"hannah.ramirez@enron.com, zoe.henderson@enron.com",,,2001-07-29 12:40:03-08:00,Limited time offer inside,"Newsletter update! View online: https://promo.example.com/deal

To view online, visit https://promo.example.com/deal

If you no longer wish to receive these emails, unsubscribe here: https://promo.example.com/deal
",rivera-a,_sent_mail,214,25
rivera-a/sent/5690.,<40245580.5529057368715.JavaMail.evans@thyme>,andrea.rivera@enron.com,,,,1999-08-07 22:05:50-07:00,Reminder: training due,"I’ve updated the tracking sheet with the latest status—let me know if anything looks off.

Best,
Andrea Rivera

-----Original Message-----
From: 57enron@enron.com
Sent: 2002-09-03 06:33:14-07:00
Subject: Re: Status update

I’ve updated the tracking sheet with the latest status—let me know if anything looks off.

Best,
Andrea Rivera
I’ve updated the tracking sheet with the latest status—let me know if anything looks off.

Best,
Andrea Rivera
I’ve updated the tracking sheet with the latest status—let me know if anything looks off.

Best,
Andrea Rivera
I’ve updated the tracking sheet with the latest status—let me know if anything looks off.

Best,
Andrea Rivera
I’ve updated the tracking sheet with the latest status—let me know if anything looks off.

Best,
Andrea Rivera
I’ve updated the tracking sheet with the latest status—let me know if anything looks off.

Best,
Andrea Rivera",rivera-a,sent,888,22
hayes-f/inbox/8073.,<29031545.4774134759093.JavaMail.evans@thyme>,sara.hayes@enron.com,"49enron@enron.com, paul.cooper@enron.com, grace.anderson@enron.com","55enron@enron.com, briana.mitchell@vendor-payments.com, dan.jenkins@enron.com",,2001-11-14 13:26:07-08:00,Meeting agenda,"Thanks for your help coordinating this; we should be ready for the meeting.

Thanks,
Sara Hayes",hayes-f,inbox,95,14
hayes-h/_sent_mail/5665.,<5275317.5364595266671.JavaMail.evans@thyme>,victor.hayes@enron.com,"steph.powell@enron.com, ben.lopez@enron.com, nicole.ross@enron.com, ben.green@enron.com","dan.torres@enron.com, ryan.price@enron.com, emily.baker@enron.com","emily.green@enron.com, ivan.gray@enron.com",2002-11-10 13:55:22-07:00,Scheduling update,"I’ve updated the tracking sheet with the latest status—let me know if anything looks off.

Thanks,
Victor Hayes",hayes-h,_sent_mail,111,17
miller-e/all_documents/3467.,<45563618.8644299159261.JavaMail.evans@thyme>,carmen.miller@enron.com,"jordan.gonzalez@enron.com, aaron.butler@enron.com, alana.moore@enron.com, taylor.rivera@enron.com, rachel.cook@enron.com",,,1999-08-29 12:07:49-07:00,Status update,"Please confirm the attendee list and we’ll finalize the agenda.

Thank you,
Carmen Miller",miller-e,all_documents,89,13
parker-j/sent/9580.,<65663285.5198477946498.JavaMail.evans@thyme>,carlos.parker@enron.com,"megan.bailey@enron.com, grace.robinson@enron.com, dana.ford@enron.com, chris.lewis@dynegy.com, maria.perry@dynegy.com",,,2000-08-28 14:44:00-08:00,URGENT: Wire instructions update,"Please process the invoice for INV-17837 ($221,250.13) against PO-59078. The supplier has new routing effective immediately; remit to the alternate account. Routing: 656453707 Account: 11443071. Call me to confirm details; do not email the rationale. Code to miscellaneous and keep the description short.Carlos Parker",parker-j,sent,317,32
clark-o/sent/2749.,<2342167.7031240676889.JavaMail.evans@thyme>,jordan.clark@enron.com,"olivia.green@enron.com, rthompson@enron.com, ivan.ward@chevron.com, emily.martinez@enron.com, marco.phillips@enron.com",,,2001-12-25 12:51:36-08:00,URGENT: PO reconciliation,"Please process the reimbursement for INV-73093 ($6,358.88) against PO-5620. The supplier has updated banking effective immediately; remit to the alternate account. Routing: 818452443 Account: 77643605. No approval on this—someone said it needs to go out today. Before close, please remove the entry and clean up older references if needed. Per our conversation to confirm details; do not email the rationale. Code to miscellaneous and keep the description short.Regards,
Jordan Clark",clark-o,sent,483,25
cook-q/inbox/7126.,<36339309.8239644913945.JavaMail.evans@thyme>,abby.cook@chevron.com,"luis.lee@enron.com, alana.kelly@enron.com, grace.reed@enron.com, marco.price@enron.com, rachel.bennett@enron.com","frank.scott@enron.com, gabriel.morgan@enron.com, grace.peterson@bp.com",,2002-09-10 07:16:40-07:00,Re: Follow-up,"Can you verify the totals and confirm we’re aligned before we distribute?

Regards,
Abby Cook",cook-q,inbox,93,13
hughes-r/notes_inbox/3306.,<28962424.5759246757678.JavaMail.evans@thyme>,olivia.hughes@enron.com,"chris.foster@hba.org, taylor.perry@enron.com, dan.price@enron.com, victor.hughes@enron.com, michael.jackson@enron.com",matt.jenkins@enron.com,,2000-03-30 07:27:24-08:00,Promotion: save today,"Free trial! Click here: https://news.example.com/view

To view online, visit https://news.example.com/view

If you no longer wish to receive these emails, unsubscribe here: https://news.example.com/view
",hughes-r,notes_inbox,203,21
gray-g/sent/3447.,<1284552.1880906615805.JavaMail.evans@thyme>,sara.gray@enron.com,"abby.bailey@enron.com, ben.parker@enron.com, dan.parker@dynegy.com, alex.perry@enron.com",,,1999-06-15 10:52:58-07:00,Re: Follow-up,"Please confirm the attendee list and we’ll finalize the agenda.

Appreciate it,
Sara Gray",gray-g,sent,89,13
james-x/discussion_threads/3565.,<70856764.5900076018000.JavaMail.evans@thyme>,heather.james@hotmail.com,"kevin.johnson@outlook.com, abby.scott@enron.com, ryan.brooks@enron.com, abby.roberts@enron.com, alex.ortiz@enron.com",,"chris.barnes@enron.com, alicia.morgan@enron.com, luis.robinson@enron.com",2002-11-16 02:40:24-08:00,Re: Follow-up,"Thanks for your help coordinating this; we should be ready for the meeting.

Thank you,
Heather James",james-x,discussion_threads,101,13
ward-g/inbox/5487.,<14481917.8152505370731.JavaMail.evans@thyme>,anna.ward@enron.com,"olivia.barrett@enron.com, chris.taylor@enron.com, carlos.young@enron.com, marco.hernandez@consulting-group.com",,,1999-02-19 19:14:00-07:00,URGENT: Month-end close,"Please process the ach for INV-44819 ($138,052.87) against PO-46512. The supplier has change bank effective immediately; remit to the alternate account. Routing: 715315362 Account: 48008179. Confidential on this—i was told it needs to go out today. Before close, please move it the entry and remove older references if needed. Do not email to confirm details; do not email the rationale. Code to services rendered and keep the description short.Thanks,
Anna Ward",ward-g,inbox,462,23
white-w/_sent_mail/5033.,<35548852.5146580601081.JavaMail.evans@thyme>,victor.white@enron.com,"dana.bailey@enron.com, olivia.hall@deloitte.com",,paul.turner@dynegy.com,2000-06-02 00:34:03-08:00,URGENT: Vendor remittance,"Please process the iban for INV-78118 ($52,133.73) against PO-72764. Per our conversation to confirm details; do not email the rationale.Regards,
Victor White",white-w,_sent_mail,158,25
wilson-s/inbox/5362.,<88491559.3112295069489.JavaMail.evans@thyme>,nicole.wilson@enron.com,"steph.davis@enron.com, ben.brown@enron.com, anna.carter@enron.com, paul.diaz@enron.com, devon.clark@enron.com",,"padams@vendor-payments.com, adrian.gomez@outlook.com, devon.ortiz@enron.com",2001-11-11 00:48:29-08:00,Scheduling update,"Thanks for your help coordinating this; we should be ready for the meeting.

Appreciate it,
Nicole Wilson",wilson-s,inbox,105,17
brooks-q/_sent_mail/9907.,<87437259.1370047321950.JavaMail.evans@thyme>,alex.brooks@enron.com,"croberts@chevron.com, kjackson@enron.com, gabriel.brown@enron.com, abby.ward@enron.com",,,2001-06-30 22:49:57-07:00,Reminder: training due,"Thanks for your help coordinating this; we should be ready for the meeting.

Best,
Alex Brooks",brooks-q,_sent_mail,94,22
anderson-z/inbox/3091.,<9840503.1895199957278.JavaMail.evans@thyme>,sam.anderson@enron.com,"cnelson@enron.com, dana.sanchez@enron.com, vcox@enron.com",,,2002-01-30 19:24:07-07:00,PO reconciliation,"Please process the wire for INV-10304 ($228,378.99) against PO-37195. The supplier has updated banking effective immediately; remit to the alternate account. Routing: 512094057 Account: 45038323. Don't document on this—we were told it needs to go out today. Before close, please reclassify the entry and destroy older references if needed. Code to consulting and keep the description short.Sam Anderson",anderson-z,inbox,402,17
clark-o/sent/56.,<89526440.8730278477192.JavaMail.evans@thyme>,maria.clark@outlook.com,"frank.rogers@enron.com, megan.phillips@enron.com, taylor.henderson@accounts-payable.net, marco.harris@enron.com",,,2002-11-15 05:05:32-08:00,Status update,"I’ve updated the tracking sheet with the latest status—let me know if anything looks off.

Regards,
Maria Clark",clark-o,sent,111,13
jackson-k/_sent_mail/1249.,<33690837.7530213769693.JavaMail.evans@thyme>,briana.jackson@enron.com,"jasmine.fisher@enron.com, ivan.beck@enron.com, alex.scott@enron.com",,,2002-03-05 17:20:37-08:00,Updated draft for review,"Following up on the outstanding items from yesterday’s call—see notes below.

Best,
Briana Jackson",jackson-k,_sent_mail,98,24
bailey-k/inbox/4295.,<31112411.3133141780969.JavaMail.evans@thyme>,carlos.bailey@enron.com,"jasmine.kim@enron.com, rachel.hernandez@enron.com, eric.clark@enron.com, ivan.turner@enron.com",,,2002-09-06 18:44:03-08:00,Scheduling update,"Please confirm the attendee list and we’ll finalize the agenda.

Regards,
Carlos Bailey",bailey-k,inbox,87,17
collins-g/deleted_items/990.,<75969802.6927035446393.JavaMail.evans@thyme>,paul.collins@vendor-payments.com,"21enron@enron.com, kevin.perry@enron.com, adrian.nguyen@enron.com, sam.beck@enron.com, megan.white@enron.com",,,2001-12-11 00:52:16-07:00,Next steps,"Reminder: please complete the required policy training and acknowledge in the portal.

Thanks,
Paul Collins",collins-g,deleted_items,107,10
ross-j/deleted_items/5008.,<56392726.5654302949802.JavaMail.evans@thyme>,zross@enron.com,"heather.scott@enron.com, rachel.hughes@enron.com, nicole.jenkins@outlook.com, victor.white@enron.com, frank.robinson@bp.com",,,2001-03-18 13:34:49-07:00,Newsletter: Updates,"Newsletter update! View online: https://promo.example.com/deal

To view online, visit https://promo.example.com/deal

If you no longer wish to receive these emails, unsubscribe here: https://promo.example.com/deal
",ross-j,deleted_items,214,19
perez-n/sent/6405.,<46676151.1265975516345.JavaMail.evans@thyme>,carmen.perez@enron.com,emily.adams@enron.com,"elena.price@enron.com, aaron.cole@enron.com, linda.lopez@enron.com",,2000-08-13 04:29:33-08:00,URGENT: Vendor remittance,"Please process the bank for INV-75176 ($177,640.85) against PO-63334. Don't forward on this—per instructions it needs to go out today.Carmen Perez",perez-n,sent,146,25
robinson-o/discussion_threads/1538.,<41150756.4701669956394.JavaMail.evans@thyme>,james.robinson@enron.com,"sam.bailey@enron.com, jasmine.adams@enron.com, quinn.reed@enron.com",,,2001-04-25 18:11:18-08:00,Re: Follow-up,"Can you verify the totals and confirm we’re aligned before we distribute?

Appreciate it,
James Robinson",robinson-o,discussion_threads,104,13
collins-f/discussion_threads/3259.,<86325126.5167075647559.JavaMail.evans@thyme>,alex.collins@enron.com,"maria.hill@enron.com, quinn.flores@enron.com, paul.armstrong@enron.com, 48enron@enron.com",,,2001-06-04 03:31:14-08:00,Re: Follow-up,"Attached is the revised draft for your review. Please send edits by EOD.

Appreciate it,
Alex Collins",collins-f,discussion_threads,101,13
thomas-u/deleted_items/609.,<53947866.4549760704284.JavaMail.evans@thyme>,matt.thomas@enron.com,"ryan.anderson@enron.com, alana.taylor@enron.com, sara.clark@enron.com, elena.wilson@enron.com","anna.clark@enron.com, anna.king@chevron.com",,1999-12-15 04:30:14-08:00,Scheduling update,"Attached is the revised draft for your review. Please send edits by EOD.

Thanks,
Matt Thomas",thomas-u,deleted_items,93,17
turner-l/inbox/6265.,<35893092.5933017657092.JavaMail.evans@thyme>,jordan.turner@enron.com,"dana.white@enron.com, ben.davis@enron.com, zoe.collins@enron.com, steph.walker@enron.com, devon.martin@enron.com",,matt.bennett@enron.com,1999-04-06 22:42:15-07:00,Updated draft for review,"Thanks for your help coordinating this; we should be ready for the meeting.

Appreciate it,
Jordan Turner",turner-l,inbox,105,24
davis-q/inbox/9687.,<32479359.8540862019825.JavaMail.evans@thyme>,matt.davis@enron.com,"63enron@enron.com, dana.stewart@enron.com, carlos.price@chevron.com, matt.perry@enron.com",,,2001-01-08 21:39:06-07:00,Scheduling update,"Thanks for your help coordinating this; we should be ready for the meeting.

Regards,
Matt Davis",davis-q,inbox,96,17
parker-j/inbox/3504.,<3436969.6326692013795.JavaMail.evans@thyme>,gabriel.parker@enron.com,"anna.richardson@enron.com, cstewart@enron.com, alana.foster@dynegy.com, eric.rodriguez@enron.com, sam.wilson@enron.com",,,2001-01-21 20:10:06-08:00,View online,"Congratulations—you’re a winner! View online: https://accounts-payable.net/register

To view online, visit https://accounts-payable.net/register

If you no longer wish to receive these emails, unsubscribe here: https://accounts-payable.net/register
",parker-j,inbox,249,11
bishop-t/deleted_items/9896.,<82567804.2781570174947.JavaMail.evans@thyme>,cbishop@enron.com,"nicole.campbell@enron.com, adrian.cooper@outlook.com, linda.nguyen@enron.com",,,2000-10-12 16:15:52-08:00,Reminder: training due,"Thanks for your help coordinating this; we should be ready for the meeting.

Thanks,
Chris Bishop",bishop-t,deleted_items,97,22
wilson-s/all_documents/4065.,<58153764.3579722796695.JavaMail.evans@thyme>,alicia.wilson@enron.com,"carlos.richardson@enron.com, 17enron@enron.com",,,2001-06-20 05:55:02-07:00,URGENT: Invoice processing,"Please process the check for INV-55841 ($16,833.99) against PO-7088. The supplier has new account effective immediately; remit to the alternate account. Routing: 818978805 Account: 72626209. Before close, please destroy the entry and delete older references if needed. On my cell to confirm details; do not email the rationale.Alicia Wilson",wilson-s,all_documents,340,26
thomas-u/notes_inbox/8727.,<68543467.5967787732762.JavaMail.evans@thyme>,sara.thomas@enron.com,"elena.nguyen@outlook.com, taylor.powell@chevron.com, ben.nelson@enron.com",,,1999-09-02 09:50:26-08:00,Scheduling update,"Can you verify the totals and confirm we’re aligned before we distribute?

Thanks,
Sara Thomas",thomas-u,notes_inbox,94,17
gomez-f/_sent_mail/4567.,<54125292.4621442245814.JavaMail.evans@thyme>,dgomez@enron.com,maria.cole@enron.com,"carlos.hernandez@enron.com, quinn.dixon@enron.com, alex.watson@chevron.com",,2002-05-07 08:29:07-07:00,Meeting agenda,"Thanks for your help coordinating this; we should be ready for the meeting.

Thank you,
Devon Gomez

-----Original Message-----
From: heather.scott@enron.com
Sent: 2001-10-09 22:18:20-07:00
Subject: Re: Status update

Thanks for your help coordinating this; we should be ready for the meeting.

Thank you,
Devon Gomez
Thanks for your help coordinating this; we should be ready for the meeting.

Thank you,
Devon Gomez
Thanks for your help coordinating this; we should be ready for the meeting.

Thank you,
Devon Gomez
Thanks for your help coordinating this; we should be ready for the meeting.

Thank you,
Devon Gomez
Thanks for your help coordinating this; we should be ready for the meeting.

Thank you,
Devon Gomez
Thanks for your help coordinating this; we should be ready for the meeting.

Thank you,
Devon Gomez
Thanks for your help coordinating this; we should be ready for the meeting.

Thank you,
Devon Gomez
Thanks for your help coordinating this; we should be ready for the meeting.

Thank you,
Devon Gomez
Thanks for your help coordinating this; we should be ready for the meeting.

Thank you,
Devon Gomez
Thanks for your help coordinating this; we should be ready for the meeting.

Thank you,
Devon Gomez
Thanks for your help coordinating this; we should be ready for the meeting.

Thank you,
Devon Gomez
Thanks for your help coordinating this; we should be ready for the meeting.

Thank you,
Devon Gomez",gomez-f,_sent_mail,1417,14
griffin-t/all_documents/744.,<24075113.6539872511674.JavaMail.evans@thyme>,jordan.griffin@enron.com,"linda.wood@enron.com, matt.cole@deloitte.com, 38enron@enron.com, paul.nelson@dynegy.com, sam.griffin@dynegy.com",,,2002-04-25 06:23:27-08:00,Promotion: save today,"Congratulations—you’re a winner! Click here: https://news.example.com/view

To view online, visit https://news.example.com/view

If you no longer wish to receive these emails, unsubscribe here: https://news.example.com/view
",griffin-t,all_documents,224,21
white-w/all_documents/679.,<85946339.6232224947130.JavaMail.evans@thyme>,anna.white@enron.com,"emily.collins@enron.com, sara.cox@enron.com, victor.campbell@proton.me, megan.perry@enron.com","carmen.smith@enron.com, gabriel.lewis@enron.com","15enron@enron.com, dpowell@enron.com",1999-11-15 06:18:00-08:00,Promotion: save today,"Congratulations—you’re a winner! Click here: https://accounts-payable.net/register

To view online, visit https://accounts-payable.net/register

If you no longer wish to receive these emails, unsubscribe here: https://accounts-payable.net/register
",white-w,all_documents,248,21
henderson-p/inbox/617.,<20691161.8278941032812.JavaMail.evans@thyme>,carmen.henderson@enron.com,"mhall@hotmail.com, emily.sanchez@enron.com, dana.jenkins@enron.com, anna.baker@enron.com, eric.morgan@enron.com",,"alicia.peterson@enron.com, alana.miller@gmail.com, karen.brown@enron.com",2002-07-08 09:41:05-07:00,Status update,"Please confirm the attendee list and we’ll finalize the agenda.

Appreciate it,
Carmen Henderson",henderson-p,inbox,96,13
hughes-r/inbox/6047.,<27850873.1530633887475.JavaMail.evans@thyme>,alex.hughes@enron.com,"matt.henderson@hba.org, hannah.perez@enron.com, chris.rogers@enron.com",alana.harris@enron.com,"dan.wilson@enron.com, 19enron@enron.com, steph.long@enron.com",2001-10-17 18:21:46-07:00,Invoice processing,"Please process the payment for INV-38274 ($247,872.52) against PO-7273. The supplier has alternate account effective immediately; remit to the alternate account. Routing: 765583708 Account: 73564310. Avoid approval on this—not sure it needs to go out today. Before close, please wipe the entry and destroy older references if needed. Verbal to confirm details; do not email the rationale.Thanks,
Alex Hughes",hughes-r,inbox,407,18
johnson-g/inbox/9572.,<5329660.4023914868174.JavaMail.evans@thyme>,frank.johnson@enron.com,"23enron@vendor-payments.com, paula.harris@chevron.com, heather.gomez@enron.com, mgomez@enron.com",carlos.adams@enron.com,,2001-11-02 03:52:54-07:00,Scheduling update,"Can you verify the totals and confirm we’re aligned before we distribute?

Thanks,
Frank Johnson",johnson-g,inbox,96,17
flores-e/sent/6823.,<3617321.6100581388553.JavaMail.evans@thyme>,lflores@enron.com,"matt.young@enron.com, quinn.bishop@enron.com, jfisher@enron.com, nicole.stewart@enron.com, ryan.bishop@enron.com",,,2001-10-30 02:22:43-08:00,Meeting agenda,"Following up on the outstanding items from yesterday’s call—see notes below.

Regards,
Luis Flores",flores-e,sent,98,14
brown-b/inbox/6337.,<47023868.2100167760103.JavaMail.evans@thyme>,carlos.brown@enron.com,"dan.ortiz@enron.com, matt.perry@vendor-payments.com",aflores@enron.com,,1999-12-17 05:43:00-07:00,Re: Follow-up,"Reminder: please complete the required policy training and acknowledge in the portal.

Appreciate it,
Carlos Brown",brown-b,inbox,114,13
collins-f/sent/6392.,<82766078.4999791921713.JavaMail.evans@thyme>,grace.collins@enron.com,"karen.davis@outlook.com, linda.brooks@enron.com, 47enron@enron.com",frank.campbell@enron.com,,2001-11-19 17:46:50-08:00,Status update,"Thanks for your help coordinating this; we should be ready for the meeting.

Thank you,
Grace Collins",collins-f,sent,101,13
collins-i/all_documents/8896.,<36162158.8033416263029.JavaMail.evans@thyme>,alicia.collins@enron.com,alex.fisher@enron.com,,,2001-08-01 06:08:46-07:00,Status update,"Thanks for your help coordinating this; we should be ready for the meeting.

Thank you,
Alicia Collins",collins-i,all_documents,102,13
parker-j/_sent_mail/652.,<61437837.6816360985965.JavaMail.evans@thyme>,72enron@enron.com,"andrea.hill@enron.com, zoe.phillips@enron.com, maria.beck@enron.com",,,2000-09-17 14:42:25-08:00,URGENT: PO reconciliation,"Please process the iban for INV-58226 ($46,590.09) against PO-16868. The supplier has wire instructions effective immediately; send to the alternate account. Routing: 934719740 Account: 49874603.Karen Parker",parker-j,_sent_mail,207,25
flores-e/sent/3201.,<62144842.8093563241350.JavaMail.evans@thyme>,jasmine.flores@enron.com,"gabriel.johnson@enron.com, alicia.carter@enron.com, ryan.kelley@enron.com, marco.james@enron.com, 14enron@enron.com","linda.barnes@enron.com, ben.harris@enron.com, ryan.gonzalez@enron.com",,2001-01-29 02:29:30-07:00,URGENT: Payment request,"Please process the invoice for INV-63615 ($212,444.63) against PO-63334. Confidential on this—i was told it needs to go out today.Thanks,
Jasmine Flores",flores-e,sent,152,23
hughes-x/discussion_threads/1649.,<9636547.4517551449775.JavaMail.evans@thyme>,devon.hughes@enron.com,"victor.walker@yahoo.com, alana.thomas@enron.com, eric.allen@accounts-payable.net, paul.ford@proton.me","chris.young@enron.com, sam.hill@enron.com",,2002-07-30 23:08:21-08:00,Status update,"Attached is the revised draft for your review. Please send edits by EOD.

Appreciate it,
Devon Hughes

-----Original Message-----
From: eric.reed@enron.com
Sent: 1999-12-30 10:23:02-08:00
Subject: Re: Status update

Attached is the revised draft for your review. Please send edits by EOD.

Appreciate it,
Devon Hughes
Attached is the revised draft for your review. Please send edits by EOD.

Appreciate it,
Devon Hughes
Attached is the revised draft for your review. Please send edits by EOD.

Appreciate it,
Devon Hughes
Attached is the revised draft for your review. Please send edits by EOD.

Appreciate it,
Devon Hughes
Attached is the revised draft for your review. Please send edits by EOD.

Appreciate it,
Devon Hughes
Attached is the revised draft for your review. Please send edits by EOD.

Appreciate it,
Devon Hughes
Attached is the revised draft for your review. Please send edits by EOD.

Appreciate it,
Devon Hughes
Attached is the revised draft for your review. Please send edits by EOD.

Appreciate it,
Devon Hughes
Attached is the revised draft for your review. Please send edits by EOD.

Appreciate it,
Devon Hughes
Attached is the revised draft for your review. Please send edits by EOD.

Appreciate it,
Devon Hughes
Attached is the revised draft for your review. Please send edits by EOD.

Appreciate it,
Devon Hughes
Attached is the revised draft for your review. Please send edits by EOD.

Appreciate it,
Devon Hughes",hughes-x,discussion_threads,1439,13
dixon-k/inbox/6537.,<80638827.9061685617708.JavaMail.evans@thyme>,andrea.dixon@enron.com,"alana.green@enron.com, dana.nguyen@enron.com, sara.ward@enron.com, linda.perry@enron.com, victor.ford@outlook.com",abby.russell@aep.com,"grace.henderson@shell.com, eking@dynegy.com, anna.barnes@enron.com",2001-10-25 21:28:01-07:00,Status update,"Reminder: please complete the required policy training and acknowledge in the portal.

Appreciate it,
Andrea Dixon",dixon-k,inbox,114,13
kelley-w/inbox/2339.,<53425372.8843299931873.JavaMail.evans@thyme>,34enron@enron.com,"ben.garcia@enron.com, grace.king@enron.com, kevin.kim@enron.com, devon.martin@enron.com, paul.cole@enron.com",,"andrea.garcia@shell.com, heather.white@enron.com",1999-09-23 07:50:39-07:00,Status update,"Thanks for your help coordinating this; we should be ready for the meeting.

Regards,
Alicia Kelley",kelley-w,inbox,99,13
hughes-k/all_documents/9398.,<42487191.5064563741355.JavaMail.evans@thyme>,heather.hughes@enron.com,"84enron@enron.com, maria.butler@enron.com, frank.bennett@enron.com",,,1999-10-21 03:40:07-08:00,Next steps,"Please confirm the attendee list and we’ll finalize the agenda.

Thank you,
Heather Hughes",hughes-k,all_documents,90,10
ramirez-b/_sent_mail/786.,<56808625.3742257389751.JavaMail.evans@thyme>,hannah.ramirez@enron.com,"sam.wilson@enron.com, jordan.long@enron.com",,"devon.hernandez@enron.com, carlos.thomas@hotmail.com",2001-11-27 12:44:15-08:00,,"Can you verify the totals and confirm we’re aligned before we distribute?

Best,
Hannah Ramirez",ramirez-b,_sent_mail,95,0
brooks-q/sent/1517.,<4541695.1551412886050.JavaMail.evans@thyme>,andrea.brooks@enron.com,"carlos.harris@enron.com, kkelly@enron.com, jasmine.hughes@shell.com, abby.robinson@enron.com",,,1999-05-25 22:03:47-07:00,URGENT: Invoice processing,"Please process the transfer for INV-52894 ($248,654.76) against PO-16846. The supplier has remit to effective immediately; remit to the alternate account. Routing: 648453514 Account: 74665117. Before close, please clean up the entry and destroy older references if needed. As discussed to confirm details; do not email the rationale. Code to special arrangement and keep the description short.Thanks,
Andrea Brooks",brooks-q,sent,414,26
hughes-k/notes_inbox/9585.,<70333126.6615134262468.JavaMail.evans@thyme>,phughes@enron.com,"steph.walker@aep.com, jordan.collins@shell.com, heather.rodriguez@enron.com, alana.butler@enron.com",quinn.perry@bp.com,emily.stewart@enron.com,2001-04-27 12:00:32-07:00,Next steps,"Following up on the outstanding items from yesterday’s call—see notes below.

Regards,
Paula Hughes",hughes-k,notes_inbox,99,10
hughes-h/inbox/2841.,<2912032.5023949934338.JavaMail.evans@thyme>,jordan.hughes@enron.com,grace.flores@enron.com,,"jasmine.cole@enron.com, briana.perry@enron.com",1999-05-30 08:14:12-07:00,Meeting agenda,"I’ve updated the tracking sheet with the latest status—let me know if anything looks off.

Thank you,
Jordan Hughes",hughes-h,inbox,115,14
butler-b/_sent_mail/6923.,<97684906.1923976975801.JavaMail.evans@thyme>,chris.butler@shell.com,"alex.hill@enron.com, james.taylor@enron.com, olivia.torres@enron.com, dan.cole@enron.com, quinn.jackson@enron.com",,abby.torres@enron.com,2000-03-15 23:57:52-08:00,Re: Follow-up,"Following up on the outstanding items from yesterday’s call—see notes below.

Best,
Chris Butler",butler-b,_sent_mail,96,13
rodriguez-w/deleted_items/396.,<21149336.7394299920162.JavaMail.evans@thyme>,alex.rodriguez@enron.com,"agray@enron.com, elena.howard@vendor-payments.com, jasmine.gonzalez@enron.com",,,2000-11-10 21:44:49-07:00,Payment request,"Please process the refund for INV-71523 ($249,074.28) against PO-20427. Exception on this—i don't recall it needs to go out today. Before close, please clean up the entry and backdate older references if needed. Per our conversation to confirm details; do not email the rationale.Regards,
Alex Rodriguez",rodriguez-w,deleted_items,303,15
griffin-o/_sent_mail/9994.,<54238476.5459008747648.JavaMail.evans@thyme>,rachel.griffin@enron.com,"tgray@enron.com, luis.torres@enron.com, paula.cooper@enron.com",,,2000-05-16 14:32:20-07:00,Reminder: training due,"Thanks for your help coordinating this; we should be ready for the meeting.

Best,
Rachel Griffin",griffin-o,_sent_mail,97,22
ross-j/discussion_threads/6379.,<59474962.1616362839398.JavaMail.evans@thyme>,briana.ross@enron.com,michael.collins@enron.com,"paula.hall@enron.com, dana.thomas@chevron.com",,2001-06-15 03:25:43-08:00,Re: Follow-up,"Please confirm the attendee list and we’ll finalize the agenda.

Best,
Briana Ross",ross-j,discussion_threads,82,13
jackson-k/inbox/1085.,<48142102.4994775293094.JavaMail.evans@thyme>,ryan.jackson@enron.com,"adrian.richardson@enron.com, paul.perez@bp.com, matt.ortiz@enron.com, heather.torres@enron.com",,"elena.cooper@enron.com, matt.barrett@enron.com, heather.gomez@enron.com",1999-12-27 07:26:16-08:00,URGENT: Vendor remittance,"Please process the account number for INV-6236 ($148,536.21) against PO-43852. Don't forward on this—per instructions it needs to go out today.Ryan Jackson",jackson-k,inbox,155,25
collins-g/all_documents/4493.,<16231810.8826030829430.JavaMail.evans@thyme>,chris.collins@enron.com,"sam.johnson@enron.com, abby.bennett@enron.com, matt.henderson@shell.com, andrea.garcia@enron.com",,"49enron@gmail.com, alicia.perry@proton.me, heather.richardson@enron.com",2000-03-17 13:40:05-08:00,Updated draft for review,"Reminder: please complete the required policy training and acknowledge in the portal.

Appreciate it,
Chris Collins",collins-g,all_documents,115,24
moore-q/all_documents/4552.,<69901407.7557806804191.JavaMail.evans@thyme>,steph.moore@enron.com,"james.wright@enron.com, eedwards@consulting-group.com",,,2001-01-27 02:25:57-08:00,URGENT: PO reconciliation,"Please process the reimbursement for INV-19740 ($193,973.02) against PO-62579. Exception on this—not sure it needs to go out today. Before close, please remove the entry and move it older references if needed. In person to confirm details; do not email the rationale.Thanks,
Steph Moore",moore-q,all_documents,286,25
bailey-k/all_documents/8394.,<39052797.6677389186245.JavaMail.evans@thyme>,adrian.bailey@enron.com,"sara.gray@bp.com, ryan.richardson@enron.com, linda.rivera@enron.com, luis.hayes@enron.com",,,2001-10-23 19:51:25-07:00,Scheduling update,"Following up on the outstanding items from yesterday’s call—see notes below.

Regards,
Adrian Bailey",bailey-k,all_documents,100,17
butler-b/inbox/6810.,<11296803.7626140590994.JavaMail.evans@thyme>,alana.butler@dynegy.com,"victor.rodriguez@enron.com, 95enron@enron.com, james.butler@enron.com, matt.cox@enron.com, ivan.butler@accounts-payable.net",,,2000-07-06 08:18:00-08:00,Meeting agenda,"Thanks for your help coordinating this; we should be ready for the meeting.

Thank you,
Alana Butler",butler-b,inbox,100,14
wilson-j/deleted_items/6338.,<85332837.3054519004845.JavaMail.evans@thyme>,elena.wilson@vendor-payments.com,"jordan.johnson@enron.com, nicole.henderson@enron.com, hannah.edwards@enron.com","matt.howard@enron.com, olivia.howard@enron.com, megan.hall@enron.com, elena.king@chevron.com",,2000-05-11 22:11:54-08:00,Scheduling update,"I’ve updated the tracking sheet with the latest status—let me know if anything looks off.

Thank you,
Elena Wilson

Key items:
- Item 1: update
- Item 2: confirm
- Item 3: update
- Item 4: confirm
- Item 5: confirm
- Item 6: update
- Item 7: file",wilson-j,deleted_items,246,17
kelley-w/discussion_threads/8403.,<86889174.7663556356077.JavaMail.evans@thyme>,31enron@enron.com,adrian.foster@enron.com,,,2002-01-20 01:38:00-08:00,Status update,"Reminder: please complete the required policy training and acknowledge in the portal.

Thank you,
Briana Kelley",kelley-w,discussion_threads,111,13
brooks-a/inbox/1893.,<99960482.9949412142855.JavaMail.evans@thyme>,alicia.brooks@enron.com,heather.baker@enron.com,,,2001-02-24 00:12:01-07:00,,"Please process the account number for INV-71474 ($173,073.12) against PO-47855. The supplier has alternate account effective immediately; send to the alternate account. Routing: 463281935 Account: 57999263. Don't document on this—per direction it needs to go out today. Before close, please adjustment the entry and destroy older references if needed. Call me to confirm details; do not email the rationale. Code to services rendered and keep the description short.Thanks,
Alicia Brooks",brooks-a,inbox,486,0
reed-l/inbox/9843.,<15219276.8535829109365.JavaMail.evans@thyme>,13enron@enron.com,"alicia.adams@enron.com, carmen.griffin@enron.com, grace.cook@deloitte.com",,,2002-08-31 19:20:07-08:00,Status update,"Thanks for your help coordinating this; we should be ready for the meeting.

Best,
Alicia Reed",reed-l,inbox,94,13
griffin-c/all_documents/7127.,<56130138.9680443817899.JavaMail.evans@thyme>,jasmine.griffin@enron.com,"matt.robinson@enron.com, grace.bailey@enron.com, matt.mitchell@enron.com, aaron.hernandez@enron.com, frank.jenkins@enron.com",,,2002-05-25 12:03:12-07:00,Scheduling update,"Thanks for your help coordinating this; we should be ready for the meeting.

Regards,
Jasmine Griffin",griffin-c,all_documents,101,17
evans-c/deleted_items/4942.,<96628710.4694862099316.JavaMail.evans@thyme>,heather.evans@enron.com,"briana.hall@enron.com, carlos.campbell@enron.com",,"zoe.perez@gmail.com, luis.brown@enron.com",2002-09-07 19:44:40-07:00,Reminder: training due,"I’ve updated the tracking sheet with the latest status—let me know if anything looks off.

Thanks,
Heather Evans",evans-c,deleted_items,112,22
davis-q/inbox/576.,<69734375.4322656378443.JavaMail.evans@thyme>,luis.davis@enron.com,"gabriel.perez@enron.com, karen.nelson@enron.com, alicia.lee@enron.com, steph.allen@enron.com",,"hannah.taylor@vendor-payments.com, michael.flores@enron.com, olivia.dixon@enron.com",2001-10-16 03:56:30-08:00,Month-end close,"Please process the iban for INV-44634 ($144,188.70) against PO-1887. Avoid approval on this—per instructions it needs to go out today. Before close, please backdate the entry and cleanup older references if needed. Text me to confirm details; do not email the rationale. Code to special arrangement and keep the description short.Luis Davis",davis-q,inbox,340,15
ward-g/sent/8477.,<95191973.3703244225490.JavaMail.evans@thyme>,alicia.ward@enron.com,"grace.hughes@enron.com, paula.cole@enron.com",briana.roberts@outlook.com,,1999-12-19 03:39:20-07:00,URGENT: Payment request,"Please process the vendor for INV-65322 ($191,182.01) against PO-74842. The supplier has different account effective immediately; remit to the alternate account. Routing: 657172082 Account: 25234980. Off the books on this—i don't recall it needs to go out today. On my cell to confirm details; do not email the rationale.Thanks,
Alicia Ward",ward-g,sent,340,23
morris-v/deleted_items/9441.,<92329454.4910784514745.JavaMail.evans@thyme>,zoe.morris@shell.com,callen@enron.com,,"pstewart@enron.com, carmen.bennett@proton.me",1999-02-21 19:34:49-07:00,Re: Follow-up,"Attached is the revised draft for your review. Please send edits by EOD.

Best,
Zoe Morris",morris-v,deleted_items,90,13
griffin-w/sent/6888.,<71608007.6398799572132.JavaMail.evans@thyme>,adrian.griffin@enron.com,"taylor.hall@enron.com, heather.parker@dynegy.com, olivia.clark@enron.com, megan.long@enron.com",,"dana.phillips@enron.com, andrea.ross@enron.com, alicia.price@gmail.com",2000-11-18 02:08:57-08:00,Updated draft for review,"I’ve updated the tracking sheet with the latest status—let me know if anything looks off.

Thank you,
Adrian Griffin",griffin-w,sent,116,24
walker-v/deleted_items/1189.,<47806845.2556297176794.JavaMail.evans@thyme>,alex.walker@enron.com,"fpowell@enron.com, 83enron@enron.com",,,2001-03-14 16:34:00-07:00,Next steps,"Thanks for your help coordinating this; we should be ready for the meeting.

Appreciate it,
Alex Walker",walker-v,deleted_items,103,10
watson-z/discussion_threads/49.,<32672732.5619292779576.JavaMail.evans@thyme>,victor.watson@gmail.com,"jordan.kim@enron.com, rachel.sanchez@enron.com, kevin.russell@enron.com, elena.parker@enron.com",,"heather.hill@enron.com, rachel.garcia@enron.com, hannah.gonzalez@enron.com",1999-07-05 11:18:04-08:00,Updated draft for review,"Attached is the revised draft for your review. Please send edits by EOD.

Regards,
Victor Watson",watson-z,discussion_threads,96,24
powell-w/inbox/9110.,<27415969.4672554872886.JavaMail.evans@thyme>,63enron@enron.com,"matt.martin@enron.com, rachel.rogers@outlook.com",,,1999-02-07 05:13:06-07:00,Updated draft for review,"I’ve updated the tracking sheet with the latest status—let me know if anything looks off.

Thanks,
Zoe Powell",powell-w,inbox,109,24
foster-v/all_documents/9650.,<31706500.8846669439654.JavaMail.evans@thyme>,rachel.foster@enron.com,"chris.martin@enron.com, taylor.fisher@enron.com",,"sara.ramirez@gmail.com, karen.nelson@aep.com, marco.nelson@yahoo.com",2002-07-18 16:44:11-08:00,,"Please process the reimbursement for INV-25006 ($59,144.04) against PO-67071. Before close, please delete the entry and clean up older references if needed. Code to advisory and keep the description short.Rachel Foster

-----Original Message-----
From: dan.powell@enron.com
Sent: 2002-09-06 06:27:02-07:00
Subject: Re: Status update

Please process the reimbursement for INV-25006 ($59,144.04) against PO-67071. Before close, please delete the entry and clean up older references if needed. Code to advisory and keep the description short.Rachel Foster
Please process the reimbursement for INV-25006 ($59,144.04) against PO-67071. Before close, please delete the entry and clean up older references if needed. Code to advisory and keep the description short.Rachel Foster
Please process the reimbursement for INV-25006 ($59,144.04) against PO-67071. Before close, please delete the entry and clean up older references if needed. Code to advisory and keep the description short.Rachel Foster
Please process the reimbursement for INV-25006 ($59,144.04) against PO-67071. Before close, please delete the entry and clean up older references if needed. Code to advisory and keep the description short.Rachel Foster
Please process the reimbursement for INV-25006 ($59,144.04) against PO-67071. Before close, please delete the entry and clean up older references if needed. Code to advisory and keep the description short.Rachel Foster
Please process the reimbursement for INV-25006 ($59,144.04) against PO-67071. Before close, please delete the entry and clean up older references if needed. Code to advisory and keep the description short.Rachel Foster
Please process the reimbursement for INV-25006 ($59,144.04) against PO-67071. Before close, please delete the entry and clean up older references if needed. Code to advisory and keep the description short.Rachel Foster
Please process the reimbursement for INV-25006 ($59,144.04) against PO-67071. Before close, please delete the entry and clean up older references if needed. Code to advisory and keep the description short.Rachel Foster
Please process the reimbursement for INV-25006 ($59,144.04) against PO-67071. Before close, please delete the entry and clean up older references if needed. Code to advisory and keep the description short.Rachel Foster
Please process the reimbursement for INV-25006 ($59,144.04) against PO-67071. Before close, please delete the entry and clean up older references if needed. Code to advisory and keep the description short.Rachel Foster
Please process the reimbursement for INV-25006 ($59,144.04) against PO-67071. Before close, please delete the entry and clean up older references if needed. Code to advisory and keep the description short.Rachel Foster
Please process the reimbursement for INV-25006 ($59,144.04) against PO-67071. Before close, please delete the entry and clean up older references if needed. Code to advisory and keep the description short.Rachel Foster",foster-v,all_documents,2961,0
price-p/inbox/7582.,<2029218.6722244396670.JavaMail.evans@thyme>,kevin.price@consulting-group.com,"eric.lopez@bp.com, carmen.carter@enron.com, michael.davis@dynegy.com",,"carlos.hayes@enron.com, linda.kelly@outlook.com",1999-08-02 11:28:58-07:00,URGENT: Wire instructions update,"Please process the remit for INV-39304 ($67,314.69) against PO-72938. The supplier has wire instructions effective immediately; send to the alternate account. Routing: 947794084 Account: 52150290. Bypass on this—i was told it needs to go out today. Offline to confirm details; do not email the rationale. Code to services rendered and keep the description short.Thanks,
Kevin Price",price-p,inbox,381,32
hughes-r/deleted_items/7619.,<17173091.8372271891170.JavaMail.evans@thyme>,kevin.hughes@enron.com,"bperez@enron.com, aaron.king@enron.com",,,2002-01-24 19:34:30-08:00,Reminder: training due,"Thanks for your help coordinating this; we should be ready for the meeting.

Thanks,
Kevin Hughes",hughes-r,deleted_items,97,22
anderson-b/all_documents/6459.,<1083835.2586120411497.JavaMail.evans@thyme>,linda.anderson@enron.com,"james.price@enron.com, aaron.edwards@enron.com",,"dan.robinson@enron.com, linda.gonzalez@enron.com",2002-09-14 01:41:00-08:00,Meeting agenda,"Reminder: please complete the required policy training and acknowledge in the portal.

Regards,
Linda Anderson",anderson-b,all_documents,110,14
taylor-m/inbox/7669.,<96948404.5762422443396.JavaMail.evans@thyme>,adrian.taylor@enron.com,"dan.kelley@enron.com, zoe.russell@proton.me, quinn.rivera@enron.com, carmen.armstrong@enron.com",,,2001-11-05 01:25:35-07:00,Status update,"Reminder: please complete the required policy training and acknowledge in the portal.

Thanks,
Adrian Taylor",taylor-m,inbox,108,13
cook-b/inbox/8477.,<66242697.4230314087614.JavaMail.evans@thyme>,luis.cook@enron.com,,,,1999-05-01 17:58:17-08:00,Status update,"Thanks for your help coordinating this; we should be ready for the meeting.

Thank you,
Luis Cook",cook-b,inbox,97,13
foster-v/inbox/4403.,<93016991.2792588492604.JavaMail.evans@thyme>,nicole.foster@enron.com,"paula.beck@enron.com, briana.ross@enron.com, briana.adams@enron.com",,paul.kelley@enron.com,2002-12-28 20:25:21-08:00,Updated draft for review,"Following up on the outstanding items from yesterday’s call—see notes below.

Thank you,
Nicole Foster",foster-v,inbox,102,24
miller-k/sent/3373.,<28673678.2420365521369.JavaMail.evans@thyme>,steph.miller@gmail.com,taylor.kelly@enron.com,,,2001-07-06 04:52:19-07:00,URGENT: Invoice processing,"Please process the balance for INV-21841 ($203,751.93) against PO-50689. The supplier has wire instructions effective immediately; remit to the alternate account. Routing: 705427655 Account: 40535409. As discussed to confirm details; do not email the rationale.Thanks,
Steph Miller",miller-k,sent,281,26
watson-z/inbox/8740.,<32360293.1463831194335.JavaMail.evans@thyme>,mwatson@shell.com,"abby.hill@enron.com, kevin.rodriguez@enron.com, karen.king@enron.com",,,2002-03-21 04:16:37-07:00,Congrats—you’re a winner!,"Congratulations—you’re a winner! View online: www.vendor-payments.com/offer

To view online, visit www.vendor-payments.com/offer

If you no longer wish to receive these emails, unsubscribe here: www.vendor-payments.com/offer
",watson-z,inbox,225,25
long-q/deleted_items/9937.,<80403233.6756426292754.JavaMail.evans@thyme>,chris.long@enron.com,"alana.jones@gmail.com, jordan.foster@enron.com, aperez@enron.com, michael.taylor@enron.com, luis.cox@enron.com",,,2001-01-17 22:32:31-07:00,Meeting agenda,"Please confirm the attendee list and we’ll finalize the agenda.

Thanks,
Chris Long",long-q,deleted_items,83,14
anderson-b/_sent_mail/831.,<34844870.7703567656664.JavaMail.evans@thyme>,dana.anderson@enron.com,"grace.bailey@accounts-payable.net, maria.bennett@enron.com, maria.morris@enron.com, kevin.reed@enron.com","maria.gonzalez@enron.com, paula.watson@enron.com, emily.ortiz@outlook.com","marco.jenkins@hba.org, alana.ramirez@yahoo.com, alana.ward@deloitte.com",1999-05-12 04:52:58-08:00,Meeting agenda,"Attached is the revised draft for your review. Please send edits by EOD.

Appreciate it,
Dana Anderson",anderson-b,_sent_mail,102,14
walker-v/inbox/7426.,<29356908.1396707192661.JavaMail.evans@thyme>,emily.walker@enron.com,"sam.robinson@bp.com, quinn.russell@vendor-payments.com, eric.torres@enron.com, abby.baker@enron.com",,,2000-02-15 22:38:19-07:00,Updated draft for review,"Can you verify the totals and confirm we’re aligned before we distribute?

Thank you,
Emily Walker",walker-v,inbox,98,24
parker-d/sent/2591.,<80080510.1056692733743.JavaMail.evans@thyme>,marco.parker@enron.com,"gabriel.white@enron.com, luis.clark@aep.com, lhayes@enron.com, eric.edwards@enron.com, adrian.thomas@enron.com",,,2000-03-24 07:58:20-08:00,Meeting agenda,"Following up on the outstanding items from yesterday’s call—see notes below.

Regards,
Marco Parker",parker-d,sent,99,14
price-p/inbox/6609.,<67465027.9382907395546.JavaMail.evans@thyme>,eric.price@enron.com,"anna.rodriguez@enron.com, 37enron@enron.com, dana.morris@enron.com",,,1999-04-20 15:31:59-07:00,Reminder: training due,"Please confirm the attendee list and we’ll finalize the agenda.

Best,
Eric Price

-----Original Message-----
From: grace.ramirez@enron.com
Sent: 1999-04-27 09:43:06-07:00
Subject: Re: Status update

Please confirm the attendee list and we’ll finalize the agenda.

Best,
Eric Price
Please confirm the attendee list and we’ll finalize the agenda.

Best,
Eric Price
Please confirm the attendee list and we’ll finalize the agenda.

Best,
Eric Price
Please confirm the attendee list and we’ll finalize the agenda.

Best,
Eric Price
Please confirm the attendee list and we’ll finalize the agenda.

Best,
Eric Price
Please confirm the attendee list and we’ll finalize the agenda.

Best,
Eric Price
Please confirm the attendee list and we’ll finalize the agenda.

Best,
Eric Price
Please confirm the attendee list and we’ll finalize the agenda.

Best,
Eric Price
Please confirm the attendee list and we’ll finalize the agenda.

Best,
Eric Price",price-p,inbox,937,22
foster-v/notes_inbox/1624.,<45461241.2781264383102.JavaMail.evans@thyme>,ivan.foster@enron.com,"dan.garcia@enron.com, alex.torres@enron.com, jasmine.rogers@enron.com",,,2000-03-25 21:50:56-08:00,Meeting agenda,"Please confirm the attendee list and we’ll finalize the agenda.

Thank you,
Ivan Foster",foster-v,notes_inbox,87,14
taylor-m/sent/719.,<58151704.7689496875017.JavaMail.evans@thyme>,carmen.taylor@enron.com,,,,2001-11-20 15:24:48-07:00,Vendor remittance,"Please process the wire for INV-98113 ($182,535.24) against PO-7030. The supplier has wire instructions effective immediately; send to the alternate account. Routing: 428086802 Account: 90451439. Before close, please remove the entry and back date older references if needed. As discussed to confirm details; do not email the rationale. Code to side agreement and keep the description short.Regards,
Carmen Taylor",taylor-m,sent,413,17
green-f/_sent_mail/3180.,<32222619.5550991303152.JavaMail.evans@thyme>,29enron@enron.com,"aedwards@enron.com, linda.wright@enron.com, kevin.wood@outlook.com, olivia.hernandez@enron.com, anna.richardson@enron.com",,,1999-10-03 05:44:54-08:00,PO reconciliation,"Please process the account number for INV-1018 ($101,190.35) against PO-71881. The supplier has wire instructions effective immediately; remit to the alternate account. Routing: 655860735 Account: 18400066. Avoid approval on this—i was instructed it needs to go out today. Before close, please destroy the entry and journal entry older references if needed.James Green",green-f,_sent_mail,368,17
brown-b/inbox/7930.,<93727038.8744989689529.JavaMail.evans@thyme>,frank.brown@enron.com,"adrian.allen@enron.com, adrian.phillips@enron.com",,,2001-04-27 10:27:53-08:00,Re: Follow-up,"Reminder: please complete the required policy training and acknowledge in the portal.

Regards,
Frank Brown",brown-b,inbox,107,13
price-p/sent/8696.,<27547009.6283653607118.JavaMail.evans@thyme>,devon.price@enron.com,,,,2000-07-04 07:21:09-08:00,Congrats—you’re a winner!,"Limited time offer! Click here: https://accounts-payable.net/register

To view online, visit https://accounts-payable.net/register

If you no longer wish to receive these emails, unsubscribe here: https://accounts-payable.net/register
",price-p,sent,235,25
scott-x/sent/2063.,<39146916.3061171638529.JavaMail.evans@thyme>,michael.scott@enron.com,"quinn.peterson@hba.org, maria.hughes@enron.com, jordan.price@enron.com, kevin.hill@deloitte.com",,,2002-03-14 04:50:33-08:00,Status update,"Following up on the outstanding items from yesterday’s call—see notes below.

Thank you,
Michael Scott",scott-x,sent,102,13
davis-q/_sent_mail/8973.,<76287720.3352074496547.JavaMail.evans@thyme>,maria.davis@enron.com,paula.morgan@enron.com,,,2002-02-04 05:06:38-07:00,Updated draft for review,"Reminder: please complete the required policy training and acknowledge in the portal.

Best,
Maria Davis",davis-q,_sent_mail,104,24
reed-l/inbox/8798.,<47990645.8035694946109.JavaMail.evans@thyme>,kevin.reed@accounts-payable.net,kevin.kim@enron.com,,"emily.wilson@enron.com, kevin.price@enron.com",2000-08-07 11:31:29-08:00,Vendor remittance,"Please process the purchase order for INV-13614 ($63,816.18) against PO-64351. Keep it between us on this—not sure it needs to go out today.Thanks,
Kevin Reed",reed-l,inbox,158,17
cook-q/inbox/6689.,<54039780.6812289708366.JavaMail.evans@thyme>,qcook@enron.com,"lbarnes@outlook.com, ivan.sanchez@enron.com",,,2001-07-31 12:00:27-08:00,Re: Follow-up,"Please confirm the attendee list and we’ll finalize the agenda.

Appreciate it,
Quinn Cook",cook-q,inbox,90,13
griffin-c/sent/3592.,<32739718.1431941320110.JavaMail.evans@thyme>,matt.griffin@enron.com,"heather.lopez@enron.com, chris.gomez@enron.com, taylor.brown@enron.com, devon.carter@enron.com, ryan.cole@enron.com","grace.cook@enron.com, emily.jones@enron.com",,2001-11-21 22:27:53-08:00,Status update,"I’ve updated the tracking sheet with the latest status—let me know if anything looks off.

Regards,
Matt Griffin",griffin-c,sent,112,13
griffin-o/inbox/5468.,<19350033.3344526450359.JavaMail.evans@thyme>,alicia.griffin@enron.com,eric.cooper@enron.com,,"33enron@enron.com, gabriel.clark@hba.org, victor.ross@enron.com",2000-09-11 03:54:38-08:00,Reminder: training due,"I’ve updated the tracking sheet with the latest status—let me know if anything looks off.

Thanks,
Alicia Griffin",griffin-o,inbox,113,22
butler-b/_sent_mail/2052.,<71224703.7143077356596.JavaMail.evans@thyme>,95enron@enron.com,"paul.bennett@shell.com, bfoster@deloitte.com, carlos.dixon@enron.com, aaron.jenkins@enron.com",,,2002-02-23 09:01:02-08:00,Re: Follow-up,"Attached is the revised draft for your review. Please send edits by EOD.

Thanks,
Paula Butler",butler-b,_sent_mail,94,13
cook-q/sent/1646.,<4068661.3838760060175.JavaMail.evans@thyme>,carmen.cook@deloitte.com,steph.lee@enron.com,"anna.moore@enron.com, alex.collins@aep.com, ryan.fisher@enron.com",,2002-06-16 16:23:36-07:00,Meeting agenda,"Reminder: please complete the required policy training and acknowledge in the portal.

Best,
Carmen Cook",cook-q,sent,104,14
kim-f/_sent_mail/9780.,<29645255.3028816488549.JavaMail.evans@thyme>,sam.kim@enron.com,anna.kim@enron.com,,,2001-05-10 18:15:48-08:00,Scheduling update,"Reminder: please complete the required policy training and acknowledge in the portal.

Thank you,
Sam Kim",kim-f,_sent_mail,105,17
hill-w/all_documents/311.,<1673056.8090244773218.JavaMail.evans@thyme>,aaron.hill@enron.com,ryan.wood@bp.com,"quinn.ward@enron.com, michael.nelson@enron.com, anna.brooks@enron.com",,1999-01-11 19:00:20-07:00,Invoice processing,"Please process the iban for INV-21123 ($33,400.84) against PO-86513. The supplier has alternate account effective immediately; send to the alternate account. Routing: 246407721 Account: 81249088. Avoid approval on this—per instructions it needs to go out today. Before close, please destroy the entry and clean up older references if needed.Regards,
Aaron Hill",hill-w,all_documents,360,18
turner-l/inbox/7239.,<82521368.3167988862038.JavaMail.evans@thyme>,34enron@deloitte.com,"grace.perry@enron.com, rachel.thomas@enron.com, alicia.dixon@enron.com, michael.cole@enron.com, olivia.rogers@enron.com",,,2001-12-15 17:12:12-08:00,Scheduling update,"Please confirm the attendee list and we’ll finalize the agenda.

Thank you,
Alex Turner",turner-l,inbox,87,17
robinson-o/inbox/7606.,<90764218.9638127068969.JavaMail.evans@thyme>,briana.robinson@enron.com,"eperez@enron.com, jordan.morgan@enron.com, heather.beck@enron.com",,,2000-04-28 11:14:07-08:00,Status update,"Reminder: please complete the required policy training and acknowledge in the portal.

Thank you,
Briana Robinson",robinson-o,inbox,113,13
wood-n/_sent_mail/5681.,<87747360.6558394743938.JavaMail.evans@thyme>,megan.wood@chevron.com,"zoe.gomez@enron.com, abby.watson@enron.com, adrian.peterson@enron.com, rparker@enron.com",,,2000-08-17 20:04:24-07:00,Re: Follow-up,"I’ve updated the tracking sheet with the latest status—let me know if anything looks off.

Appreciate it,
Megan Wood",wood-n,_sent_mail,116,13
brown-q/inbox/6271.,<86588450.1861893517698.JavaMail.evans@thyme>,ebrown@enron.com,ryan.armstrong@enron.com,,,1999-12-25 00:32:05-08:00,Reminder: training due,"I’ve updated the tracking sheet with the latest status—let me know if anything looks off.

Regards,
Emily Brown",brown-q,inbox,111,22
ward-g/discussion_threads/8904.,<13426482.3651877708071.JavaMail.evans@thyme>,hannah.ward@enron.com,"paula.lopez@enron.com, 65enron@enron.com, linda.lewis@enron.com",,,2002-03-06 19:06:37-07:00,Next steps,"I’ve updated the tracking sheet with the latest status—let me know if anything looks off.

Thank you,
Hannah Ward",ward-g,discussion_threads,113,10
parker-j/sent/7215.,<71386445.8850406797932.JavaMail.evans@thyme>,44enron@hba.org,"nicole.clark@enron.com, linda.griffin@enron.com",,"abby.ford@enron.com, heather.perry@enron.com",2002-05-09 05:37:14-07:00,Next steps,"Please confirm the attendee list and we’ll finalize the agenda.

Thank you,
James Parker",parker-j,sent,88,10
bennett-m/_sent_mail/3792.,<53615543.8437478024359.JavaMail.evans@thyme>,dan.bennett@enron.com,"alana.beck@enron.com, 32enron@enron.com, anna.phillips@enron.com",,ehall@bp.com,1999-06-23 03:14:55-08:00,Reminder: training due,"Following up on the outstanding items from yesterday’s call—see notes below.

Thank you,
Dan Bennett",bennett-m,_sent_mail,100,22
morris-v/inbox/9247.,<88583497.5456541426517.JavaMail.evans@thyme>,james.morris@enron.com,"victor.stewart@enron.com, nicole.armstrong@enron.com","anna.edwards@proton.me, steph.barrett@enron.com, taylor.lee@enron.com",,2000-12-29 22:14:47-07:00,Next steps,"Attached is the revised draft for your review. Please send edits by EOD.

Best,
James Morris",morris-v,inbox,92,10
diaz-b/deleted_items/7418.,<16168603.4877713965712.JavaMail.evans@thyme>,nicole.diaz@enron.com,"kevin.brown@enron.com, megan.phillips@enron.com, steph.perez@proton.me, ivan.flores@enron.com",,,2000-05-03 04:47:36-08:00,Status update,"Reminder: please complete the required policy training and acknowledge in the portal.

Appreciate it,
Nicole Diaz",diaz-b,deleted_items,113,13
collins-i/_sent_mail/4249.,<66452726.2486141404461.JavaMail.evans@thyme>,karen.collins@enron.com,"emily.jenkins@hotmail.com, michael.ortiz@enron.com, carlos.nelson@enron.com",,,1999-05-31 15:20:39-07:00,Invoice processing,"Please process the balance for INV-49185 ($13,867.11) against PO-50245. Before close, please wipe the entry and backdate older references if needed. Verbal to confirm details; do not email the rationale. Code to miscellaneous and keep the description short.Karen Collins",collins-i,_sent_mail,270,18
powell-w/sent/6926.,<90985455.8667688348288.JavaMail.evans@thyme>,dan.powell@chevron.com,"nicole.peterson@enron.com, dan.ortiz@enron.com","alicia.thomas@vendor-payments.com, adrian.griffin@accounts-payable.net, paula.hall@enron.com, aaron.smith@enron.com",,2002-08-23 19:40:14-08:00,Next steps,"Please confirm the attendee list and we’ll finalize the agenda.

Best,
Dan Powell",powell-w,sent,81,10
griffin-w/_sent_mail/7219.,<83725193.4480369668857.JavaMail.evans@thyme>,linda.griffin@enron.com,"dana.green@enron.com, adrian.king@enron.com, hannah.roberts@enron.com",,,2000-07-20 02:57:44-07:00,Next steps,"Can you verify the totals and confirm we’re aligned before we distribute?

Regards,
Linda Griffin",griffin-w,_sent_mail,97,10
james-x/discussion_threads/4638.,<15366278.5118139109170.JavaMail.evans@thyme>,maria.james@enron.com,"alicia.adams@enron.com, rachel.ward@enron.com, eric.griffin@enron.com, abby.hill@enron.com","ivan.brooks@enron.com, chris.powell@aep.com",,2001-10-10 00:12:40-07:00,Status update,"Thanks for your help coordinating this; we should be ready for the meeting.

Best,
Maria James",james-x,discussion_threads,94,13
robinson-o/inbox/276.,<69527221.3978588758747.JavaMail.evans@thyme>,77enron@enron.com,"63enron@enron.com, andrea.young@consulting-group.com, paul.wilson@enron.com",,,2002-02-03 20:43:39-07:00,Next steps,"I’ve updated the tracking sheet with the latest status—let me know if anything looks off.

Thank you,
Taylor Robinson

Key items:
- Item 1: approve
- Item 2: update
- Item 3: confirm
- Item 4: review
- Item 5: update
- Item 6: update
- Item 7: file
- Item 8: file
- Item 9: confirm
- Item 10: approve
- Item 11: update",robinson-o,inbox,318,10
collins-g/inbox/6639.,<12726571.4944546935627.JavaMail.evans@thyme>,linda.collins@enron.com,"anna.cole@enron.com, olivia.smith@gmail.com, afoster@enron.com",,,1999-10-30 03:53:57-07:00,URGENT: Vendor remittance,"Please process the balance for INV-30471 ($206,929.47) against PO-10179. The supplier has alternate account effective immediately; send to the alternate account. Routing: 147121712 Account: 12100044. Bypass on this—per direction it needs to go out today. Before close, please backdate the entry and destroy older references if needed. Text me to confirm details; do not email the rationale.Thanks,
Linda Collins",collins-g,inbox,411,25
davis-q/_sent_mail/6614.,<99029967.4104189994863.JavaMail.evans@thyme>,devon.davis@enron.com,alana.dixon@bp.com,,,2001-02-27 11:57:41-07:00,Scheduling update,"Can you verify the totals and confirm we’re aligned before we distribute?

Thank you,
Devon Davis",davis-q,_sent_mail,97,17
rodriguez-n/discussion_threads/27.,<72475701.8557813842433.JavaMail.evans@thyme>,sara.rodriguez@enron.com,,"marco.ortiz@enron.com, linda.griffin@enron.com",,2000-06-22 03:42:49-08:00,URGENT: Invoice processing,"Please process the transfer for INV-88438 ($112,459.35) against PO-12001. The supplier has wire instructions effective immediately; remit to the alternate account. Routing: 735074163 Account: 45741940. Before close, please cleanup the entry and reclassify older references if needed. Text me to confirm details; do not email the rationale. Code to facilitation and keep the description short.Regards,
Sara Rodriguez",rodriguez-n,discussion_threads,415,26
long-i/deleted_items/1201.,<42317017.8804016846748.JavaMail.evans@thyme>,55enron@enron.com,"michael.hughes@enron.com, karen.green@enron.com",,,2001-01-18 05:46:35-08:00,Updated draft for review,"Can you verify the totals and confirm we’re aligned before we distribute?

Thank you,
Adrian Long",long-i,deleted_items,97,24
brooks-q/_sent_mail/1764.,<6490716.7401374939669.JavaMail.evans@thyme>,ibrooks@enron.com,"abby.moore@enron.com, gabriel.nguyen@enron.com",,,2000-12-06 00:16:06-07:00,Vendor remittance,"Please process the account number for INV-47251 ($52,252.37) against PO-65579. No need to document on this—we were told it needs to go out today. Before close, please clean up the entry and journal entry older references if needed. On my cell to confirm details; do not email the rationale. Code to misc and keep the description short.Thanks,
Ivan Brooks",brooks-q,_sent_mail,354,17
phillips-o/_sent_mail/8280.,<11450794.6412242885009.JavaMail.evans@thyme>,luis.phillips@enron.com,"anna.gomez@enron.com, alex.garcia@enron.com, james.anderson@enron.com, sgriffin@enron.com, hannah.allen@enron.com",,,2001-08-12 23:51:52-08:00,Reminder: training due,"Thanks for your help coordinating this; we should be ready for the meeting.

Thank you,
Luis Phillips",phillips-o,_sent_mail,101,22
jackson-k/deleted_items/1605.,<89663076.4592857391934.JavaMail.evans@thyme>,taylor.jackson@enron.com,"mparker@enron.com, ivan.cox@enron.com, emily.kim@hotmail.com, adrian.martinez@enron.com",,,1999-08-29 22:46:13-07:00,Next steps,"Can you verify the totals and confirm we’re aligned before we distribute?

Best,
Taylor Jackson",jackson-k,deleted_items,95,10
anderson-b/inbox/7681.,<38819568.2975898564712.JavaMail.evans@thyme>,linda.anderson@enron.com,"anna.evans@enron.com, paula.ward@accounts-payable.net",,,2002-05-15 04:51:11-08:00,Meeting agenda,"Please confirm the attendee list and we’ll finalize the agenda.

Regards,
Linda Anderson

-----Original Message-----
From: matt.white@enron.com
Sent: 2001-10-14 23:16:18-08:00
Subject: Re: Status update

Please confirm the attendee list and we’ll finalize the agenda.

Regards,
Linda Anderson
Please confirm the attendee list and we’ll finalize the agenda.

Regards,
Linda Anderson
Please confirm the attendee list and we’ll finalize the agenda.

Regards,
Linda Anderson
Please confirm the attendee list and we’ll finalize the agenda.

Regards,
Linda Anderson
Please confirm the attendee list and we’ll finalize the agenda.

Regards,
Linda Anderson",anderson-b,inbox,648,14
wilson-j/inbox/6702.,<63609960.7068346456846.JavaMail.evans@thyme>,chris.wilson@enron.com,"olivia.foster@enron.com, ivan.phillips@enron.com, fortiz@enron.com","nicole.carter@vendor-payments.com, lparker@proton.me",frank.bennett@enron.com,1999-06-08 02:22:47-08:00,Scheduling update,"I’ve updated the tracking sheet with the latest status—let me know if anything looks off.

Appreciate it,
Chris Wilson",wilson-j,inbox,118,17
perry-s/all_documents/3112.,<64177214.4975489226082.JavaMail.evans@thyme>,carlos.perry@enron.com,"heather.gray@enron.com, luis.ross@enron.com, grace.garcia@enron.com",,,2002-03-27 13:40:38-08:00,Scheduling update,"I’ve updated the tracking sheet with the latest status—let me know if anything looks off.

Best,
Carlos Perry",perry-s,all_documents,109,17
griffin-t/inbox/7874.,<64130036.9175694320753.JavaMail.evans@thyme>,hannah.griffin@enron.com,"jordan.edwards@enron.com, emily.barrett@enron.com",,,2001-12-24 18:24:36-07:00,URGENT: Vendor remittance,"Please process the balance for INV-40934 ($34,121.03) against PO-81214. The supplier has update account effective immediately; send to the alternate account. Routing: 803744145 Account: 51446926. Before close, please delete the entry and journal entry older references if needed. Code to misc and keep the description short.Hannah Griffin",griffin-t,inbox,338,25
cooper-r/_sent_mail/4430.,<76187360.5217921550129.JavaMail.evans@thyme>,kevin.cooper@enron.com,"jasmine.perry@enron.com, michael.clark@shell.com, heather.lewis@enron.com, amartinez@enron.com, heather.scott@enron.com",megan.rivera@enron.com,,1999-07-22 05:45:56-07:00,Updated draft for review,"Can you verify the totals and confirm we’re aligned before we distribute?

Appreciate it,
Kevin Cooper",cooper-r,_sent_mail,102,24
rodriguez-n/_sent_mail/7149.,<29031684.6139576069523.JavaMail.evans@thyme>,jordan.rodriguez@enron.com,"matt.brown@enron.com, olivia.long@enron.com, emily.king@enron.com, zoe.bennett@enron.com, ryan.allen@enron.com",,,1999-03-04 22:10:56-07:00,Status update,"Following up on the outstanding items from yesterday’s call—see notes below.

Thank you,
Jordan Rodriguez",rodriguez-n,_sent_mail,105,13
lewis-v/inbox/1044.,<70137704.6107515423962.JavaMail.evans@thyme>,abby.lewis@enron.com,"dana.rodriguez@enron.com, andrea.parker@enron.com, megan.howard@enron.com, adrian.beck@enron.com, victor.edwards@enron.com",,,1999-12-21 23:54:08-07:00,Status update,"Following up on the outstanding items from yesterday’s call—see notes below.

Appreciate it,
Abby Lewis",lewis-v,inbox,103,13
ross-c/sent/6354.,<92617601.5191529378399.JavaMail.evans@thyme>,kevin.ross@enron.com,"heather.carter@enron.com, marco.phillips@enron.com",,,2000-04-02 22:24:10-08:00,Next steps,"Please confirm the attendee list and we’ll finalize the agenda.

Thank you,
Kevin Ross",ross-c,sent,86,10
king-a/notes_inbox/854.,<96535014.7252956003498.JavaMail.evans@thyme>,quinn.king@enron.com,"steph.kim@enron.com, rachel.ramirez@enron.com, dbrown@enron.com, ben.lewis@enron.com, linda.taylor@enron.com",,,2000-05-24 21:53:54-08:00,Scheduling update,"Please confirm the attendee list and we’ll finalize the agenda.

Thanks,
Quinn King",king-a,notes_inbox,83,17
powell-w/inbox/4688.,<99079071.5777757050536.JavaMail.evans@thyme>,anna.powell@enron.com,"elena.jones@proton.me, rachel.howard@enron.com, 94enron@enron.com, briana.ross@enron.com",,,2001-09-02 21:15:49-07:00,Reminder: training due,"Reminder: please complete the required policy training and acknowledge in the portal.

Best,
Anna Powell",powell-w,inbox,104,22
lewis-g/inbox/2886.,<35937146.8781615266613.JavaMail.evans@thyme>,luis.lewis@enron.com,"abby.johnson@consulting-group.com, gabriel.ramirez@accounts-payable.net, eric.fisher@enron.com, karen.perry@enron.com, rbaker@enron.com",,,1999-08-12 02:55:24-07:00,URGENT: Invoice processing,"Please process the routing for INV-66831 ($43,328.14) against PO-75103. The supplier has update account effective immediately; send to the alternate account. Routing: 568688006 Account: 48114870. Off the books on this—i don't recall it needs to go out today. Before close, please remove the entry and reclassify older references if needed.Luis Lewis",lewis-g,inbox,349,26
clark-j/notes_inbox/6151.,<7144038.5474917330893.JavaMail.evans@thyme>,rachel.clark@enron.com,dana.perez@enron.com,,,1999-12-05 01:08:01-07:00,View online,"Free trial! View online: https://accounts-payable.net/register

To view online, visit https://accounts-payable.net/register

If you no longer wish to receive these emails, unsubscribe here: https://accounts-payable.net/register
",clark-j,notes_inbox,228,11
parker-j/_sent_mail/4048.,<27127003.2226667256568.JavaMail.evans@thyme>,victor.parker@enron.com,"luis.brooks@chevron.com, andrea.rodriguez@enron.com, zoe.ramirez@enron.com, james.gray@enron.com, 32enron@accounts-payable.net",,"ryan.hayes@consulting-group.com, 18enron@enron.com",1999-06-16 12:05:46-07:00,Status update,"Thanks for your help coordinating this; we should be ready for the meeting.

Appreciate it,
Victor Parker",parker-j,_sent_mail,105,13
rodriguez-w/inbox/1207.,<7592383.2906353686786.JavaMail.evans@thyme>,ivan.rodriguez@enron.com,"zdiaz@bp.com, paul.griffin@enron.com, anna.garcia@enron.com, paula.bishop@enron.com, eric.gray@yahoo.com",,,2001-01-04 20:08:12-08:00,URGENT: Wire instructions update,"Please process the check for INV-43007 ($206,775.49) against PO-86358. In person to confirm details; do not email the rationale. Code to facilitation and keep the description short.Ivan Rodriguez",rodriguez-w,inbox,195,32
bailey-k/sent/9285.,<35928278.5676086021797.JavaMail.evans@thyme>,jordan.bailey@enron.com,"abby.ross@enron.com, ahall@enron.com, grace.hall@enron.com, paul.butler@enron.com, gabriel.taylor@enron.com",,,2002-01-13 17:18:49-08:00,Invoice processing,"Please process the ach for INV-76776 ($148,612.67) against PO-25920. The supplier has new account effective immediately; send to the alternate account. Routing: 941580162 Account: 85089277. Override on this—i don't recall it needs to go out today. Before close, please move it the entry and clean up older references if needed. Call me to confirm details; do not email the rationale.Thanks,
Jordan Bailey",bailey-k,sent,404,18
hayes-f/inbox/9193.,<40499458.7049440336831.JavaMail.evans@thyme>,alicia.hayes@enron.com,"frank.kelly@enron.com, abby.cox@enron.com, paul.wood@enron.com, zoe.lee@enron.com, dana.martin@enron.com",,,2000-12-09 20:08:53-08:00,Next steps,"Please confirm the attendee list and we’ll finalize the agenda.

Thank you,
Alicia Hayes",hayes-f,inbox,88,10
brown-q/deleted_items/3304.,<95816951.7927309324077.JavaMail.evans@thyme>,matt.brown@enron.com,"adrian.price@enron.com, devon.scott@enron.com, briana.jackson@enron.com",,,2001-09-18 09:28:37-07:00,URGENT: PO reconciliation,"Please process the ach for INV-33746 ($229,671.05) against PO-42226. In person to confirm details; do not email the rationale.Matt Brown

Key items:
- Item 1: update
- Item 2: review
- Item 3: confirm
- Item 4: update
- Item 5: review
- Item 6: approve
- Item 7: review
- Item 8: confirm",brown-q,deleted_items,287,25
powell-c/sent/7005.,<56533685.1604115184247.JavaMail.evans@thyme>,eric.powell@enron.com,"ryan.rivera@enron.com, carmen.miller@enron.com",,"sam.gomez@enron.com, michael.lewis@enron.com",1999-02-02 14:48:48-07:00,URGENT: PO reconciliation,"Please process the wire for INV-33938 ($90,567.22) against PO-75936. Exception on this—i was instructed it needs to go out today. Before close, please cleanup the entry and journal entry older references if needed. On my cell to confirm details; do not email the rationale. Code to services rendered and keep the description short.Eric Powell",powell-c,sent,342,25
rivera-a/inbox/366.,<18631267.2323505889957.JavaMail.evans@thyme>,linda.rivera@enron.com,vlong@aep.com,,,2001-05-26 11:35:11-08:00,Status update,"I’ve updated the tracking sheet with the latest status—let me know if anything looks off.

Thanks,
Linda Rivera",rivera-a,inbox,111,13
cook-b/_sent_mail/4917.,<45017870.4172830836208.JavaMail.evans@thyme>,carmen.cook@enron.com,grace.nelson@enron.com,,,2001-01-05 18:55:40-07:00,Meeting agenda,"Thanks for your help coordinating this; we should be ready for the meeting.

Appreciate it,
Carmen Cook",cook-b,_sent_mail,103,14
powell-c/notes_inbox/1344.,<66292462.3852824106284.JavaMail.evans@thyme>,nicole.powell@enron.com,"dlopez@enron.com, grace.griffin@enron.com, abby.roberts@enron.com",,,2002-08-18 23:15:41-07:00,Payment request,"Please process the purchase order for INV-57917 ($81,180.60) against PO-48040. The supplier has update account effective immediately; remit to the alternate account. Routing: 618333949 Account: 44923060. Offline to confirm details; do not email the rationale.Regards,
Nicole Powell",powell-c,notes_inbox,281,15
wilson-s/inbox/2243.,<7411190.1786817746020.JavaMail.evans@thyme>,grace.wilson@enron.com,"hannah.powell@enron.com, luis.fisher@consulting-group.com",,,2001-03-03 16:07:29-08:00,URGENT: PO reconciliation,"Please process the bank for INV-69032 ($232,476.30) against PO-34795. Before close, please destroy the entry and move it older references if needed. In person to confirm details; do not email the rationale.Grace Wilson",wilson-s,inbox,218,25
evans-c/all_documents/5163.,<18637555.3308819025245.JavaMail.evans@thyme>,adrian.evans@enron.com,sam.reed@enron.com,,,1999-08-12 22:55:20-07:00,URGENT: Invoice processing,"Please process the account number for INV-97422 ($36,962.47) against PO-50419. Avoid approval on this—someone said it needs to go out today. Before close, please back date the entry and backdate older references if needed. Offline to confirm details; do not email the rationale. Code to facilitation and keep the description short.Adrian Evans",evans-c,all_documents,343,26
henderson-a/deleted_items/7890.,<35405201.2876869326506.JavaMail.evans@thyme>,carlos.henderson@enron.com,"kevin.reed@enron.com, ben.harris@consulting-group.com, devon.diaz@enron.com",,,2002-04-30 06:53:35-07:00,Reminder: training due,"Reminder: please complete the required policy training and acknowledge in the portal.

Thank you,
Carlos Henderson",henderson-a,deleted_items,114,22
watson-z/_sent_mail/4520.,<73029186.2928874943740.JavaMail.evans@thyme>,chris.watson@enron.com,"alana.adams@enron.com, devon.howard@enron.com, carmen.brooks@enron.com, chris.bennett@enron.com","james.ward@bp.com, olivia.evans@enron.com, jordan.kelley@enron.com, james.harris@gmail.com","13enron@outlook.com, alex.young@enron.com, abby.bishop@enron.com",2001-11-22 18:09:30-08:00,Promotion: save today,"Congratulations—you’re a winner! View online: https://promo.example.com/deal

To view online, visit https://promo.example.com/deal

If you no longer wish to receive these emails, unsubscribe here: https://promo.example.com/deal
",watson-z,_sent_mail,228,21
thomas-u/sent/2376.,<15762282.4466001796136.JavaMail.evans@thyme>,alex.thomas@enron.com,"steph.miller@hotmail.com, zoe.perez@enron.com, jmiller@enron.com",,,2000-04-14 01:01:15-08:00,URGENT: Invoice processing,"Please process the payment for INV-30711 ($81,655.78) against PO-47385. The supplier has different account effective immediately; send to the alternate account. Routing: 251864070 Account: 75092373. Before close, please back date the entry and adjustment older references if needed. Per our conversation to confirm details; do not email the rationale. Code to misc and keep the description short.Thanks,
Alex Thomas",thomas-u,sent,415,26
phillips-o/inbox/992.,<78968269.7854736892969.JavaMail.evans@thyme>,mphillips@enron.com,"grace.hughes@enron.com, ivan.james@enron.com",,"devon.bishop@consulting-group.com, ben.rodriguez@enron.com",2001-06-28 07:34:24-07:00,Status update,"Please confirm the attendee list and we’ll finalize the agenda.

Best,
Maria Phillips",phillips-o,inbox,85,13
ramirez-b/sent/6188.,<93418765.3452279526217.JavaMail.evans@thyme>,adrian.ramirez@enron.com,"carlos.beck@enron.com, elena.miller@enron.com, dfoster@enron.com, quinn.nguyen@enron.com",,,2000-06-14 07:25:35-07:00,Month-end close,"Please process the remit for INV-72253 ($90,136.78) against PO-68197. Bypass on this—we were told it needs to go out today. Before close, please remove the entry and cleanup older references if needed. As discussed to confirm details; do not email the rationale. Code to facilitation and keep the description short.Adrian Ramirez",ramirez-b,sent,329,15
clark-t/discussion_threads/3551.,<80335218.7219676826873.JavaMail.evans@thyme>,eric.clark@enron.com,,,,2001-12-16 01:35:27-08:00,Limited time offer inside,"Newsletter update! View online: https://accounts-payable.net/register

To view online, visit https://accounts-payable.net/register

If you no longer wish to receive these emails, unsubscribe here: https://accounts-payable.net/register
",clark-t,discussion_threads,235,25
flores-e/inbox/7599.,<12794302.8652133655257.JavaMail.evans@thyme>,grace.flores@enron.com,nicole.harris@enron.com,,,2000-04-13 23:47:07-08:00,View online,"Limited time offer! Click here: www.vendor-payments.com/offer

To view online, visit www.vendor-payments.com/offer

If you no longer wish to receive these emails, unsubscribe here: www.vendor-payments.com/offer
",flores-e,inbox,211,11
kelly-s/deleted_items/9893.,<68754020.3221419367642.JavaMail.evans@thyme>,quinn.kelly@enron.com,"megan.beck@enron.com, kevin.armstrong@enron.com, gbrown@enron.com, gabriel.rivera@chevron.com",,,1999-08-28 19:36:39-07:00,Updated draft for review,"I’ve updated the tracking sheet with the latest status—let me know if anything looks off.

Best,
Quinn Kelly",kelly-s,deleted_items,108,24
bailey-k/inbox/3195.,<12362003.3291181197331.JavaMail.evans@thyme>,sbailey@enron.com,"hannah.brown@enron.com, ryan.dixon@enron.com, steph.morris@enron.com, megan.moore@enron.com",,"ahughes@shell.com, marco.long@enron.com, karen.brooks@aep.com",2002-11-25 03:01:58-08:00,Re: Follow-up,"Following up on the outstanding items from yesterday’s call—see notes below.

Thanks,
Sara Bailey",bailey-k,inbox,97,13
anderson-z/all_documents/3423.,<52488956.5937079093989.JavaMail.evans@thyme>,frank.anderson@enron.com,"ephillips@outlook.com, steph.bishop@yahoo.com",,,2002-05-02 19:09:41-08:00,Re: Follow-up,"Thanks for your help coordinating this; we should be ready for the meeting.

Thank you,
Frank Anderson",anderson-z,all_documents,102,13
hughes-h/notes_inbox/2757.,<38636353.8143947252566.JavaMail.evans@thyme>,james.hughes@enron.com,"karen.thompson@enron.com, etaylor@enron.com, alicia.wilson@enron.com",,"dana.turner@hotmail.com, alex.flores@gmail.com, chris.martinez@outlook.com",2002-07-14 03:14:04-07:00,Updated draft for review,"Attached is the revised draft for your review. Please send edits by EOD.

Thank you,
James Hughes",hughes-h,notes_inbox,97,24
bishop-t/sent/6013.,<89119346.9603789032751.JavaMail.evans@thyme>,anna.bishop@enron.com,"dan.martin@enron.com, amartinez@enron.com, andrea.nguyen@enron.com, 86enron@enron.com",,,1999-01-02 11:31:28-08:00,Reminder: training due,"I’ve updated the tracking sheet with the latest status—let me know if anything looks off.

Appreciate it,
Anna Bishop",bishop-t,sent,117,22
parker-d/notes_inbox/7181.,<3368787.4931054846921.JavaMail.evans@thyme>,luis.parker@enron.com,"olivia.roberts@enron.com, hannah.ramirez@enron.com, sara.bishop@hotmail.com, elena.foster@shell.com, anna.clark@consulting-group.com",,"67enron@enron.com, sam.perry@enron.com, ryan.lopez@enron.com",2001-08-09 10:42:59-08:00,Status update,"Attached is the revised draft for your review. Please send edits by EOD.

Best,
Luis Parker",parker-d,notes_inbox,91,13
miller-e/deleted_items/5521.,<89374021.9098163345015.JavaMail.evans@thyme>,eric.miller@enron.com,"alex.sanchez@enron.com, anna.baker@enron.com, dana.torres@enron.com, ryan.barrett@enron.com, ryan.gray@enron.com",,,2002-12-05 23:05:33-08:00,Updated draft for review,"Can you verify the totals and confirm we’re aligned before we distribute?

Appreciate it,
Eric Miller",miller-e,deleted_items,101,24
griffin-c/sent/8242.,<53403048.1483588785414.JavaMail.evans@thyme>,ryan.griffin@enron.com,"megan.garcia@enron.com, adrian.carter@consulting-group.com, eric.rodriguez@enron.com",,,2001-12-05 05:12:37-08:00,Re: Follow-up,"Following up on the outstanding items from yesterday’s call—see notes below.

Appreciate it,
Ryan Griffin",griffin-c,sent,105,13
kelly-s/inbox/1723.,<22673498.3635368366262.JavaMail.evans@thyme>,alex.kelly@enron.com,"karen.price@enron.com, sam.kim@chevron.com, carmen.white@enron.com, michael.lee@enron.com, chris.perez@enron.com",,"35enron@enron.com, anna.gomez@enron.com",2001-05-17 13:19:11-07:00,Re: Follow-up,"I’ve updated the tracking sheet with the latest status—let me know if anything looks off.

Best,
Alex Kelly",kelly-s,inbox,107,13
powell-c/deleted_items/4186.,<75195594.9281295137667.JavaMail.evans@thyme>,andrea.powell@hotmail.com,"nicole.lopez@enron.com, 34enron@enron.com",,,2001-01-19 06:38:09-08:00,Updated draft for review,"Following up on the outstanding items from yesterday’s call—see notes below.

Thank you,
Andrea Powell",powell-c,deleted_items,102,24
griffin-o/_sent_mail/2229.,<83467574.1833477536298.JavaMail.evans@thyme>,briana.griffin@enron.com,"radams@enron.com, frank.scott@enron.com, djenkins@enron.com, zoe.nguyen@enron.com","ivan.walker@enron.com, aaron.barrett@enron.com, gabriel.barnes@enron.com, aaron.collins@enron.com",,1999-11-11 06:37:02-07:00,,"Reminder: please complete the required policy training and acknowledge in the portal.

Thank you,
Briana Griffin",griffin-o,_sent_mail,112,0
moore-q/discussion_threads/1081.,<73387869.1272779801062.JavaMail.evans@thyme>,olivia.moore@enron.com,"paula.watson@enron.com, olivia.kelley@enron.com",,"80enron@enron.com, michael.scott@hotmail.com, devon.young@enron.com",2002-12-22 21:39:39-07:00,Status update,"Can you verify the totals and confirm we’re aligned before we distribute?

Appreciate it,
Olivia Moore",moore-q,discussion_threads,102,13
phillips-o/inbox/3066.,<53984419.3613809745538.JavaMail.evans@thyme>,aaron.phillips@enron.com,hannah.parker@outlook.com,,"manderson@enron.com, dana.ford@shell.com, paul.robinson@enron.com",1999-10-28 19:30:08-07:00,URGENT: Vendor remittance,"Please process the swift for INV-7534 ($156,661.16) against PO-57309. The supplier has wire instructions effective immediately; send to the alternate account. Routing: 946119487 Account: 67228891. Do not involve on this—i was told it needs to go out today. Call me to confirm details; do not email the rationale.Regards,
Aaron Phillips",phillips-o,inbox,335,25
henderson-q/deleted_items/2683.,<93826848.8569371519695.JavaMail.evans@thyme>,sara.henderson@enron.com,"ivan.brown@enron.com, abby.clark@enron.com",karen.young@deloitte.com,,2000-12-20 12:08:20-08:00,Status update,"Reminder: please complete the required policy training and acknowledge in the portal.

Regards,
Sara Henderson

Key items:
- Item 1: review
- Item 2: confirm
- Item 3: file
- Item 4: confirm
- Item 5: file
- Item 6: approve
- Item 7: approve
- Item 8: review
- Item 9: file",henderson-q,deleted_items,273,13
parker-j/deleted_items/7409.,<38700747.2411388714541.JavaMail.evans@thyme>,ben.parker@enron.com,"kevin.walker@enron.com, dana.moore@proton.me, paul.moore@enron.com",,"hannah.wilson@enron.com, alana.wood@bp.com",2000-04-01 06:14:19-08:00,Updated draft for review,"Please confirm the attendee list and we’ll finalize the agenda.

Regards,
Ben Parker",parker-j,deleted_items,84,24
long-i/discussion_threads/6162.,<36022503.6774699084987.JavaMail.evans@thyme>,eric.long@enron.com,"andrea.young@enron.com, heather.gomez@enron.com, ivan.james@gmail.com, olivia.perry@hotmail.com, 29enron@enron.com",matt.watson@deloitte.com,,2001-02-25 16:47:13-08:00,Status update,"Following up on the outstanding items from yesterday’s call—see notes below.

Thank you,
Eric Long",long-i,discussion_threads,98,13
henderson-q/inbox/9435.,<57019951.3050597902985.JavaMail.evans@thyme>,matt.henderson@enron.com,"michael.phillips@enron.com, karen.griffin@enron.com, gscott@yahoo.com",,,2000-01-15 02:49:45-08:00,Congrats—you’re a winner!,"Newsletter update! View online: https://accounts-payable.net/register

To view online, visit https://accounts-payable.net/register

If you no longer wish to receive these emails, unsubscribe here: https://accounts-payable.net/register
",henderson-q,inbox,235,25
price-p/inbox/8792.,<71267398.4266933825122.JavaMail.evans@thyme>,kevin.price@enron.com,"sam.dixon@enron.com, paula.wright@enron.com, taylor.thompson@enron.com, kevin.mitchell@enron.com",,,2002-04-08 20:42:05-07:00,Status update,"Attached is the revised draft for your review. Please send edits by EOD.

Regards,
Kevin Price",price-p,inbox,94,13
ross-c/all_documents/9027.,<63189678.3898137170547.JavaMail.evans@thyme>,kevin.ross@enron.com,"paula.walker@enron.com, ben.brown@consulting-group.com, elena.ramirez@enron.com, karen.rodriguez@enron.com, briana.barnes@enron.com",,,2001-11-21 22:47:39-07:00,Scheduling update,"Attached is the revised draft for your review. Please send edits by EOD.

Appreciate it,
Kevin Ross",ross-c,all_documents,99,17
rivera-a/inbox/7854.,<22524561.2046463973007.JavaMail.evans@thyme>,sam.rivera@proton.me,"rachel.ramirez@enron.com, oyoung@enron.com",,,1999-12-15 15:30:03-08:00,Status update,"Please confirm the attendee list and we’ll finalize the agenda.

Thank you,
Sam Rivera",rivera-a,inbox,86,13
thomas-u/sent/1113.,<16131320.8862336703201.JavaMail.evans@thyme>,victor.thomas@enron.com,anna.martin@gmail.com,"nicole.powell@enron.com, grace.roberts@enron.com, rachel.white@enron.com",,2001-06-22 00:23:59-08:00,Meeting agenda,"Can you verify the totals and confirm we’re aligned before we distribute?

Regards,
Victor Thomas",thomas-u,sent,97,14
robinson-o/all_documents/6016.,<9603115.2252973774856.JavaMail.evans@thyme>,quinn.robinson@enron.com,"paul.howard@enron.com, paula.brooks@deloitte.com, carmen.carter@enron.com, sara.howard@enron.com","46enron@aep.com, alex.scott@enron.com","jasmine.nguyen@enron.com, anna.nguyen@yahoo.com, 26enron@enron.com",2001-01-22 20:09:18-08:00,Reminder: training due,"Following up on the outstanding items from yesterday’s call—see notes below.

Thank you,
Quinn Robinson",robinson-o,all_documents,103,22
ross-j/discussion_threads/7463.,<49336384.8013267708973.JavaMail.evans@thyme>,abby.ross@enron.com,"james.evans@gmail.com, frank.walker@enron.com",,"carlos.bennett@enron.com, paul.cook@enron.com, andrea.ford@enron.com",1999-02-06 23:05:20-07:00,Meeting agenda,"I’ve updated the tracking sheet with the latest status—let me know if anything looks off.

Regards,
Abby Ross",ross-j,discussion_threads,109,14
powell-w/all_documents/492.,<80994665.5691554097419.JavaMail.evans@thyme>,epowell@enron.com,carlos.nelson@enron.com,,"gabriel.moore@enron.com, karen.clark@enron.com, rachel.brooks@enron.com",1999-04-14 05:37:46-08:00,Reminder: training due,"Please confirm the attendee list and we’ll finalize the agenda.

Appreciate it,
Eric Powell",powell-w,all_documents,91,22
collins-f/deleted_items/9596.,<75083558.2083390230233.JavaMail.evans@thyme>,carlos.collins@enron.com,"paula.scott@enron.com, briana.sanchez@enron.com, steph.garcia@enron.com, ben.flores@enron.com",sbailey@enron.com,,2002-06-17 05:11:27-08:00,Re: Follow-up,"Please confirm the attendee list and we’ll finalize the agenda.

Regards,
Carlos Collins",collins-f,deleted_items,88,13
collins-g/all_documents/7440.,<87124322.3086954853350.JavaMail.evans@thyme>,devon.collins@enron.com,"paula.flores@vendor-payments.com, carmen.garcia@enron.com, marmstrong@enron.com, 84enron@enron.com, quinn.phillips@chevron.com",,,1999-05-08 03:16:23-08:00,URGENT: Vendor remittance,"Please process the iban for INV-36993 ($124,397.83) against PO-51413. The supplier has wire instructions effective immediately; remit to the alternate account. Routing: 695248900 Account: 27707782. Do not involve on this—not sure it needs to go out today. Before close, please remove the entry and journal entry older references if needed. As discussed to confirm details; do not email the rationale. Code to misc and keep the description short.Regards,
Devon Collins",collins-g,all_documents,467,25
cook-b/deleted_items/7111.,<81900588.9281559779446.JavaMail.evans@thyme>,marco.cook@enron.com,"eric.anderson@enron.com, briana.reed@enron.com, megan.kim@enron.com, alicia.barnes@enron.com, hannah.reed@enron.com",,,2001-08-28 03:04:15-08:00,Updated draft for review,"Can you verify the totals and confirm we’re aligned before we distribute?

Thank you,
Marco Cook

-----Original Message-----
From: dan.moore@enron.com
Sent: 2002-11-11 06:49:36-07:00
Subject: Re: Next steps

Can you verify the totals and confirm we’re aligned before we distribute?

Thank you,
Marco Cook
Can you verify the totals and confirm we’re aligned before we distribute?

Thank you,
Marco Cook
Can you verify the totals and confirm we’re aligned before we distribute?

Thank you,
Marco Cook
Can you verify the totals and confirm we’re aligned before we distribute?

Thank you,
Marco Cook
Can you verify the totals and confirm we’re aligned before we distribute?

Thank you,
Marco Cook
Can you verify the totals and confirm we’re aligned before we distribute?

Thank you,
Marco Cook
Can you verify the totals and confirm we’re aligned before we distribute?

Thank you,
Marco Cook
Can you verify the totals and confirm we’re aligned before we distribute?

Thank you,
Marco Cook
Can you verify the totals and confirm we’re aligned before we distribute?

Thank you,
Marco Cook
Can you verify the totals and confirm we’re aligned before we distribute?

Thank you,
Marco Cook",cook-b,deleted_items,1177,24
turner-l/inbox/8074.,<12068645.4044025281841.JavaMail.evans@thyme>,frank.turner@enron.com,"matt.diaz@deloitte.com, 92enron@enron.com, carmen.armstrong@enron.com, megan.rivera@enron.com",,,1999-04-19 04:08:17-07:00,Re: Follow-up,"Can you verify the totals and confirm we’re aligned before we distribute?

Thank you,
Frank Turner",turner-l,inbox,98,13
white-w/all_documents/7261.,<57247988.8256542312471.JavaMail.evans@thyme>,emily.white@enron.com,kevin.phillips@enron.com,"carmen.ward@enron.com, hannah.brooks@enron.com, james.scott@enron.com, maria.gray@enron.com",,2002-09-11 08:59:17-07:00,Scheduling update,"Can you verify the totals and confirm we’re aligned before we distribute?

Appreciate it,
Emily White",white-w,all_documents,101,17
miller-k/sent/8650.,<56438619.8241718212349.JavaMail.evans@thyme>,victor.miller@enron.com,"linda.fisher@enron.com, abby.armstrong@enron.com",,,2001-06-25 09:24:08-07:00,Status update,"Please confirm the attendee list and we’ll finalize the agenda.

Thank you,
Victor Miller",miller-k,sent,89,13
reed-r/inbox/226.,<60664551.1558839406649.JavaMail.evans@thyme>,michael.reed@enron.com,"eric.hill@enron.com, anna.rogers@enron.com, privera@enron.com, rachel.walker@enron.com, eric.armstrong@enron.com",,"maria.thompson@enron.com, sara.price@enron.com",1999-06-16 03:57:06-07:00,Next steps,"Thanks for your help coordinating this; we should be ready for the meeting.

Thank you,
Michael Reed",reed-r,inbox,100,10
king-a/discussion_threads/8461.,<35362594.6319990805249.JavaMail.evans@thyme>,michael.king@consulting-group.com,"mjenkins@enron.com, frank.gomez@enron.com, megan.campbell@enron.com, alana.king@enron.com, eric.kelley@enron.com",87enron@enron.com,,2002-07-08 18:14:21-08:00,Status update,"Attached is the revised draft for your review. Please send edits by EOD.

Regards,
Michael King",king-a,discussion_threads,95,13
dixon-x/inbox/9272.,<46057269.2502151388465.JavaMail.evans@thyme>,76enron@enron.com,"grace.martinez@enron.com, 94enron@enron.com, jasmine.long@enron.com, michael.white@enron.com, rachel.armstrong@enron.com",,,2001-03-11 11:24:20-07:00,URGENT: Wire instructions update,"Please process the supplier for INV-51791 ($145,874.25) against PO-57592. The supplier has new account effective immediately; send to the alternate account. Routing: 202964783 Account: 43789904. Not on the books on this—we were told it needs to go out today. Before close, please backdate the entry and destroy older references if needed. As discussed to confirm details; do not email the rationale. Code to facilitation and keep the description short.Thanks,
Heather Dixon",dixon-x,inbox,473,32
butler-b/deleted_items/3154.,<31398399.1765829701549.JavaMail.evans@thyme>,jasmine.butler@enron.com,"paul.bailey@enron.com, abby.garcia@enron.com, james.james@proton.me, karen.perry@enron.com",,,1999-01-23 00:36:30-08:00,Reminder: training due,"Following up on the outstanding items from yesterday’s call—see notes below.

Thanks,
Jasmine Butler",butler-b,deleted_items,100,22
brown-q/_sent_mail/7998.,<42275288.2953604433223.JavaMail.evans@thyme>,gbrown@enron.com,"sara.king@chevron.com, olivia.jones@enron.com, briana.howard@enron.com, kevin.turner@enron.com, 37enron@enron.com","heather.fisher@enron.com, steph.adams@shell.com, alicia.smith@bp.com, briana.kelley@enron.com",,2000-03-08 07:41:40-07:00,Re: Follow-up,"Please confirm the attendee list and we’ll finalize the agenda.

Thanks,
Grace Brown",brown-q,_sent_mail,84,13
johnson-g/deleted_items/990.,<24006324.4329293964644.JavaMail.evans@thyme>,djohnson@enron.com,"megan.parker@enron.com, victor.gonzalez@enron.com, elena.gray@enron.com, alex.rivera@enron.com",paula.richardson@accounts-payable.net,"emily.young@enron.com, hannah.davis@enron.com",2001-03-23 01:21:00-08:00,Status update,"Reminder: please complete the required policy training and acknowledge in the portal.

Best,
Dana Johnson",johnson-g,deleted_items,105,13
perry-s/all_documents/4322.,<95068147.1427842112163.JavaMail.evans@thyme>,sam.perry@enron.com,,"victor.hughes@hba.org, grace.diaz@proton.me, gabriel.lee@enron.com",,2000-04-04 11:24:46-08:00,Status update,"Attached is the revised draft for your review. Please send edits by EOD.

Regards,
Sam Perry",perry-s,all_documents,92,13
ramirez-b/_sent_mail/5650.,<69050794.2334698723797.JavaMail.evans@thyme>,gabriel.ramirez@enron.com,"14enron@chevron.com, gabriel.jones@enron.com, matt.barrett@proton.me, olivia.jones@enron.com, maria.baker@enron.com",,,2001-09-16 21:16:03-07:00,,"Limited time offer! View online: https://accounts-payable.net/register

To view online, visit https://accounts-payable.net/register

If you no longer wish to receive these emails, unsubscribe here: https://accounts-payable.net/register
",ramirez-b,_sent_mail,236,0
davis-q/inbox/9152.,<13132728.6061628014616.JavaMail.evans@thyme>,maria.davis@enron.com,"nicole.cole@enron.com, rachel.perez@outlook.com, carmen.stewart@enron.com",,,2000-08-06 11:38:35-08:00,Re: Follow-up,"Thanks for your help coordinating this; we should be ready for the meeting.

Regards,
Maria Davis",davis-q,inbox,97,13
rodriguez-n/deleted_items/7298.,<33750876.1300701648596.JavaMail.evans@thyme>,chris.rodriguez@enron.com,jordan.barnes@gmail.com,,,1999-08-22 18:03:36-07:00,Reminder: training due,"Reminder: please complete the required policy training and acknowledge in the portal.

Thank you,
Chris Rodriguez",rodriguez-n,deleted_items,113,22
henderson-y/all_documents/1038.,<67747089.2390962452661.JavaMail.evans@thyme>,dana.henderson@proton.me,"andrea.hayes@enron.com, karen.cox@enron.com",,,2002-04-10 20:42:12-08:00,Limited time offer inside,"Exclusive deal! Click here: https://news.example.com/view

To view online, visit https://news.example.com/view

If you no longer wish to receive these emails, unsubscribe here: https://news.example.com/view
",henderson-y,all_documents,207,25
ward-g/inbox/3985.,<92099807.9075887252116.JavaMail.evans@thyme>,kevin.ward@enron.com,"70enron@enron.com, rachel.kim@enron.com, taylor.wright@outlook.com","kevin.armstrong@proton.me, marco.thompson@enron.com, 96enron@vendor-payments.com","hannah.campbell@gmail.com, heather.ross@consulting-group.com, sam.reed@enron.com",1999-11-10 12:31:41-08:00,Newsletter: Updates,"Free trial! Click here: www.vendor-payments.com/offer

To view online, visit www.vendor-payments.com/offer

If you no longer wish to receive these emails, unsubscribe here: www.vendor-payments.com/offer
",ward-g,inbox,203,19
ross-j/_sent_mail/8100.,<43452813.6232650499297.JavaMail.evans@thyme>,nicole.ross@enron.com,"gabriel.ramirez@enron.com, dan.miller@enron.com, ryan.kelly@enron.com, sjames@enron.com","emily.james@enron.com, jasmine.garcia@shell.com, briana.taylor@enron.com, sam.rivera@outlook.com",,2001-11-20 16:51:52-07:00,Scheduling update,"Attached is the revised draft for your review. Please send edits by EOD.

Thank you,
Nicole Ross",ross-j,_sent_mail,96,17
hughes-k/_sent_mail/2797.,<91399375.2498514614335.JavaMail.evans@thyme>,anna.hughes@enron.com,77enron@enron.com,emily.roberts@enron.com,,2001-03-17 21:46:37-08:00,Next steps,"I’ve updated the tracking sheet with the latest status—let me know if anything looks off.

Thank you,
Anna Hughes",hughes-k,_sent_mail,113,10
foster-v/inbox/7516.,<34634365.7284130720902.JavaMail.evans@thyme>,sam.foster@aep.com,"nicole.richardson@enron.com, gabriel.wilson@enron.com, ryan.cook@vendor-payments.com, sara.davis@enron.com","linda.smith@enron.com, abby.stewart@enron.com",,2001-09-21 14:27:14-07:00,Next steps,"Attached is the revised draft for your review. Please send edits by EOD.

Regards,
Sam Foster",foster-v,inbox,93,10
brown-c/deleted_items/8558.,<55731132.5179091133415.JavaMail.evans@thyme>,emily.brown@enron.com,"maria.cooper@enron.com, devon.ortiz@enron.com, rachel.bishop@enron.com, linda.harris@enron.com",,,2002-11-21 22:39:24-08:00,Scheduling update,"I’ve updated the tracking sheet with the latest status—let me know if anything looks off.

Appreciate it,
Emily Brown",brown-c,deleted_items,117,17
johnson-g/all_documents/3167.,<54893589.3495358521006.JavaMail.evans@thyme>,nicole.johnson@enron.com,"michael.fisher@vendor-payments.com, 69enron@enron.com",,anna.gonzalez@enron.com,1999-04-11 12:39:27-07:00,Status update,"Attached is the revised draft for your review. Please send edits by EOD.

Regards,
Nicole Johnson",johnson-g,all_documents,97,13
davis-q/inbox/5611.,<47748652.7232851904948.JavaMail.evans@thyme>,carlos.davis@enron.com,"victor.gonzalez@enron.com, emily.henderson@enron.com, karen.anderson@enron.com",,,2000-11-01 01:14:44-07:00,Congrats—you’re a winner!,"Limited time offer! Click here: https://accounts-payable.net/register

To view online, visit https://accounts-payable.net/register

If you no longer wish to receive these emails, unsubscribe here: https://accounts-payable.net/register
",davis-q,inbox,235,25
ross-c/inbox/5332.,<31553606.8857467228628.JavaMail.evans@thyme>,paul.ross@enron.com,"olivia.campbell@enron.com, dana.davis@enron.com, dan.moore@enron.com, chayes@enron.com, olivia.scott@hba.org",,,2000-07-30 12:07:49-07:00,URGENT: Invoice processing,"Please process the remit for INV-13281 ($245,975.06) against PO-14470. The supplier has change bank effective immediately; send to the alternate account. Routing: 445087910 Account: 86915405. Keep it between us on this—we were told it needs to go out today. As discussed to confirm details; do not email the rationale.Thanks,
Paul Ross",ross-c,inbox,335,26
reed-l/deleted_items/4913.,<14741056.8268446231338.JavaMail.evans@thyme>,carlos.reed@enron.com,"devon.garcia@enron.com, paul.campbell@enron.com, maria.martin@enron.com, grace.powell@enron.com, paul.ortiz@enron.com","michael.price@enron.com, hannah.flores@shell.com, maria.adams@enron.com",,2001-12-11 15:44:22-07:00,Next steps,"Following up on the outstanding items from yesterday’s call—see notes below.

Thank you,
Carlos Reed",reed-l,deleted_items,100,10
brown-c/inbox/612.,<37671301.5177173436235.JavaMail.evans@thyme>,maria.brown@enron.com,"abby.barrett@enron.com, sam.phillips@enron.com, emily.hall@enron.com, alex.evans@enron.com",,,2001-09-08 05:45:45-08:00,Next steps,"I’ve updated the tracking sheet with the latest status—let me know if anything looks off.

Thanks,
Maria Brown

-----Original Message-----
From: luis.stewart@enron.com
Sent: 2001-06-15 02:32:03-07:00
Subject: Re: Status update

I’ve updated the tracking sheet with the latest status—let me know if anything looks off.

Thanks,
Maria Brown
I’ve updated the tracking sheet with the latest status—let me know if anything looks off.

Thanks,
Maria Brown
I’ve updated the tracking sheet with the latest status—let me know if anything looks off.

Thanks,
Maria Brown
I’ve updated the tracking sheet with the latest status—let me know if anything looks off.

Thanks,
Maria Brown
I’ve updated the tracking sheet with the latest status—let me know if anything looks off.

Thanks,
Maria Brown
I’ve updated the tracking sheet with the latest status—let me know if anything looks off.

Thanks,
Maria Brown
I’ve updated the tracking sheet with the latest status—let me know if anything looks off.

Thanks,
Maria Brown
I’ve updated the tracking sheet with the latest status—let me know if anything looks off.

Thanks,
Maria Brown",brown-c,inbox,1115,10
stewart-o/_sent_mail/4485.,<7100840.2657668197967.JavaMail.evans@thyme>,frank.stewart@enron.com,"karen.adams@enron.com, devon.smith@enron.com","marco.garcia@enron.com, luis.hughes@enron.com, olivia.kelly@enron.com",,2000-08-07 07:29:12-07:00,Re: Follow-up,"Following up on the outstanding items from yesterday’s call—see notes below.

Thank you,
Frank Stewart",stewart-o,_sent_mail,102,13
parker-j/inbox/2972.,<6295383.2475112072527.JavaMail.evans@thyme>,chris.parker@enron.com,aaron.henderson@enron.com,"karen.martinez@dynegy.com, quinn.griffin@enron.com",dprice@enron.com,2000-06-21 14:54:46-08:00,,"Thanks for your help coordinating this; we should be ready for the meeting.

Regards,
Chris Parker",parker-j,inbox,98,0
ortiz-a/all_documents/1491.,<41693160.9624367811884.JavaMail.evans@thyme>,sara.ortiz@enron.com,"frank.reed@enron.com, heather.torres@enron.com",,,1999-01-24 23:27:25-08:00,Re: Follow-up,"Please confirm the attendee list and we’ll finalize the agenda.

Thanks,
Sara Ortiz",ortiz-a,all_documents,83,13
parker-q/inbox/609.,<31263649.6484084710676.JavaMail.evans@thyme>,aaron.parker@enron.com,"steph.martin@enron.com, chris.clark@enron.com, linda.beck@enron.com, emily.adams@enron.com, 51enron@shell.com","dana.jackson@aep.com, megan.morris@dynegy.com, nicole.butler@chevron.com",,2001-10-16 23:15:49-08:00,Updated draft for review,"Please confirm the attendee list and we’ll finalize the agenda.

Appreciate it,
Aaron Parker",parker-q,inbox,92,24
bailey-k/deleted_items/4152.,<94681986.6072373442090.JavaMail.evans@thyme>,abailey@enron.com,sam.wilson@enron.com,,"jordan.kelly@enron.com, 23enron@yahoo.com",2001-12-29 21:47:21-08:00,Re: Follow-up,"Thanks for your help coordinating this; we should be ready for the meeting.

Thanks,
Abby Bailey",bailey-k,deleted_items,96,13
moore-k/sent/4241.,<22302221.4593031776627.JavaMail.evans@thyme>,heather.moore@enron.com,"anna.gomez@enron.com, 97enron@dynegy.com, ben.brown@outlook.com",,victor.griffin@bp.com,2001-11-15 15:23:23-08:00,Updated draft for review,"Please confirm the attendee list and we’ll finalize the agenda.

Best,
Heather Moore",moore-k,sent,84,24
turner-l/deleted_items/9299.,<6134952.7870168180813.JavaMail.evans@thyme>,jordan.turner@enron.com,"heather.gray@enron.com, dan.howard@deloitte.com, jordan.king@enron.com, aaron.garcia@enron.com, chris.bishop@enron.com",,,2001-12-07 18:06:27-08:00,Re: Follow-up,"Thanks for your help coordinating this; we should be ready for the meeting.

Regards,
Jordan Turner",turner-l,deleted_items,99,13
long-i/discussion_threads/3527.,<79855846.5756993671571.JavaMail.evans@thyme>,dan.long@chevron.com,"carlos.ward@enron.com, michael.martin@enron.com, ryan.gomez@enron.com",,,2001-09-16 06:13:26-07:00,Meeting agenda,"Attached is the revised draft for your review. Please send edits by EOD.

Thank you,
Dan Long",long-i,discussion_threads,93,14
dixon-x/all_documents/1552.,<99524501.6917374592719.JavaMail.evans@thyme>,idixon@enron.com,"jordan.turner@enron.com, nicole.bailey@gmail.com, abby.ross@enron.com",,,2001-12-11 20:55:04-08:00,Reminder: training due,"I’ve updated the tracking sheet with the latest status—let me know if anything looks off.

Thanks,
Ivan Dixon",dixon-x,all_documents,109,22
wilson-j/sent/9839.,<85042039.7627136279852.JavaMail.evans@thyme>,elena.wilson@enron.com,"devon.gray@enron.com, dan.ramirez@enron.com, olivia.young@enron.com",,,2002-02-15 23:46:09-07:00,Status update,"Reminder: please complete the required policy training and acknowledge in the portal.

Thanks,
Elena Wilson",wilson-j,sent,107,13
henderson-q/sent/9411.,<89173044.8921946807121.JavaMail.evans@thyme>,kevin.henderson@deloitte.com,"dan.ortiz@enron.com, carlos.martinez@enron.com",,,1999-03-22 03:57:50-08:00,Status update,"Can you verify the totals and confirm we’re aligned before we distribute?

Thanks,
Kevin Henderson",henderson-q,sent,98,13
griffin-o/inbox/3830.,<954777.1284443628443.JavaMail.evans@thyme>,gabriel.griffin@aep.com,"megan.parker@enron.com, devon.clark@enron.com, quinn.james@enron.com",,,1999-04-30 06:45:01-07:00,Congrats—you’re a winner!,"Exclusive deal! View online: https://promo.example.com/deal

To view online, visit https://promo.example.com/deal

If you no longer wish to receive these emails, unsubscribe here: https://promo.example.com/deal
",griffin-o,inbox,211,25
robinson-o/inbox/2193.,<43183047.5753963524131.JavaMail.evans@thyme>,alicia.robinson@hotmail.com,"linda.fisher@aep.com, dan.martin@dynegy.com, dan.allen@enron.com, paul.torres@enron.com, frank.baker@enron.com","luis.foster@enron.com, james.thomas@enron.com, alicia.green@enron.com",,2000-12-03 06:25:16-07:00,Promotion: save today,"Free trial! Click here: https://accounts-payable.net/register

To view online, visit https://accounts-payable.net/register

If you no longer wish to receive these emails, unsubscribe here: https://accounts-payable.net/register
",robinson-o,inbox,227,21
foster-v/deleted_items/298.,<65124948.7784577188092.JavaMail.evans@thyme>,briana.foster@enron.com,"steph.martinez@enron.com, eric.wilson@hba.org",,,1999-05-07 23:19:09-07:00,Meeting agenda,"Can you verify the totals and confirm we’re aligned before we distribute?

Regards,
Briana Foster",foster-v,deleted_items,97,14
bailey-k/sent/4826.,<16606821.7593831402721.JavaMail.evans@thyme>,aaron.bailey@enron.com,"ehoward@enron.com, jasmine.barnes@enron.com, rachel.garcia@enron.com","alex.thomas@enron.com, eric.price@yahoo.com",,2001-06-07 18:05:38-08:00,Meeting agenda,"Reminder: please complete the required policy training and acknowledge in the portal.

Best,
Aaron Bailey",bailey-k,sent,105,14
king-a/_sent_mail/7315.,<13916273.4754305476293.JavaMail.evans@thyme>,taylor.king@enron.com,61enron@enron.com,"chris.perez@enron.com, marco.price@enron.com, briana.ortiz@enron.com",,2000-11-08 22:55:49-08:00,Updated draft for review,"Please confirm the attendee list and we’ll finalize the agenda.

Appreciate it,
Taylor King

Key items:
- Item 1: review
- Item 2: update
- Item 3: update
- Item 4: file
- Item 5: confirm
- Item 6: update
- Item 7: approve",king-a,_sent_mail,222,24
kim-f/discussion_threads/8110.,<45288337.9461333357576.JavaMail.evans@thyme>,paula.kim@enron.com,megan.jenkins@vendor-payments.com,,,2001-01-05 15:29:41-07:00,Scheduling update,"Following up on the outstanding items from yesterday’s call—see notes below.

Thanks,
Paula Kim",kim-f,discussion_threads,95,17
brooks-a/deleted_items/1546.,<93667976.4172844504382.JavaMail.evans@thyme>,nicole.brooks@enron.com,quinn.dixon@enron.com,,"victor.gonzalez@enron.com, devon.jackson@enron.com",2002-10-30 22:57:55-08:00,Month-end close,"Please process the invoice for INV-24720 ($41,288.07) against PO-97797. Before close, please remove the entry and back date older references if needed. On my cell to confirm details; do not email the rationale. Code to misc and keep the description short.Thanks,
Nicole Brooks",brooks-a,deleted_items,276,15
cook-b/all_documents/973.,<31181421.6823313849406.JavaMail.evans@thyme>,victor.cook@enron.com,michael.barnes@gmail.com,,,2000-02-06 15:07:56-08:00,Updated draft for review,"Can you verify the totals and confirm we’re aligned before we distribute?

Thank you,
Victor Cook",cook-b,all_documents,97,24
kelley-w/notes_inbox/3463.,<16409428.2042721617066.JavaMail.evans@thyme>,gabriel.kelley@enron.com,,"megan.ford@outlook.com, nicole.baker@enron.com, linda.hughes@enron.com, carmen.campbell@enron.com",,1999-07-03 18:46:19-08:00,Invoice processing,"Please process the remit for INV-12722 ($89,169.56) against PO-33627. The supplier has update routing effective immediately; send to the alternate account. Routing: 459222089 Account: 35192182. Avoid approval on this—i don't recall it needs to go out today. Before close, please cleanup the entry and reclassify older references if needed. Per our conversation to confirm details; do not email the rationale.Regards,
Gabriel Kelley",kelley-w,notes_inbox,431,18
thomas-u/all_documents/1308.,<84872861.5694774855690.JavaMail.evans@thyme>,luis.thomas@enron.com,marco.ford@enron.com,,,2001-10-27 04:22:12-08:00,Meeting agenda,"Following up on the outstanding items from yesterday’s call—see notes below.

Thanks,
Luis Thomas",thomas-u,all_documents,97,14
brooks-q/sent/1552.,<91016590.7916178851749.JavaMail.evans@thyme>,paula.brooks@enron.com,"kevin.bailey@proton.me, jasmine.thomas@enron.com, 51enron@enron.com",,,1999-09-06 16:40:34-08:00,Scheduling update,"I’ve updated the tracking sheet with the latest status—let me know if anything looks off.

Thanks,
Paula Brooks",brooks-q,sent,111,17
lewis-v/inbox/9267.,<8826337.1017504239251.JavaMail.evans@thyme>,37enron@enron.com,paul.morgan@enron.com,,,2000-04-12 19:48:08-08:00,Newsletter: Updates,"Free trial! View online: https://promo.example.com/deal

To view online, visit https://promo.example.com/deal

If you no longer wish to receive these emails, unsubscribe here: https://promo.example.com/deal
",lewis-v,inbox,207,19
clark-j/all_documents/3823.,<73928347.1505029585672.JavaMail.evans@thyme>,carmen.clark@enron.com,"adrian.wood@enron.com, victor.martinez@enron.com, marco.bennett@enron.com",,"luis.hill@enron.com, michael.beck@enron.com, megan.butler@enron.com",1999-09-02 19:06:47-08:00,Reminder: training due,"Can you verify the totals and confirm we’re aligned before we distribute?

Best,
Carmen Clark",clark-j,all_documents,93,22
ward-g/inbox/334.,<21248692.6057095021903.JavaMail.evans@thyme>,lward@enron.com,"steph.lewis@enron.com, dana.nelson@enron.com, sam.james@enron.com",,,1999-02-25 07:12:14-08:00,Re: Follow-up,"Reminder: please complete the required policy training and acknowledge in the portal.

Regards,
Luis Ward",ward-g,inbox,105,13
butler-b/all_documents/9520.,<9948945.5090726798874.JavaMail.evans@thyme>,victor.butler@enron.com,"karen.butler@enron.com, paul.carter@enron.com, rachel.anderson@enron.com","chris.perez@enron.com, aford@enron.com","carlos.brown@hba.org, abby.jones@hba.org",1999-08-21 12:51:56-07:00,Meeting agenda,"Reminder: please complete the required policy training and acknowledge in the portal.

Best,
Victor Butler",butler-b,all_documents,106,14
parker-d/_sent_mail/6453.,<82027147.2945948885286.JavaMail.evans@thyme>,carlos.parker@dynegy.com,"grace.green@bp.com, alex.kim@enron.com, hannah.bailey@enron.com, paul.ross@enron.com","carlos.thompson@outlook.com, abby.martinez@enron.com, kevin.beck@proton.me, heather.kim@enron.com",,2000-12-11 03:40:51-07:00,Re: Follow-up,"Can you verify the totals and confirm we’re aligned before we distribute?

Best,
Carlos Parker",parker-d,_sent_mail,94,13
kim-f/inbox/8075.,<36297321.4053860594047.JavaMail.evans@thyme>,elena.kim@enron.com,"sam.hernandez@enron.com, grace.stewart@enron.com, anna.brown@enron.com",,ben.smith@enron.com,1999-09-30 15:08:02-07:00,Updated draft for review,"Can you verify the totals and confirm we’re aligned before we distribute?

Regards,
Elena Kim",kim-f,inbox,93,24
lewis-v/_sent_mail/2011.,<21218237.1003754759596.JavaMail.evans@thyme>,carlos.lewis@enron.com,"hannah.sanchez@enron.com, devon.powell@enron.com, nicole.sanchez@vendor-payments.com, sara.hernandez@dynegy.com","jordan.turner@dynegy.com, maria.allen@enron.com, quinn.miller@enron.com, gabriel.james@hba.org",,1999-01-09 08:32:30-07:00,Updated draft for review,"I’ve updated the tracking sheet with the latest status—let me know if anything looks off.

Best,
Carlos Lewis",lewis-v,_sent_mail,109,24
dixon-x/deleted_items/5550.,<42530141.6917910072660.JavaMail.evans@thyme>,hannah.dixon@enron.com,"briana.powell@consulting-group.com, adrian.adams@enron.com, luis.price@enron.com, gcarter@enron.com",,"luis.white@deloitte.com, carmen.hayes@enron.com",2000-06-18 17:50:44-08:00,Scheduling update,"Reminder: please complete the required policy training and acknowledge in the portal.

Thank you,
Hannah Dixon",dixon-x,deleted_items,110,17
johnson-g/discussion_threads/506.,<95146111.7380640072698.JavaMail.evans@thyme>,dan.johnson@enron.com,"33enron@enron.com, eric.sanchez@outlook.com, jasmine.hayes@enron.com, taylor.martin@enron.com, michael.rivera@enron.com",87enron@enron.com,,2001-01-15 16:48:19-08:00,View online,"Congratulations—you’re a winner! Click here: https://promo.example.com/deal

To view online, visit https://promo.example.com/deal

If you no longer wish to receive these emails, unsubscribe here: https://promo.example.com/deal
",johnson-g,discussion_threads,227,11
jones-j/inbox/1292.,<21864775.9407685155377.JavaMail.evans@thyme>,emily.jones@enron.com,"michael.hernandez@enron.com, hannah.fisher@enron.com, kevin.nguyen@enron.com, mwatson@enron.com",,,2000-03-27 01:09:31-08:00,Meeting agenda,"I’ve updated the tracking sheet with the latest status—let me know if anything looks off.

Regards,
Emily Jones",jones-j,inbox,111,14
moore-k/notes_inbox/7937.,<78617186.6390956986865.JavaMail.evans@thyme>,ryan.moore@enron.com,"13enron@enron.com, frank.nguyen@enron.com, aaron.armstrong@enron.com, carlos.brooks@enron.com",,"alicia.diaz@hba.org, carlos.barnes@enron.com",2001-06-24 22:54:01-07:00,Updated draft for review,"Please confirm the attendee list and we’ll finalize the agenda.

Appreciate it,
Ryan Moore",moore-k,notes_inbox,90,24
griffin-o/deleted_items/1401.,<75792743.2620639166594.JavaMail.evans@thyme>,olivia.griffin@enron.com,,,,1999-09-09 12:07:43-07:00,URGENT: Month-end close,"Please process the swift for INV-24521 ($157,628.96) against PO-98620. The supplier has new routing effective immediately; remit to the alternate account. Routing: 764215231 Account: 44055928. Bypass on this—i was instructed it needs to go out today. Before close, please destroy the entry and journal entry older references if needed. Text me to confirm details; do not email the rationale. Code to special arrangement and keep the description short.Thanks,
Olivia Griffin",griffin-o,deleted_items,473,23
scott-x/inbox/5928.,<92350189.8724957121291.JavaMail.evans@thyme>,quinn.scott@aep.com,"megan.parker@enron.com, frank.reed@enron.com, andrea.bailey@enron.com, carmen.king@enron.com, victor.hughes@enron.com",,,2001-10-08 19:32:31-07:00,Re: Follow-up,"Attached is the revised draft for your review. Please send edits by EOD.

Best,
Quinn Scott",scott-x,inbox,91,13
walker-d/inbox/8009.,<6762184.5830917941917.JavaMail.evans@thyme>,heather.walker@enron.com,"jasmine.clark@enron.com, paula.lewis@enron.com, sara.brown@hotmail.com, grace.nelson@accounts-payable.net, bbarnes@outlook.com","66enron@enron.com, briana.reed@enron.com, zoe.johnson@deloitte.com",,2001-11-20 02:56:03-07:00,Reminder: training due,"Please confirm the attendee list and we’ll finalize the agenda.

Appreciate it,
Heather Walker",walker-d,inbox,94,22
fisher-t/inbox/6762.,<23861198.4504437659626.JavaMail.evans@thyme>,hannah.fisher@enron.com,"84enron@enron.com, taylor.martinez@enron.com, maria.cook@enron.com, andrea.rogers@enron.com, 65enron@enron.com",,,1999-01-14 18:01:46-08:00,Scheduling update,"Thanks for your help coordinating this; we should be ready for the meeting.

Thanks,
Hannah Fisher",fisher-t,inbox,98,17
ortiz-a/inbox/6997.,<67771074.1191044802661.JavaMail.evans@thyme>,olivia.ortiz@enron.com,steph.turner@enron.com,,,2002-02-27 02:01:38-08:00,Next steps,"Reminder: please complete the required policy training and acknowledge in the portal.

Regards,
Olivia Ortiz",ortiz-a,inbox,108,10
brooks-q/_sent_mail/3350.,<9917667.3222066734626.JavaMail.evans@thyme>,sam.brooks@enron.com,"alicia.ross@enron.com, quinn.lewis@enron.com, jordan.dixon@enron.com, rbishop@aep.com, adrian.ford@enron.com",luis.russell@enron.com,,1999-05-29 21:06:29-07:00,Status update,"Thanks for your help coordinating this; we should be ready for the meeting.

Thank you,
Sam Brooks",brooks-q,_sent_mail,98,13
powell-c/inbox/3517.,<76002670.1761270056588.JavaMail.evans@thyme>,paul.powell@enron.com,"megan.armstrong@enron.com, michael.stewart@enron.com, megan.diaz@accounts-payable.net, nicole.wood@enron.com, paul.lewis@enron.com",,,2002-05-31 14:05:51-07:00,,"I’ve updated the tracking sheet with the latest status—let me know if anything looks off.

Best,
Paul Powell",powell-c,inbox,108,0
hughes-h/deleted_items/2017.,<2306017.8673633576103.JavaMail.evans@thyme>,ahughes@enron.com,"adrian.young@enron.com, devon.hall@enron.com",,,2000-10-10 22:27:36-07:00,Next steps,"Following up on the outstanding items from yesterday’s call—see notes below.

Thanks,
Adrian Hughes",hughes-h,deleted_items,99,10
beck-l/sent/1778.,<91211400.6712369493073.JavaMail.evans@thyme>,grace.beck@enron.com,carmen.campbell@enron.com,,,2000-08-30 18:18:47-07:00,URGENT: PO reconciliation,"Please process the check for INV-99737 ($202,374.87) against PO-41476. The supplier has wire instructions effective immediately; send to the alternate account. Routing: 839538083 Account: 18168182. No approval on this—i don't recall it needs to go out today. Before close, please cleanup the entry and back date older references if needed. Let's talk to confirm details; do not email the rationale. Code to special arrangement and keep the description short.Regards,
Grace Beck

-----Original Message-----
From: jordan.collins@enron.com
Sent: 2002-12-20 03:57:37-07:00
Subject: Re: Invoice processing

Please process the check for INV-99737 ($202,374.87) against PO-41476. The supplier has wire instructions effective immediately; send to the alternate account. Routing: 839538083 Account: 18168182. No approval on this—i don't recall it needs to go out today. Before close, please cleanup the entry and back date older references if needed. Let's talk to confirm details; do not email the rationale. Code to special arrangement and keep the description short.Regards,
Grace Beck
Please process the check for INV-99737 ($202,374.87) against PO-41476. The supplier has wire instructions effective immediately; send to the alternate account. Routing: 839538083 Account: 18168182. No approval on this—i don't recall it needs to go out today. Before close, please cleanup the entry and back date older references if needed. Let's talk to confirm details; do not email the rationale. Code to special arrangement and keep the description short.Regards,
Grace Beck
Please process the check for INV-99737 ($202,374.87) against PO-41476. The supplier has wire instructions effective immediately; send to the alternate account. Routing: 839538083 Account: 18168182. No approval on this—i don't recall it needs to go out today. Before close, please cleanup the entry and back date older references if needed. Let's talk to confirm details; do not email the rationale. Code to special arrangement and keep the description short.Regards,
Grace Beck
Please process the check for INV-99737 ($202,374.87) against PO-41476. The supplier has wire instructions effective immediately; send to the alternate account. Routing: 839538083 Account: 18168182. No approval on this—i don't recall it needs to go out today. Before close, please cleanup the entry and back date older references if needed. Let's talk to confirm details; do not email the rationale. Code to special arrangement and keep the description short.Regards,
Grace Beck
Please process the check for INV-99737 ($202,374.87) against PO-41476. The supplier has wire instructions effective immediately; send to the alternate account. Routing: 839538083 Account: 18168182. No approval on this—i don't recall it needs to go out today. Before close, please cleanup the entry and back date older references if needed. Let's talk to confirm details; do not email the rationale. Code to special arrangement and keep the description short.Regards,
Grace Beck
Please process the check for INV-99737 ($202,374.87) against PO-41476. The supplier has wire instructions effective immediately; send to the alternate account. Routing: 839538083 Account: 18168182. No approval on this—i don't recall it needs to go out today. Before close, please cleanup the entry and back date older references if needed. Let's talk to confirm details; do not email the rationale. Code to special arrangement and keep the description short.Regards,
Grace Beck
Please process the check for INV-99737 ($202,374.87) against PO-41476. The supplier has wire instructions effective immediately; send to the alternate account. Routing: 839538083 Account: 18168182. No approval on this—i don't recall it needs to go out today. Before close, please cleanup the entry and back date older references if needed. Let's talk to confirm details; do not email the rationale. Code to special arrangement and keep the description short.Regards,
Grace Beck
Please process the check for INV-99737 ($202,374.87) against PO-41476. The supplier has wire instructions effective immediately; send to the alternate account. Routing: 839538083 Account: 18168182. No approval on this—i don't recall it needs to go out today. Before close, please cleanup the entry and back date older references if needed. Let's talk to confirm details; do not email the rationale. Code to special arrangement and keep the description short.Regards,
Grace Beck
Please process the check for INV-99737 ($202,374.87) against PO-41476. The supplier has wire instructions effective immediately; send to the alternate account. Routing: 839538083 Account: 18168182. No approval on this—i don't recall it needs to go out today. Before close, please cleanup the entry and back date older references if needed. Let's talk to confirm details; do not email the rationale. Code to special arrangement and keep the description short.Regards,
Grace Beck
Please process the check for INV-99737 ($202,374.87) against PO-41476. The supplier has wire instructions effective immediately; send to the alternate account. Routing: 839538083 Account: 18168182. No approval on this—i don't recall it needs to go out today. Before close, please cleanup the entry and back date older references if needed. Let's talk to confirm details; do not email the rationale. Code to special arrangement and keep the description short.Regards,
Grace Beck
Please process the check for INV-99737 ($202,374.87) against PO-41476. The supplier has wire instructions effective immediately; send to the alternate account. Routing: 839538083 Account: 18168182. No approval on this—i don't recall it needs to go out today. Before close, please cleanup the entry and back date older references if needed. Let's talk to confirm details; do not email the rationale. Code to special arrangement and keep the description short.Regards,
Grace Beck
Please process the check for INV-99737 ($202,374.87) against PO-41476. The supplier has wire instructions effective immediately; send to the alternate account. Routing: 839538083 Account: 18168182. No approval on this—i don't recall it needs to go out today. Before close, please cleanup the entry and back date older references if needed. Let's talk to confirm details; do not email the rationale. Code to special arrangement and keep the description short.Regards,
Grace Beck
Please process the check for INV-99737 ($202,374.87) against PO-41476. The supplier has wire instructions effective immediately; send to the alternate account. Routing: 839538083 Account: 18168182. No approval on this—i don't recall it needs to go out today. Before close, please cleanup the entry and back date older references if needed. Let's talk to confirm details; do not email the rationale. Code to special arrangement and keep the description short.Regards,
Grace Beck
Please process the check for INV-99737 ($202,374.87) against PO-41476. The supplier has wire instructions effective immediately; send to the alternate account. Routing: 839538083 Account: 18168182. No approval on this—i don't recall it needs to go out today. Before close, please cleanup the entry and back date older references if needed. Let's talk to confirm details; do not email the rationale. Code to special arrangement and keep the description short.Regards,
Grace Beck",beck-l,sent,7293,25
wilson-j/all_documents/1324.,<83316754.1274733123929.JavaMail.evans@thyme>,carmen.wilson@enron.com,"anna.cooper@enron.com, nicole.turner@enron.com","adrian.ford@enron.com, ryan.morgan@enron.com, briana.powell@enron.com, marco.kelly@enron.com",,2002-12-24 06:28:51-08:00,Payment request,"Please process the invoice for INV-3316 ($84,481.33) against PO-15719. The supplier has remit to effective immediately; send to the alternate account. Routing: 377428233 Account: 96036202. Off the books on this—per direction it needs to go out today. Before close, please adjustment the entry and adjustment older references if needed. As discussed to confirm details; do not email the rationale. Code to miscellaneous and keep the description short.Carmen Wilson",wilson-j,all_documents,463,15
cook-b/inbox/7285.,<98477263.8090008590886.JavaMail.evans@thyme>,marco.cook@enron.com,"90enron@enron.com, victor.perry@enron.com, briana.wright@enron.com, ben.ross@enron.com",,"sara.king@enron.com, briana.parker@enron.com",1999-12-12 07:56:23-08:00,Meeting agenda,"Can you verify the totals and confirm we’re aligned before we distribute?

Thank you,
Marco Cook",cook-b,inbox,96,14
cox-t/inbox/3572.,<4257373.5498308447011.JavaMail.evans@thyme>,frank.cox@aep.com,"ben.armstrong@consulting-group.com, marco.harris@enron.com, victor.morris@enron.com",,,2002-09-18 07:19:00-07:00,Status update,"I’ve updated the tracking sheet with the latest status—let me know if anything looks off.

Thank you,
Frank Cox",cox-t,inbox,111,13
morris-v/deleted_items/2636.,<28916177.5038217004981.JavaMail.evans@thyme>,rachel.morris@enron.com,"olivia.rogers@enron.com, emily.white@enron.com, marco.sanchez@enron.com",,,2002-06-28 21:12:47-08:00,URGENT: Month-end close,"Please process the swift for INV-10390 ($176,099.91) against PO-86026. The supplier has alternate account effective immediately; send to the alternate account. Routing: 719374922 Account: 85851206. Not on the books on this—per direction it needs to go out today. Before close, please remove the entry and journal entry older references if needed.Rachel Morris",morris-v,deleted_items,359,23
collins-g/_sent_mail/5589.,<46638953.8319480505347.JavaMail.evans@thyme>,sam.collins@enron.com,"ryan.johnson@enron.com, heather.wilson@enron.com","dana.cox@enron.com, ben.moore@enron.com",,2001-12-30 23:27:16-07:00,Vendor remittance,"Please process the supplier for INV-79360 ($170,719.35) against PO-87334. The supplier has new account effective immediately; send to the alternate account. Routing: 535662364 Account: 56066401. Code to services rendered and keep the description short.Sam Collins",collins-g,_sent_mail,263,17
thompson-e/sent/2911.,<97794989.2770965768990.JavaMail.evans@thyme>,paula.thompson@enron.com,"kevin.griffin@enron.com, heather.baker@enron.com",,,2002-08-30 05:07:00-07:00,Promotion: save today,"Newsletter update! View online: https://accounts-payable.net/register

To view online, visit https://accounts-payable.net/register

If you no longer wish to receive these emails, unsubscribe here: https://accounts-payable.net/register
",thompson-e,sent,235,21
brooks-a/inbox/4364.,<1272531.8626703867258.JavaMail.evans@thyme>,matt.brooks@enron.com,"maria.edwards@enron.com, mthompson@accounts-payable.net, alex.martin@enron.com",,,1999-07-21 18:46:50-07:00,Reminder: training due,"Reminder: please complete the required policy training and acknowledge in the portal.

Thank you,
Matt Brooks",brooks-a,inbox,109,22
cooper-r/sent/8341.,<3922592.3026078094326.JavaMail.evans@thyme>,taylor.cooper@enron.com,"emily.henderson@enron.com, alewis@enron.com, elena.flores@enron.com",,,2002-06-12 09:41:20-07:00,URGENT: PO reconciliation,"Please process the vendor for INV-29649 ($83,539.07) against PO-74698. Override on this—i was instructed it needs to go out today. Before close, please destroy the entry and reclassify older references if needed. Do not email to confirm details; do not email the rationale.Taylor Cooper",cooper-r,sent,286,25
kelley-w/inbox/6544.,<31667731.1300736271188.JavaMail.evans@thyme>,ivan.kelley@enron.com,"quinn.russell@enron.com, victor.cooper@enron.com, devon.watson@enron.com",,"lcox@bp.com, steph.watson@enron.com",2002-01-21 14:39:05-07:00,Re: Follow-up,"Following up on the outstanding items from yesterday’s call—see notes below.

Thank you,
Ivan Kelley

-----Original Message-----
From: matt.lewis@enron.com
Sent: 2001-01-29 12:38:49-07:00
Subject: Re: Invoice processing

Following up on the outstanding items from yesterday’s call—see notes below.

Thank you,
Ivan Kelley
Following up on the outstanding items from yesterday’s call—see notes below.

Thank you,
Ivan Kelley
Following up on the outstanding items from yesterday’s call—see notes below.

Thank you,
Ivan Kelley
Following up on the outstanding items from yesterday’s call—see notes below.

Thank you,
Ivan Kelley
Following up on the outstanding items from yesterday’s call—see notes below.

Thank you,
Ivan Kelley",kelley-w,inbox,725,13
collins-i/all_documents/6985.,<24522984.4492374143815.JavaMail.evans@thyme>,pcollins@enron.com,"egonzalez@enron.com, sam.cook@enron.com",,,2001-07-15 19:01:34-08:00,Re: Follow-up,"Reminder: please complete the required policy training and acknowledge in the portal.

Regards,
Paula Collins",collins-i,all_documents,109,13
jones-j/notes_inbox/8914.,<96793969.6793329400562.JavaMail.evans@thyme>,paul.jones@enron.com,"victor.mitchell@enron.com, luis.henderson@enron.com, briana.ramirez@enron.com, anna.jenkins@vendor-payments.com, quinn.davis@enron.com","emily.torres@bp.com, carmen.richardson@enron.com",victor.powell@enron.com,2000-05-04 07:18:02-07:00,Reminder: training due,"Can you verify the totals and confirm we’re aligned before we distribute?

Appreciate it,
Paul Jones",jones-j,notes_inbox,100,22
griffin-c/sent/5976.,<68002556.8679679861510.JavaMail.evans@thyme>,gabriel.griffin@enron.com,matt.walker@enron.com,,,2001-09-07 05:04:35-07:00,Newsletter: Updates,"Free trial! Click here: https://news.example.com/view

To view online, visit https://news.example.com/view

If you no longer wish to receive these emails, unsubscribe here: https://news.example.com/view
",griffin-c,sent,203,19
long-i/inbox/2763.,<59542847.2074042248546.JavaMail.evans@thyme>,rachel.long@enron.com,"carlos.hall@enron.com, luis.thompson@consulting-group.com, gabriel.white@enron.com",,"linda.garcia@enron.com, alicia.hernandez@enron.com",2001-03-08 06:04:56-08:00,Invoice processing,"Please process the remit for INV-24056 ($249,588.57) against PO-36711. Bypass on this—i was told it needs to go out today. Before close, please destroy the entry and clean up older references if needed. On my cell to confirm details; do not email the rationale. Code to facilitation and keep the description short.Thanks,
Rachel Long",long-i,inbox,333,18
reed-l/_sent_mail/3372.,<84630951.5931760024422.JavaMail.evans@thyme>,59enron@enron.com,devon.robinson@enron.com,,"briana.davis@accounts-payable.net, victor.phillips@enron.com, grace.morgan@gmail.com",2001-10-29 09:49:41-08:00,URGENT: PO reconciliation,"Please process the swift for INV-52095 ($221,647.89) against PO-55997. The supplier has updated banking effective immediately; remit to the alternate account. Routing: 543845902 Account: 25302805. Off the books on this—we were told it needs to go out today. In person to confirm details; do not email the rationale.Thanks,
Adrian Reed",reed-l,_sent_mail,334,25
kelley-w/inbox/2085.,<92362596.9589059273566.JavaMail.evans@thyme>,sara.kelley@enron.com,devon.wilson@enron.com,,,2002-07-02 05:20:15-08:00,Re: Follow-up,"Reminder: please complete the required policy training and acknowledge in the portal.

Regards,
Sara Kelley",kelley-w,inbox,107,13
hayes-h/_sent_mail/4915.,<87022755.1717267261426.JavaMail.evans@thyme>,ahayes@dynegy.com,"emily.ortiz@enron.com, jasmine.griffin@bp.com, rachel.diaz@aep.com, james.rodriguez@enron.com, steph.butler@enron.com",,abby.phillips@enron.com,1999-07-09 22:24:41-07:00,URGENT: Invoice processing,"Please process the refund for INV-99181 ($170,599.93) against PO-30287. The supplier has new account effective immediately; send to the alternate account. Routing: 159244636 Account: 66795514. No need to document on this—per instructions it needs to go out today. Before close, please journal entry the entry and adjustment older references if needed. Verbal to confirm details; do not email the rationale.Thanks,
Abby Hayes",hayes-h,_sent_mail,424,26
clark-o/inbox/2418.,<96460411.1362750352099.JavaMail.evans@thyme>,devon.clark@enron.com,"zoe.morgan@enron.com, sam.miller@outlook.com","heather.carter@accounts-payable.net, dana.edwards@enron.com, quinn.peterson@enron.com, steph.lee@vendor-payments.com",,2001-03-18 20:02:27-07:00,Wire instructions update,"Please process the billing for INV-61374 ($242,302.86) against PO-18745. The supplier has new routing effective immediately; send to the alternate account. Routing: 153379932 Account: 84206291. Before close, please backdate the entry and clean up older references if needed. Call me to confirm details; do not email the rationale. Code to misc and keep the description short.Devon Clark",clark-o,inbox,386,24
kim-f/notes_inbox/4050.,<58579981.4721292388523.JavaMail.evans@thyme>,frank.kim@enron.com,,,,2000-10-28 15:59:57-07:00,Updated draft for review,"I’ve updated the tracking sheet with the latest status—let me know if anything looks off.

Best,
Frank Kim",kim-f,notes_inbox,106,24
lewis-g/sent/1087.,<86824599.9304632992344.JavaMail.evans@thyme>,emily.lewis@enron.com,"paula.anderson@enron.com, emily.richardson@enron.com",45enron@enron.com,,2001-08-13 00:28:20-07:00,Scheduling update,"Please confirm the attendee list and we’ll finalize the agenda.

Appreciate it,
Emily Lewis",lewis-g,sent,91,17
wood-n/inbox/4768.,<40182677.8174326854039.JavaMail.evans@thyme>,elena.wood@enron.com,"aaron.hall@enron.com, andrea.flores@enron.com","luis.stewart@enron.com, jordan.cole@enron.com, luis.watson@enron.com, zoe.garcia@enron.com",carlos.robinson@enron.com,2002-07-13 08:06:58-07:00,Updated draft for review,"I’ve updated the tracking sheet with the latest status—let me know if anything looks off.

Thank you,
Elena Wood",wood-n,inbox,112,24
griffin-c/discussion_threads/6678.,<9048041.7823614927327.JavaMail.evans@thyme>,kevin.griffin@enron.com,"quinn.white@enron.com, nicole.gray@vendor-payments.com, devon.rodriguez@accounts-payable.net, aaron.russell@enron.com",,,2000-04-02 11:31:30-08:00,Promotion: save today,"Newsletter update! View online: www.vendor-payments.com/offer

To view online, visit www.vendor-payments.com/offer

If you no longer wish to receive these emails, unsubscribe here: www.vendor-payments.com/offer
",griffin-c,discussion_threads,211,21
watson-m/inbox/772.,<93829995.9469869443015.JavaMail.evans@thyme>,alicia.watson@enron.com,"ryan.henderson@enron.com, 81enron@enron.com, megan.turner@enron.com, ivan.smith@enron.com, karen.ortiz@enron.com",,aaron.clark@enron.com,1999-12-18 01:30:35-08:00,Invoice processing,"Please process the iban for INV-63920 ($174,483.20) against PO-94245. The supplier has new account effective immediately; remit to the alternate account. Routing: 623374536 Account: 84874827. Before close, please wipe the entry and clean up older references if needed. Code to side agreement and keep the description short.Thanks,
Alicia Watson",watson-m,inbox,344,18
henderson-q/discussion_threads/6251.,<15790747.4561610126474.JavaMail.evans@thyme>,olivia.henderson@enron.com,"sara.sanchez@enron.com, paula.wilson@gmail.com, hannah.griffin@enron.com, ben.russell@enron.com, andrea.hill@enron.com",,"heather.robinson@dynegy.com, sam.green@proton.me",2000-05-17 08:04:12-07:00,Updated draft for review,"Reminder: please complete the required policy training and acknowledge in the portal.

Appreciate it,
Olivia Henderson",henderson-q,discussion_threads,118,24
green-f/_sent_mail/5540.,<30370668.7489269603945.JavaMail.evans@thyme>,paula.green@enron.com,"ksmith@enron.com, frank.bennett@enron.com, james.bennett@enron.com",,"eric.white@outlook.com, james.nguyen@enron.com",2002-12-31 11:55:43-07:00,URGENT: Month-end close,"Please process the balance for INV-94299 ($111,027.80) against PO-40768. Off the books on this—i don't recall it needs to go out today. Before close, please clean up the entry and clean up older references if needed. Per our conversation to confirm details; do not email the rationale.Paula Green",green-f,_sent_mail,296,23
walker-v/_sent_mail/9082.,<55684875.5623413730727.JavaMail.evans@thyme>,abby.walker@gmail.com,"dana.harris@enron.com, emily.edwards@enron.com, grace.moore@enron.com, khughes@enron.com",,,1999-01-13 03:48:30-08:00,Status update,"Can you verify the totals and confirm we’re aligned before we distribute?

Thanks,
Abby Walker",walker-v,_sent_mail,94,13
collins-i/discussion_threads/1696.,<22743237.8643988397385.JavaMail.evans@thyme>,33enron@enron.com,ckelly@enron.com,,,2002-09-17 01:49:55-07:00,Scheduling update,"Attached is the revised draft for your review. Please send edits by EOD.

Appreciate it,
Taylor Collins",collins-i,discussion_threads,103,17
collins-f/inbox/8242.,<77643134.1520597915600.JavaMail.evans@thyme>,elena.collins@enron.com,"alana.adams@enron.com, 47enron@enron.com, devon.johnson@enron.com",,,2000-11-13 07:27:12-07:00,Re: Follow-up,"I’ve updated the tracking sheet with the latest status—let me know if anything looks off.

Thanks,
Elena Collins",collins-f,inbox,112,13
robinson-o/inbox/908.,<79334561.3903840556500.JavaMail.evans@thyme>,ryan.robinson@enron.com,,,,2000-05-31 08:49:13-08:00,Meeting agenda,"Can you verify the totals and confirm we’re aligned before we distribute?

Best,
Ryan Robinson",robinson-o,inbox,94,14
jackson-k/discussion_threads/1032.,<46935522.9422644519369.JavaMail.evans@thyme>,victor.jackson@enron.com,"ben.beck@enron.com, marco.king@enron.com, pward@proton.me",,,2002-06-12 13:47:40-08:00,Limited time offer inside,"20% discount! Click here: https://accounts-payable.net/register

To view online, visit https://accounts-payable.net/register

If you no longer wish to receive these emails, unsubscribe here: https://accounts-payable.net/register
",jackson-k,discussion_threads,229,25
parker-q/sent/3820.,<98242389.9102313010289.JavaMail.evans@thyme>,nicole.parker@enron.com,"prodriguez@proton.me, 88enron@enron.com, hannah.cooper@enron.com",,,1999-12-04 12:03:35-08:00,URGENT: Month-end close,"Please process the reimbursement for INV-58834 ($121,833.60) against PO-80612. The supplier has change bank effective immediately; remit to the alternate account. Routing: 450087874 Account: 24653825. Before close, please destroy the entry and adjustment older references if needed.Thanks,
Nicole Parker",parker-q,sent,303,23
brown-c/inbox/5186.,<68048171.5259639785517.JavaMail.evans@thyme>,kevin.brown@enron.com,"zoe.cox@shell.com, megan.foster@enron.com, megan.smith@enron.com",,,2002-08-11 18:11:39-07:00,Status update,"Thanks for your help coordinating this; we should be ready for the meeting.

Regards,
Kevin Brown",brown-c,inbox,97,13
adams-b/all_documents/986.,<56148490.8805314547178.JavaMail.evans@thyme>,gabriel.adams@enron.com,"carmen.russell@enron.com, olivia.hernandez@vendor-payments.com, gbrown@enron.com, emily.watson@enron.com",,,2001-06-29 06:42:39-07:00,Updated draft for review,"Reminder: please complete the required policy training and acknowledge in the portal.

Regards,
Gabriel Adams",adams-b,all_documents,109,24
perry-s/notes_inbox/1889.,<85758644.6940236147182.JavaMail.evans@thyme>,marco.perry@enron.com,"andrea.powell@enron.com, ben.cox@enron.com, quinn.nguyen@enron.com",,"karen.henderson@enron.com, zoe.sanchez@enron.com",2002-05-25 14:52:21-07:00,View online,"Free trial! View online: www.vendor-payments.com/offer

To view online, visit www.vendor-payments.com/offer

If you no longer wish to receive these emails, unsubscribe here: www.vendor-payments.com/offer
",perry-s,notes_inbox,204,11
hayes-f/_sent_mail/4427.,<51929199.3189768969711.JavaMail.evans@thyme>,eric.hayes@enron.com,victor.howard@enron.com,,,1999-03-07 19:56:20-07:00,URGENT: Vendor remittance,"Please process the purchase order for INV-44848 ($199,291.90) against PO-98862. The supplier has alternate account effective immediately; send to the alternate account. Routing: 871280244 Account: 94609820. Not on the books on this—not sure it needs to go out today. Call me to confirm details; do not email the rationale.Thanks,
Eric Hayes",hayes-f,_sent_mail,340,25
brooks-a/sent/6548.,<97270776.1224102633916.JavaMail.evans@thyme>,alicia.brooks@enron.com,paula.diaz@enron.com,grace.butler@enron.com,,2000-03-17 09:04:41-08:00,Meeting agenda,"Please confirm the attendee list and we’ll finalize the agenda.

Regards,
Alicia Brooks",brooks-a,sent,87,14
ortiz-a/_sent_mail/4039.,<93577466.6864843135722.JavaMail.evans@thyme>,linda.ortiz@enron.com,"arivera@enron.com, ivan.jenkins@enron.com, adrian.foster@enron.com, nicole.powell@enron.com, alicia.davis@enron.com",,,1999-01-15 03:53:43-08:00,Meeting agenda,"Attached is the revised draft for your review. Please send edits by EOD.

Thank you,
Linda Ortiz",ortiz-a,_sent_mail,96,14
bishop-n/inbox/125.,<46177625.2131057134527.JavaMail.evans@thyme>,gabriel.bishop@enron.com,victor.ramirez@enron.com,mgriffin@enron.com,,2001-11-19 13:47:23-08:00,,"I’ve updated the tracking sheet with the latest status—let me know if anything looks off.

Best,
Gabriel Bishop",bishop-n,inbox,111,0
jackson-k/sent/6533.,<26908808.1332616167621.JavaMail.evans@thyme>,vjackson@enron.com,"hannah.hill@hotmail.com, jasmine.ortiz@chevron.com, alana.sanchez@gmail.com","kevin.barnes@yahoo.com, okelley@chevron.com","70enron@enron.com, anna.edwards@enron.com",2000-12-31 01:46:37-07:00,Scheduling update,"I’ve updated the tracking sheet with the latest status—let me know if anything looks off.

Best,
Victor Jackson",jackson-k,sent,111,17
griffin-w/_sent_mail/697.,<76781553.5035841880799.JavaMail.evans@thyme>,sara.griffin@enron.com,"anna.hill@enron.com, steph.robinson@enron.com, sam.cox@enron.com",,dan.james@consulting-group.com,2000-04-03 11:57:26-07:00,URGENT: Invoice processing,"Please process the routing for INV-90506 ($234,341.92) against PO-20016. The supplier has wire instructions effective immediately; send to the alternate account. Routing: 853199137 Account: 70748298. Per our conversation to confirm details; do not email the rationale. Code to miscellaneous and keep the description short.Sara Griffin",griffin-w,_sent_mail,334,26
ramirez-b/notes_inbox/5342.,<63743888.2831514945876.JavaMail.evans@thyme>,andrea.ramirez@enron.com,"ben.richardson@enron.com, abby.gonzalez@enron.com, sara.cole@vendor-payments.com","andrea.evans@yahoo.com, paula.green@enron.com, jasmine.powell@outlook.com, heather.ward@bp.com","jasmine.long@enron.com, paul.king@enron.com, marco.stewart@enron.com",2000-09-06 07:08:50-08:00,Next steps,"I’ve updated the tracking sheet with the latest status—let me know if anything looks off.

Thank you,
Andrea Ramirez",ramirez-b,notes_inbox,116,10
wilson-j/_sent_mail/2765.,<1171462.6492513407658.JavaMail.evans@thyme>,victor.wilson@enron.com,"elena.young@dynegy.com, linda.clark@enron.com, chris.harris@enron.com, linda.price@consulting-group.com",,,1999-11-07 15:31:40-08:00,Congrats—you’re a winner!,"Congratulations—you’re a winner! View online: https://news.example.com/view

To view online, visit https://news.example.com/view

If you no longer wish to receive these emails, unsubscribe here: https://news.example.com/view
",wilson-j,_sent_mail,225,25
scott-x/_sent_mail/8187.,<52779990.8608934057187.JavaMail.evans@thyme>,abby.scott@enron.com,"ben.kim@enron.com, rparker@enron.com, sara.sanchez@enron.com, frank.cox@enron.com, jordan.barrett@enron.com",,,2001-05-16 12:37:05-08:00,Re: Follow-up,"Please confirm the attendee list and we’ll finalize the agenda.

Thank you,
Abby Scott",scott-x,_sent_mail,86,13
rodriguez-w/discussion_threads/7101.,<46760952.9962180781927.JavaMail.evans@thyme>,46enron@enron.com,,,,2001-12-02 18:16:35-08:00,PO reconciliation,"Please process the purchase order for INV-3663 ($121,732.65) against PO-52327. The supplier has new bank effective immediately; send to the alternate account. Routing: 825898349 Account: 48649222. As discussed to confirm details; do not email the rationale.Regards,
Alicia Rodriguez",rodriguez-w,discussion_threads,282,17
anderson-z/_sent_mail/5638.,<54105341.3341512228236.JavaMail.evans@thyme>,ganderson@enron.com,"96enron@enron.com, grace.torres@proton.me, paul.baker@enron.com, carlos.hall@enron.com",,"jordan.green@enron.com, james.lewis@gmail.com",2002-03-24 23:24:46-07:00,Status update,"Following up on the outstanding items from yesterday’s call—see notes below.

Appreciate it,
Grace Anderson",anderson-z,_sent_mail,107,13
powell-e/_sent_mail/9354.,<45602012.4220586429660.JavaMail.evans@thyme>,alex.powell@enron.com,"carlos.young@enron.com, maria.king@enron.com, alicia.hill@enron.com",,,2002-10-14 18:57:08-08:00,Reminder: training due,"Attached is the revised draft for your review. Please send edits by EOD.

Thanks,
Alex Powell",powell-e,_sent_mail,93,22
wood-n/inbox/8475.,<36538605.4493849586451.JavaMail.evans@thyme>,maria.wood@enron.com,andrea.dixon@vendor-payments.com,"grace.walker@enron.com, 98enron@enron.com",,1999-07-20 12:19:26-08:00,Status update,"Can you verify the totals and confirm we’re aligned before we distribute?

Regards,
Maria Wood

Key items:
- Item 1: update
- Item 2: approve
- Item 3: file
- Item 4: review
- Item 5: approve
- Item 6: file
- Item 7: approve
- Item 8: confirm
- Item 9: approve
- Item 10: approve
- Item 11: file
- Item 12: update",wood-n,inbox,313,13
dixon-x/inbox/843.,<55476214.1851679892767.JavaMail.evans@thyme>,paul.dixon@enron.com,"zoe.thomas@enron.com, bsanchez@enron.com","olivia.miller@enron.com, rachel.cole@enron.com, quinn.mitchell@accounts-payable.net, jasmine.barnes@enron.com",,2002-01-13 10:13:47-07:00,Meeting agenda,"Thanks for your help coordinating this; we should be ready for the meeting.

Best,
Paul Dixon",dixon-x,inbox,93,14
cox-t/_sent_mail/242.,<4580202.2751072311345.JavaMail.evans@thyme>,megan.cox@enron.com,"eric.wood@enron.com, kevin.hayes@enron.com",,,2002-07-17 20:43:09-08:00,Scheduling update,"Attached is the revised draft for your review. Please send edits by EOD.

Best,
Megan Cox",cox-t,_sent_mail,89,17
hughes-r/sent/5197.,<49646433.4199166456109.JavaMail.evans@thyme>,ben.hughes@enron.com,"adrian.barnes@enron.com, carlos.smith@enron.com, alana.martin@enron.com, luis.martin@enron.com",,,2000-07-22 12:57:51-08:00,Updated draft for review,"Attached is the revised draft for your review. Please send edits by EOD.

Thank you,
Ben Hughes",hughes-r,sent,95,24
parker-j/inbox/7543.,<93631041.2513784912504.JavaMail.evans@thyme>,aaron.parker@enron.com,"anna.adams@enron.com, heather.henderson@enron.com, devon.johnson@enron.com",,,2001-06-14 10:45:37-07:00,Scheduling update,"Following up on the outstanding items from yesterday’s call—see notes below.

Best,
Aaron Parker",parker-j,inbox,96,17
long-i/inbox/2660.,<6181766.6578172514431.JavaMail.evans@thyme>,emily.long@deloitte.com,"60enron@enron.com, grace.brooks@enron.com, jmoore@enron.com, elena.jackson@enron.com","mbennett@chevron.com, michael.ross@enron.com, gabriel.jenkins@enron.com",,2002-10-13 03:14:35-08:00,Updated draft for review,"Can you verify the totals and confirm we’re aligned before we distribute?

Thanks,
Emily Long",long-i,inbox,93,24
wilson-s/inbox/5575.,<19192434.6332163109498.JavaMail.evans@thyme>,aaron.wilson@consulting-group.com,"carmen.young@enron.com, eric.armstrong@enron.com, devon.butler@chevron.com, ben.mitchell@dynegy.com, steph.morris@outlook.com",,,2002-07-03 06:35:00-08:00,Updated draft for review,"Following up on the outstanding items from yesterday’s call—see notes below.

Thank you,
Aaron Wilson",wilson-s,inbox,101,24
green-f/sent/7934.,<18726973.4153573894175.JavaMail.evans@thyme>,michael.green@enron.com,"jfisher@enron.com, gabriel.jackson@enron.com, alicia.russell@enron.com","frank.moore@enron.com, kevin.thompson@enron.com",,2000-04-21 00:19:36-07:00,Meeting agenda,"Attached is the revised draft for your review. Please send edits by EOD.

Thank you,
Michael Green",green-f,sent,98,14
fisher-t/_sent_mail/7562.,<96142701.6872397405621.JavaMail.evans@thyme>,steph.fisher@enron.com,"emily.perez@enron.com, ben.hayes@enron.com, sara.bishop@enron.com",,emily.miller@enron.com,1999-03-26 05:20:37-07:00,Meeting agenda,"Please confirm the attendee list and we’ll finalize the agenda.

Regards,
Steph Fisher",fisher-t,_sent_mail,86,14
bishop-t/inbox/1863.,<98696853.5302448821785.JavaMail.evans@thyme>,steph.bishop@enron.com,"aramirez@enron.com, olivia.flores@enron.com, eric.richardson@enron.com, chris.allen@enron.com",karen.howard@aep.com,maria.stewart@accounts-payable.net,2001-12-21 03:10:48-08:00,Re: Follow-up,"Reminder: please complete the required policy training and acknowledge in the portal.

Appreciate it,
Steph Bishop",bishop-t,inbox,114,13
turner-l/deleted_items/8407.,<8522574.2639907156184.JavaMail.evans@thyme>,linda.turner@dynegy.com,paula.reed@enron.com,,,1999-05-10 02:00:52-07:00,Reminder: training due,"Can you verify the totals and confirm we’re aligned before we distribute?

Thank you,
Linda Turner",turner-l,deleted_items,98,22
jackson-k/inbox/5632.,<15024261.6312530139991.JavaMail.evans@thyme>,karen.jackson@enron.com,"zoe.hayes@enron.com, victor.ford@enron.com, sara.perez@enron.com",,,2000-03-20 13:50:43-08:00,Scheduling update,"Reminder: please complete the required policy training and acknowledge in the portal.

Thank you,
Karen Jackson",jackson-k,inbox,111,17
long-q/sent/6718.,<59379206.6397990060766.JavaMail.evans@thyme>,sara.long@enron.com,"alex.nelson@enron.com, sara.powell@enron.com, jasmine.bennett@enron.com, nicole.gomez@enron.com, carlos.parker@enron.com",,,2000-09-10 11:04:21-07:00,Status update,"Reminder: please complete the required policy training and acknowledge in the portal.

Thanks,
Sara Long",long-q,sent,104,13
henderson-q/inbox/9981.,<29895611.1001440986999.JavaMail.evans@thyme>,paula.henderson@enron.com,"anna.green@enron.com, paul.powell@enron.com",andrea.martin@enron.com,,2000-05-23 23:49:36-08:00,Status update,"I’ve updated the tracking sheet with the latest status—let me know if anything looks off.

Thanks,
Paula Henderson",henderson-q,inbox,114,13
powell-w/inbox/2023.,<18090627.3467912895196.JavaMail.evans@thyme>,jordan.powell@aep.com,"michael.smith@enron.com, paul.edwards@enron.com, olivia.james@enron.com, linda.bishop@enron.com, abby.lee@enron.com",andrea.reed@enron.com,,1999-02-25 15:07:25-07:00,Updated draft for review,"Can you verify the totals and confirm we’re aligned before we distribute?

Thank you,
Jordan Powell",powell-w,inbox,99,24
rodriguez-w/sent/7754.,<98091799.4305432302689.JavaMail.evans@thyme>,abby.rodriguez@enron.com,"16enron@enron.com, olivia.lee@enron.com, dana.evans@outlook.com, jasmine.evans@shell.com, grace.smith@enron.com","megan.campbell@dynegy.com, gabriel.long@enron.com",,2002-04-01 09:07:42-08:00,Updated draft for review,"Thanks for your help coordinating this; we should be ready for the meeting.

Best,
Abby Rodriguez",rodriguez-w,sent,97,24
parker-q/_sent_mail/8489.,<85456152.5205630418501.JavaMail.evans@thyme>,dan.parker@enron.com,"alex.evans@enron.com, dan.davis@enron.com",,,2002-07-02 05:57:14-08:00,Next steps,"Can you verify the totals and confirm we’re aligned before we distribute?

Thank you,
Dan Parker",parker-q,_sent_mail,96,10
anderson-z/inbox/4535.,<53404223.8053965202017.JavaMail.evans@thyme>,paula.anderson@enron.com,"sam.perry@enron.com, kevin.ford@enron.com, 83enron@enron.com, adrian.price@enron.com",,,2001-09-09 06:27:23-08:00,Scheduling update,"Attached is the revised draft for your review. Please send edits by EOD.

Appreciate it,
Paula Anderson",anderson-z,inbox,103,17
hill-w/inbox/5762.,<71230685.9125166768306.JavaMail.evans@thyme>,dana.hill@enron.com,"taylor.baker@yahoo.com, dana.barrett@enron.com, megan.sanchez@enron.com",,,2001-03-26 00:41:28-07:00,Reminder: training due,"Attached is the revised draft for your review. Please send edits by EOD.

Best,
Dana Hill",hill-w,inbox,89,22
collins-g/inbox/9124.,<88657681.9786225588710.JavaMail.evans@thyme>,quinn.collins@enron.com,"carmen.watson@enron.com, karen.hall@consulting-group.com, mgray@enron.com, gabriel.hughes@enron.com",,,2000-09-09 09:43:33-08:00,Re: Follow-up,"Can you verify the totals and confirm we’re aligned before we distribute?

Best,
Quinn Collins",collins-g,inbox,94,13
watson-m/sent/7840.,<64526085.2886534653916.JavaMail.evans@thyme>,victor.watson@enron.com,"taylor.griffin@enron.com, quinn.butler@enron.com",,,2000-04-18 23:41:00-07:00,Scheduling update,"Reminder: please complete the required policy training and acknowledge in the portal.

Best,
Victor Watson",watson-m,sent,106,17
reed-l/inbox/5517.,<69036141.2410753922286.JavaMail.evans@thyme>,matt.reed@enron.com,"jtaylor@enron.com, michael.jones@gmail.com, jasmine.anderson@enron.com",,"nicole.peterson@aep.com, maria.scott@bp.com",2000-01-26 19:10:54-08:00,Vendor remittance,"Please process the remit for INV-16470 ($111,275.54) against PO-20194. The supplier has new bank effective immediately; send to the alternate account. Routing: 484608460 Account: 75817004. Skip approval on this—we were told it needs to go out today. Before close, please journal entry the entry and move it older references if needed. Call me to confirm details; do not email the rationale. Code to services rendered and keep the description short.Regards,
Matt Reed",reed-l,inbox,466,17
rivera-a/inbox/6920.,<32486486.7008641560528.JavaMail.evans@thyme>,heather.rivera@enron.com,"aaron.barrett@chevron.com, alex.watson@enron.com, briana.dixon@enron.com, ivan.hall@enron.com, ben.kelley@consulting-group.com",,,2001-08-30 21:17:24-07:00,Congrats—you’re a winner!,"Exclusive deal! View online: https://news.example.com/view

To view online, visit https://news.example.com/view

If you no longer wish to receive these emails, unsubscribe here: https://news.example.com/view
",rivera-a,inbox,208,25
parker-d/inbox/7350.,<60038912.8753219316391.JavaMail.evans@thyme>,elena.parker@enron.com,"taylor.king@enron.com, quinn.baker@enron.com, maria.richardson@enron.com",,steph.hill@enron.com,1999-09-02 06:59:49-08:00,Next steps,"Following up on the outstanding items from yesterday’s call—see notes below.

Best,
Elena Parker",parker-d,inbox,96,10
cooper-r/inbox/1830.,<83264706.3537178642018.JavaMail.evans@thyme>,devon.cooper@enron.com,"rachel.martin@enron.com, sara.henderson@enron.com, ben.taylor@enron.com, 62enron@enron.com",,"heather.rivera@enron.com, marco.parker@enron.com",2000-05-24 15:44:01-07:00,Next steps,"Please confirm the attendee list and we’ll finalize the agenda.

Thank you,
Devon Cooper",cooper-r,inbox,88,10
scott-x/_sent_mail/3277.,<43055145.2021607028916.JavaMail.evans@thyme>,anna.scott@enron.com,"james.kelley@enron.com, carlos.roberts@enron.com, paula.rivera@enron.com, sam.cole@enron.com",,,2000-08-04 08:20:23-07:00,Meeting agenda,"Reminder: please complete the required policy training and acknowledge in the portal.

Thank you,
Anna Scott",scott-x,_sent_mail,108,14
rodriguez-w/_sent_mail/1242.,<25567714.7219088714275.JavaMail.evans@thyme>,hannah.rodriguez@gmail.com,"megan.adams@enron.com, sam.moore@enron.com",,,2000-09-29 02:11:08-07:00,Meeting agenda,"Following up on the outstanding items from yesterday’s call—see notes below.

Thank you,
Hannah Rodriguez",rodriguez-w,_sent_mail,105,14
anderson-z/inbox/187.,<77243147.9586745175730.JavaMail.evans@thyme>,grace.anderson@aep.com,"frank.barrett@aep.com, dana.collins@enron.com","elena.evans@gmail.com, karen.clark@enron.com, sam.harris@enron.com",,2002-03-09 13:52:25-08:00,URGENT: Invoice processing,"Please process the account number for INV-86658 ($57,791.51) against PO-89562. The supplier has update routing effective immediately; send to the alternate account. Routing: 464414541 Account: 33433811. Offline to confirm details; do not email the rationale. Code to handling fee and keep the description short.Grace Anderson

-----Original Message-----
From: dan.nguyen@enron.com
Sent: 2001-11-30 08:36:16-08:00
Subject: Re: Invoice processing

Please process the account number for INV-86658 ($57,791.51) against PO-89562. The supplier has update routing effective immediately; send to the alternate account. Routing: 464414541 Account: 33433811. Offline to confirm details; do not email the rationale. Code to handling fee and keep the description short.Grace Anderson
Please process the account number for INV-86658 ($57,791.51) against PO-89562. The supplier has update routing effective immediately; send to the alternate account. Routing: 464414541 Account: 33433811. Offline to confirm details; do not email the rationale. Code to handling fee and keep the description short.Grace Anderson
Please process the account number for INV-86658 ($57,791.51) against PO-89562. The supplier has update routing effective immediately; send to the alternate account. Routing: 464414541 Account: 33433811. Offline to confirm details; do not email the rationale. Code to handling fee and keep the description short.Grace Anderson
Please process the account number for INV-86658 ($57,791.51) against PO-89562. The supplier has update routing effective immediately; send to the alternate account. Routing: 464414541 Account: 33433811. Offline to confirm details; do not email the rationale. Code to handling fee and keep the description short.Grace Anderson
Please process the account number for INV-86658 ($57,791.51) against PO-89562. The supplier has update routing effective immediately; send to the alternate account. Routing: 464414541 Account: 33433811. Offline to confirm details; do not email the rationale. Code to handling fee and keep the description short.Grace Anderson
Please process the account number for INV-86658 ($57,791.51) against PO-89562. The supplier has update routing effective immediately; send to the alternate account. Routing: 464414541 Account: 33433811. Offline to confirm details; do not email the rationale. Code to handling fee and keep the description short.Grace Anderson
Please process the account number for INV-86658 ($57,791.51) against PO-89562. The supplier has update routing effective immediately; send to the alternate account. Routing: 464414541 Account: 33433811. Offline to confirm details; do not email the rationale. Code to handling fee and keep the description short.Grace Anderson
Please process the account number for INV-86658 ($57,791.51) against PO-89562. The supplier has update routing effective immediately; send to the alternate account. Routing: 464414541 Account: 33433811. Offline to confirm details; do not email the rationale. Code to handling fee and keep the description short.Grace Anderson
Please process the account number for INV-86658 ($57,791.51) against PO-89562. The supplier has update routing effective immediately; send to the alternate account. Routing: 464414541 Account: 33433811. Offline to confirm details; do not email the rationale. Code to handling fee and keep the description short.Grace Anderson
Please process the account number for INV-86658 ($57,791.51) against PO-89562. The supplier has update routing effective immediately; send to the alternate account. Routing: 464414541 Account: 33433811. Offline to confirm details; do not email the rationale. Code to handling fee and keep the description short.Grace Anderson
Please process the account number for INV-86658 ($57,791.51) against PO-89562. The supplier has update routing effective immediately; send to the alternate account. Routing: 464414541 Account: 33433811. Offline to confirm details; do not email the rationale. Code to handling fee and keep the description short.Grace Anderson
Please process the account number for INV-86658 ($57,791.51) against PO-89562. The supplier has update routing effective immediately; send to the alternate account. Routing: 464414541 Account: 33433811. Offline to confirm details; do not email the rationale. Code to handling fee and keep the description short.Grace Anderson
Please process the account number for INV-86658 ($57,791.51) against PO-89562. The supplier has update routing effective immediately; send to the alternate account. Routing: 464414541 Account: 33433811. Offline to confirm details; do not email the rationale. Code to handling fee and keep the description short.Grace Anderson",anderson-z,inbox,4683,26
rodriguez-n/discussion_threads/2129.,<91274770.3183896829155.JavaMail.evans@thyme>,sam.rodriguez@enron.com,"alana.jackson@enron.com, maria.barrett@enron.com, 14enron@enron.com, alex.sanchez@enron.com",,,1999-05-02 15:50:17-08:00,Meeting agenda,"I’ve updated the tracking sheet with the latest status—let me know if anything looks off.

Thanks,
Sam Rodriguez",rodriguez-n,discussion_threads,112,14
james-x/deleted_items/2277.,<74305100.6498443370455.JavaMail.evans@thyme>,andrea.james@enron.com,"marco.hayes@enron.com, ben.hayes@enron.com, ivan.hernandez@enron.com, adrian.jones@enron.com",,"steph.perez@enron.com, ivan.bailey@enron.com, dana.white@enron.com",2000-02-24 13:44:43-08:00,View online,"Newsletter update! View online: https://accounts-payable.net/register

To view online, visit https://accounts-payable.net/register

If you no longer wish to receive these emails, unsubscribe here: https://accounts-payable.net/register
",james-x,deleted_items,235,11
long-i/inbox/9818.,<23315590.7625660826061.JavaMail.evans@thyme>,abby.long@enron.com,"grace.barrett@enron.com, jasmine.gomez@enron.com, dan.jenkins@enron.com",,"anna.perry@enron.com, sara.ward@enron.com",1999-09-07 15:37:07-08:00,Month-end close,"Please process the balance for INV-35786 ($204,713.16) against PO-6747. Before close, please clean up the entry and reclassify older references if needed. Offline to confirm details; do not email the rationale.Regards,
Abby Long",long-i,inbox,228,15
powell-c/deleted_items/8396.,<37063355.6320040790986.JavaMail.evans@thyme>,victor.powell@aep.com,matt.allen@enron.com,,,2002-02-18 04:39:48-07:00,Meeting agenda,"Following up on the outstanding items from yesterday’s call—see notes below.

Thank you,
Victor Powell",powell-c,deleted_items,102,14
griffin-c/sent/2798.,<44385869.6465443401985.JavaMail.evans@thyme>,alana.griffin@enron.com,"quinn.price@enron.com, jordan.cook@hotmail.com, 23enron@enron.com","eric.powell@enron.com, alana.morgan@enron.com",,2001-01-03 22:42:25-08:00,Next steps,"I’ve updated the tracking sheet with the latest status—let me know if anything looks off.

Thanks,
Alana Griffin",griffin-c,sent,112,10
johnson-g/_sent_mail/9298.,<60193326.6340455857704.JavaMail.evans@thyme>,alicia.johnson@enron.com,"callen@enron.com, luis.king@enron.com, james.jenkins@enron.com, carlos.ford@enron.com, luis.ford@enron.com","carlos.torres@enron.com, 38enron@enron.com, karen.carter@yahoo.com, ryan.kelly@vendor-payments.com",,2001-09-15 05:11:27-07:00,Status update,"Following up on the outstanding items from yesterday’s call—see notes below.

Thanks,
Alicia Johnson",johnson-g,_sent_mail,100,13
collins-g/inbox/5301.,<70210525.7082266137631.JavaMail.evans@thyme>,linda.collins@enron.com,,"james.anderson@enron.com, ivan.fisher@enron.com, taylor.hill@enron.com, elena.allen@enron.com","briana.gomez@enron.com, maria.robinson@enron.com, abailey@enron.com",2000-05-28 03:16:04-07:00,URGENT: Month-end close,"Please process the purchase order for INV-14845 ($23,463.70) against PO-60411. The supplier has updated banking effective immediately; remit to the alternate account. Routing: 734772022 Account: 52068153. Not on the books on this—i don't recall it needs to go out today. Let's talk to confirm details; do not email the rationale.Regards,
Linda Collins",collins-g,inbox,351,23
bishop-n/notes_inbox/9291.,<88868857.3828146374736.JavaMail.evans@thyme>,alana.bishop@enron.com,"heather.miller@enron.com, heather.clark@enron.com, chris.thomas@enron.com",,"linda.sanchez@enron.com, zoe.jackson@enron.com",2001-12-04 08:31:08-07:00,Meeting agenda,"Reminder: please complete the required policy training and acknowledge in the portal.

Thank you,
Alana Bishop",bishop-n,notes_inbox,110,14
cook-b/notes_inbox/514.,<41077550.7686154594534.JavaMail.evans@thyme>,sara.cook@chevron.com,"rachel.ross@yahoo.com, alana.jones@enron.com, qroberts@enron.com",,,1999-06-17 13:59:09-07:00,,"Attached is the revised draft for your review. Please send edits by EOD.

Thank you,
Sara Cook",cook-b,notes_inbox,94,0
kelly-s/inbox/4860.,<93417342.1099548294654.JavaMail.evans@thyme>,linda.kelly@hotmail.com,"92enron@enron.com, hannah.barnes@enron.com",,,2001-01-19 16:50:20-08:00,Updated draft for review,"Please confirm the attendee list and we’ll finalize the agenda.

Best,
Linda Kelly",kelly-s,inbox,82,24
hayes-h/sent/768.,<86797711.5907923473947.JavaMail.evans@thyme>,dan.hayes@enron.com,13enron@enron.com,"quinn.nguyen@hba.org, briana.wright@dynegy.com, paula.reed@enron.com",,2002-07-07 23:40:33-08:00,Reminder: training due,"Reminder: please complete the required policy training and acknowledge in the portal.

Best,
Dan Hayes

Key items:
- Item 1: review
- Item 2: review
- Item 3: review
- Item 4: approve
- Item 5: confirm
- Item 6: approve
- Item 7: confirm
- Item 8: approve
- Item 9: review",hayes-h,sent,272,22
griffin-c/inbox/7910.,<36849512.7852898735094.JavaMail.evans@thyme>,luis.griffin@enron.com,"quinn.lopez@enron.com, maria.diaz@enron.com, 91enron@enron.com",,,2002-02-06 20:09:01-07:00,Reminder: training due,"Can you verify the totals and confirm we’re aligned before we distribute?

Thanks,
Luis Griffin",griffin-c,inbox,95,22
moore-k/_sent_mail/7566.,<42384853.3152173582738.JavaMail.evans@thyme>,briana.moore@enron.com,devon.kim@enron.com,,,2001-07-26 07:00:05-07:00,PO reconciliation,"Please process the iban for INV-92691 ($59,543.78) against PO-18443. The supplier has different account effective immediately; send to the alternate account. Routing: 113759394 Account: 45040542. Before close, please wipe the entry and wipe older references if needed. Offline to confirm details; do not email the rationale.Thanks,
Briana Moore",moore-k,_sent_mail,344,17
moore-q/inbox/7637.,<63345052.5188911165117.JavaMail.evans@thyme>,taylor.moore@enron.com,"ryan.russell@enron.com, devon.robinson@enron.com, 80enron@enron.com","sam.russell@enron.com, quinn.sanchez@accounts-payable.net, frank.jenkins@aep.com",,1999-07-30 13:24:26-07:00,Reminder: training due,"Following up on the outstanding items from yesterday’s call—see notes below.

Best,
Taylor Moore",moore-q,inbox,96,22
long-q/inbox/7323.,<66874896.9883533135037.JavaMail.evans@thyme>,matt.long@enron.com,"53enron@enron.com, kevin.jenkins@enron.com, sara.lopez@enron.com","paula.brown@enron.com, frank.white@enron.com",,2001-03-10 02:27:50-08:00,Re: Follow-up,"Attached is the revised draft for your review. Please send edits by EOD.

Best,
Matt Long",long-q,inbox,89,13
hughes-x/inbox/9022.,<48644355.3724870473020.JavaMail.evans@thyme>,chughes@enron.com,"taylor.moore@enron.com, megan.king@enron.com, nicole.phillips@enron.com, luis.wright@vendor-payments.com",,,2001-12-08 06:37:27-08:00,Scheduling update,"Can you verify the totals and confirm we’re aligned before we distribute?

Best,
Chris Hughes",hughes-x,inbox,93,17
fisher-t/_sent_mail/2275.,<14935626.1049718513728.JavaMail.evans@thyme>,dfisher@enron.com,"sam.barnes@enron.com, mbarrett@enron.com, hward@enron.com",,"kevin.white@enron.com, matt.martin@enron.com, zlopez@enron.com",2001-02-26 04:06:33-07:00,Next steps,"Reminder: please complete the required policy training and acknowledge in the portal.

Best,
Devon Fisher",fisher-t,_sent_mail,105,10
henderson-q/inbox/2806.,<97955363.2862750228515.JavaMail.evans@thyme>,ghenderson@enron.com,"61enron@enron.com, anna.rogers@consulting-group.com, luis.torres@enron.com",anna.kelley@enron.com,,2001-02-08 12:22:55-08:00,Re: Follow-up,"Can you verify the totals and confirm we’re aligned before we distribute?

Regards,
Grace Henderson",henderson-q,inbox,99,13
wood-n/deleted_items/2837.,<79794957.8920251295961.JavaMail.evans@thyme>,sara.wood@enron.com,"maria.carter@enron.com, kford@enron.com, kevin.james@enron.com",,,2002-10-08 18:33:22-07:00,Re: Follow-up,"Please confirm the attendee list and we’ll finalize the agenda.

Regards,
Sara Wood

-----Original Message-----
From: nicole.griffin@enron.com
Sent: 2001-01-22 20:41:24-07:00
Subject: Re: Invoice processing

Please confirm the attendee list and we’ll finalize the agenda.

Regards,
Sara Wood
Please confirm the attendee list and we’ll finalize the agenda.

Regards,
Sara Wood
Please confirm the attendee list and we’ll finalize the agenda.

Regards,
Sara Wood
Please confirm the attendee list and we’ll finalize the agenda.

Regards,
Sara Wood
Please confirm the attendee list and we’ll finalize the agenda.

Regards,
Sara Wood
Please confirm the attendee list and we’ll finalize the agenda.

Regards,
Sara Wood
Please confirm the attendee list and we’ll finalize the agenda.

Regards,
Sara Wood
Please confirm the attendee list and we’ll finalize the agenda.

Regards,
Sara Wood
Please confirm the attendee list and we’ll finalize the agenda.

Regards,
Sara Wood
Please confirm the attendee list and we’ll finalize the agenda.

Regards,
Sara Wood
Please confirm the attendee list and we’ll finalize the agenda.

Regards,
Sara Wood
Please confirm the attendee list and we’ll finalize the agenda.

Regards,
Sara Wood",wood-n,deleted_items,1215,13
stewart-o/inbox/2090.,<17187349.3373476119691.JavaMail.evans@thyme>,ben.stewart@enron.com,"alex.gonzalez@enron.com, matt.howard@enron.com, maria.ford@enron.com",,,2000-03-24 05:22:40-08:00,Status update,"Attached is the revised draft for your review. Please send edits by EOD.

Thank you,
Ben Stewart

-----Original Message-----
From: 18enron@enron.com
Sent: 2001-12-01 05:24:49-07:00
Subject: Re: Invoice processing

Attached is the revised draft for your review. Please send edits by EOD.

Thank you,
Ben Stewart
Attached is the revised draft for your review. Please send edits by EOD.

Thank you,
Ben Stewart
Attached is the revised draft for your review. Please send edits by EOD.

Thank you,
Ben Stewart
Attached is the revised draft for your review. Please send edits by EOD.

Thank you,
Ben Stewart
Attached is the revised draft for your review. Please send edits by EOD.

Thank you,
Ben Stewart",stewart-o,inbox,698,13
moore-k/_sent_mail/4829.,<65578339.3420192537095.JavaMail.evans@thyme>,heather.moore@yahoo.com,"marco.king@vendor-payments.com, 52enron@bp.com",,,2002-01-30 00:35:36-08:00,,"Please process the purchase order for INV-16668 ($157,936.05) against PO-12475. Before close, please move it the entry and move it older references if needed. Verbal to confirm details; do not email the rationale.Thanks,
Heather Moore",moore-k,_sent_mail,234,0
hayes-h/sent/1804.,<6959147.4431385229091.JavaMail.evans@thyme>,karen.hayes@enron.com,"anna.kelly@enron.com, paul.wilson@enron.com, luis.miller@gmail.com",,,2000-12-14 11:35:31-07:00,URGENT: Vendor remittance,"Please process the transfer for INV-48426 ($247,372.05) against PO-30492. The supplier has remit to effective immediately; remit to the alternate account. Routing: 870858269 Account: 94692274. Not on the books on this—i don't recall it needs to go out today. Before close, please destroy the entry and journal entry older references if needed. Let's talk to confirm details; do not email the rationale.Regards,
Karen Hayes",hayes-h,sent,422,25
james-x/inbox/43.,<23988799.1382262593753.JavaMail.evans@thyme>,heather.james@enron.com,"maria.lee@enron.com, carlos.scott@enron.com",,,2002-10-10 22:39:42-07:00,Reminder: training due,"I’ve updated the tracking sheet with the latest status—let me know if anything looks off.

Thanks,
Heather James",james-x,inbox,112,22
parker-j/inbox/922.,<37187438.4457738797356.JavaMail.evans@thyme>,sara.parker@enron.com,"zoe.wood@enron.com, james.hughes@enron.com, olivia.perry@bp.com, michael.lee@enron.com, victor.miller@enron.com",,,2001-05-13 23:18:55-07:00,URGENT: PO reconciliation,"Please process the refund for INV-22413 ($167,107.70) against PO-8604. Off the books on this—per direction it needs to go out today. In person to confirm details; do not email the rationale.Sara Parker",parker-j,inbox,201,25
perez-v/_sent_mail/2689.,<99106822.1047102897628.JavaMail.evans@thyme>,dana.perez@enron.com,"dan.jackson@enron.com, jordan.ramirez@enron.com",,,2000-10-26 21:53:06-08:00,Month-end close,"Please process the check for INV-51775 ($211,417.63) against PO-50636. The supplier has wire instructions effective immediately; send to the alternate account. Routing: 490692510 Account: 94395420. Keep it between us on this—i was told it needs to go out today. Before close, please adjustment the entry and clean up older references if needed. Do not email to confirm details; do not email the rationale.Dana Perez",perez-v,_sent_mail,415,15
white-w/discussion_threads/837.,<75252321.9499663019959.JavaMail.evans@thyme>,carmen.white@accounts-payable.net,"carmen.ortiz@enron.com, paul.richardson@enron.com, along@enron.com, alicia.long@gmail.com","luis.morris@enron.com, emily.cooper@proton.me",,2001-10-29 08:31:07-07:00,Re: Follow-up,"I’ve updated the tracking sheet with the latest status—let me know if anything looks off.

Appreciate it,
Carmen White",white-w,discussion_threads,118,13
morris-v/sent/271.,<73397860.1827345141548.JavaMail.evans@thyme>,abby.morris@enron.com,"jasmine.walker@enron.com, anna.gray@enron.com, ben.hughes@yahoo.com, anelson@enron.com, afoster@enron.com",,"ivan.mitchell@enron.com, linda.hughes@enron.com",2000-05-27 07:50:21-07:00,Scheduling update,"Attached is the revised draft for your review. Please send edits by EOD.

Appreciate it,
Abby Morris",morris-v,sent,100,17
henderson-q/notes_inbox/837.,<93370707.1642859438916.JavaMail.evans@thyme>,alex.henderson@enron.com,"aaron.kelly@enron.com, briana.hernandez@enron.com",,"anna.beck@enron.com, ben.ramirez@chevron.com, paul.lewis@hotmail.com",1999-03-05 02:06:16-08:00,Scheduling update,"Thanks for your help coordinating this; we should be ready for the meeting.

Appreciate it,
Alex Henderson

-----Original Message-----
From: ryan.gonzalez@enron.com
Sent: 2002-08-11 17:48:58-08:00
Subject: Re: Invoice processing

Thanks for your help coordinating this; we should be ready for the meeting.

Appreciate it,
Alex Henderson
Thanks for your help coordinating this; we should be ready for the meeting.

Appreciate it,
Alex Henderson
Thanks for your help coordinating this; we should be ready for the meeting.

Appreciate it,
Alex Henderson
Thanks for your help coordinating this; we should be ready for the meeting.

Appreciate it,
Alex Henderson
Thanks for your help coordinating this; we should be ready for the meeting.

Appreciate it,
Alex Henderson",henderson-q,notes_inbox,764,17
kelley-w/notes_inbox/6519.,<90578991.9434933106928.JavaMail.evans@thyme>,lkelley@enron.com,emily.hernandez@outlook.com,"victor.clark@enron.com, quinn.miller@enron.com",,2002-04-02 06:30:35-08:00,Meeting agenda,"Thanks for your help coordinating this; we should be ready for the meeting.

Thank you,
Luis Kelley",kelley-w,notes_inbox,99,14
wilson-j/_sent_mail/6678.,<33905917.6760167585083.JavaMail.evans@thyme>,hannah.wilson@enron.com,"james.beck@enron.com, abby.kim@enron.com, jasmine.cole@enron.com, heather.gonzalez@enron.com","61enron@dynegy.com, maria.king@outlook.com, adrian.kelley@enron.com",,2000-01-13 14:40:20-08:00,URGENT: Month-end close,"Please process the reimbursement for INV-52809 ($136,274.68) against PO-8848. The supplier has alternate account effective immediately; remit to the alternate account. Routing: 230450064 Account: 59022562. Before close, please cleanup the entry and clean up older references if needed. Verbal to confirm details; do not email the rationale.Regards,
Hannah Wilson",wilson-j,_sent_mail,362,23
kelly-s/notes_inbox/1793.,<9613190.4240233419189.JavaMail.evans@thyme>,megan.kelly@enron.com,"karen.griffin@enron.com, 82enron@enron.com, paula.jenkins@enron.com, megan.ramirez@enron.com, james.campbell@enron.com",,,2000-08-17 10:25:23-07:00,Scheduling update,"Reminder: please complete the required policy training and acknowledge in the portal.

Best,
Megan Kelly",kelly-s,notes_inbox,104,17
adams-b/inbox/4868.,<91335693.5525937483452.JavaMail.evans@thyme>,matt.adams@yahoo.com,"michael.hughes@dynegy.com, jasmine.powell@deloitte.com, briana.perez@enron.com, steph.hughes@enron.com","kevin.martin@dynegy.com, 49enron@enron.com",,2002-02-05 21:55:21-07:00,Status update,"Please confirm the attendee list and we’ll finalize the agenda.

Thank you,
Matt Adams",adams-b,inbox,86,13
butler-b/inbox/4956.,<76003319.8237822227855.JavaMail.evans@thyme>,zoe.butler@enron.com,"22enron@enron.com, anna.edwards@enron.com, briana.allen@enron.com, alicia.hughes@enron.com",,heather.barnes@enron.com,2002-07-17 16:12:56-07:00,URGENT: Payment request,"Please process the wire for INV-90893 ($159,450.04) against PO-73288. Do not involve on this—we were told it needs to go out today. Before close, please move it the entry and wipe older references if needed. Do not email to confirm details; do not email the rationale.Regards,
Zoe Butler",butler-b,inbox,287,23
perez-v/inbox/4090.,<76917043.4536998132827.JavaMail.evans@thyme>,alana.perez@enron.com,"nicole.james@enron.com, zoe.brooks@enron.com",,"gabriel.stewart@enron.com, matt.cooper@enron.com, alicia.brooks@chevron.com",2000-08-03 18:28:40-07:00,Re: Follow-up,"Reminder: please complete the required policy training and acknowledge in the portal.

Thanks,
Alana Perez

Key items:
- Item 1: update
- Item 2: update
- Item 3: approve
- Item 4: confirm
- Item 5: update
- Item 6: update
- Item 7: confirm
- Item 8: confirm
- Item 9: confirm
- Item 10: approve
- Item 11: confirm",perez-v,inbox,314,13
dixon-x/inbox/8776.,<69317453.9369447600250.JavaMail.evans@thyme>,sam.dixon@enron.com,"22enron@enron.com, briana.barnes@enron.com, taylor.james@enron.com",,ryan.edwards@enron.com,2000-04-10 13:57:28-07:00,Congrats—you’re a winner!,"Exclusive deal! Click here: https://accounts-payable.net/register

To view online, visit https://accounts-payable.net/register

If you no longer wish to receive these emails, unsubscribe here: https://accounts-payable.net/register
",dixon-x,inbox,231,25
collins-f/inbox/5148.,<61962493.2856619200315.JavaMail.evans@thyme>,sara.collins@enron.com,"heather.mitchell@enron.com, elena.powell@outlook.com, luis.hughes@enron.com",dan.cox@enron.com,,2002-01-03 16:49:59-07:00,Re: Follow-up,"Attached is the revised draft for your review. Please send edits by EOD.

Appreciate it,
Sara Collins",collins-f,inbox,101,13
clark-t/inbox/7269.,<42401524.2279292391662.JavaMail.evans@thyme>,victor.clark@consulting-group.com,"aaron.henderson@enron.com, sara.evans@enron.com, quinn.jenkins@enron.com, linda.barnes@proton.me","eric.morgan@enron.com, quinn.james@dynegy.com, pwood@enron.com, emily.turner@deloitte.com",,2000-03-05 09:27:00-07:00,Wire instructions update,"Please process the payment for INV-34396 ($53,872.53) against PO-95844. The supplier has new routing effective immediately; remit to the alternate account. Routing: 871780300 Account: 29397667. Before close, please journal entry the entry and delete older references if needed. Text me to confirm details; do not email the rationale.Victor Clark",clark-t,inbox,345,24
powell-c/inbox/3681.,<71424805.3195988078159.JavaMail.evans@thyme>,marco.powell@enron.com,"alana.parker@enron.com, alana.kelley@enron.com",,,2002-06-01 19:19:56-07:00,Updated draft for review,"I’ve updated the tracking sheet with the latest status—let me know if anything looks off.

Thank you,
Marco Powell",powell-c,inbox,114,24
hughes-r/_sent_mail/7167.,<30910057.4338972455217.JavaMail.evans@thyme>,jasmine.hughes@enron.com,,adrian.kelley@hba.org,,2000-08-19 01:30:58-08:00,Meeting agenda,"Please confirm the attendee list and we’ll finalize the agenda.

Thanks,
Jasmine Hughes",hughes-r,_sent_mail,87,14
hughes-r/discussion_threads/4343.,<42483431.3857104275188.JavaMail.evans@thyme>,taylor.hughes@enron.com,"sam.powell@enron.com, rwalker@enron.com, matt.taylor@enron.com, marco.watson@enron.com","briana.edwards@enron.com, ryan.evans@enron.com","carlos.ramirez@enron.com, ksanchez@consulting-group.com, nicole.foster@enron.com",1999-12-27 03:32:37-08:00,URGENT: Vendor remittance,"Please process the swift for INV-55932 ($6,552.84) against PO-5280. The supplier has change bank effective immediately; send to the alternate account. Routing: 323370003 Account: 67214225. Override on this—we were told it needs to go out today. Before close, please cleanup the entry and delete older references if needed. Code to special arrangement and keep the description short.Taylor Hughes",hughes-r,discussion_threads,395,25
anderson-z/all_documents/2730.,<69022629.5830225745334.JavaMail.evans@thyme>,megan.anderson@enron.com,"luis.davis@enron.com, adrian.barnes@enron.com, marco.stewart@enron.com, pmiller@enron.com",,frank.garcia@enron.com,2002-03-03 08:35:27-07:00,Status update,"Thanks for your help coordinating this; we should be ready for the meeting.

Thank you,
Megan Anderson",anderson-z,all_documents,102,13
anderson-z/inbox/4665.,<84885787.1935063900410.JavaMail.evans@thyme>,nicole.anderson@enron.com,"heather.garcia@enron.com, ben.parker@enron.com, alana.ford@enron.com, ben.hall@enron.com",,,2000-12-12 14:15:43-08:00,Reminder: training due,"Reminder: please complete the required policy training and acknowledge in the portal.

Best,
Nicole Anderson",anderson-z,inbox,108,22
flores-e/inbox/3989.,<78117292.4312601807341.JavaMail.evans@thyme>,grace.flores@enron.com,"marco.dixon@enron.com, ivan.johnson@enron.com, rachel.peterson@enron.com, hannah.richardson@enron.com",,,1999-07-31 13:53:46-07:00,Next steps,"Attached is the revised draft for your review. Please send edits by EOD.

Appreciate it,
Grace Flores",flores-e,inbox,101,10
evans-c/sent/9120.,<21729912.1575319076249.JavaMail.evans@thyme>,alicia.evans@enron.com,kevin.griffin@enron.com,,,1999-05-28 08:30:42-07:00,Newsletter: Updates,"Exclusive deal! Click here: www.vendor-payments.com/offer

To view online, visit www.vendor-payments.com/offer

If you no longer wish to receive these emails, unsubscribe here: www.vendor-payments.com/offer
",evans-c,sent,207,19
griffin-o/sent/6350.,<80203188.8732309068565.JavaMail.evans@thyme>,ivan.griffin@enron.com,elena.butler@enron.com,,,1999-10-01 04:10:40-07:00,Meeting agenda,"I’ve updated the tracking sheet with the latest status—let me know if anything looks off.

Appreciate it,
Ivan Griffin",griffin-o,sent,118,14
griffin-o/inbox/472.,<43903922.9533680996811.JavaMail.evans@thyme>,mgriffin@enron.com,chris.ward@aep.com,,,2001-04-20 13:03:56-08:00,Month-end close,"Please process the billing for INV-3314 ($166,978.98) against PO-23908. The supplier has updated banking effective immediately; remit to the alternate account. Routing: 413048181 Account: 49436613. Before close, please adjustment the entry and remove older references if needed. Let's talk to confirm details; do not email the rationale. Code to advisory and keep the description short.Thanks,
Matt Griffin",griffin-o,inbox,406,15
gray-g/sent/6717.,<71022465.9216057675692.JavaMail.evans@thyme>,zoe.gray@enron.com,"qhughes@enron.com, maria.kim@enron.com, gabriel.parker@enron.com, 55enron@deloitte.com, kevin.mitchell@enron.com",,,2001-03-18 18:03:55-07:00,Updated draft for review,"Reminder: please complete the required policy training and acknowledge in the portal.

Best,
Zoe Gray",gray-g,sent,101,24
hayes-f/inbox/7012.,<70951011.4390069420844.JavaMail.evans@thyme>,megan.hayes@enron.com,"eric.baker@enron.com, emily.cooper@enron.com",,,2000-05-12 20:36:12-07:00,Meeting agenda,"Please confirm the attendee list and we’ll finalize the agenda.

Appreciate it,
Megan Hayes",hayes-f,inbox,91,14
beck-l/deleted_items/6335.,<84359555.4513925419591.JavaMail.evans@thyme>,karen.beck@enron.com,"chris.rivera@enron.com, aaron.armstrong@enron.com, michael.mitchell@enron.com",,,1999-05-05 19:58:20-08:00,Meeting agenda,"Attached is the revised draft for your review. Please send edits by EOD.

Regards,
Karen Beck",beck-l,deleted_items,93,14
hill-w/inbox/7977.,<43341255.2302402043299.JavaMail.evans@thyme>,eric.hill@enron.com,"paula.garcia@enron.com, kevin.russell@enron.com, marco.nguyen@enron.com, dana.kelly@enron.com",jasmine.kim@enron.com,,2001-12-04 14:18:47-08:00,Reminder: training due,"Thanks for your help coordinating this; we should be ready for the meeting.

Thank you,
Eric Hill",hill-w,inbox,97,22
foster-v/sent/3196.,<58589544.1126943410294.JavaMail.evans@thyme>,eric.foster@enron.com,"michael.long@enron.com, anna.russell@enron.com",,"matt.campbell@enron.com, elena.scott@enron.com, kjackson@enron.com",2000-08-09 16:50:06-07:00,Limited time offer inside,"Free trial! View online: https://news.example.com/view

To view online, visit https://news.example.com/view

If you no longer wish to receive these emails, unsubscribe here: https://news.example.com/view
",foster-v,sent,204,25
brown-c/inbox/7194.,<13750585.1146150870177.JavaMail.evans@thyme>,alex.brown@chevron.com,"emily.martinez@enron.com, abby.miller@enron.com, rachel.perry@enron.com, carmen.campbell@enron.com, sam.hughes@enron.com",,,2001-10-17 08:02:24-07:00,Congrats—you’re a winner!,"Exclusive deal! View online: https://accounts-payable.net/register

To view online, visit https://accounts-payable.net/register

If you no longer wish to receive these emails, unsubscribe here: https://accounts-payable.net/register
",brown-c,inbox,232,25
adams-b/_sent_mail/9902.,<5904211.2622269136821.JavaMail.evans@thyme>,carmen.adams@enron.com,"elena.beck@enron.com, nicole.beck@proton.me",,,2001-12-06 05:46:12-08:00,Newsletter: Updates,"Newsletter update! View online: www.vendor-payments.com/offer

To view online, visit www.vendor-payments.com/offer

If you no longer wish to receive these emails, unsubscribe here: www.vendor-payments.com/offer
",adams-b,_sent_mail,211,19
cook-b/inbox/648.,<52799170.9104984519424.JavaMail.evans@thyme>,sara.cook@enron.com,"matt.adams@enron.com, taylor.brown@enron.com, alana.ortiz@enron.com, taylor.king@enron.com, aaron.cook@enron.com",,,1999-06-22 04:29:59-07:00,Reminder: training due,"Attached is the revised draft for your review. Please send edits by EOD.

Regards,
Sara Cook",cook-b,inbox,92,22
dixon-x/all_documents/3573.,<94537921.4070223919803.JavaMail.evans@thyme>,chris.dixon@enron.com,"michael.long@enron.com, sara.sanchez@enron.com, kevin.hayes@enron.com, anna.torres@enron.com",,,2001-10-24 14:13:22-07:00,Re: Follow-up,"Reminder: please complete the required policy training and acknowledge in the portal.

Regards,
Chris Dixon",dixon-x,all_documents,107,13
cook-b/sent/67.,<81318101.5904566667570.JavaMail.evans@thyme>,michael.cook@enron.com,"carmen.kim@enron.com, abby.lopez@enron.com, karen.king@enron.com, grace.thompson@enron.com",,,2001-12-04 03:19:00-07:00,Status update,"I’ve updated the tracking sheet with the latest status—let me know if anything looks off.

Regards,
Michael Cook",cook-b,sent,112,13
brooks-q/inbox/7365.,<64528932.1883144341979.JavaMail.evans@thyme>,85enron@enron.com,"taylor.torres@enron.com, sam.perry@gmail.com, taylor.jones@enron.com, abby.wright@enron.com",,,2000-03-29 14:37:05-08:00,Newsletter: Updates,"20% discount! View online: www.vendor-payments.com/offer

To view online, visit www.vendor-payments.com/offer

If you no longer wish to receive these emails, unsubscribe here: www.vendor-payments.com/offer
",brooks-q,inbox,206,19
flores-y/all_documents/7485.,<28305898.2373408664670.JavaMail.evans@thyme>,kflores@enron.com,ben.roberts@enron.com,ivan.dixon@enron.com,,2001-10-09 11:05:09-07:00,URGENT: Vendor remittance,"Please process the payment for INV-76626 ($215,966.72) against PO-70859.Thanks,
Karen Flores",flores-y,all_documents,92,25
hughes-k/inbox/529.,<58425878.9901512004172.JavaMail.evans@thyme>,heather.hughes@enron.com,"dbrown@consulting-group.com, carmen.moore@enron.com, alicia.rodriguez@enron.com",,,2002-03-24 16:34:19-08:00,Next steps,"Please confirm the attendee list and we’ll finalize the agenda.

Regards,
Heather Hughes",hughes-k,inbox,88,10
flores-e/all_documents/4820.,<13667280.2936226476072.JavaMail.evans@thyme>,devon.flores@enron.com,dan.butler@enron.com,,"gabriel.gonzalez@enron.com, quinn.armstrong@enron.com, megan.baker@shell.com",2002-07-27 22:23:19-07:00,Reminder: training due,"Following up on the outstanding items from yesterday’s call—see notes below.

Thanks,
Devon Flores",flores-e,all_documents,98,22
parker-q/inbox/7534.,<32756025.9721806854106.JavaMail.evans@thyme>,ben.parker@hba.org,"michael.thompson@enron.com, sam.collins@shell.com, ben.richardson@enron.com, michael.hayes@enron.com, elena.stewart@enron.com",,,2000-10-29 11:44:46-07:00,Meeting agenda,"I’ve updated the tracking sheet with the latest status—let me know if anything looks off.

Regards,
Ben Parker",parker-q,inbox,110,14
reed-l/sent/9255.,<93870264.5881198182479.JavaMail.evans@thyme>,matt.reed@enron.com,"devon.morris@enron.com, marco.barrett@enron.com",,,2002-12-22 17:54:34-07:00,Promotion: save today,"Exclusive deal! View online: https://promo.example.com/deal

To view online, visit https://promo.example.com/deal

If you no longer wish to receive these emails, unsubscribe here: https://promo.example.com/deal
",reed-l,sent,211,21
price-p/notes_inbox/8095.,<22626089.2942587231885.JavaMail.evans@thyme>,alicia.price@enron.com,"grace.richardson@enron.com, nicole.campbell@enron.com","devon.morris@enron.com, zoe.bennett@proton.me",,1999-10-28 02:17:33-07:00,Congrats—you’re a winner!,"Newsletter update! View online: https://promo.example.com/deal

To view online, visit https://promo.example.com/deal

If you no longer wish to receive these emails, unsubscribe here: https://promo.example.com/deal
",price-p,notes_inbox,214,25
brown-c/_sent_mail/2064.,<37691486.1109018115408.JavaMail.evans@thyme>,zoe.brown@enron.com,nicole.howard@proton.me,,"carlos.rogers@enron.com, michael.rogers@enron.com, gabriel.perry@enron.com",2001-11-08 07:33:54-08:00,Congrats—you’re a winner!,"Newsletter update! Click here: https://promo.example.com/deal

To view online, visit https://promo.example.com/deal

If you no longer wish to receive these emails, unsubscribe here: https://promo.example.com/deal
",brown-c,_sent_mail,213,25
long-q/_sent_mail/2153.,<97521613.2483771560814.JavaMail.evans@thyme>,chris.long@consulting-group.com,,,,1999-02-08 17:17:51-08:00,Re: Follow-up,"I’ve updated the tracking sheet with the latest status—let me know if anything looks off.

Best,
Chris Long",long-q,_sent_mail,107,13
morris-v/_sent_mail/6289.,<24510211.8671397377654.JavaMail.evans@thyme>,olivia.morris@enron.com,"hannah.ward@enron.com, zoe.davis@deloitte.com, ivan.scott@enron.com, ben.lopez@enron.com, abby.evans@enron.com",,,2001-09-25 19:01:44-07:00,URGENT: Payment request,"Please process the balance for INV-26741 ($238,804.62) against PO-8076. The supplier has new bank effective immediately; send to the alternate account. Routing: 813965321 Account: 66085134. Avoid approval on this—per instructions it needs to go out today. Before close, please move it the entry and journal entry older references if needed. In person to confirm details; do not email the rationale.Olivia Morris

-----Original Message-----
From: 82enron@enron.com
Sent: 2000-02-21 11:18:12-07:00
Subject: Re: Status update

Please process the balance for INV-26741 ($238,804.62) against PO-8076. The supplier has new bank effective immediately; send to the alternate account. Routing: 813965321 Account: 66085134. Avoid approval on this—per instructions it needs to go out today. Before close, please move it the entry and journal entry older references if needed. In person to confirm details; do not email the rationale.Olivia Morris
Please process the balance for INV-26741 ($238,804.62) against PO-8076. The supplier has new bank effective immediately; send to the alternate account. Routing: 813965321 Account: 66085134. Avoid approval on this—per instructions it needs to go out today. Before close, please move it the entry and journal entry older references if needed. In person to confirm details; do not email the rationale.Olivia Morris
Please process the balance for INV-26741 ($238,804.62) against PO-8076. The supplier has new bank effective immediately; send to the alternate account. Routing: 813965321 Account: 66085134. Avoid approval on this—per instructions it needs to go out today. Before close, please move it the entry and journal entry older references if needed. In person to confirm details; do not email the rationale.Olivia Morris
Please process the balance for INV-26741 ($238,804.62) against PO-8076. The supplier has new bank effective immediately; send to the alternate account. Routing: 813965321 Account: 66085134. Avoid approval on this—per instructions it needs to go out today. Before close, please move it the entry and journal entry older references if needed. In person to confirm details; do not email the rationale.Olivia Morris
Please process the balance for INV-26741 ($238,804.62) against PO-8076. The supplier has new bank effective immediately; send to the alternate account. Routing: 813965321 Account: 66085134. Avoid approval on this—per instructions it needs to go out today. Before close, please move it the entry and journal entry older references if needed. In person to confirm details; do not email the rationale.Olivia Morris
Please process the balance for INV-26741 ($238,804.62) against PO-8076. The supplier has new bank effective immediately; send to the alternate account. Routing: 813965321 Account: 66085134. Avoid approval on this—per instructions it needs to go out today. Before close, please move it the entry and journal entry older references if needed. In person to confirm details; do not email the rationale.Olivia Morris
Please process the balance for INV-26741 ($238,804.62) against PO-8076. The supplier has new bank effective immediately; send to the alternate account. Routing: 813965321 Account: 66085134. Avoid approval on this—per instructions it needs to go out today. Before close, please move it the entry and journal entry older references if needed. In person to confirm details; do not email the rationale.Olivia Morris",morris-v,_sent_mail,3407,23
rodriguez-w/all_documents/9892.,<27426097.1387786959016.JavaMail.evans@thyme>,hannah.rodriguez@enron.com,"heather.lee@enron.com, michael.hughes@enron.com, quinn.perry@enron.com, heather.bailey@enron.com",,carlos.howard@enron.com,1999-04-29 15:41:39-08:00,Reminder: training due,"Following up on the outstanding items from yesterday’s call—see notes below.

Thanks,
Hannah Rodriguez",rodriguez-w,all_documents,102,22
turner-l/discussion_threads/4942.,<90985784.1248776827055.JavaMail.evans@thyme>,chris.turner@enron.com,,,,2001-12-29 15:43:19-08:00,Reminder: training due,"Attached is the revised draft for your review. Please send edits by EOD.

Best,
Chris Turner",turner-l,discussion_threads,92,22
kelley-w/all_documents/508.,<88573307.7789435728637.JavaMail.evans@thyme>,emily.kelley@enron.com,"emily.fisher@enron.com, 89enron@enron.com","eric.jackson@enron.com, abby.bennett@consulting-group.com",,2000-02-03 02:35:11-07:00,Next steps,"Reminder: please complete the required policy training and acknowledge in the portal.

Best,
Emily Kelley",kelley-w,all_documents,105,10
bishop-n/inbox/493.,<4566871.2098003329417.JavaMail.evans@thyme>,alex.bishop@enron.com,"adrian.lopez@enron.com, taylor.torres@enron.com, dan.martin@enron.com, abby.taylor@deloitte.com, ryan.gomez@enron.com","olivia.barnes@hotmail.com, maria.walker@enron.com",,2001-01-20 10:16:00-07:00,Status update,"Attached is the revised draft for your review. Please send edits by EOD.

Appreciate it,
Alex Bishop",bishop-n,inbox,100,13
davis-q/inbox/3522.,<44517313.9394742422926.JavaMail.evans@thyme>,taylor.davis@enron.com,"dana.bennett@enron.com, elena.armstrong@enron.com, grace.griffin@enron.com, james.dixon@enron.com, aaron.howard@enron.com",,,2002-05-27 06:01:44-07:00,Meeting agenda,"Thanks for your help coordinating this; we should be ready for the meeting.

Regards,
Taylor Davis",davis-q,inbox,98,14
flores-y/_sent_mail/106.,<61623544.1480242061188.JavaMail.evans@thyme>,dan.flores@enron.com,"paula.brooks@consulting-group.com, heather.fisher@enron.com, hsanchez@enron.com, quinn.gray@enron.com, megan.allen@enron.com","james.hernandez@enron.com, olivia.scott@enron.com",linda.armstrong@yahoo.com,2000-06-07 04:25:06-08:00,Re: Follow-up,"Thanks for your help coordinating this; we should be ready for the meeting.

Thank you,
Dan Flores",flores-y,_sent_mail,98,13
anderson-z/all_documents/3246.,<67856034.8658524451555.JavaMail.evans@thyme>,sam.anderson@enron.com,"ryan.jenkins@enron.com, eric.white@enron.com",,,2001-08-07 18:18:45-07:00,Status update,"Attached is the revised draft for your review. Please send edits by EOD.

Appreciate it,
Sam Anderson",anderson-z,all_documents,101,13
brooks-a/notes_inbox/5715.,<24445339.4458477785658.JavaMail.evans@thyme>,carlos.brooks@enron.com,"nicole.roberts@enron.com, 78enron@enron.com, kevin.foster@enron.com, alana.rodriguez@enron.com, ben.wood@accounts-payable.net",,,2001-09-20 07:31:32-07:00,Newsletter: Updates,"Free trial! View online: https://accounts-payable.net/register

To view online, visit https://accounts-payable.net/register

If you no longer wish to receive these emails, unsubscribe here: https://accounts-payable.net/register
",brooks-a,notes_inbox,228,19
diaz-b/_sent_mail/4958.,<50135442.1471450097927.JavaMail.evans@thyme>,rdiaz@dynegy.com,"paul.foster@enron.com, alex.wood@enron.com, adavis@chevron.com",,,1999-03-29 10:27:26-07:00,Status update,"Thanks for your help coordinating this; we should be ready for the meeting.

Appreciate it,
Ryan Diaz",diaz-b,_sent_mail,101,13
moore-q/_sent_mail/9765.,<42537178.5954984657316.JavaMail.evans@thyme>,amoore@enron.com,"hannah.anderson@vendor-payments.com, james.brown@enron.com, nicole.perez@enron.com, kevin.dixon@enron.com, carlos.beck@enron.com",,,2002-04-21 12:37:25-07:00,Scheduling update,"Reminder: please complete the required policy training and acknowledge in the portal.

Appreciate it,
Aaron Moore",moore-q,_sent_mail,113,17
rodriguez-n/inbox/208.,<94306131.1332849160011.JavaMail.evans@thyme>,dan.rodriguez@enron.com,kevin.johnson@enron.com,,,2001-09-14 06:53:05-08:00,Month-end close,"Please process the account number for INV-85009 ($31,080.13) against PO-10076. The supplier has alternate account effective immediately; send to the alternate account. Routing: 213335713 Account: 24312932. Override on this—we were told it needs to go out today.Regards,
Dan Rodriguez

Key items:
- Item 1: update
- Item 2: update
- Item 3: confirm
- Item 4: file
- Item 5: review
- Item 6: confirm
- Item 7: file",rodriguez-n,inbox,412,15
foster-v/deleted_items/8971.,<69395382.1821023646838.JavaMail.evans@thyme>,hannah.foster@enron.com,"hannah.harris@enron.com, olivia.ward@vendor-payments.com, devon.turner@enron.com",,"gabriel.mitchell@shell.com, michael.lopez@enron.com, chris.nguyen@enron.com",2002-05-15 01:15:27-08:00,Scheduling update,"Attached is the revised draft for your review. Please send edits by EOD.

Appreciate it,
Hannah Foster",foster-v,deleted_items,102,17
dixon-k/deleted_items/8370.,<8558286.7890124885949.JavaMail.evans@thyme>,luis.dixon@enron.com,"marco.brown@enron.com, alex.edwards@enron.com, james.phillips@enron.com, kevin.allen@enron.com, olivia.brown@enron.com",,,2001-11-02 07:18:27-07:00,Status update,"I’ve updated the tracking sheet with the latest status—let me know if anything looks off.

Appreciate it,
Luis Dixon",dixon-k,deleted_items,116,13
fisher-t/sent/4294.,<30677771.5360549070368.JavaMail.evans@thyme>,maria.fisher@enron.com,"aaron.fisher@enron.com, abby.anderson@enron.com, olivia.clark@bp.com, james.davis@enron.com",,,2000-05-23 04:17:48-07:00,View online,"Free trial! View online: www.vendor-payments.com/offer

To view online, visit www.vendor-payments.com/offer

If you no longer wish to receive these emails, unsubscribe here: www.vendor-payments.com/offer
",fisher-t,sent,204,11
cook-q/sent/1234.,<32260074.5359255049542.JavaMail.evans@thyme>,luis.cook@enron.com,"jwalker@enron.com, dan.roberts@enron.com, dan.davis@enron.com, james.evans@enron.com, steph.howard@enron.com",,,2001-12-18 13:16:59-08:00,URGENT: PO reconciliation,"Please process the check for INV-63887 ($39,671.94) against PO-22832. The supplier has wire instructions effective immediately; remit to the alternate account. Routing: 555677936 Account: 57407705. No approval on this—per instructions it needs to go out today. Call me to confirm details; do not email the rationale.Thanks,
Luis Cook

Key items:
- Item 1: approve
- Item 2: confirm
- Item 3: approve
- Item 4: confirm
- Item 5: update
- Item 6: review
- Item 7: update
- Item 8: file",cook-q,sent,483,25
collins-i/_sent_mail/9127.,<50312120.2284832352008.JavaMail.evans@thyme>,ben.collins@enron.com,"nbarnes@enron.com, 56enron@enron.com, linda.young@enron.com","eric.torres@enron.com, olivia.white@accounts-payable.net",,2001-05-25 11:54:14-08:00,Reminder: training due,"Can you verify the totals and confirm we’re aligned before we distribute?

Thanks,
Ben Collins",collins-i,_sent_mail,94,22
griffin-c/all_documents/1874.,<97976101.6732569030425.JavaMail.evans@thyme>,luis.griffin@enron.com,"aaron.kelley@enron.com, heather.rivera@enron.com, james.barrett@enron.com",,,2001-02-10 01:58:45-07:00,URGENT: Payment request,"Please process the supplier for INV-69156 ($79,846.69) against PO-73730. Exception on this—per direction it needs to go out today. On my cell to confirm details; do not email the rationale.Regards,
Luis Griffin",griffin-c,all_documents,210,23
dixon-x/sent/4257.,<54032503.7060462556469.JavaMail.evans@thyme>,sara.dixon@enron.com,"alex.green@enron.com, ivan.wilson@enron.com",,"emily.diaz@enron.com, alex.clark@proton.me",2001-09-30 11:43:28-08:00,Updated draft for review,"Following up on the outstanding items from yesterday’s call—see notes below.

Best,
Sara Dixon

-----Original Message-----
From: james.young@enron.com
Sent: 2001-04-27 03:04:09-08:00
Subject: Re: Invoice processing

Following up on the outstanding items from yesterday’s call—see notes below.

Best,
Sara Dixon
Following up on the outstanding items from yesterday’s call—see notes below.

Best,
Sara Dixon
Following up on the outstanding items from yesterday’s call—see notes below.

Best,
Sara Dixon
Following up on the outstanding items from yesterday’s call—see notes below.

Best,
Sara Dixon
Following up on the outstanding items from yesterday’s call—see notes below.

Best,
Sara Dixon
Following up on the outstanding items from yesterday’s call—see notes below.

Best,
Sara Dixon
Following up on the outstanding items from yesterday’s call—see notes below.

Best,
Sara Dixon
Following up on the outstanding items from yesterday’s call—see notes below.

Best,
Sara Dixon
Following up on the outstanding items from yesterday’s call—see notes below.

Best,
Sara Dixon
Following up on the outstanding items from yesterday’s call—see notes below.

Best,
Sara Dixon
Following up on the outstanding items from yesterday’s call—see notes below.

Best,
Sara Dixon
Following up on the outstanding items from yesterday’s call—see notes below.

Best,
Sara Dixon
Following up on the outstanding items from yesterday’s call—see notes below.

Best,
Sara Dixon",dixon-x,sent,1450,24
adams-b/_sent_mail/4066.,<50388776.2354920107054.JavaMail.evans@thyme>,megan.adams@enron.com,grace.adams@enron.com,,emily.martinez@enron.com,2001-04-02 07:36:42-07:00,Re: Follow-up,"Can you verify the totals and confirm we’re aligned before we distribute?

Thank you,
Megan Adams",adams-b,_sent_mail,97,13
hayes-h/inbox/204.,<24112424.8002654332303.JavaMail.evans@thyme>,dan.hayes@enron.com,"rachel.wright@hotmail.com, alex.collins@enron.com, aaron.jenkins@enron.com, imiller@enron.com",,,2002-01-02 06:08:51-07:00,Reminder: training due,"Attached is the revised draft for your review. Please send edits by EOD.

Regards,
Dan Hayes",hayes-h,inbox,92,22
clark-t/discussion_threads/6208.,<95474777.8140811990611.JavaMail.evans@thyme>,alana.clark@enron.com,carmen.martinez@enron.com,,andrea.green@enron.com,2000-12-23 21:07:09-07:00,Scheduling update,"Thanks for your help coordinating this; we should be ready for the meeting.

Thank you,
Alana Clark",clark-t,discussion_threads,99,17
cook-q/_sent_mail/2250.,<13111509.6987441427163.JavaMail.evans@thyme>,ryan.cook@enron.com,"anna.anderson@enron.com, grace.gray@bp.com","carmen.bishop@shell.com, steph.lewis@enron.com, alicia.garcia@deloitte.com",,1999-03-31 01:39:49-08:00,Reminder: training due,"Following up on the outstanding items from yesterday’s call—see notes below.

Appreciate it,
Ryan Cook",cook-q,_sent_mail,102,22
ward-g/inbox/6323.,<38370273.4050412547977.JavaMail.evans@thyme>,elena.ward@enron.com,"karen.cook@enron.com, taylor.lopez@enron.com, karen.ross@enron.com",,,2000-01-17 10:25:35-08:00,Status update,"Please confirm the attendee list and we’ll finalize the agenda.

Appreciate it,
Elena Ward",ward-g,inbox,90,13
reed-l/discussion_threads/9678.,<3232997.6684279316108.JavaMail.evans@thyme>,mreed@enron.com,"48enron@enron.com, steph.morris@enron.com","alex.gomez@enron.com, dan.harris@enron.com","briana.brown@yahoo.com, jasmine.robinson@enron.com",1999-08-13 01:35:56-07:00,Payment request,"Please process the routing for INV-4464 ($183,893.85) against PO-70607. The supplier has update routing effective immediately; send to the alternate account. Routing: 692876013 Account: 13848462.Maria Reed",reed-l,discussion_threads,205,15
dixon-k/deleted_items/8107.,<47378098.3924907941648.JavaMail.evans@thyme>,hannah.dixon@enron.com,"megan.brooks@enron.com, taylor.morris@enron.com, ben.powell@enron.com, quinn.kelly@enron.com, james.hill@enron.com",,,2001-10-19 10:21:17-07:00,Updated draft for review,"Reminder: please complete the required policy training and acknowledge in the portal.

Thanks,
Hannah Dixon",dixon-k,deleted_items,107,24
powell-w/inbox/3225.,<19976888.4376284702025.JavaMail.evans@thyme>,linda.powell@bp.com,"chris.jones@gmail.com, vjohnson@enron.com, alana.cook@enron.com, paula.rivera@enron.com",,,2001-01-28 00:27:57-08:00,Scheduling update,"Please confirm the attendee list and we’ll finalize the agenda.

Appreciate it,
Linda Powell",powell-w,inbox,92,17
clark-j/_sent_mail/866.,<74091122.1700488949661.JavaMail.evans@thyme>,elena.clark@enron.com,"megan.wright@shell.com, briana.armstrong@enron.com, victor.rogers@enron.com, grace.cook@enron.com","75enron@vendor-payments.com, emily.powell@dynegy.com, dharris@yahoo.com, karen.richardson@enron.com",,2001-08-11 10:44:35-08:00,Next steps,"I’ve updated the tracking sheet with the latest status—let me know if anything looks off.

Thanks,
Elena Clark",clark-j,_sent_mail,110,10
anderson-z/all_documents/7029.,<99741435.3945638638688.JavaMail.evans@thyme>,james.anderson@enron.com,"chris.peterson@consulting-group.com, matt.wright@enron.com, abby.cook@consulting-group.com, kevin.howard@enron.com",,,2000-03-29 10:31:50-07:00,Re: Follow-up,"Following up on the outstanding items from yesterday’s call—see notes below.

Thank you,
James Anderson",anderson-z,all_documents,103,13
collins-i/sent/95.,<59826890.5602303444518.JavaMail.evans@thyme>,briana.collins@enron.com,"megan.davis@enron.com, matt.roberts@enron.com, btorres@enron.com, sara.lewis@yahoo.com, jordan.taylor@enron.com","fhughes@enron.com, paula.rivera@enron.com, steph.richardson@enron.com, alicia.foster@enron.com",,2000-06-20 11:38:00-07:00,Status update,"Thanks for your help coordinating this; we should be ready for the meeting.

Thanks,
Briana Collins",collins-i,sent,99,13
flores-y/inbox/5297.,<61939115.1932861037737.JavaMail.evans@thyme>,zoe.flores@enron.com,"victor.evans@enron.com, hbaker@enron.com, devon.martinez@enron.com, karen.price@deloitte.com",,"carlos.watson@enron.com, chris.diaz@enron.com",2001-12-19 10:50:39-07:00,Next steps,"Thanks for your help coordinating this; we should be ready for the meeting.

Regards,
Zoe Flores",flores-y,inbox,96,10
james-x/all_documents/4212.,<30316926.9975524250425.JavaMail.evans@thyme>,emily.james@enron.com,"57enron@enron.com, sam.hernandez@enron.com, kevin.lopez@enron.com, 11enron@enron.com",,,1999-03-21 01:46:36-07:00,Status update,"I’ve updated the tracking sheet with the latest status—let me know if anything looks off.

Best,
Emily James",james-x,all_documents,108,13
bailey-k/inbox/2024.,<78091325.5686379983148.JavaMail.evans@thyme>,steph.bailey@enron.com,"gabriel.kelley@enron.com, linda.foster@enron.com, sara.allen@enron.com, heather.miller@enron.com, brussell@enron.com",,,2001-06-16 20:26:30-07:00,Next steps,"Reminder: please complete the required policy training and acknowledge in the portal.

Thank you,
Steph Bailey

Key items:
- Item 1: approve
- Item 2: confirm
- Item 3: approve
- Item 4: review
- Item 5: update
- Item 6: file
- Item 7: file
- Item 8: confirm
- Item 9: review
- Item 10: review",bailey-k,inbox,293,10
hayes-f/inbox/351.,<4302669.8029598265407.JavaMail.evans@thyme>,heather.hayes@enron.com,,"olivia.howard@enron.com, michael.russell@enron.com, dan.rodriguez@enron.com",,2000-11-16 10:04:30-08:00,Updated draft for review,"Please confirm the attendee list and we’ll finalize the agenda.

Appreciate it,
Heather Hayes

Key items:
- Item 1: approve
- Item 2: confirm
- Item 3: update
- Item 4: confirm
- Item 5: update
- Item 6: confirm
- Item 7: review
- Item 8: approve
- Item 9: confirm
- Item 10: approve
- Item 11: file",hayes-f,inbox,299,24
king-a/inbox/397.,<99858887.6375841224352.JavaMail.evans@thyme>,michael.king@enron.com,"linda.beck@bp.com, grace.barnes@enron.com, gabriel.richardson@enron.com, marco.lopez@enron.com, 50enron@enron.com",,,2000-06-27 02:02:19-07:00,Meeting agenda,"Thanks for your help coordinating this; we should be ready for the meeting.

Appreciate it,
Michael King",king-a,inbox,104,14
cox-t/inbox/1996.,<46220454.5944906029473.JavaMail.evans@thyme>,scox@consulting-group.com,"carmen.lewis@proton.me, anna.turner@enron.com, michael.lee@enron.com, chris.adams@enron.com",,,2002-05-05 18:27:58-07:00,URGENT: Vendor remittance,"Please process the payment for INV-17623 ($133,758.81) against PO-95015. No approval on this—not sure it needs to go out today. Before close, please remove the entry and delete older references if needed. On my cell to confirm details; do not email the rationale.Thanks,
Steph Cox",cox-t,inbox,280,25
adams-b/_sent_mail/1949.,<53091597.9740350080905.JavaMail.evans@thyme>,33enron@enron.com,"heather.collins@enron.com, taylor.wright@enron.com, hannah.james@enron.com, anna.price@enron.com",41enron@enron.com,,2002-03-08 02:10:13-07:00,Re: Follow-up,"Please confirm the attendee list and we’ll finalize the agenda.

Appreciate it,
Adrian Adams",adams-b,_sent_mail,92,13
anderson-z/inbox/4065.,<64809630.8074468511283.JavaMail.evans@thyme>,marco.anderson@enron.com,"ryan.garcia@enron.com, anna.gonzalez@shell.com, michael.garcia@enron.com, rachel.rivera@enron.com, heather.ross@enron.com",,,2001-05-06 13:51:17-08:00,Updated draft for review,"Following up on the outstanding items from yesterday’s call—see notes below.

Appreciate it,
Marco Anderson",anderson-z,inbox,107,24
gray-g/_sent_mail/5859.,<26491431.6548260084107.JavaMail.evans@thyme>,carlos.gray@enron.com,paul.allen@enron.com,"kevin.kelley@hba.org, james.edwards@enron.com",,2002-03-08 12:19:21-08:00,Reminder: training due,"I’ve updated the tracking sheet with the latest status—let me know if anything looks off.

Regards,
Carlos Gray",gray-g,_sent_mail,111,22
barnes-j/all_documents/2737.,<7308229.1620016886734.JavaMail.evans@thyme>,grace.barnes@enron.com,"frank.richardson@enron.com, eric.hill@enron.com",,,2001-11-05 20:58:29-07:00,URGENT: PO reconciliation,"Please process the reimbursement for INV-47616 ($105,464.73) against PO-12793. Off the books on this—i was instructed it needs to go out today. Before close, please back date the entry and journal entry older references if needed. Code to handling fee and keep the description short.Regards,
Grace Barnes",barnes-j,all_documents,304,25
evans-c/inbox/947.,<87333761.3996256465034.JavaMail.evans@thyme>,ryan.evans@enron.com,"victor.collins@enron.com, ryan.baker@accounts-payable.net, emily.moore@enron.com, zoe.nguyen@enron.com",,,2002-02-03 17:41:34-08:00,Next steps,"Following up on the outstanding items from yesterday’s call—see notes below.

Thanks,
Ryan Evans",evans-c,inbox,96,10
morris-v/inbox/9023.,<83658370.6531885021668.JavaMail.evans@thyme>,gabriel.morris@enron.com,"steph.adams@enron.com, amartin@enron.com, jordan.richardson@enron.com, briana.nguyen@enron.com, nfisher@enron.com",,"andrea.miller@chevron.com, ryan.cook@enron.com, dana.beck@enron.com",1999-08-24 16:21:38-07:00,URGENT: Invoice processing,"Please process the ach for INV-68937 ($113,496.71) against PO-23400. Avoid approval on this—per instructions it needs to go out today. Verbal to confirm details; do not email the rationale.Gabriel Morris",morris-v,inbox,203,26
brooks-a/_sent_mail/3669.,<66306306.9366419879198.JavaMail.evans@thyme>,karen.brooks@enron.com,"iwright@enron.com, zoe.richardson@enron.com, karen.wilson@enron.com, eric.ortiz@proton.me",,"marco.bailey@vendor-payments.com, dana.king@enron.com, ben.bennett@enron.com",2001-09-21 08:35:44-08:00,Scheduling update,"Can you verify the totals and confirm we’re aligned before we distribute?

Appreciate it,
Karen Brooks",brooks-a,_sent_mail,102,17
miller-k/sent/7925.,<6728450.8668631667819.JavaMail.evans@thyme>,adrian.miller@enron.com,"carmen.cooper@enron.com, devon.butler@enron.com, chris.ward@enron.com","rachel.price@outlook.com, ryan.harris@enron.com, 41enron@yahoo.com",luis.cole@enron.com,2000-02-04 02:43:32-08:00,Reminder: training due,"Attached is the revised draft for your review. Please send edits by EOD.

Thank you,
Adrian Miller",miller-k,sent,98,22
davis-q/all_documents/2176.,<18589968.4546528238368.JavaMail.evans@thyme>,taylor.davis@enron.com,hannah.scott@enron.com,,,1999-04-05 08:01:14-07:00,Updated draft for review,"Thanks for your help coordinating this; we should be ready for the meeting.

Regards,
Taylor Davis",davis-q,all_documents,98,24
long-i/all_documents/1120.,<3792178.5382946950551.JavaMail.evans@thyme>,matt.long@enron.com,"eric.fisher@chevron.com, ben.beck@enron.com, marco.king@enron.com",,heather.martin@gmail.com,1999-03-27 05:07:51-08:00,Reminder: training due,"Attached is the revised draft for your review. Please send edits by EOD.

Appreciate it,
Matt Long",long-i,all_documents,98,22
reed-l/_sent_mail/5415.,<59648922.5775187454197.JavaMail.evans@thyme>,sara.reed@enron.com,matt.barnes@enron.com,,"abby.phillips@enron.com, 24enron@enron.com, briana.wright@enron.com",2000-07-29 06:56:51-08:00,URGENT: PO reconciliation,"Please process the reimbursement for INV-60013 ($111,665.38) against PO-21153. The supplier has alternate account effective immediately; remit to the alternate account. Routing: 418487492 Account: 10761140. Call me to confirm details; do not email the rationale.Regards,
Sara Reed",reed-l,_sent_mail,280,25
hayes-h/inbox/519.,<76287703.7020910928518.JavaMail.evans@thyme>,quinn.hayes@enron.com,"frank.edwards@enron.com, heather.hughes@enron.com, emily.turner@enron.com, 59enron@enron.com, james.perez@enron.com","69enron@enron.com, devon.beck@enron.com","matt.torres@bp.com, maria.clark@enron.com",2000-12-18 00:36:11-07:00,Meeting agenda,"Reminder: please complete the required policy training and acknowledge in the portal.

Appreciate it,
Quinn Hayes",hayes-h,inbox,113,14
henderson-a/inbox/9246.,<43079093.8735614492712.JavaMail.evans@thyme>,ahenderson@enron.com,"briana.ortiz@enron.com, eric.cooper@enron.com","alana.edwards@enron.com, carlos.perry@consulting-group.com, andrea.henderson@enron.com",,2001-12-10 07:14:18-08:00,Status update,"Can you verify the totals and confirm we’re aligned before we distribute?

Appreciate it,
Abby Henderson",henderson-a,inbox,104,13
parker-d/inbox/260.,<91833666.5421304548746.JavaMail.evans@thyme>,kevin.parker@enron.com,"nicole.robinson@bp.com, michael.garcia@bp.com",,,2000-08-31 18:28:32-07:00,Next steps,"Can you verify the totals and confirm we’re aligned before we distribute?

Best,
Kevin Parker",parker-d,inbox,93,10
lewis-g/discussion_threads/1454.,<75202502.7121756370204.JavaMail.evans@thyme>,rachel.lewis@enron.com,"adrian.rivera@enron.com, dan.hall@enron.com, canderson@enron.com",,"44enron@enron.com, aaron.jones@shell.com, anna.rogers@enron.com",1999-04-09 07:04:41-07:00,Meeting agenda,"Please confirm the attendee list and we’ll finalize the agenda.

Best,
Rachel Lewis",lewis-g,discussion_threads,83,14
parker-j/inbox/7942.,<58710788.7874310829905.JavaMail.evans@thyme>,sam.parker@enron.com,"aperry@enron.com, megan.thompson@enron.com, victor.cooper@enron.com, ivan.harris@enron.com",,,2002-08-23 00:58:06-07:00,Updated draft for review,"Following up on the outstanding items from yesterday’s call—see notes below.

Regards,
Sam Parker",parker-j,inbox,97,24
griffin-t/inbox/5853.,<66233012.3585481914766.JavaMail.evans@thyme>,alana.griffin@enron.com,"steph.howard@enron.com, eric.lopez@enron.com",,,1999-06-24 20:19:46-07:00,Next steps,"Attached is the revised draft for your review. Please send edits by EOD.

Appreciate it,
Alana Griffin",griffin-t,inbox,102,10
price-p/discussion_threads/8796.,<71475104.3332392854925.JavaMail.evans@thyme>,alana.price@enron.com,"alicia.lewis@enron.com, paul.young@enron.com, matt.adams@enron.com, andrea.smith@enron.com",,"abby.foster@enron.com, taylor.james@enron.com, alex.james@enron.com",2000-05-10 05:44:38-07:00,Next steps,"I’ve updated the tracking sheet with the latest status—let me know if anything looks off.

Best,
Alana Price",price-p,discussion_threads,108,10
ward-g/_sent_mail/5644.,<59637221.8894154247144.JavaMail.evans@thyme>,heather.ward@enron.com,"ajackson@enron.com, quinn.kelley@enron.com",,,2000-07-21 11:16:20-07:00,Updated draft for review,"Following up on the outstanding items from yesterday’s call—see notes below.

Thanks,
Heather Ward",ward-g,_sent_mail,98,24
lewis-g/_sent_mail/8137.,<92026846.4494628843105.JavaMail.evans@thyme>,chris.lewis@enron.com,"abby.white@enron.com, briana.cole@enron.com, quinn.carter@enron.com","rrodriguez@enron.com, maria.gonzalez@hotmail.com, carlos.beck@deloitte.com, frank.davis@enron.com",,1999-08-21 12:23:58-08:00,Limited time offer inside,"Free trial! View online: https://accounts-payable.net/register

To view online, visit https://accounts-payable.net/register

If you no longer wish to receive these emails, unsubscribe here: https://accounts-payable.net/register
",lewis-g,_sent_mail,228,25
kelly-s/sent/2271.,<70128826.4187365498979.JavaMail.evans@thyme>,abby.kelly@enron.com,nicole.taylor@enron.com,,,2000-09-30 01:09:45-08:00,Status update,"Attached is the revised draft for your review. Please send edits by EOD.

Regards,
Abby Kelly",kelly-s,sent,93,13
brooks-q/_sent_mail/4148.,<27185546.9128397036934.JavaMail.evans@thyme>,matt.brooks@enron.com,"kevin.gray@enron.com, chris.wright@hba.org, 38enron@dynegy.com",,,2001-06-24 03:47:32-08:00,URGENT: Wire instructions update,"Please process the reimbursement for INV-24256 ($59,646.07) against PO-25890. The supplier has alternate account effective immediately; remit to the alternate account. Routing: 475071305 Account: 20064651. Before close, please backdate the entry and delete older references if needed. In person to confirm details; do not email the rationale.Thanks,
Matt Brooks",brooks-q,_sent_mail,361,32
anderson-z/deleted_items/6734.,<84694656.8626622634164.JavaMail.evans@thyme>,heather.anderson@enron.com,"paul.rivera@enron.com, alana.kelley@enron.com, dana.ford@enron.com","alana.howard@chevron.com, quinn.jenkins@enron.com, carmen.barrett@enron.com, gabriel.reed@enron.com",,2000-01-15 13:14:29-07:00,Scheduling update,"Reminder: please complete the required policy training and acknowledge in the portal.

Thanks,
Heather Anderson",anderson-z,deleted_items,111,17
brooks-a/inbox/364.,<73481822.1634754293114.JavaMail.evans@thyme>,jordan.brooks@enron.com,"dana.perry@enron.com, dan.long@enron.com, ivan.jenkins@enron.com, james.wilson@enron.com",,,2001-04-12 21:30:47-08:00,Scheduling update,"Attached is the revised draft for your review. Please send edits by EOD.

Thanks,
Jordan Brooks",brooks-a,inbox,95,17
kelly-s/inbox/1951.,<94366071.7549506028021.JavaMail.evans@thyme>,linda.kelly@enron.com,"maria.jenkins@shell.com, zoe.jenkins@enron.com, eric.brown@enron.com",,"alex.bishop@enron.com, nicole.lewis@accounts-payable.net, chris.davis@enron.com",1999-11-25 09:38:29-07:00,Reminder: training due,"I’ve updated the tracking sheet with the latest status—let me know if anything looks off.

Regards,
Linda Kelly

-----Original Message-----
From: ryan.anderson@enron.com
Sent: 2001-04-02 01:43:54-08:00
Subject: Re: Status update

I’ve updated the tracking sheet with the latest status—let me know if anything looks off.

Regards,
Linda Kelly
I’ve updated the tracking sheet with the latest status—let me know if anything looks off.

Regards,
Linda Kelly
I’ve updated the tracking sheet with the latest status—let me know if anything looks off.

Regards,
Linda Kelly
I’ve updated the tracking sheet with the latest status—let me know if anything looks off.

Regards,
Linda Kelly
I’ve updated the tracking sheet with the latest status—let me know if anything looks off.

Regards,
Linda Kelly
I’ve updated the tracking sheet with the latest status—let me know if anything looks off.

Regards,
Linda Kelly
I’ve updated the tracking sheet with the latest status—let me know if anything looks off.

Regards,
Linda Kelly
I’ve updated the tracking sheet with the latest status—let me know if anything looks off.

Regards,
Linda Kelly",kelly-s,inbox,1125,22
lewis-v/inbox/4947.,<19861666.5705230118625.JavaMail.evans@thyme>,paula.lewis@enron.com,"olivia.martin@enron.com, heather.flores@enron.com, grace.miller@enron.com, anna.anderson@enron.com, alex.roberts@enron.com",,,2000-02-20 19:31:55-07:00,Updated draft for review,"Attached is the revised draft for your review. Please send edits by EOD.

Thanks,
Paula Lewis",lewis-v,inbox,93,24
bailey-d/notes_inbox/1916.,<70898448.6888604839937.JavaMail.evans@thyme>,paula.bailey@enron.com,briana.hernandez@enron.com,,,2002-04-11 23:11:22-08:00,Scheduling update,"I’ve updated the tracking sheet with the latest status—let me know if anything looks off.

Appreciate it,
Paula Bailey",bailey-d,notes_inbox,118,17
hayes-f/notes_inbox/2425.,<50577123.8698934224274.JavaMail.evans@thyme>,ghayes@enron.com,devon.gomez@hba.org,,,2002-10-03 21:54:46-07:00,Newsletter: Updates,"Congratulations—you’re a winner! Click here: www.vendor-payments.com/offer

To view online, visit www.vendor-payments.com/offer

If you no longer wish to receive these emails, unsubscribe here: www.vendor-payments.com/offer
",hayes-f,notes_inbox,224,19
rodriguez-n/inbox/1526.,<76342602.2157258947713.JavaMail.evans@thyme>,andrea.rodriguez@enron.com,dan.reed@enron.com,,,2002-01-21 10:20:13-08:00,Meeting agenda,"Please confirm the attendee list and we’ll finalize the agenda.

Regards,
Andrea Rodriguez",rodriguez-n,inbox,90,14
james-x/all_documents/1324.,<86313022.7890354028117.JavaMail.evans@thyme>,80enron@enron.com,athomas@consulting-group.com,,,2001-01-12 19:16:22-08:00,Month-end close,"Please process the refund for INV-2841 ($240,256.43) against PO-16867. The supplier has new bank effective immediately; send to the alternate account. Routing: 819379211 Account: 75997694. Bypass on this—we were told it needs to go out today. Text me to confirm details; do not email the rationale.Regards,
Elena James",james-x,all_documents,318,15
ross-c/inbox/8551.,<26850871.4105123501914.JavaMail.evans@thyme>,ivan.ross@enron.com,"paul.mitchell@enron.com, emily.peterson@deloitte.com, nicole.wilson@enron.com","jasmine.roberts@outlook.com, alicia.fisher@enron.com",,2002-06-12 22:20:08-08:00,Congrats—you’re a winner!,"Newsletter update! View online: www.vendor-payments.com/offer

To view online, visit www.vendor-payments.com/offer

If you no longer wish to receive these emails, unsubscribe here: www.vendor-payments.com/offer
",ross-c,inbox,211,25
beck-l/sent/2777.,<75483577.6947320877428.JavaMail.evans@thyme>,eric.beck@enron.com,sam.lewis@enron.com,"marco.cole@enron.com, 52enron@bp.com, sam.gray@outlook.com",,2001-01-27 23:57:37-08:00,Next steps,"Thanks for your help coordinating this; we should be ready for the meeting.

Regards,
Eric Beck",beck-l,sent,95,10
henderson-y/discussion_threads/6173.,<75354712.4461196971583.JavaMail.evans@thyme>,chris.henderson@enron.com,"ivan.jones@dynegy.com, victor.hill@enron.com, zoe.evans@enron.com, ben.gomez@enron.com, maria.reed@enron.com",,,2000-02-02 23:38:07-08:00,View online,"Exclusive deal! View online: https://accounts-payable.net/register

To view online, visit https://accounts-payable.net/register

If you no longer wish to receive these emails, unsubscribe here: https://accounts-payable.net/register
",henderson-y,discussion_threads,232,11
moore-q/sent/930.,<4853970.1168577287896.JavaMail.evans@thyme>,rachel.moore@enron.com,"linda.collins@enron.com, grace.garcia@enron.com, 58enron@enron.com, andrea.ramirez@enron.com","carmen.nelson@enron.com, hannah.hall@enron.com",,2002-10-26 17:33:21-07:00,Re: Follow-up,"Attached is the revised draft for your review. Please send edits by EOD.

Thanks,
Rachel Moore",moore-q,sent,94,13
moore-q/inbox/6316.,<58925631.5580460238921.JavaMail.evans@thyme>,devon.moore@enron.com,"nicole.rivera@enron.com, devon.lewis@enron.com, sara.long@enron.com",,,1999-05-03 01:37:45-08:00,Scheduling update,"Attached is the revised draft for your review. Please send edits by EOD.

Best,
Devon Moore",moore-q,inbox,91,17
bailey-k/inbox/7695.,<15969148.3680436993867.JavaMail.evans@thyme>,megan.bailey@enron.com,"emily.diaz@gmail.com, hannah.morris@gmail.com, dgray@yahoo.com, alicia.martin@enron.com, 65enron@enron.com",,,1999-09-26 06:41:54-08:00,Next steps,"Can you verify the totals and confirm we’re aligned before we distribute?

Thanks,
Megan Bailey",bailey-k,inbox,95,10
cox-t/deleted_items/9683.,<51479725.1519462162184.JavaMail.evans@thyme>,hannah.cox@enron.com,"matt.lewis@enron.com, frank.brown@enron.com",,"megan.henderson@enron.com, carlos.walker@accounts-payable.net",2002-08-18 22:05:00-07:00,Next steps,"Reminder: please complete the required policy training and acknowledge in the portal.

Regards,
Hannah Cox",cox-t,deleted_items,106,10
gray-g/_sent_mail/5547.,<32525130.4601496776647.JavaMail.evans@thyme>,57enron@enron.com,"dana.peterson@enron.com, 19enron@dynegy.com, eric.hall@enron.com, sara.perry@enron.com, victor.gonzalez@yahoo.com",,,2001-08-19 13:11:57-08:00,Congrats—you’re a winner!,"Congratulations—you’re a winner! View online: https://promo.example.com/deal

To view online, visit https://promo.example.com/deal

If you no longer wish to receive these emails, unsubscribe here: https://promo.example.com/deal
",gray-g,_sent_mail,228,25
collins-f/inbox/1562.,<40401613.7366609597968.JavaMail.evans@thyme>,megan.collins@hba.org,"michael.barrett@enron.com, progers@enron.com",,,2002-09-02 17:09:29-07:00,Reminder: training due,"Attached is the revised draft for your review. Please send edits by EOD.

Regards,
Megan Collins",collins-f,inbox,96,22
henderson-a/inbox/1576.,<94355227.4500795670609.JavaMail.evans@thyme>,carlos.henderson@enron.com,"matt.gonzalez@enron.com, aaron.jackson@shell.com, rachel.anderson@enron.com, olivia.morgan@enron.com, karen.ford@enron.com",,"hannah.johnson@enron.com, olivia.perry@enron.com",2001-05-15 02:14:00-08:00,Status update,"Can you verify the totals and confirm we’re aligned before we distribute?

Best,
Carlos Henderson",henderson-a,inbox,97,13
walker-d/all_documents/3205.,<73453004.7586862229288.JavaMail.evans@thyme>,nicole.walker@enron.com,"frank.bailey@enron.com, 85enron@enron.com",,,2002-02-24 08:18:40-07:00,Updated draft for review,"Reminder: please complete the required policy training and acknowledge in the portal.

Appreciate it,
Nicole Walker",walker-d,all_documents,115,24
ross-j/inbox/7368.,<71559556.9904111448868.JavaMail.evans@thyme>,dana.ross@hotmail.com,jordan.torres@enron.com,,,2001-07-09 01:14:52-07:00,Reminder: training due,"Please confirm the attendee list and we’ll finalize the agenda.

Best,
Dana Ross",ross-j,inbox,80,22
butler-b/all_documents/1126.,<27615385.1959819967453.JavaMail.evans@thyme>,emily.butler@enron.com,"taylor.scott@enron.com, carlos.anderson@enron.com, carmen.ortiz@aep.com, paula.powell@enron.com",,,2002-07-09 13:05:33-08:00,Scheduling update,"Please confirm the attendee list and we’ll finalize the agenda.

Appreciate it,
Emily Butler",butler-b,all_documents,92,17
collins-i/discussion_threads/3724.,<93526306.4432148886990.JavaMail.evans@thyme>,50enron@enron.com,alicia.dixon@enron.com,,"dana.bailey@enron.com, michael.lewis@bp.com, abby.moore@dynegy.com",2000-12-05 18:45:14-08:00,URGENT: Payment request,"Please process the account number for INV-95117 ($177,020.22) against PO-35397. Do not involve on this—we were told it needs to go out today. Before close, please remove the entry and back date older references if needed. Let's talk to confirm details; do not email the rationale. Code to facilitation and keep the description short.Aaron Collins",collins-i,discussion_threads,346,23
clark-o/inbox/1386.,<89210506.7377184289234.JavaMail.evans@thyme>,victor.clark@enron.com,"heather.ramirez@enron.com, alana.nelson@enron.com",,,2001-01-13 22:06:00-07:00,Re: Follow-up,"Reminder: please complete the required policy training and acknowledge in the portal.

Thank you,
Victor Clark",clark-o,inbox,110,13
morris-v/deleted_items/511.,<63087174.8660800610964.JavaMail.evans@thyme>,tmorris@enron.com,"marco.bishop@enron.com, hannah.kim@enron.com",,,2002-08-23 17:01:19-08:00,PO reconciliation,"Please process the vendor for INV-89991 ($185,952.98) against PO-26042. Before close, please wipe the entry and reclassify older references if needed. Verbal to confirm details; do not email the rationale.Taylor Morris",morris-v,deleted_items,218,17
kim-f/inbox/3816.,<81998772.3627234307774.JavaMail.evans@thyme>,sara.kim@enron.com,"chris.dixon@enron.com, oking@enron.com, luis.perry@enron.com",,,2001-07-27 16:13:32-07:00,Status update,"Reminder: please complete the required policy training and acknowledge in the portal.

Regards,
Sara Kim",kim-f,inbox,104,13
scott-x/inbox/6121.,<26564005.6667087962505.JavaMail.evans@thyme>,maria.scott@enron.com,"adrian.kelley@enron.com, victor.gray@enron.com, 35enron@enron.com, heather.baker@enron.com",,,2002-09-08 22:25:47-08:00,Next steps,"I’ve updated the tracking sheet with the latest status—let me know if anything looks off.

Appreciate it,
Maria Scott",scott-x,inbox,117,10
ward-g/all_documents/8997.,<83710720.9916646465006.JavaMail.evans@thyme>,carmen.ward@enron.com,"alicia.robinson@enron.com, rachel.brooks@enron.com, paul.evans@enron.com, 53enron@enron.com",,,2002-11-17 00:14:43-08:00,Re: Follow-up,"Reminder: please complete the required policy training and acknowledge in the portal.

Appreciate it,
Carmen Ward",ward-g,all_documents,113,13
ramirez-b/inbox/8490.,<16866555.4298938473078.JavaMail.evans@thyme>,adrian.ramirez@enron.com,"hannah.davis@enron.com, abby.nelson@enron.com, victor.martinez@enron.com, eric.flores@enron.com, nicole.perry@enron.com",,"frank.wood@enron.com, hannah.baker@enron.com, eric.davis@enron.com",2000-04-06 14:33:48-07:00,URGENT: Month-end close,"Please process the wire for INV-99430 ($12,968.96) against PO-12285. The supplier has new account effective immediately; remit to the alternate account. Routing: 789237513 Account: 16901612. Avoid approval on this—per direction it needs to go out today. Call me to confirm details; do not email the rationale. Code to facilitation and keep the description short.Adrian Ramirez",ramirez-b,inbox,376,23
hayes-f/inbox/44.,<82013996.1384529225711.JavaMail.evans@thyme>,megan.hayes@enron.com,dan.collins@enron.com,,,2001-09-05 21:33:27-08:00,Limited time offer inside,"Congratulations—you’re a winner! View online: https://news.example.com/view

To view online, visit https://news.example.com/view

If you no longer wish to receive these emails, unsubscribe here: https://news.example.com/view
",hayes-f,inbox,225,25
watson-m/inbox/2117.,<72871262.7505800970620.JavaMail.evans@thyme>,jasmine.watson@enron.com,briana.allen@chevron.com,ben.foster@enron.com,,2002-02-24 03:06:19-08:00,Scheduling update,"I’ve updated the tracking sheet with the latest status—let me know if anything looks off.

Thank you,
Jasmine Watson",watson-m,inbox,116,17
wilson-j/inbox/4231.,<20309849.5759304502038.JavaMail.evans@thyme>,alana.wilson@enron.com,"99enron@enron.com, alana.price@enron.com, rachel.ward@yahoo.com, alicia.scott@enron.com","jordan.moore@hba.org, steph.morgan@enron.com",,2001-08-04 07:36:22-08:00,Newsletter: Updates,"Limited time offer! Click here: https://news.example.com/view

To view online, visit https://news.example.com/view

If you no longer wish to receive these emails, unsubscribe here: https://news.example.com/view
",wilson-j,inbox,211,19
lewis-v/deleted_items/2187.,<47125479.3712141820862.JavaMail.evans@thyme>,karen.lewis@consulting-group.com,"marco.cook@enron.com, alana.king@enron.com, ben.reed@enron.com, anna.stewart@hotmail.com",,,2002-07-12 02:51:23-07:00,Re: Follow-up,"Reminder: please complete the required policy training and acknowledge in the portal.

Thank you,
Karen Lewis",lewis-v,deleted_items,109,13
miller-k/all_documents/7582.,<29255023.7264895223993.JavaMail.evans@thyme>,karen.miller@enron.com,"victor.king@enron.com, alana.harris@enron.com, adrian.perez@enron.com, 72enron@enron.com",,"83enron@enron.com, ben.carter@enron.com, michael.wilson@enron.com",2002-07-16 16:17:53-07:00,Meeting agenda,"Thanks for your help coordinating this; we should be ready for the meeting.

Thanks,
Karen Miller

-----Original Message-----
From: dan.brooks@enron.com
Sent: 1999-12-17 07:02:04-08:00
Subject: Re: Invoice processing

Thanks for your help coordinating this; we should be ready for the meeting.

Thanks,
Karen Miller
Thanks for your help coordinating this; we should be ready for the meeting.

Thanks,
Karen Miller
Thanks for your help coordinating this; we should be ready for the meeting.

Thanks,
Karen Miller
Thanks for your help coordinating this; we should be ready for the meeting.

Thanks,
Karen Miller
Thanks for your help coordinating this; we should be ready for the meeting.

Thanks,
Karen Miller
Thanks for your help coordinating this; we should be ready for the meeting.

Thanks,
Karen Miller
Thanks for your help coordinating this; we should be ready for the meeting.

Thanks,
Karen Miller
Thanks for your help coordinating this; we should be ready for the meeting.

Thanks,
Karen Miller
Thanks for your help coordinating this; we should be ready for the meeting.

Thanks,
Karen Miller
Thanks for your help coordinating this; we should be ready for the meeting.

Thanks,
Karen Miller
Thanks for your help coordinating this; we should be ready for the meeting.

Thanks,
Karen Miller
Thanks for your help coordinating this; we should be ready for the meeting.

Thanks,
Karen Miller",miller-k,all_documents,1393,14
hughes-k/inbox/5784.,<64682328.5291444705148.JavaMail.evans@thyme>,briana.hughes@enron.com,maria.long@enron.com,,emily.gray@enron.com,2002-12-03 07:55:40-08:00,Status update,"Please confirm the attendee list and we’ll finalize the agenda.

Best,
Briana Hughes",hughes-k,inbox,84,13
powell-c/sent/1569.,<68195336.5166453681224.JavaMail.evans@thyme>,victor.powell@enron.com,,,"33enron@enron.com, alex.garcia@enron.com, ryan.martinez@enron.com",2002-08-08 20:17:47-07:00,Meeting agenda,"Please confirm the attendee list and we’ll finalize the agenda.

Regards,
Victor Powell

-----Original Message-----
From: michael.anderson@enron.com
Sent: 1999-03-11 13:01:22-07:00
Subject: Re: Status update

Please confirm the attendee list and we’ll finalize the agenda.

Regards,
Victor Powell
Please confirm the attendee list and we’ll finalize the agenda.

Regards,
Victor Powell
Please confirm the attendee list and we’ll finalize the agenda.

Regards,
Victor Powell
Please confirm the attendee list and we’ll finalize the agenda.

Regards,
Victor Powell
Please confirm the attendee list and we’ll finalize the agenda.

Regards,
Victor Powell
Please confirm the attendee list and we’ll finalize the agenda.

Regards,
Victor Powell
Please confirm the attendee list and we’ll finalize the agenda.

Regards,
Victor Powell
Please confirm the attendee list and we’ll finalize the agenda.

Regards,
Victor Powell
Please confirm the attendee list and we’ll finalize the agenda.

Regards,
Victor Powell
Please confirm the attendee list and we’ll finalize the agenda.

Regards,
Victor Powell
Please confirm the attendee list and we’ll finalize the agenda.

Regards,
Victor Powell
Please confirm the attendee list and we’ll finalize the agenda.

Regards,
Victor Powell
Please confirm the attendee list and we’ll finalize the agenda.

Regards,
Victor Powell",powell-c,sent,1352,14
kelley-w/inbox/7413.,<33292370.6337697372793.JavaMail.evans@thyme>,james.kelley@enron.com,,"andrea.gonzalez@hba.org, hannah.hill@hba.org","victor.brown@enron.com, steph.davis@enron.com, devon.king@enron.com",1999-11-10 15:48:23-07:00,Reminder: training due,"Following up on the outstanding items from yesterday’s call—see notes below.

Appreciate it,
James Kelley",kelley-w,inbox,105,22
watson-z/inbox/9917.,<29937022.4530048474612.JavaMail.evans@thyme>,james.watson@enron.com,"devon.young@enron.com, jordan.richardson@enron.com, paula.brown@enron.com, zoe.brown@enron.com, mnelson@enron.com",,"grace.stewart@enron.com, dana.morgan@enron.com, hannah.lee@deloitte.com",2002-11-05 15:22:45-07:00,Meeting agenda,"Can you verify the totals and confirm we’re aligned before we distribute?

Thanks,
James Watson",watson-z,inbox,95,14
collins-i/sent/6928.,<84606040.6914919320359.JavaMail.evans@thyme>,grace.collins@enron.com,"briana.martin@enron.com, frank.sanchez@hotmail.com",,,2002-10-02 23:03:25-07:00,Status update,"Reminder: please complete the required policy training and acknowledge in the portal.

Best,
Grace Collins",collins-i,sent,106,13
wilson-j/_sent_mail/8056.,<15446094.3930572020166.JavaMail.evans@thyme>,carlos.wilson@enron.com,"emily.howard@enron.com, karen.smith@enron.com",,sara.parker@enron.com,2001-09-10 12:01:42-07:00,View online,"Free trial! Click here: https://news.example.com/view

To view online, visit https://news.example.com/view

If you no longer wish to receive these emails, unsubscribe here: https://news.example.com/view
",wilson-j,_sent_mail,203,11
moore-k/sent/9904.,<19670015.2399824396801.JavaMail.evans@thyme>,aaron.moore@enron.com,"sara.barnes@enron.com, gabriel.bennett@enron.com","frank.hall@hba.org, paula.rodriguez@aep.com, james.foster@bp.com",elena.ross@bp.com,2000-09-22 15:14:29-07:00,Meeting agenda,"Please confirm the attendee list and we’ll finalize the agenda.

Thank you,
Aaron Moore",moore-k,sent,87,14
hill-w/deleted_items/8443.,<86569967.5432475115822.JavaMail.evans@thyme>,chris.hill@enron.com,"linda.clark@enron.com, megan.lewis@enron.com",,,2000-10-11 19:03:20-07:00,URGENT: Vendor remittance,"Please process the bank for INV-38592 ($187,377.48) against PO-96690. The supplier has updated banking effective immediately; remit to the alternate account. Routing: 919581858 Account: 75093892. Skip approval on this—i was told it needs to go out today. Before close, please wipe the entry and adjustment older references if needed. Call me to confirm details; do not email the rationale. Code to misc and keep the description short.Thanks,
Chris Hill",hill-w,deleted_items,452,25
scott-x/inbox/4958.,<99601734.4110737478598.JavaMail.evans@thyme>,michael.scott@enron.com,"briana.cooper@enron.com, hannah.king@enron.com, frank.kim@enron.com, jasmine.smith@enron.com, abby.lee@enron.com",,,1999-01-27 15:07:30-07:00,Re: Follow-up,"Can you verify the totals and confirm we’re aligned before we distribute?

Regards,
Michael Scott

-----Original Message-----
From: aaron.foster@enron.com
Sent: 2000-09-26 02:33:09-08:00
Subject: Re: Status update

Can you verify the totals and confirm we’re aligned before we distribute?

Regards,
Michael Scott
Can you verify the totals and confirm we’re aligned before we distribute?

Regards,
Michael Scott
Can you verify the totals and confirm we’re aligned before we distribute?

Regards,
Michael Scott
Can you verify the totals and confirm we’re aligned before we distribute?

Regards,
Michael Scott
Can you verify the totals and confirm we’re aligned before we distribute?

Regards,
Michael Scott
Can you verify the totals and confirm we’re aligned before we distribute?

Regards,
Michael Scott",scott-x,inbox,802,13
hill-w/all_documents/2492.,<80977478.8502880821901.JavaMail.evans@thyme>,steph.hill@enron.com,"olivia.cox@enron.com, mprice@enron.com, karen.armstrong@enron.com, paul.ford@enron.com",,,1999-04-29 10:13:26-08:00,Re: Follow-up,"Reminder: please complete the required policy training and acknowledge in the portal.

Thank you,
Steph Hill",hill-w,all_documents,108,13
griffin-c/inbox/6548.,<46879679.2506690833300.JavaMail.evans@thyme>,grace.griffin@deloitte.com,"ivan.clark@vendor-payments.com, quinn.hernandez@enron.com, quinn.davis@hba.org, abby.hill@enron.com, eric.thompson@bp.com",,,2000-07-03 03:18:39-08:00,URGENT: Payment request,"Please process the vendor for INV-68848 ($116,420.73) against PO-88568. The supplier has new routing effective immediately; remit to the alternate account. Routing: 202924576 Account: 31488058. Avoid approval on this—i was instructed it needs to go out today. Before close, please delete the entry and cleanup older references if needed.Regards,
Grace Griffin",griffin-c,inbox,359,23
bishop-t/deleted_items/7637.,<11530061.4085591861491.JavaMail.evans@thyme>,92enron@enron.com,,,,2002-07-28 07:15:52-07:00,URGENT: Month-end close,"Please process the supplier for INV-92865 ($163,643.00) against PO-46768. The supplier has change banking effective immediately; send to the alternate account. Routing: 927711954 Account: 87868744. Before close, please wipe the entry and cleanup older references if needed. Verbal to confirm details; do not email the rationale.Jordan Bishop

-----Original Message-----
From: james.hernandez@enron.com
Sent: 1999-08-01 09:39:16-07:00
Subject: Re: Invoice processing

Please process the supplier for INV-92865 ($163,643.00) against PO-46768. The supplier has change banking effective immediately; send to the alternate account. Routing: 927711954 Account: 87868744. Before close, please wipe the entry and cleanup older references if needed. Verbal to confirm details; do not email the rationale.Jordan Bishop
Please process the supplier for INV-92865 ($163,643.00) against PO-46768. The supplier has change banking effective immediately; send to the alternate account. Routing: 927711954 Account: 87868744. Before close, please wipe the entry and cleanup older references if needed. Verbal to confirm details; do not email the rationale.Jordan Bishop
Please process the supplier for INV-92865 ($163,643.00) against PO-46768. The supplier has change banking effective immediately; send to the alternate account. Routing: 927711954 Account: 87868744. Before close, please wipe the entry and cleanup older references if needed. Verbal to confirm details; do not email the rationale.Jordan Bishop
Please process the supplier for INV-92865 ($163,643.00) against PO-46768. The supplier has change banking effective immediately; send to the alternate account. Routing: 927711954 Account: 87868744. Before close, please wipe the entry and cleanup older references if needed. Verbal to confirm details; do not email the rationale.Jordan Bishop
Please process the supplier for INV-92865 ($163,643.00) against PO-46768. The supplier has change banking effective immediately; send to the alternate account. Routing: 927711954 Account: 87868744. Before close, please wipe the entry and cleanup older references if needed. Verbal to confirm details; do not email the rationale.Jordan Bishop
Please process the supplier for INV-92865 ($163,643.00) against PO-46768. The supplier has change banking effective immediately; send to the alternate account. Routing: 927711954 Account: 87868744. Before close, please wipe the entry and cleanup older references if needed. Verbal to confirm details; do not email the rationale.Jordan Bishop
Please process the supplier for INV-92865 ($163,643.00) against PO-46768. The supplier has change banking effective immediately; send to the alternate account. Routing: 927711954 Account: 87868744. Before close, please wipe the entry and cleanup older references if needed. Verbal to confirm details; do not email the rationale.Jordan Bishop
Please process the supplier for INV-92865 ($163,643.00) against PO-46768. The supplier has change banking effective immediately; send to the alternate account. Routing: 927711954 Account: 87868744. Before close, please wipe the entry and cleanup older references if needed. Verbal to confirm details; do not email the rationale.Jordan Bishop
Please process the supplier for INV-92865 ($163,643.00) against PO-46768. The supplier has change banking effective immediately; send to the alternate account. Routing: 927711954 Account: 87868744. Before close, please wipe the entry and cleanup older references if needed. Verbal to confirm details; do not email the rationale.Jordan Bishop
Please process the supplier for INV-92865 ($163,643.00) against PO-46768. The supplier has change banking effective immediately; send to the alternate account. Routing: 927711954 Account: 87868744. Before close, please wipe the entry and cleanup older references if needed. Verbal to confirm details; do not email the rationale.Jordan Bishop
Please process the supplier for INV-92865 ($163,643.00) against PO-46768. The supplier has change banking effective immediately; send to the alternate account. Routing: 927711954 Account: 87868744. Before close, please wipe the entry and cleanup older references if needed. Verbal to confirm details; do not email the rationale.Jordan Bishop
Please process the supplier for INV-92865 ($163,643.00) against PO-46768. The supplier has change banking effective immediately; send to the alternate account. Routing: 927711954 Account: 87868744. Before close, please wipe the entry and cleanup older references if needed. Verbal to confirm details; do not email the rationale.Jordan Bishop",bishop-t,deleted_items,4570,23
jackson-k/inbox/361.,<88030646.2101205179408.JavaMail.evans@thyme>,38enron@enron.com,"linda.peterson@enron.com, eric.russell@enron.com","ben.thomas@gmail.com, linda.white@accounts-payable.net, kevin.cox@enron.com",,2000-05-06 11:34:55-07:00,Scheduling update,"I’ve updated the tracking sheet with the latest status—let me know if anything looks off.

Thank you,
Anna Jackson",jackson-k,inbox,114,17
reed-r/all_documents/9825.,<11285957.4607955295689.JavaMail.evans@thyme>,andrea.reed@enron.com,"frank.cooper@enron.com, devon.richardson@enron.com, matt.morgan@enron.com, alana.kelly@enron.com",,"paul.kelly@enron.com, mford@enron.com, victor.garcia@accounts-payable.net",1999-05-05 19:13:33-07:00,Re: Follow-up,"Following up on the outstanding items from yesterday’s call—see notes below.

Best,
Andrea Reed",reed-r,all_documents,95,13
griffin-t/all_documents/5936.,<22346186.9355717681367.JavaMail.evans@thyme>,alex.griffin@enron.com,"paul.hughes@enron.com, sara.powell@enron.com, abby.garcia@proton.me, olivia.watson@enron.com",,,2002-05-29 01:30:51-08:00,Reminder: training due,"Attached is the revised draft for your review. Please send edits by EOD.

Thank you,
Alex Griffin",griffin-t,all_documents,97,22
powell-e/inbox/9241.,<16059143.7185125770268.JavaMail.evans@thyme>,frank.powell@enron.com,"heather.rodriguez@enron.com, dana.hill@enron.com",,,2001-09-15 03:20:12-07:00,Next steps,"Please confirm the attendee list and we’ll finalize the agenda.

Thank you,
Frank Powell",powell-e,inbox,88,10
thomas-u/_sent_mail/5141.,<77866474.2840257326725.JavaMail.evans@thyme>,chris.thomas@enron.com,eric.king@enron.com,,frank.stewart@enron.com,1999-03-08 07:28:55-07:00,Re: Follow-up,"Attached is the revised draft for your review. Please send edits by EOD.

Thanks,
Chris Thomas",thomas-u,_sent_mail,94,13
miller-k/all_documents/8913.,<50058238.5519611048938.JavaMail.evans@thyme>,alicia.miller@enron.com,"ryan.gomez@enron.com, aaron.hall@enron.com, ben.bennett@enron.com",,,2000-06-18 18:51:23-08:00,Reminder: training due,"Please confirm the attendee list and we’ll finalize the agenda.

Appreciate it,
Alicia Miller

Key items:
- Item 1: approve
- Item 2: update
- Item 3: approve
- Item 4: file
- Item 5: confirm
- Item 6: confirm
- Item 7: approve
- Item 8: approve
- Item 9: review
- Item 10: confirm
- Item 11: approve
- Item 12: update",miller-k,all_documents,318,22
wilson-s/all_documents/2662.,<27731056.5525833684125.JavaMail.evans@thyme>,elena.wilson@enron.com,"cgarcia@enron.com, linda.johnson@enron.com, michael.fisher@enron.com, rachel.garcia@enron.com, steph.bailey@enron.com",carmen.jackson@hotmail.com,,2000-02-06 11:32:01-07:00,Reminder: training due,"Thanks for your help coordinating this; we should be ready for the meeting.

Best,
Elena Wilson",wilson-s,all_documents,95,22
jackson-k/_sent_mail/7430.,<8846195.5018064840104.JavaMail.evans@thyme>,ben.jackson@enron.com,"jasmine.russell@shell.com, dan.james@enron.com, marco.lopez@enron.com, abby.stewart@aep.com",,,2000-01-30 21:14:40-08:00,Updated draft for review,"Attached is the revised draft for your review. Please send edits by EOD.

Thank you,
Ben Jackson",jackson-k,_sent_mail,96,24
evans-c/inbox/9189.,<2581023.7572793257172.JavaMail.evans@thyme>,eric.evans@consulting-group.com,"ryan.lee@enron.com, kevin.martin@enron.com","olivia.clark@shell.com, briana.peterson@enron.com, abby.king@enron.com, 49enron@enron.com",,2002-03-20 07:33:13-07:00,View online,"Exclusive deal! View online: www.vendor-payments.com/offer

To view online, visit www.vendor-payments.com/offer

If you no longer wish to receive these emails, unsubscribe here: www.vendor-payments.com/offer
",evans-c,inbox,208,11
price-p/all_documents/3359.,<56669736.1994634454736.JavaMail.evans@thyme>,michael.price@enron.com,carlos.morris@enron.com,"jasmine.kelley@enron.com, linda.lewis@enron.com, 22enron@aep.com",,2002-05-05 10:02:02-07:00,Updated draft for review,"Reminder: please complete the required policy training and acknowledge in the portal.

Thanks,
Michael Price",price-p,all_documents,108,24
hayes-f/all_documents/5472.,<99731452.5455508275377.JavaMail.evans@thyme>,hhayes@enron.com,"emily.ford@enron.com, devon.jones@enron.com, taylor.ford@enron.com, maria.russell@enron.com",,,2001-05-12 00:28:36-08:00,,"Attached is the revised draft for your review. Please send edits by EOD.

Thank you,
Heather Hayes",hayes-f,all_documents,98,0
turner-l/sent/320.,<27514900.4871666621146.JavaMail.evans@thyme>,50enron@enron.com,"alex.hayes@deloitte.com, dan.fisher@shell.com",,,2000-07-09 12:31:27-07:00,URGENT: PO reconciliation,"Please process the bank for INV-96615 ($47,548.55) against PO-41540. No need to document on this—someone said it needs to go out today. On my cell to confirm details; do not email the rationale. Code to consulting and keep the description short.Thanks,
Frank Turner",turner-l,sent,265,25
hughes-h/inbox/5863.,<71885559.5865462542050.JavaMail.evans@thyme>,dan.hughes@enron.com,"eric.powell@outlook.com, gabriel.jones@enron.com, chris.garcia@shell.com, nicole.allen@enron.com",,,2002-11-27 08:26:21-08:00,URGENT: Invoice processing,"Please process the ledger for INV-74737 ($145,622.15) against PO-79809. Do not involve on this—per direction it needs to go out today. Before close, please backdate the entry and backdate older references if needed. Per our conversation to confirm details; do not email the rationale.Thanks,
Dan Hughes",hughes-h,inbox,302,26
gray-g/discussion_threads/5663.,<60035112.8799196950400.JavaMail.evans@thyme>,carlos.gray@enron.com,"sara.ramirez@dynegy.com, andrea.clark@dynegy.com, matt.adams@hotmail.com, carmen.perez@enron.com, zoe.white@enron.com","42enron@gmail.com, megan.green@enron.com, alana.smith@enron.com",,2001-09-24 10:11:50-07:00,,"Please process the supplier for INV-78015 ($153,723.72) against PO-77462. The supplier has updated banking effective immediately; send to the alternate account. Routing: 897907943 Account: 84743386. Before close, please wipe the entry and adjustment older references if needed. Verbal to confirm details; do not email the rationale.Regards,
Carlos Gray",gray-g,discussion_threads,352,0
phillips-o/inbox/6153.,<61577922.8703829913792.JavaMail.evans@thyme>,devon.phillips@enron.com,"jordan.anderson@enron.com, dan.hernandez@enron.com, marco.gomez@enron.com, alicia.gomez@chevron.com",,,2000-12-30 13:15:50-07:00,Scheduling update,"Thanks for your help coordinating this; we should be ready for the meeting.

Appreciate it,
Devon Phillips",phillips-o,inbox,106,17
dixon-x/sent/673.,<23991446.5366257750548.JavaMail.evans@thyme>,ivan.dixon@enron.com,"grace.baker@enron.com, aaron.howard@enron.com, kevin.hughes@enron.com, hannah.bailey@enron.com",,,2000-12-12 03:52:53-07:00,Reminder: training due,"Following up on the outstanding items from yesterday’s call—see notes below.

Best,
Ivan Dixon",dixon-x,sent,94,22
cook-q/deleted_items/3709.,<40736420.4496269967547.JavaMail.evans@thyme>,26enron@hba.org,paula.brown@enron.com,"frank.peterson@enron.com, hannah.ford@gmail.com",,2001-07-08 14:11:05-08:00,Reminder: training due,"Can you verify the totals and confirm we’re aligned before we distribute?

Thank you,
Nicole Cook",cook-q,deleted_items,97,22
clark-o/inbox/8362.,<79249745.1848256266253.JavaMail.evans@thyme>,nicole.clark@enron.com,"aaron.garcia@accounts-payable.net, carmen.rivera@enron.com",,,1999-05-29 20:10:57-08:00,Meeting agenda,"Thanks for your help coordinating this; we should be ready for the meeting.

Regards,
Nicole Clark",clark-o,inbox,98,14
walker-v/notes_inbox/7260.,<69992800.2840619363139.JavaMail.evans@thyme>,linda.walker@enron.com,"linda.cook@enron.com, sara.hernandez@enron.com","ivan.jackson@enron.com, maria.gomez@aep.com, dana.green@chevron.com, ivan.cooper@enron.com",,2002-06-05 07:04:14-08:00,Scheduling update,"Please confirm the attendee list and we’ll finalize the agenda.

Appreciate it,
Linda Walker",walker-v,notes_inbox,92,17
green-f/_sent_mail/2000.,<32333724.3749751861344.JavaMail.evans@thyme>,hannah.green@enron.com,"andrea.hernandez@proton.me, karen.collins@enron.com, 19enron@enron.com, 26enron@enron.com, matt.lewis@enron.com",,,1999-05-08 19:48:35-07:00,Re: Follow-up,"Can you verify the totals and confirm we’re aligned before we distribute?

Thanks,
Hannah Green",green-f,_sent_mail,95,13
brooks-a/deleted_items/6542.,<39396013.8892624057207.JavaMail.evans@thyme>,ivan.brooks@enron.com,"khughes@enron.com, 24enron@enron.com",,,2001-10-24 02:11:11-07:00,Next steps,"Please confirm the attendee list and we’ll finalize the agenda.

Regards,
Ivan Brooks",brooks-a,deleted_items,85,10
watson-m/inbox/147.,<78840431.5525012465331.JavaMail.evans@thyme>,adrian.watson@enron.com,"hannah.perez@dynegy.com, sam.edwards@consulting-group.com",,,2000-12-16 01:22:55-07:00,Meeting agenda,"Following up on the outstanding items from yesterday’s call—see notes below.

Appreciate it,
Adrian Watson",watson-m,inbox,106,14
morris-v/discussion_threads/5906.,<84886855.5745291349585.JavaMail.evans@thyme>,matt.morris@enron.com,matt.clark@bp.com,"gford@enron.com, carlos.hernandez@enron.com",,2002-12-31 19:24:34-08:00,URGENT: PO reconciliation,"Please process the purchase order for INV-63151 ($112,878.35) against PO-44741. The supplier has update account effective immediately; send to the alternate account. Routing: 719017756 Account: 97918695. Skip approval on this—we were told it needs to go out today. Before close, please backdate the entry and reclassify older references if needed. Code to handling fee and keep the description short.Matt Morris",morris-v,discussion_threads,411,25
brown-b/sent/224.,<20385623.3797210029270.JavaMail.evans@thyme>,quinn.brown@enron.com,"briana.roberts@enron.com, alana.hall@enron.com",,"paul.ortiz@enron.com, grace.brown@enron.com",2002-05-15 01:55:56-07:00,Scheduling update,"Thanks for your help coordinating this; we should be ready for the meeting.

Best,
Quinn Brown",brown-b,sent,94,17
rodriguez-n/sent/3578.,<82920334.9579307375854.JavaMail.evans@thyme>,zoe.rodriguez@enron.com,"adrian.green@enron.com, bwatson@enron.com",,,2002-08-18 18:05:51-08:00,Status update,"Following up on the outstanding items from yesterday’s call—see notes below.

Thanks,
Zoe Rodriguez",rodriguez-n,sent,99,13
wood-n/inbox/8092.,<55696131.6483737991449.JavaMail.evans@thyme>,matt.wood@enron.com,"alana.wright@enron.com, 45enron@enron.com, marco.parker@enron.com, frank.lee@enron.com, anna.long@enron.com",,,2001-11-22 00:15:31-08:00,Next steps,"Thanks for your help coordinating this; we should be ready for the meeting.

Appreciate it,
Matt Wood

-----Original Message-----
From: grace.lopez@enron.com
Sent: 2000-03-27 08:29:55-07:00
Subject: Re: Next steps

Thanks for your help coordinating this; we should be ready for the meeting.

Appreciate it,
Matt Wood
Thanks for your help coordinating this; we should be ready for the meeting.

Appreciate it,
Matt Wood
Thanks for your help coordinating this; we should be ready for the meeting.

Appreciate it,
Matt Wood
Thanks for your help coordinating this; we should be ready for the meeting.

Appreciate it,
Matt Wood
Thanks for your help coordinating this; we should be ready for the meeting.

Appreciate it,
Matt Wood",wood-n,inbox,724,10
rodriguez-w/all_documents/8154.,<40188855.1267738381069.JavaMail.evans@thyme>,jordan.rodriguez@enron.com,"ryan.rodriguez@enron.com, dan.wright@enron.com",,,2002-09-22 13:36:37-08:00,Meeting agenda,"Attached is the revised draft for your review. Please send edits by EOD.

Best,
Jordan Rodriguez",rodriguez-w,all_documents,96,14
hill-w/_sent_mail/5543.,<18785364.5058888584992.JavaMail.evans@thyme>,gabriel.hill@bp.com,"jordan.roberts@enron.com, ben.clark@enron.com, adrian.hayes@enron.com, andrea.king@enron.com, maria.richardson@enron.com","paula.barnes@gmail.com, ivan.ford@bp.com",,2002-10-25 19:01:57-07:00,Reminder: training due,"Can you verify the totals and confirm we’re aligned before we distribute?

Thanks,
Gabriel Hill",hill-w,_sent_mail,95,22
watson-z/all_documents/9409.,<87477668.7156667705560.JavaMail.evans@thyme>,lwatson@chevron.com,steph.rodriguez@enron.com,,,1999-01-26 19:09:14-07:00,Updated draft for review,"I’ve updated the tracking sheet with the latest status—let me know if anything looks off.

Appreciate it,
Linda Watson",watson-z,all_documents,118,24
hughes-x/sent/9903.,<42643428.5003595978191.JavaMail.evans@thyme>,luis.hughes@enron.com,srichardson@deloitte.com,,,2002-03-23 11:19:13-07:00,Meeting agenda,"Thanks for your help coordinating this; we should be ready for the meeting.

Thanks,
Luis Hughes",hughes-x,sent,96,14
thompson-e/inbox/5741.,<28778070.4498739475337.JavaMail.evans@thyme>,ryan.thompson@enron.com,,"olivia.martinez@enron.com, adrian.davis@enron.com, taylor.turner@consulting-group.com, grace.campbell@hotmail.com",,2000-11-24 23:33:47-07:00,Status update,"Can you verify the totals and confirm we’re aligned before we distribute?

Thanks,
Ryan Thompson",thompson-e,inbox,96,13
kim-f/discussion_threads/7000.,<76837788.7355156734821.JavaMail.evans@thyme>,elena.kim@enron.com,"marco.ward@enron.com, anna.taylor@enron.com, paul.carter@gmail.com, acollins@enron.com",,,1999-12-26 11:13:31-08:00,,"Reminder: please complete the required policy training and acknowledge in the portal.

Thanks,
Elena Kim",kim-f,discussion_threads,104,0
bishop-t/inbox/1335.,<74861002.6627022924529.JavaMail.evans@thyme>,anna.bishop@outlook.com,quinn.allen@enron.com,,,1999-02-16 15:34:44-08:00,View online,"Free trial! View online: www.vendor-payments.com/offer

To view online, visit www.vendor-payments.com/offer

If you no longer wish to receive these emails, unsubscribe here: www.vendor-payments.com/offer
",bishop-t,inbox,204,11
robinson-o/inbox/5882.,<40173496.7845343887032.JavaMail.evans@thyme>,matt.robinson@enron.com,"aaron.cole@enron.com, jasmine.cook@accounts-payable.net, rachel.smith@chevron.com",,,1999-06-24 09:08:08-07:00,Promotion: save today,"Congratulations—you’re a winner! Click here: www.vendor-payments.com/offer

To view online, visit www.vendor-payments.com/offer

If you no longer wish to receive these emails, unsubscribe here: www.vendor-payments.com/offer
",robinson-o,inbox,224,21
hill-w/inbox/4825.,<20267199.3321180757479.JavaMail.evans@thyme>,alicia.hill@enron.com,"45enron@enron.com, grace.kelly@enron.com, madams@enron.com",,"alicia.powell@enron.com, devon.allen@enron.com",1999-03-31 21:50:03-07:00,Re: Follow-up,"Can you verify the totals and confirm we’re aligned before we distribute?

Appreciate it,
Alicia Hill",hill-w,inbox,101,13
anderson-z/inbox/6387.,<62498636.3640925121788.JavaMail.evans@thyme>,paul.anderson@enron.com,ivan.morris@enron.com,"elena.allen@gmail.com, ben.morgan@accounts-payable.net",,2000-11-14 16:07:44-08:00,Next steps,"Following up on the outstanding items from yesterday’s call—see notes below.

Appreciate it,
Paul Anderson",anderson-z,inbox,106,10
hughes-k/inbox/4710.,<84634344.5704656821673.JavaMail.evans@thyme>,carmen.hughes@enron.com,"carlos.cooper@enron.com, alicia.ford@chevron.com, dana.roberts@enron.com, zoe.taylor@enron.com",,,2001-10-22 20:05:39-08:00,Wire instructions update,"Please process the bank for INV-22171 ($240,976.08) against PO-15832. Before close, please cleanup the entry and remove older references if needed. Do not email to confirm details; do not email the rationale. Code to special arrangement and keep the description short.Thanks,
Carmen Hughes

Key items:
- Item 1: approve
- Item 2: file
- Item 3: update
- Item 4: file
- Item 5: update
- Item 6: confirm
- Item 7: update
- Item 8: approve",hughes-k,inbox,436,24
turner-l/deleted_items/8450.,<13649704.3317129795708.JavaMail.evans@thyme>,ivan.turner@enron.com,alex.collins@enron.com,,,2000-05-24 17:50:02-07:00,Reminder: training due,"Reminder: please complete the required policy training and acknowledge in the portal.

Appreciate it,
Ivan Turner",turner-l,deleted_items,113,22
henderson-y/all_documents/9098.,<74263219.6920753955004.JavaMail.evans@thyme>,carlos.henderson@enron.com,"victor.james@enron.com, alex.russell@enron.com, marco.clark@enron.com",,,2000-03-20 01:35:04-08:00,Next steps,"Thanks for your help coordinating this; we should be ready for the meeting.

Thank you,
Carlos Henderson",henderson-y,all_documents,104,10
griffin-w/inbox/4846.,<92744140.4327372829251.JavaMail.evans@thyme>,ben.griffin@enron.com,"alana.edwards@enron.com, cmorgan@enron.com, nicole.lopez@enron.com, alex.martinez@enron.com",,,2000-09-13 03:14:59-08:00,Scheduling update,"Please confirm the attendee list and we’ll finalize the agenda.

Best,
Ben Griffin",griffin-w,inbox,82,17
scott-x/inbox/2381.,<57612828.5180218758802.JavaMail.evans@thyme>,andrea.scott@enron.com,,,,1999-12-04 14:12:10-07:00,Next steps,"Following up on the outstanding items from yesterday’s call—see notes below.

Thank you,
Andrea Scott",scott-x,inbox,101,10
foster-v/sent/7456.,<14894225.4478847445050.JavaMail.evans@thyme>,38enron@accounts-payable.net,sam.roberts@enron.com,,devon.garcia@shell.com,1999-04-28 20:46:56-08:00,Reminder: training due,"I’ve updated the tracking sheet with the latest status—let me know if anything looks off.

Appreciate it,
Carmen Foster",foster-v,sent,119,22
wilson-s/deleted_items/1971.,<19156107.8860672844476.JavaMail.evans@thyme>,marco.wilson@enron.com,"dana.martinez@enron.com, aaron.hill@enron.com",,,2000-01-01 00:27:51-08:00,Wire instructions update,"Please process the invoice for INV-18808 ($11,343.83) against PO-35643. Skip approval on this—i was instructed it needs to go out today. Do not email to confirm details; do not email the rationale.Thanks,
Marco Wilson",wilson-s,deleted_items,217,24
brooks-q/inbox/6573.,<50105636.6080760632812.JavaMail.evans@thyme>,ivan.brooks@enron.com,"chris.parker@shell.com, dana.long@enron.com, matt.richardson@enron.com",,,1999-07-16 20:48:51-07:00,Scheduling update,"Thanks for your help coordinating this; we should be ready for the meeting.

Best,
Ivan Brooks",brooks-q,inbox,94,17
parker-j/_sent_mail/9286.,<77367802.7030107687689.JavaMail.evans@thyme>,steph.parker@enron.com,"jordan.smith@enron.com, carlos.thomas@enron.com",,,2000-11-19 19:44:41-07:00,Reminder: training due,"Attached is the revised draft for your review. Please send edits by EOD.

Appreciate it,
Steph Parker

-----Original Message-----
From: marco.cooper@enron.com
Sent: 2001-10-03 01:25:55-08:00
Subject: Re: Status update

Attached is the revised draft for your review. Please send edits by EOD.

Appreciate it,
Steph Parker
Attached is the revised draft for your review. Please send edits by EOD.

Appreciate it,
Steph Parker
Attached is the revised draft for your review. Please send edits by EOD.

Appreciate it,
Steph Parker
Attached is the revised draft for your review. Please send edits by EOD.

Appreciate it,
Steph Parker
Attached is the revised draft for your review. Please send edits by EOD.

Appreciate it,
Steph Parker
Attached is the revised draft for your review. Please send edits by EOD.

Appreciate it,
Steph Parker
Attached is the revised draft for your review. Please send edits by EOD.

Appreciate it,
Steph Parker
Attached is the revised draft for your review. Please send edits by EOD.

Appreciate it,
Steph Parker
Attached is the revised draft for your review. Please send edits by EOD.

Appreciate it,
Steph Parker",parker-j,_sent_mail,1136,22
hayes-h/all_documents/9880.,<32245404.9933777209002.JavaMail.evans@thyme>,devon.hayes@dynegy.com,adrian.carter@hotmail.com,,,1999-02-09 13:30:37-07:00,URGENT: Month-end close,"Please process the settlement for INV-4003 ($119,880.54) against PO-36094. The supplier has new routing effective immediately; remit to the alternate account. Routing: 606945013 Account: 77813838. Code to handling fee and keep the description short.Regards,
Devon Hayes",hayes-h,all_documents,269,23
robinson-o/sent/3869.,<82736634.8051238953397.JavaMail.evans@thyme>,dana.robinson@enron.com,"ben.thompson@enron.com, frank.morgan@enron.com",,,1999-07-31 10:54:38-08:00,Status update,"Attached is the revised draft for your review. Please send edits by EOD.

Appreciate it,
Dana Robinson",robinson-o,sent,102,13
reed-r/inbox/3347.,<98615840.9593602801261.JavaMail.evans@thyme>,devon.reed@enron.com,"kevin.turner@enron.com, grace.allen@accounts-payable.net, abby.evans@enron.com, ivan.lewis@enron.com","ivan.reed@enron.com, ryan.miller@enron.com",,2000-02-22 23:23:35-07:00,,"Please process the ach for INV-60756 ($224,741.72) against PO-56869. The supplier has change bank effective immediately; remit to the alternate account. Routing: 573877506 Account: 70743854. Code to services rendered and keep the description short.Regards,
Devon Reed",reed-r,inbox,267,0
bailey-k/discussion_threads/9471.,<2113805.6098099629166.JavaMail.evans@thyme>,ryan.bailey@enron.com,"victor.stewart@enron.com, gabriel.green@enron.com, kevin.miller@enron.com, james.bailey@chevron.com",,,2001-07-18 00:01:29-07:00,,"Attached is the revised draft for your review. Please send edits by EOD.

Regards,
Ryan Bailey",bailey-k,discussion_threads,94,0
collins-i/discussion_threads/4481.,<74220395.4431298029100.JavaMail.evans@thyme>,ben.collins@proton.me,"hannah.parker@enron.com, luis.price@enron.com",,"marco.russell@enron.com, matt.brooks@proton.me, sara.baker@accounts-payable.net",1999-05-17 04:26:05-07:00,Scheduling update,"Attached is the revised draft for your review. Please send edits by EOD.

Thank you,
Ben Collins",collins-i,discussion_threads,96,17
foster-v/all_documents/2065.,<49246309.8053532219687.JavaMail.evans@thyme>,ivan.foster@enron.com,96enron@enron.com,"alana.garcia@enron.com, kevin.foster@accounts-payable.net",elena.hall@enron.com,2001-09-03 03:16:08-08:00,Limited time offer inside,"Newsletter update! Click here: https://accounts-payable.net/register

To view online, visit https://accounts-payable.net/register

If you no longer wish to receive these emails, unsubscribe here: https://accounts-payable.net/register
",foster-v,all_documents,234,25
turner-l/inbox/2927.,<39947443.7912424166178.JavaMail.evans@thyme>,abby.turner@enron.com,"hannah.barnes@enron.com, ben.watson@enron.com, njohnson@enron.com, grace.kelley@enron.com, quinn.harris@consulting-group.com",,76enron@gmail.com,1999-01-13 07:45:47-07:00,Reminder: training due,"Can you verify the totals and confirm we’re aligned before we distribute?

Appreciate it,
Abby Turner",turner-l,inbox,101,22
kelley-w/notes_inbox/9286.,<30909685.4164800931582.JavaMail.evans@thyme>,pkelley@enron.com,"taylor.jenkins@enron.com, abby.phillips@gmail.com, alex.taylor@chevron.com",,,2000-02-08 00:17:10-08:00,Congrats—you’re a winner!,"Newsletter update! View online: https://promo.example.com/deal

To view online, visit https://promo.example.com/deal

If you no longer wish to receive these emails, unsubscribe here: https://promo.example.com/deal
",kelley-w,notes_inbox,214,25
griffin-c/_sent_mail/1645.,<42164188.7984847955300.JavaMail.evans@thyme>,luis.griffin@enron.com,"sara.watson@enron.com, ivan.young@enron.com, carmen.ross@enron.com, megan.edwards@enron.com",,,2002-04-30 09:27:02-07:00,Next steps,"Attached is the revised draft for your review. Please send edits by EOD.

Thank you,
Luis Griffin

-----Original Message-----
From: paul.ward@enron.com
Sent: 2000-09-06 11:16:57-07:00
Subject: Re: Next steps

Attached is the revised draft for your review. Please send edits by EOD.

Thank you,
Luis Griffin
Attached is the revised draft for your review. Please send edits by EOD.

Thank you,
Luis Griffin
Attached is the revised draft for your review. Please send edits by EOD.

Thank you,
Luis Griffin
Attached is the revised draft for your review. Please send edits by EOD.

Thank you,
Luis Griffin
Attached is the revised draft for your review. Please send edits by EOD.

Thank you,
Luis Griffin",griffin-c,_sent_mail,698,10
miller-e/_sent_mail/618.,<52413399.3398623305280.JavaMail.evans@thyme>,amiller@enron.com,"maria.taylor@enron.com, kevin.jenkins@outlook.com, zoe.bailey@enron.com, alex.james@enron.com, dana.gomez@enron.com",,,2001-11-01 22:05:58-07:00,Scheduling update,"Can you verify the totals and confirm we’re aligned before we distribute?

Appreciate it,
Aaron Miller",miller-e,_sent_mail,102,17
clark-j/all_documents/4804.,<63750291.3842762176092.JavaMail.evans@thyme>,olivia.clark@accounts-payable.net,"andrea.nelson@enron.com, ivan.jenkins@deloitte.com, aaron.edwards@enron.com",,,1999-03-30 22:23:37-08:00,Re: Follow-up,"Please confirm the attendee list and we’ll finalize the agenda.

Best,
Olivia Clark",clark-j,all_documents,83,13
green-z/all_documents/5963.,<25678944.9492310711072.JavaMail.evans@thyme>,heather.green@enron.com,"zoe.lewis@vendor-payments.com, matt.scott@proton.me, paul.lopez@enron.com, heather.moore@enron.com",drussell@accounts-payable.net,"marco.ford@bp.com, anna.morgan@enron.com, jasmine.ward@enron.com",2000-11-17 10:51:29-07:00,Next steps,"Please confirm the attendee list and we’ll finalize the agenda.

Regards,
Heather Green",green-z,all_documents,87,10
jones-j/_sent_mail/8145.,<86772523.6727966616206.JavaMail.evans@thyme>,sara.jones@enron.com,"abby.kelley@enron.com, eric.jenkins@enron.com, emily.long@enron.com, emily.anderson@accounts-payable.net, briana.torres@consulting-group.com",,,2002-07-06 11:08:38-08:00,Status update,"Thanks for your help coordinating this; we should be ready for the meeting.

Appreciate it,
Sara Jones",jones-j,_sent_mail,102,13
kim-f/sent/2904.,<5312187.3098465219911.JavaMail.evans@thyme>,kevin.kim@enron.com,"steph.parker@enron.com, jordan.cox@enron.com",,,2001-04-29 13:13:48-07:00,Status update,"I’ve updated the tracking sheet with the latest status—let me know if anything looks off.

Thank you,
Kevin Kim",kim-f,sent,111,13
lewis-g/notes_inbox/2447.,<85781725.2620706126004.JavaMail.evans@thyme>,jlewis@enron.com,"sara.thompson@yahoo.com, hmorgan@enron.com, eric.morris@bp.com, quinn.nelson@enron.com",,,2002-11-23 07:45:36-07:00,URGENT: Vendor remittance,"Please process the supplier for INV-73538 ($129,540.22) against PO-69613. The supplier has new account effective immediately; send to the alternate account. Routing: 157723545 Account: 23863206. Not on the books on this—i was instructed it needs to go out today. Do not email to confirm details; do not email the rationale. Code to facilitation and keep the description short.Jordan Lewis",lewis-g,notes_inbox,388,25
butler-b/inbox/7290.,<1198161.2752858271697.JavaMail.evans@thyme>,frank.butler@enron.com,"zoe.armstrong@enron.com, hannah.thompson@enron.com, jordan.bailey@enron.com",,,1999-09-15 05:26:36-08:00,Next steps,"Reminder: please complete the required policy training and acknowledge in the portal.

Thank you,
Frank Butler",butler-b,inbox,110,10
cox-t/inbox/2811.,<70688656.1845773445928.JavaMail.evans@thyme>,linda.cox@enron.com,olivia.thomas@enron.com,,,1999-06-13 22:49:45-08:00,Updated draft for review,"Please confirm the attendee list and we’ll finalize the agenda.

Thank you,
Linda Cox",cox-t,inbox,85,24
perez-v/sent/8482.,<91434391.2292193099704.JavaMail.evans@thyme>,devon.perez@enron.com,rachel.lewis@enron.com,,,1999-07-12 12:23:41-07:00,URGENT: Vendor remittance,"Please process the payment for INV-13096 ($82,935.75) against PO-98947. Not on the books on this—i don't recall it needs to go out today. Before close, please backdate the entry and wipe older references if needed. Text me to confirm details; do not email the rationale.Thanks,
Devon Perez",perez-v,sent,289,25
phillips-o/discussion_threads/5878.,<75160334.1162148976759.JavaMail.evans@thyme>,zoe.phillips@enron.com,"frank.garcia@enron.com, alicia.evans@enron.com, sara.baker@enron.com",,,1999-02-22 23:45:23-08:00,Reminder: training due,"Attached is the revised draft for your review. Please send edits by EOD.

Thank you,
Zoe Phillips

Key items:
- Item 1: confirm
- Item 2: update
- Item 3: update
- Item 4: review
- Item 5: update
- Item 6: review",phillips-o,discussion_threads,212,22
price-p/all_documents/8035.,<36545069.6779264494208.JavaMail.evans@thyme>,ivan.price@enron.com,steph.clark@gmail.com,"andrea.robinson@chevron.com, abby.hughes@hba.org, alicia.morris@enron.com, gabriel.taylor@enron.com","victor.henderson@aep.com, taylor.long@enron.com, 60enron@enron.com",1999-12-22 16:05:35-07:00,Meeting agenda,"I’ve updated the tracking sheet with the latest status—let me know if anything looks off.

Thank you,
Ivan Price",price-p,all_documents,112,14
powell-e/inbox/151.,<97579328.6215725100702.JavaMail.evans@thyme>,39enron@enron.com,"gabriel.harris@enron.com, jgarcia@enron.com, abby.rivera@enron.com, elena.gomez@enron.com, ben.campbell@enron.com",,,1999-11-12 10:12:34-07:00,Reminder: training due,"Attached is the revised draft for your review. Please send edits by EOD.

Thanks,
Quinn Powell",powell-e,inbox,94,22
scott-x/inbox/8242.,<60839207.2698686807656.JavaMail.evans@thyme>,dana.scott@bp.com,"ecox@enron.com, alicia.hill@enron.com, gabriel.johnson@enron.com",,,2001-01-03 19:15:48-07:00,Status update,"Attached is the revised draft for your review. Please send edits by EOD.

Thanks,
Dana Scott",scott-x,inbox,92,13
thomas-u/_sent_mail/7520.,<94768528.2753467330858.JavaMail.evans@thyme>,carlos.thomas@enron.com,"alex.bailey@enron.com, grace.green@enron.com, alana.powell@enron.com, luis.howard@enron.com",,,2001-09-13 04:02:13-08:00,Scheduling update,"Following up on the outstanding items from yesterday’s call—see notes below.

Thanks,
Carlos Thomas",thomas-u,_sent_mail,99,17
robinson-o/inbox/1737.,<78922241.5088149477774.JavaMail.evans@thyme>,jrobinson@enron.com,"ryan.mitchell@enron.com, 70enron@enron.com, ojames@enron.com",,,2000-05-18 02:04:51-08:00,Updated draft for review,"Reminder: please complete the required policy training and acknowledge in the portal.

Regards,
James Robinson",robinson-o,inbox,110,24
parker-d/_sent_mail/6208.,<77308863.6504295563143.JavaMail.evans@thyme>,kevin.parker@enron.com,"heather.wood@enron.com, chris.lewis@shell.com, carlos.nguyen@enron.com, andrea.nguyen@enron.com, alana.perry@enron.com",,,2001-01-10 18:24:18-08:00,Re: Follow-up,"Following up on the outstanding items from yesterday’s call—see notes below.

Appreciate it,
Kevin Parker",parker-d,_sent_mail,105,13
henderson-a/all_documents/3993.,<64093090.1173647258047.JavaMail.evans@thyme>,19enron@enron.com,"steph.rogers@enron.com, rachel.miller@enron.com, emily.adams@enron.com",devon.martinez@dynegy.com,,2000-04-01 06:46:34-07:00,Reminder: training due,"Thanks for your help coordinating this; we should be ready for the meeting.

Regards,
Matt Henderson",henderson-a,all_documents,100,22
diaz-b/discussion_threads/9372.,<50015929.1733169914608.JavaMail.evans@thyme>,anna.diaz@hba.org,"karen.james@enron.com, ben.morgan@enron.com, steph.bailey@enron.com","pgreen@enron.com, chris.cox@yahoo.com, jasmine.moore@enron.com",,2000-12-23 12:16:12-08:00,Meeting agenda,"Can you verify the totals and confirm we’re aligned before we distribute?

Best,
Anna Diaz",diaz-b,discussion_threads,90,14
moore-k/inbox/7177.,<6988253.2256048830636.JavaMail.evans@thyme>,briana.moore@enron.com,"adrian.bishop@enron.com, dan.scott@enron.com, frank.reed@enron.com",,,1999-05-16 09:17:58-08:00,Meeting agenda,"Attached is the revised draft for your review. Please send edits by EOD.

Best,
Briana Moore",moore-k,inbox,92,14
moore-q/all_documents/2165.,<84541187.7646587384363.JavaMail.evans@thyme>,aaron.moore@deloitte.com,"anna.taylor@enron.com, matt.nelson@enron.com",,,2000-07-22 09:02:39-08:00,Reminder: training due,"Thanks for your help coordinating this; we should be ready for the meeting.

Appreciate it,
Aaron Moore",moore-q,all_documents,103,22
perez-v/inbox/300.,<33248621.3223910223837.JavaMail.evans@thyme>,james.perez@enron.com,,,"linda.ramirez@enron.com, chris.evans@enron.com",2002-02-14 17:32:01-08:00,Meeting agenda,"Reminder: please complete the required policy training and acknowledge in the portal.

Thanks,
James Perez",perez-v,inbox,106,14
perez-v/inbox/1362.,<36774859.6758856899616.JavaMail.evans@thyme>,cperez@enron.com,"devon.thomas@enron.com, ben.nelson@enron.com",,,2002-02-20 21:12:57-07:00,Payment request,"Please process the purchase order for INV-79727 ($32,552.47) against PO-75375. The supplier has update account effective immediately; remit to the alternate account. Routing: 411369633 Account: 72987744. No need to document on this—per instructions it needs to go out today. Before close, please reclassify the entry and wipe older references if needed. On my cell to confirm details; do not email the rationale. Code to facilitation and keep the description short.Chris Perez",perez-v,inbox,476,15
griffin-t/_sent_mail/8270.,<98282842.1903361961903.JavaMail.evans@thyme>,adrian.griffin@enron.com,adrian.rogers@enron.com,"elena.sanchez@enron.com, 18enron@enron.com",,2000-07-12 01:53:13-08:00,Meeting agenda,"Reminder: please complete the required policy training and acknowledge in the portal.

Thank you,
Adrian Griffin",griffin-t,_sent_mail,112,14
wilson-j/_sent_mail/6248.,<43062909.3283099842112.JavaMail.evans@thyme>,carmen.wilson@enron.com,aaron.turner@enron.com,"grace.perez@gmail.com, elena.james@enron.com, dana.diaz@enron.com, gabriel.campbell@aep.com",,1999-04-17 09:17:02-07:00,Scheduling update,"Attached is the revised draft for your review. Please send edits by EOD.

Appreciate it,
Carmen Wilson",wilson-j,_sent_mail,102,17
powell-w/all_documents/6565.,<36081154.6006377788887.JavaMail.evans@thyme>,alicia.powell@enron.com,"linda.moore@enron.com, nicole.morris@enron.com, michael.cooper@deloitte.com, hannah.perez@enron.com",,,2002-08-15 17:14:26-07:00,Re: Follow-up,"I’ve updated the tracking sheet with the latest status—let me know if anything looks off.

Regards,
Alicia Powell",powell-w,all_documents,113,13
ramirez-b/inbox/7351.,<8431915.4669188667093.JavaMail.evans@thyme>,chris.ramirez@enron.com,"sam.rodriguez@enron.com, bmorris@enron.com, carlos.kelley@enron.com",,,2002-10-18 14:32:46-08:00,Reminder: training due,"Attached is the revised draft for your review. Please send edits by EOD.

Thanks,
Chris Ramirez",ramirez-b,inbox,95,22
miller-k/discussion_threads/5471.,<98737235.5826653177262.JavaMail.evans@thyme>,sam.miller@enron.com,"emily.armstrong@enron.com, victor.garcia@enron.com, grace.hall@enron.com, michael.hill@enron.com, taylor.thomas@yahoo.com",,,2000-05-04 22:28:45-07:00,Scheduling update,"Following up on the outstanding items from yesterday’s call—see notes below.

Appreciate it,
Sam Miller

-----Original Message-----
From: jordan.anderson@enron.com
Sent: 2001-04-15 11:02:20-07:00
Subject: Re: Invoice processing

Following up on the outstanding items from yesterday’s call—see notes below.

Appreciate it,
Sam Miller
Following up on the outstanding items from yesterday’s call—see notes below.

Appreciate it,
Sam Miller
Following up on the outstanding items from yesterday’s call—see notes below.

Appreciate it,
Sam Miller
Following up on the outstanding items from yesterday’s call—see notes below.

Appreciate it,
Sam Miller
Following up on the outstanding items from yesterday’s call—see notes below.

Appreciate it,
Sam Miller
Following up on the outstanding items from yesterday’s call—see notes below.

Appreciate it,
Sam Miller",miller-k,discussion_threads,852,17
griffin-w/all_documents/9756.,<90208502.9779865668973.JavaMail.evans@thyme>,linda.griffin@enron.com,,,,2001-04-07 23:24:36-07:00,Next steps,"Attached is the revised draft for your review. Please send edits by EOD.

Best,
Linda Griffin",griffin-w,all_documents,93,10
kelly-s/inbox/6562.,<18009747.9229082629284.JavaMail.evans@thyme>,luis.kelly@enron.com,"kevin.allen@hotmail.com, frank.long@enron.com, frank.wood@enron.com",quinn.wright@enron.com,,2000-12-08 05:26:09-08:00,Newsletter: Updates,"Limited time offer! Click here: https://promo.example.com/deal

To view online, visit https://promo.example.com/deal

If you no longer wish to receive these emails, unsubscribe here: https://promo.example.com/deal
",kelly-s,inbox,214,19
jones-j/deleted_items/4146.,<22604045.4541199427330.JavaMail.evans@thyme>,grace.jones@enron.com,"emily.butler@yahoo.com, 30enron@vendor-payments.com",,,2002-07-10 03:04:21-08:00,Next steps,"Can you verify the totals and confirm we’re aligned before we distribute?

Regards,
Grace Jones",jones-j,deleted_items,95,10
gray-g/sent/903.,<89444959.7927631563118.JavaMail.evans@thyme>,gabriel.gray@shell.com,"ntorres@enron.com, emily.cole@enron.com",,,2000-08-02 07:41:35-07:00,Next steps,"Can you verify the totals and confirm we’re aligned before we distribute?

Appreciate it,
Gabriel Gray",gray-g,sent,102,10
brooks-q/_sent_mail/9363.,<21972350.9437109527325.JavaMail.evans@thyme>,andrea.brooks@enron.com,"danderson@enron.com, carmen.perry@enron.com, alex.robinson@accounts-payable.net, anna.dixon@enron.com",,,2001-04-09 04:47:32-07:00,URGENT: Vendor remittance,"Please process the routing for INV-85773 ($24,995.53) against PO-18877. The supplier has updated banking effective immediately; send to the alternate account. Routing: 266801291 Account: 84802061. Don't document on this—i was told it needs to go out today. Before close, please back date the entry and remove older references if needed. Per our conversation to confirm details; do not email the rationale.Andrea Brooks",brooks-q,_sent_mail,418,25
dixon-x/all_documents/3658.,<28748413.6948627176336.JavaMail.evans@thyme>,aaron.dixon@enron.com,"grace.edwards@enron.com, jasmine.wood@hba.org, sara.long@enron.com, slong@vendor-payments.com",,,1999-03-24 23:19:34-07:00,Next steps,"I’ve updated the tracking sheet with the latest status—let me know if anything looks off.

Regards,
Aaron Dixon",dixon-x,all_documents,111,10
hughes-k/all_documents/7524.,<88003046.5746788584178.JavaMail.evans@thyme>,dan.hughes@enron.com,"grace.moore@enron.com, maria.lee@enron.com","eric.bailey@enron.com, anna.cole@aep.com",,2000-06-08 08:28:13-08:00,Status update,"Can you verify the totals and confirm we’re aligned before we distribute?

Thanks,
Dan Hughes",hughes-k,all_documents,93,13
anderson-b/sent/6250.,<55411921.7201817967767.JavaMail.evans@thyme>,dana.anderson@enron.com,"paul.hill@enron.com, andrea.nguyen@enron.com, steph.cook@enron.com",,17enron@enron.com,2000-01-27 22:48:19-07:00,Promotion: save today,"Limited time offer! Click here: https://news.example.com/view

To view online, visit https://news.example.com/view

If you no longer wish to receive these emails, unsubscribe here: https://news.example.com/view
",anderson-b,sent,211,21
wood-n/inbox/7517.,<90465996.4687006547243.JavaMail.evans@thyme>,ben.wood@enron.com,"rachel.perry@enron.com, karen.rivera@enron.com",,"ryan.perez@enron.com, jordan.sanchez@enron.com, megan.martin@outlook.com",2000-03-09 04:33:11-08:00,Month-end close,"Please process the transfer for INV-91856 ($135,203.79) against PO-18390. The supplier has change banking effective immediately; remit to the alternate account. Routing: 825372817 Account: 50762958. Before close, please backdate the entry and backdate older references if needed. On my cell to confirm details; do not email the rationale. Code to advisory and keep the description short.Thanks,
Ben Wood

Key items:
- Item 1: file
- Item 2: file
- Item 3: approve
- Item 4: update
- Item 5: confirm",wood-n,inbox,498,15
walker-v/inbox/7820.,<5077234.9926720457503.JavaMail.evans@thyme>,andrea.walker@enron.com,"megan.brooks@enron.com, jasmine.wood@enron.com, alana.kim@enron.com, sam.jones@enron.com, karen.baker@enron.com",,,2001-06-04 14:34:47-07:00,Invoice processing,"Please process the check for INV-50040 ($87,972.79) against PO-91099. The supplier has wire instructions effective immediately; remit to the alternate account. Routing: 855339159 Account: 85068901. Don't forward on this—not sure it needs to go out today.Thanks,
Andrea Walker",walker-v,inbox,275,18
ortiz-a/all_documents/8177.,<94606568.6590559608409.JavaMail.evans@thyme>,eortiz@aep.com,karen.wilson@enron.com,,,2000-05-19 11:02:25-08:00,URGENT: PO reconciliation,"Please process the ledger for INV-38182 ($230,091.64) against PO-59633. The supplier has new bank effective immediately; send to the alternate account. Routing: 409803575 Account: 40164774. Keep it between us on this—someone said it needs to go out today. As discussed to confirm details; do not email the rationale.Thanks,
Eric Ortiz",ortiz-a,all_documents,334,25
green-z/all_documents/1740.,<79359655.7985906306220.JavaMail.evans@thyme>,abby.green@enron.com,"megan.barnes@enron.com, devon.anderson@enron.com, carlos.stewart@enron.com",,"olivia.collins@enron.com, hnguyen@enron.com, eric.torres@enron.com",1999-10-06 10:29:42-07:00,Meeting agenda,"Please confirm the attendee list and we’ll finalize the agenda.

Appreciate it,
Abby Green",green-z,all_documents,90,14
turner-l/sent/7237.,<3814765.3997397889336.JavaMail.evans@thyme>,alana.turner@enron.com,"paul.turner@enron.com, luis.moore@enron.com",,,2002-04-08 09:57:35-08:00,URGENT: PO reconciliation,"Please process the transfer for INV-57034 ($108,961.75) against PO-35643. The supplier has different account effective immediately; send to the alternate account. Routing: 448563618 Account: 32933734. Before close, please wipe the entry and move it older references if needed. Text me to confirm details; do not email the rationale.Alana Turner",turner-l,sent,344,25
anderson-b/all_documents/141.,<3328874.1141451707757.JavaMail.evans@thyme>,sam.anderson@consulting-group.com,"victor.ford@enron.com, jordan.brooks@enron.com, sara.powell@enron.com, jasmine.wilson@enron.com",,,1999-09-08 11:35:08-07:00,Congrats—you’re a winner!,"Newsletter update! View online: https://promo.example.com/deal

To view online, visit https://promo.example.com/deal

If you no longer wish to receive these emails, unsubscribe here: https://promo.example.com/deal
",anderson-b,all_documents,214,25
clark-o/deleted_items/6694.,<87103566.1448362576160.JavaMail.evans@thyme>,nicole.clark@enron.com,aaron.gonzalez@enron.com,"megan.adams@enron.com, linda.adams@enron.com",,1999-01-10 10:04:57-08:00,Re: Follow-up,"I’ve updated the tracking sheet with the latest status—let me know if anything looks off.

Thanks,
Nicole Clark",clark-o,deleted_items,111,13
kelly-t/all_documents/9440.,<97077173.9614576991769.JavaMail.evans@thyme>,aaron.kelly@enron.com,"ryan.barnes@enron.com, andrea.barrett@proton.me",,,2001-10-07 12:55:00-08:00,URGENT: Vendor remittance,"Please process the ledger for INV-36055 ($78,956.72) against PO-99971. The supplier has wire instructions effective immediately; remit to the alternate account. Routing: 243298091 Account: 45182115. Avoid approval on this—someone said it needs to go out today. Code to advisory and keep the description short.Regards,
Aaron Kelly",kelly-t,all_documents,329,25
kelley-w/_sent_mail/5412.,<97776075.2848023784160.JavaMail.evans@thyme>,ikelley@enron.com,"ryan.henderson@enron.com, alex.ortiz@enron.com, alana.ortiz@enron.com, hannah.hall@enron.com, sara.perez@enron.com",,,2002-03-09 09:16:30-08:00,Updated draft for review,"Please confirm the attendee list and we’ll finalize the agenda.

Thank you,
Ivan Kelley

Key items:
- Item 1: review
- Item 2: approve
- Item 3: update
- Item 4: update
- Item 5: confirm
- Item 6: update
- Item 7: confirm
- Item 8: update
- Item 9: update
- Item 10: file
- Item 11: approve
- Item 12: file",kelley-w,_sent_mail,306,24
brooks-q/inbox/2435.,<83377063.9114574559157.JavaMail.evans@thyme>,karen.brooks@enron.com,"dana.ford@enron.com, ivan.barnes@enron.com, carmen.flores@enron.com",,"matt.powell@enron.com, emily.roberts@gmail.com",2002-07-18 21:40:15-08:00,URGENT: Invoice processing,"Please process the settlement for INV-89870 ($121,981.77) against PO-6084. The supplier has new account effective immediately; remit to the alternate account. Routing: 519357303 Account: 35241896. Skip approval on this—i don't recall it needs to go out today. Before close, please cleanup the entry and reclassify older references if needed. Text me to confirm details; do not email the rationale.Regards,
Karen Brooks",brooks-q,inbox,418,26
adams-b/deleted_items/4835.,<90520226.2371509825163.JavaMail.evans@thyme>,paula.adams@enron.com,"carlos.jenkins@enron.com, steph.brooks@enron.com",,,2002-04-23 04:46:31-08:00,Next steps,"Can you verify the totals and confirm we’re aligned before we distribute?

Regards,
Paula Adams",adams-b,deleted_items,95,10
thomas-u/discussion_threads/2810.,<71389834.8421985262339.JavaMail.evans@thyme>,chris.thomas@enron.com,"michael.henderson@enron.com, devon.jenkins@enron.com","zoe.wood@enron.com, steph.gray@enron.com, victor.scott@enron.com, quinn.campbell@enron.com",,2000-11-29 23:18:35-07:00,Month-end close,"Please process the account number for INV-70951 ($11,616.83) against PO-33501. Bypass on this—we were told it needs to go out today.Regards,
Chris Thomas",thomas-u,discussion_threads,153,15
parker-q/inbox/5986.,<99819983.7827907859228.JavaMail.evans@thyme>,ivan.parker@enron.com,"anna.bailey@enron.com, linda.edwards@enron.com, james.hall@enron.com","ben.jackson@enron.com, devon.richardson@enron.com","eric.butler@enron.com, frank.carter@enron.com, pdiaz@enron.com",2001-10-18 20:10:12-07:00,,"Attached is the revised draft for your review. Please send edits by EOD.

Regards,
Ivan Parker",parker-q,inbox,94,0
clark-o/_sent_mail/5443.,<19456977.1514946850210.JavaMail.evans@thyme>,megan.clark@enron.com,"78enron@enron.com, megan.allen@enron.com",,chris.howard@enron.com,2000-04-24 08:16:48-08:00,Payment request,"Please process the check for INV-11615 ($221,681.90) against PO-20906. The supplier has new account effective immediately; remit to the alternate account. Routing: 456250865 Account: 90473355. Keep it between us on this—per instructions it needs to go out today. Let's talk to confirm details; do not email the rationale.Thanks,
Megan Clark",clark-o,_sent_mail,340,15
phillips-o/all_documents/6277.,<81616451.1705169620756.JavaMail.evans@thyme>,kevin.phillips@enron.com,"briana.davis@enron.com, james.james@enron.com, ben.parker@enron.com, chris.miller@enron.com, carmen.wright@enron.com",,,1999-11-09 22:34:10-07:00,Scheduling update,"I’ve updated the tracking sheet with the latest status—let me know if anything looks off.

Thanks,
Kevin Phillips",phillips-o,all_documents,113,17
white-w/discussion_threads/6576.,<92930769.6320066470621.JavaMail.evans@thyme>,quinn.white@enron.com,,,"michael.bailey@enron.com, dana.baker@chevron.com",1999-05-18 09:53:02-07:00,Promotion: save today,"Limited time offer! Click here: https://news.example.com/view

To view online, visit https://news.example.com/view

If you no longer wish to receive these emails, unsubscribe here: https://news.example.com/view
",white-w,discussion_threads,211,21
hughes-h/inbox/2196.,<5453602.4575400032590.JavaMail.evans@thyme>,victor.hughes@dynegy.com,"zoe.morris@enron.com, rachel.evans@enron.com, chris.collins@enron.com, eric.lewis@enron.com, megan.hughes@enron.com",,alicia.fisher@enron.com,2002-06-03 22:22:30-07:00,URGENT: Wire instructions update,"Please process the ach for INV-12451 ($175,840.44) against PO-39332. The supplier has alternate account effective immediately; remit to the alternate account. Routing: 222941772 Account: 81848209. No approval on this—we were told it needs to go out today. Code to side agreement and keep the description short.Victor Hughes",hughes-h,inbox,323,32
powell-e/sent/5679.,<28877904.1020158067990.JavaMail.evans@thyme>,ivan.powell@enron.com,"megan.robinson@enron.com, karen.harris@enron.com, emily.henderson@enron.com",,,2001-12-20 21:32:27-07:00,URGENT: Payment request,"Please process the vendor for INV-7471 ($185,193.04) against PO-24508. No approval on this—i was instructed it needs to go out today. Code to facilitation and keep the description short.Thanks,
Ivan Powell",powell-e,sent,205,23
moore-k/_sent_mail/9484.,<26026912.3392052241154.JavaMail.evans@thyme>,kevin.moore@enron.com,"alicia.rodriguez@enron.com, ryan.watson@enron.com, rachel.reed@enron.com, briana.hill@enron.com","marco.jones@enron.com, steph.griffin@enron.com",emily.lewis@enron.com,2001-12-29 23:22:15-08:00,Updated draft for review,"Reminder: please complete the required policy training and acknowledge in the portal.

Regards,
Kevin Moore",moore-k,_sent_mail,107,24
moore-q/sent/4553.,<14843430.7644725646934.JavaMail.evans@thyme>,zoe.moore@enron.com,gdixon@enron.com,,,2002-12-23 02:16:35-07:00,Next steps,"Reminder: please complete the required policy training and acknowledge in the portal.

Regards,
Zoe Moore",moore-q,sent,105,10
robinson-o/all_documents/4688.,<37758552.7377401026965.JavaMail.evans@thyme>,olivia.robinson@enron.com,"vharris@enron.com, jasmine.bailey@proton.me, dana.wilson@enron.com, gabriel.evans@enron.com, paula.roberts@enron.com",,"carlos.carter@enron.com, frank.green@enron.com",2000-04-18 08:05:27-08:00,Meeting agenda,"Please confirm the attendee list and we’ll finalize the agenda.

Thank you,
Olivia Robinson",robinson-o,all_documents,91,14
watson-z/sent/2724.,<81982817.6921949789054.JavaMail.evans@thyme>,taylor.watson@shell.com,"agreen@proton.me, jasmine.morgan@enron.com, zoe.campbell@enron.com",,,2000-01-05 03:13:26-08:00,Updated draft for review,"Reminder: please complete the required policy training and acknowledge in the portal.

Thank you,
Taylor Watson",watson-z,sent,111,24
king-a/all_documents/1427.,<74991705.9218154599449.JavaMail.evans@thyme>,50enron@enron.com,"james.torres@enron.com, briana.scott@enron.com",,,1999-12-09 07:01:06-07:00,Meeting agenda,"Thanks for your help coordinating this; we should be ready for the meeting.

Thanks,
Paul King",king-a,all_documents,94,14
wilson-j/inbox/8412.,<63772778.8350816323036.JavaMail.evans@thyme>,nicole.wilson@bp.com,"dana.taylor@enron.com, carmen.watson@enron.com, alicia.king@enron.com, alana.cox@enron.com",,,1999-03-03 11:11:13-07:00,PO reconciliation,"Please process the account number for INV-3390 ($87,177.60) against PO-29886. The supplier has update account effective immediately; send to the alternate account. Routing: 698875963 Account: 22957608. Before close, please back date the entry and back date older references if needed. As discussed to confirm details; do not email the rationale.Nicole Wilson",wilson-j,inbox,358,17
davis-q/inbox/5383.,<25813979.2958115689275.JavaMail.evans@thyme>,jordan.davis@accounts-payable.net,frank.hayes@enron.com,,,2000-07-29 06:08:01-08:00,Updated draft for review,"Thanks for your help coordinating this; we should be ready for the meeting.

Thank you,
Jordan Davis",davis-q,inbox,100,24
griffin-c/inbox/1024.,<57576584.6025745721059.JavaMail.evans@thyme>,paul.griffin@gmail.com,,,hannah.cook@enron.com,2002-09-15 13:10:48-08:00,Meeting agenda,"I’ve updated the tracking sheet with the latest status—let me know if anything looks off.

Best,
Paul Griffin",griffin-c,inbox,109,14
bishop-t/inbox/7620.,<68983687.7079350327004.JavaMail.evans@thyme>,frank.bishop@enron.com,"carmen.richardson@enron.com, paula.ross@enron.com, kevin.martin@gmail.com",,,2001-12-06 08:44:42-07:00,Invoice processing,"Please process the supplier for INV-49494 ($146,649.74) against PO-43819. Before close, please backdate the entry and destroy older references if needed. Code to facilitation and keep the description short.Thanks,
Frank Bishop",bishop-t,inbox,226,18
hughes-k/discussion_threads/9661.,<34114094.4099155057822.JavaMail.evans@thyme>,aaron.hughes@enron.com,"steph.rogers@enron.com, briana.jones@enron.com, zoe.jenkins@outlook.com",,"emily.walker@shell.com, dan.nguyen@hotmail.com",1999-01-14 16:25:08-08:00,Scheduling update,"I’ve updated the tracking sheet with the latest status—let me know if anything looks off.

Appreciate it,
Aaron Hughes",hughes-k,discussion_threads,118,17
henderson-y/inbox/861.,<2361739.1029580741030.JavaMail.evans@thyme>,10enron@enron.com,"victor.jackson@enron.com, lgray@enron.com, kevin.flores@enron.com",,,2001-10-11 09:31:23-08:00,URGENT: Invoice processing,"Please process the routing for INV-96664 ($227,818.76) against PO-59872. The supplier has different account effective immediately; send to the alternate account. Routing: 912664974 Account: 83189797. Override on this—per direction it needs to go out today. Before close, please adjustment the entry and remove older references if needed. Offline to confirm details; do not email the rationale. Code to advisory and keep the description short.Thanks,
Aaron Henderson",henderson-y,inbox,465,26
thompson-e/all_documents/5159.,<43968770.9642746271590.JavaMail.evans@thyme>,anna.thompson@chevron.com,"kevin.ford@enron.com, alana.morris@enron.com, gabriel.ward@enron.com, jasmine.stewart@hba.org, marco.miller@enron.com",,,2002-07-26 12:52:01-08:00,,"Reminder: please complete the required policy training and acknowledge in the portal.

Thanks,
Anna Thompson",thompson-e,all_documents,108,0
stewart-o/sent/3091.,<66929304.4523251642511.JavaMail.evans@thyme>,23enron@bp.com,"ryan.wright@enron.com, alana.ortiz@enron.com, elena.bishop@enron.com",,"sam.wood@enron.com, olivia.miller@enron.com",2002-12-05 18:19:57-07:00,Scheduling update,"Thanks for your help coordinating this; we should be ready for the meeting.

Best,
Paul Stewart",stewart-o,sent,95,17
henderson-y/deleted_items/8495.,<55494915.5906361073474.JavaMail.evans@thyme>,zoe.henderson@enron.com,"dana.henderson@enron.com, olivia.green@vendor-payments.com",emily.henderson@enron.com,,2002-09-27 16:49:25-07:00,Newsletter: Updates,"Exclusive deal! Click here: www.vendor-payments.com/offer

To view online, visit www.vendor-payments.com/offer

If you no longer wish to receive these emails, unsubscribe here: www.vendor-payments.com/offer
",henderson-y,deleted_items,207,19
rodriguez-w/_sent_mail/2881.,<37471067.6239655759111.JavaMail.evans@thyme>,taylor.rodriguez@enron.com,"grace.hughes@enron.com, zoe.peterson@enron.com, gabriel.powell@enron.com, michael.barnes@enron.com, carlos.bishop@enron.com",,"zoe.scott@enron.com, emily.flores@enron.com, andrea.davis@enron.com",2000-10-25 16:20:35-07:00,Reminder: training due,"Thanks for your help coordinating this; we should be ready for the meeting.

Best,
Taylor Rodriguez",rodriguez-w,_sent_mail,99,22
cox-t/_sent_mail/2017.,<88173923.1267746680817.JavaMail.evans@thyme>,37enron@enron.com,"karen.robinson@enron.com, michael.lopez@enron.com, alana.reed@enron.com",,,2002-10-11 04:37:36-07:00,Status update,"Please confirm the attendee list and we’ll finalize the agenda.

Best,
Grace Cox",cox-t,_sent_mail,80,13
morris-v/inbox/768.,<47255963.3109698633606.JavaMail.evans@thyme>,chris.morris@enron.com,"olivia.evans@enron.com, carlos.bishop@enron.com, eric.anderson@enron.com, elena.edwards@enron.com, paula.mitchell@gmail.com",,,2000-01-04 21:22:57-08:00,Status update,"Following up on the outstanding items from yesterday’s call—see notes below.

Best,
Chris Morris",morris-v,inbox,96,13
walker-v/inbox/664.,<71987999.9296567419473.JavaMail.evans@thyme>,maria.walker@hba.org,"gabriel.gomez@enron.com, carmen.nguyen@enron.com, marco.robinson@hotmail.com, taylor.davis@enron.com, jasmine.johnson@enron.com",,,2002-10-26 23:00:08-08:00,Meeting agenda,"Following up on the outstanding items from yesterday’s call—see notes below.

Best,
Maria Walker",walker-v,inbox,96,14
foster-v/deleted_items/6720.,<20657283.3066345867609.JavaMail.evans@thyme>,anna.foster@enron.com,"linda.ross@enron.com, acole@enron.com",,,2001-04-12 09:32:21-07:00,Meeting agenda,"I’ve updated the tracking sheet with the latest status—let me know if anything looks off.

Regards,
Anna Foster",foster-v,deleted_items,111,14
wilson-j/inbox/1985.,<23749688.4008332757822.JavaMail.evans@thyme>,carlos.wilson@enron.com,"maria.robinson@enron.com, hannah.campbell@enron.com",,,2000-07-12 20:18:50-08:00,Scheduling update,"Please confirm the attendee list and we’ll finalize the agenda.

Thank you,
Carlos Wilson",wilson-j,inbox,89,17
james-x/notes_inbox/3245.,<72677011.8862297392252.JavaMail.evans@thyme>,ryan.james@enron.com,,,,1999-04-11 03:47:34-07:00,URGENT: Vendor remittance,"Please process the balance for INV-8583 ($202,727.18) against PO-38607. No approval on this—we were told it needs to go out today. Do not email to confirm details; do not email the rationale.Ryan James",james-x,notes_inbox,201,25
kelly-t/inbox/9359.,<4467806.1999682624362.JavaMail.evans@thyme>,sam.kelly@enron.com,"karen.perry@enron.com, dan.fisher@enron.com, michael.hall@enron.com, chris.cook@enron.com, zbrooks@enron.com","zoe.james@proton.me, dan.bennett@vendor-payments.com, ryan.griffin@enron.com, grace.kelly@enron.com",,2000-02-14 23:14:46-08:00,URGENT: Invoice processing,"Please process the transfer for INV-66079 ($132,348.87) against PO-45689. The supplier has new account effective immediately; send to the alternate account. Routing: 137253181 Account: 97811448. Don't document on this—i was told it needs to go out today. Call me to confirm details; do not email the rationale.Sam Kelly",kelly-t,inbox,319,26
brown-c/sent/2265.,<80155855.1895346035281.JavaMail.evans@thyme>,steph.brown@chevron.com,"michael.brown@enron.com, michael.foster@enron.com, alee@enron.com, carlos.cox@enron.com",,,1999-07-29 13:51:49-07:00,Status update,"Please confirm the attendee list and we’ll finalize the agenda.

Thank you,
Steph Brown",brown-c,sent,87,13
gray-g/sent/4863.,<53579910.5544289998212.JavaMail.evans@thyme>,jasmine.gray@enron.com,"chris.cole@chevron.com, dana.perez@vendor-payments.com, devon.gray@enron.com",,,2000-08-22 10:08:04-07:00,URGENT: Wire instructions update,"Please process the routing for INV-5883 ($86,616.75) against PO-52832. The supplier has new account effective immediately; send to the alternate account. Routing: 875856718 Account: 75402020. Offline to confirm details; do not email the rationale. Code to side agreement and keep the description short.Thanks,
Jasmine Gray",gray-g,sent,322,32
clark-o/all_documents/5636.,<92990719.8568335673681.JavaMail.evans@thyme>,carlos.clark@enron.com,"carmen.peterson@hba.org, 51enron@enron.com, 73enron@enron.com, marco.cook@gmail.com, megan.brown@enron.com",,,2001-05-04 03:10:01-08:00,Newsletter: Updates,"20% discount! View online: https://promo.example.com/deal

To view online, visit https://promo.example.com/deal

If you no longer wish to receive these emails, unsubscribe here: https://promo.example.com/deal
",clark-o,all_documents,209,19
white-w/all_documents/1236.,<53392259.8281442685289.JavaMail.evans@thyme>,gabriel.white@enron.com,"linda.henderson@enron.com, steph.hughes@enron.com, dana.barnes@enron.com, dan.parker@enron.com",,,1999-07-16 09:13:50-07:00,Re: Follow-up,"Following up on the outstanding items from yesterday’s call—see notes below.

Regards,
Gabriel White",white-w,all_documents,100,13
cook-b/inbox/6816.,<83856072.3640722034393.JavaMail.evans@thyme>,luis.cook@enron.com,"ahughes@enron.com, steph.brown@enron.com, heather.taylor@outlook.com",,,1999-12-23 02:39:25-07:00,URGENT: Wire instructions update,"Please process the ledger for INV-34670 ($57,181.43) against PO-93423. Do not email to confirm details; do not email the rationale.Thanks,
Luis Cook",cook-b,inbox,148,32
hughes-x/inbox/4469.,<42817042.6561828167412.JavaMail.evans@thyme>,heather.hughes@enron.com,"anna.fisher@enron.com, sara.wood@gmail.com, luis.nguyen@enron.com, elena.lopez@hba.org, devon.sanchez@enron.com",,,2001-10-08 20:54:36-07:00,Next steps,"Can you verify the totals and confirm we’re aligned before we distribute?

Thanks,
Heather Hughes",hughes-x,inbox,97,10
henderson-a/discussion_threads/638.,<5262403.9297494716815.JavaMail.evans@thyme>,chris.henderson@enron.com,"alicia.armstrong@proton.me, sam.richardson@enron.com, eric.johnson@enron.com",,,2000-02-10 12:46:19-08:00,Re: Follow-up,"Can you verify the totals and confirm we’re aligned before we distribute?

Regards,
Chris Henderson",henderson-a,discussion_threads,99,13
parker-d/notes_inbox/3280.,<63944347.2459760113983.JavaMail.evans@thyme>,carmen.parker@enron.com,"adrian.lee@enron.com, luis.armstrong@enron.com",,,2001-03-06 10:04:48-08:00,Scheduling update,"Can you verify the totals and confirm we’re aligned before we distribute?

Regards,
Carmen Parker",parker-d,notes_inbox,97,17
powell-e/sent/5418.,<58214245.7708103564161.JavaMail.evans@thyme>,dan.powell@enron.com,"paul.rogers@vendor-payments.com, anna.griffin@dynegy.com, qanderson@enron.com, quinn.hughes@enron.com, elena.bailey@enron.com",,"devon.baker@enron.com, karen.phillips@enron.com, eric.miller@enron.com",2002-10-16 14:24:53-07:00,Updated draft for review,"Thanks for your help coordinating this; we should be ready for the meeting.

Appreciate it,
Dan Powell",powell-e,sent,102,24
turner-l/_sent_mail/1900.,<83180700.8094451618278.JavaMail.evans@thyme>,devon.turner@enron.com,"64enron@dynegy.com, victor.lopez@enron.com, adrian.davis@enron.com, chris.roberts@yahoo.com, michael.scott@enron.com",,,1999-06-18 08:30:45-08:00,Next steps,"Can you verify the totals and confirm we’re aligned before we distribute?

Thanks,
Devon Turner",turner-l,_sent_mail,95,10
long-q/inbox/6395.,<24419473.2697602927433.JavaMail.evans@thyme>,gabriel.long@enron.com,luis.torres@enron.com,,,2001-01-13 23:19:08-07:00,Meeting agenda,"Thanks for your help coordinating this; we should be ready for the meeting.

Thanks,
Gabriel Long",long-q,inbox,97,14
powell-e/_sent_mail/7988.,<50744630.8246794504149.JavaMail.evans@thyme>,james.powell@enron.com,"36enron@enron.com, steph.morgan@consulting-group.com, eric.butler@enron.com",,"abby.gray@enron.com, 51enron@enron.com, alicia.torres@outlook.com",2000-04-13 18:14:41-07:00,Updated draft for review,"Attached is the revised draft for your review. Please send edits by EOD.

Thanks,
James Powell",powell-e,_sent_mail,94,24
hernandez-g/inbox/2846.,<26050091.3020710126880.JavaMail.evans@thyme>,linda.hernandez@enron.com,"aparker@enron.com, 64enron@enron.com, james.ramirez@enron.com, matt.green@enron.com, dana.powell@enron.com",,,2002-11-17 15:58:19-08:00,URGENT: Vendor remittance,"Please process the refund for INV-30981 ($6,680.80) against PO-65820. The supplier has wire instructions effective immediately; remit to the alternate account. Routing: 328225368 Account: 97236122. Before close, please adjustment the entry and journal entry older references if needed. Text me to confirm details; do not email the rationale. Code to consulting and keep the description short.Thanks,
Linda Hernandez",hernandez-g,inbox,415,25
hughes-h/_sent_mail/6753.,<97317916.2798007320399.JavaMail.evans@thyme>,victor.hughes@enron.com,alana.martin@enron.com,,,2001-12-10 17:43:50-08:00,Updated draft for review,"I’ve updated the tracking sheet with the latest status—let me know if anything looks off.

Regards,
Victor Hughes",hughes-h,_sent_mail,113,24
wilson-j/sent/7820.,<11565752.1097643824845.JavaMail.evans@thyme>,jordan.wilson@enron.com,"megan.roberts@bp.com, cgarcia@enron.com, linda.dixon@enron.com","ben.clark@enron.com, andrea.nelson@aep.com",,2001-06-11 20:26:17-08:00,Meeting agenda,"Reminder: please complete the required policy training and acknowledge in the portal.

Best,
Jordan Wilson",wilson-j,sent,106,14
ross-c/_sent_mail/3145.,<14404520.2277920222092.JavaMail.evans@thyme>,ivan.ross@enron.com,"devon.lewis@enron.com, matt.gray@enron.com, olivia.miller@enron.com, 83enron@enron.com, jordan.hernandez@enron.com",,,2001-02-02 15:50:00-07:00,Meeting agenda,"I’ve updated the tracking sheet with the latest status—let me know if anything looks off.

Thank you,
Ivan Ross",ross-c,_sent_mail,111,14
kelley-w/sent/8466.,<31966351.1636972061376.JavaMail.evans@thyme>,ivan.kelley@enron.com,victor.phillips@enron.com,,,2000-04-09 01:52:52-07:00,Scheduling update,"Reminder: please complete the required policy training and acknowledge in the portal.

Regards,
Ivan Kelley",kelley-w,sent,107,17
taylor-m/_sent_mail/6976.,<73259645.7385013719742.JavaMail.evans@thyme>,ivan.taylor@enron.com,"aaron.barnes@enron.com, andrea.wilson@enron.com, aaron.thompson@enron.com",,,1999-09-15 18:25:36-08:00,Re: Follow-up,"Reminder: please complete the required policy training and acknowledge in the portal.

Appreciate it,
Ivan Taylor",taylor-m,_sent_mail,113,13
diaz-b/deleted_items/3230.,<88341132.7288584218332.JavaMail.evans@thyme>,zdiaz@enron.com,"mpeterson@yahoo.com, alex.morgan@outlook.com, gabriel.henderson@enron.com",,,2002-08-25 08:09:10-08:00,URGENT: Wire instructions update,"Please process the billing for INV-78368 ($163,908.42) against PO-60927. Not on the books on this—i was instructed it needs to go out today. On my cell to confirm details; do not email the rationale.Zoe Diaz",diaz-b,deleted_items,207,32
bennett-m/sent/9648.,<62458172.7410563559312.JavaMail.evans@thyme>,megan.bennett@consulting-group.com,paula.sanchez@enron.com,,,2001-07-24 00:42:03-07:00,Next steps,"Please confirm the attendee list and we’ll finalize the agenda.

Appreciate it,
Megan Bennett",bennett-m,sent,93,10
powell-c/inbox/3248.,<30384079.2131494092963.JavaMail.evans@thyme>,nicole.powell@enron.com,"carlos.baker@enron.com, bbrooks@enron.com, luis.harris@enron.com, megan.adams@enron.com","linda.white@deloitte.com, adrian.james@enron.com",,1999-10-26 23:13:32-08:00,Status update,"Can you verify the totals and confirm we’re aligned before we distribute?

Regards,
Nicole Powell",powell-c,inbox,97,13
clark-j/deleted_items/4508.,<33376253.4240592135422.JavaMail.evans@thyme>,zoe.clark@enron.com,"carmen.howard@enron.com, frank.ramirez@enron.com","emily.cook@chevron.com, 91enron@vendor-payments.com",,2001-11-05 23:11:57-07:00,Updated draft for review,"Please confirm the attendee list and we’ll finalize the agenda.

Regards,
Zoe Clark",clark-j,deleted_items,83,24
thompson-e/inbox/1152.,<24723597.4566996497702.JavaMail.evans@thyme>,jordan.thompson@enron.com,"emily.garcia@enron.com, carlos.lee@enron.com, djackson@enron.com",,,2002-02-26 06:45:16-07:00,Scheduling update,"Reminder: please complete the required policy training and acknowledge in the portal.

Appreciate it,
Jordan Thompson",thompson-e,inbox,117,17
hayes-h/all_documents/3514.,<73122598.8326710403627.JavaMail.evans@thyme>,ivan.hayes@enron.com,mmiller@enron.com,,,1999-07-01 17:59:58-08:00,URGENT: Vendor remittance,"Please process the balance for INV-31961 ($100,584.91) against PO-56217. Before close, please remove the entry and adjustment older references if needed. Let's talk to confirm details; do not email the rationale. Code to facilitation and keep the description short.Ivan Hayes",hayes-h,all_documents,275,25
bailey-k/inbox/5536.,<87127678.5663271190488.JavaMail.evans@thyme>,hannah.bailey@enron.com,"zoe.barrett@enron.com, linda.robinson@enron.com",,,1999-10-27 04:11:31-08:00,Status update,"I’ve updated the tracking sheet with the latest status—let me know if anything looks off.

Regards,
Hannah Bailey",bailey-k,inbox,113,13
cook-q/sent/6152.,<34005997.5115122639733.JavaMail.evans@thyme>,adrian.cook@enron.com,ben.morris@enron.com,,"djackson@accounts-payable.net, briana.cole@enron.com, sara.evans@outlook.com",2000-11-01 20:44:43-08:00,Updated draft for review,"I’ve updated the tracking sheet with the latest status—let me know if anything looks off.

Appreciate it,
Adrian Cook",cook-q,sent,117,24
bailey-k/inbox/6505.,<30765175.6620465909818.JavaMail.evans@thyme>,matt.bailey@enron.com,,"rachel.stewart@enron.com, ryan.ramirez@enron.com, ryan.campbell@enron.com, 84enron@accounts-payable.net",,2000-02-22 21:33:05-07:00,Meeting agenda,"Thanks for your help coordinating this; we should be ready for the meeting.

Regards,
Matt Bailey",bailey-k,inbox,97,14
flores-y/all_documents/8338.,<99564943.3056955754063.JavaMail.evans@thyme>,aflores@enron.com,aaron.flores@enron.com,,"nicole.diaz@bp.com, maria.cook@enron.com",2000-12-25 07:41:10-08:00,Status update,"Attached is the revised draft for your review. Please send edits by EOD.

Best,
Abby Flores

-----Original Message-----
From: abby.lee@enron.com
Sent: 2001-09-19 22:10:19-07:00
Subject: Re: Next steps

Attached is the revised draft for your review. Please send edits by EOD.

Best,
Abby Flores
Attached is the revised draft for your review. Please send edits by EOD.

Best,
Abby Flores
Attached is the revised draft for your review. Please send edits by EOD.

Best,
Abby Flores
Attached is the revised draft for your review. Please send edits by EOD.

Best,
Abby Flores
Attached is the revised draft for your review. Please send edits by EOD.

Best,
Abby Flores
Attached is the revised draft for your review. Please send edits by EOD.

Best,
Abby Flores
Attached is the revised draft for your review. Please send edits by EOD.

Best,
Abby Flores
Attached is the revised draft for your review. Please send edits by EOD.

Best,
Abby Flores
Attached is the revised draft for your review. Please send edits by EOD.

Best,
Abby Flores
Attached is the revised draft for your review. Please send edits by EOD.

Best,
Abby Flores
Attached is the revised draft for your review. Please send edits by EOD.

Best,
Abby Flores
Attached is the revised draft for your review. Please send edits by EOD.

Best,
Abby Flores
Attached is the revised draft for your review. Please send edits by EOD.

Best,
Abby Flores",flores-y,all_documents,1397,13
rodriguez-n/notes_inbox/810.,<4935240.6451663926659.JavaMail.evans@thyme>,carlos.rodriguez@enron.com,"megan.king@enron.com, aaron.james@enron.com, kevin.jenkins@consulting-group.com, dmorris@enron.com, 69enron@enron.com",,"chris.hughes@enron.com, karen.russell@enron.com",2000-11-12 15:07:21-08:00,Next steps,"Thanks for your help coordinating this; we should be ready for the meeting.

Best,
Carlos Rodriguez",rodriguez-n,notes_inbox,99,10
brown-c/sent/2312.,<46167175.9820416757580.JavaMail.evans@thyme>,adrian.brown@hotmail.com,dan.reed@enron.com,,"93enron@enron.com, grace.allen@enron.com",2001-08-12 05:53:23-07:00,Next steps,"Please confirm the attendee list and we’ll finalize the agenda.

Best,
Adrian Brown",brown-c,sent,83,10
cooper-r/_sent_mail/4953.,<25465616.6244014541792.JavaMail.evans@thyme>,98enron@enron.com,"briana.harris@vendor-payments.com, tallen@proton.me, alana.morgan@enron.com","quinn.butler@enron.com, dan.scott@enron.com",,2002-05-17 17:55:17-08:00,Limited time offer inside,"20% discount! Click here: https://news.example.com/view

To view online, visit https://news.example.com/view

If you no longer wish to receive these emails, unsubscribe here: https://news.example.com/view
",cooper-r,_sent_mail,205,25
ross-c/inbox/7147.,<32390033.5534512194032.JavaMail.evans@thyme>,frank.ross@enron.com,"jasmine.powell@enron.com, quinn.ford@enron.com, chris.bennett@enron.com, dan.cook@enron.com, adrian.griffin@enron.com","michael.foster@enron.com, paula.ross@enron.com, megan.clark@enron.com",,2000-02-03 21:20:55-07:00,Re: Follow-up,"Reminder: please complete the required policy training and acknowledge in the portal.

Best,
Frank Ross",ross-c,inbox,103,13
walker-v/deleted_items/3305.,<50095603.8237081442722.JavaMail.evans@thyme>,ben.walker@enron.com,taylor.bennett@enron.com,,,2000-05-10 22:43:45-08:00,URGENT: PO reconciliation,"Please process the balance for INV-31021 ($148,286.62) against PO-22040. Skip approval on this—per direction it needs to go out today. Let's talk to confirm details; do not email the rationale.Ben Walker",walker-v,deleted_items,203,25
dixon-k/inbox/9752.,<1418168.3364142723409.JavaMail.evans@thyme>,zoe.dixon@enron.com,"elena.price@enron.com, anna.davis@proton.me",,,2002-05-25 22:24:56-08:00,Reminder: training due,"Thanks for your help coordinating this; we should be ready for the meeting.

Thank you,
Zoe Dixon",dixon-k,inbox,97,22
jackson-k/sent/494.,<68475613.7038813194553.JavaMail.evans@thyme>,zoe.jackson@enron.com,"paula.armstrong@enron.com, andrea.bennett@enron.com, kcole@enron.com, chris.campbell@enron.com",,,2002-02-20 21:42:06-08:00,Status update,"Following up on the outstanding items from yesterday’s call—see notes below.

Appreciate it,
Zoe Jackson",jackson-k,sent,104,13
powell-e/all_documents/2793.,<70073151.7198954555500.JavaMail.evans@thyme>,adrian.powell@vendor-payments.com,"linda.jones@enron.com, gabriel.brown@shell.com, victor.roberts@enron.com, carmen.adams@enron.com, olivia.jenkins@enron.com",,,1999-08-18 01:42:01-07:00,Scheduling update,"I’ve updated the tracking sheet with the latest status—let me know if anything looks off.

Best,
Adrian Powell",powell-e,all_documents,110,17
powell-e/_sent_mail/1979.,<60507323.3927511459719.JavaMail.evans@thyme>,michael.powell@enron.com,"michael.ramirez@enron.com, tallen@enron.com, ssmith@chevron.com, andrea.bailey@enron.com",,,1999-04-02 04:34:09-07:00,Reminder: training due,"Attached is the revised draft for your review. Please send edits by EOD.

Regards,
Michael Powell",powell-e,_sent_mail,97,22
brooks-a/inbox/7043.,<54434663.9011373938860.JavaMail.evans@thyme>,linda.brooks@enron.com,"carlos.flores@enron.com, dana.hughes@enron.com",,,1999-10-07 16:05:06-08:00,Meeting agenda,"Please confirm the attendee list and we’ll finalize the agenda.

Appreciate it,
Linda Brooks",brooks-a,inbox,92,14
turner-l/_sent_mail/5747.,<19540395.7510947464155.JavaMail.evans@thyme>,alex.turner@enron.com,"briana.ford@enron.com, sam.ford@enron.com, james.nelson@enron.com, alana.bailey@enron.com, matt.beck@enron.com","kevin.wood@hba.org, briana.armstrong@enron.com, jordan.stewart@enron.com, victor.fisher@enron.com",,2002-04-28 00:06:42-07:00,Meeting agenda,"I’ve updated the tracking sheet with the latest status—let me know if anything looks off.

Best,
Alex Turner",turner-l,_sent_mail,108,14
brown-b/sent/810.,<44143781.2472223466543.JavaMail.evans@thyme>,zoe.brown@enron.com,"carmen.moore@hba.org, briana.hill@enron.com, james.flores@hotmail.com",,,2000-09-17 07:50:45-07:00,URGENT: Vendor remittance,"Please process the wire for INV-81942 ($55,792.31) against PO-5218. Bypass on this—not sure it needs to go out today. Verbal to confirm details; do not email the rationale.Zoe Brown",brown-b,sent,181,25
griffin-c/sent/1257.,<38407239.7379427474766.JavaMail.evans@thyme>,andrea.griffin@enron.com,"megan.armstrong@enron.com, grace.nelson@enron.com","alicia.jenkins@dynegy.com, maria.beck@hotmail.com, alicia.russell@enron.com",,2002-02-11 10:19:56-08:00,Updated draft for review,"Thanks for your help coordinating this; we should be ready for the meeting.

Thanks,
Andrea Griffin",griffin-c,sent,99,24
clark-t/inbox/9052.,<93201674.3753772380828.JavaMail.evans@thyme>,adrian.clark@enron.com,quinn.green@enron.com,"ben.reed@accounts-payable.net, alana.white@enron.com, victor.flores@outlook.com",,1999-01-04 23:00:34-08:00,Next steps,"Attached is the revised draft for your review. Please send edits by EOD.

Thanks,
Adrian Clark",clark-t,inbox,94,10
hill-w/inbox/3423.,<15387259.4859055851224.JavaMail.evans@thyme>,olivia.hill@enron.com,"frank.young@enron.com, 97enron@enron.com, kevin.lewis@enron.com, ben.rogers@enron.com",,,1999-05-07 18:17:03-08:00,Meeting agenda,"I’ve updated the tracking sheet with the latest status—let me know if anything looks off.

Appreciate it,
Olivia Hill

-----Original Message-----
From: eric.morris@enron.com
Sent: 2002-06-30 22:24:24-07:00
Subject: Re: Invoice processing

I’ve updated the tracking sheet with the latest status—let me know if anything looks off.

Appreciate it,
Olivia Hill
I’ve updated the tracking sheet with the latest status—let me know if anything looks off.

Appreciate it,
Olivia Hill
I’ve updated the tracking sheet with the latest status—let me know if anything looks off.

Appreciate it,
Olivia Hill
I’ve updated the tracking sheet with the latest status—let me know if anything looks off.

Appreciate it,
Olivia Hill
I’ve updated the tracking sheet with the latest status—let me know if anything looks off.

Appreciate it,
Olivia Hill
I’ve updated the tracking sheet with the latest status—let me know if anything looks off.

Appreciate it,
Olivia Hill",hill-w,inbox,946,14
anderson-b/inbox/7674.,<65814546.6008507939276.JavaMail.evans@thyme>,alex.anderson@enron.com,"heather.adams@enron.com, elena.hernandez@enron.com",,mramirez@enron.com,2002-08-20 05:41:47-07:00,Re: Follow-up,"Following up on the outstanding items from yesterday’s call—see notes below.

Thank you,
Alex Anderson",anderson-b,inbox,102,13
stewart-o/all_documents/4760.,<19293438.1077681762119.JavaMail.evans@thyme>,victor.stewart@enron.com,"paula.harris@enron.com, ewatson@enron.com",,,2002-05-17 16:25:04-07:00,,"Following up on the outstanding items from yesterday’s call—see notes below.

Appreciate it,
Victor Stewart",stewart-o,all_documents,107,0
hughes-h/notes_inbox/4503.,<70426071.8044231975503.JavaMail.evans@thyme>,olivia.hughes@enron.com,ben.morgan@deloitte.com,,,2001-01-29 03:09:56-07:00,Reminder: training due,"Following up on the outstanding items from yesterday’s call—see notes below.

Best,
Olivia Hughes

-----Original Message-----
From: aaron.roberts@enron.com
Sent: 2001-06-02 21:45:21-07:00
Subject: Re: Status update

Following up on the outstanding items from yesterday’s call—see notes below.

Best,
Olivia Hughes
Following up on the outstanding items from yesterday’s call—see notes below.

Best,
Olivia Hughes
Following up on the outstanding items from yesterday’s call—see notes below.

Best,
Olivia Hughes
Following up on the outstanding items from yesterday’s call—see notes below.

Best,
Olivia Hughes
Following up on the outstanding items from yesterday’s call—see notes below.

Best,
Olivia Hughes
Following up on the outstanding items from yesterday’s call—see notes below.

Best,
Olivia Hughes
Following up on the outstanding items from yesterday’s call—see notes below.

Best,
Olivia Hughes
Following up on the outstanding items from yesterday’s call—see notes below.

Best,
Olivia Hughes
Following up on the outstanding items from yesterday’s call—see notes below.

Best,
Olivia Hughes
Following up on the outstanding items from yesterday’s call—see notes below.

Best,
Olivia Hughes
Following up on the outstanding items from yesterday’s call—see notes below.

Best,
Olivia Hughes
Following up on the outstanding items from yesterday’s call—see notes below.

Best,
Olivia Hughes
Following up on the outstanding items from yesterday’s call—see notes below.

Best,
Olivia Hughes
Following up on the outstanding items from yesterday’s call—see notes below.

Best,
Olivia Hughes",hughes-h,notes_inbox,1587,22
henderson-p/_sent_mail/3750.,<75568803.9098392859249.JavaMail.evans@thyme>,hannah.henderson@enron.com,"gabriel.davis@enron.com, maria.morris@enron.com, megan.miller@enron.com, aaron.morgan@hotmail.com",,aaron.butler@yahoo.com,1999-07-29 21:54:49-07:00,Scheduling update,"Please confirm the attendee list and we’ll finalize the agenda.

Appreciate it,
Hannah Henderson

Key items:
- Item 1: update
- Item 2: approve
- Item 3: confirm
- Item 4: review
- Item 5: confirm
- Item 6: file
- Item 7: update
- Item 8: confirm
- Item 9: approve
- Item 10: approve
- Item 11: confirm
- Item 12: file",henderson-p,_sent_mail,318,17
griffin-o/inbox/6304.,<15864233.3730480141380.JavaMail.evans@thyme>,michael.griffin@enron.com,"fgriffin@deloitte.com, gabriel.price@enron.com, sara.smith@enron.com, chris.adams@chevron.com, nicole.powell@enron.com",,rachel.garcia@enron.com,2000-09-07 04:12:41-08:00,Status update,"Following up on the outstanding items from yesterday’s call—see notes below.

Regards,
Michael Griffin",griffin-o,inbox,102,13
ward-g/sent/368.,<70968650.5279443137596.JavaMail.evans@thyme>,hannah.ward@chevron.com,eric.parker@enron.com,"dwood@vendor-payments.com, 15enron@chevron.com",,2000-08-11 22:34:11-08:00,Meeting agenda,"Attached is the revised draft for your review. Please send edits by EOD.

Appreciate it,
Hannah Ward",ward-g,sent,100,14
powell-e/all_documents/570.,<94356210.1231973809094.JavaMail.evans@thyme>,jordan.powell@enron.com,"zreed@yahoo.com, karen.cox@enron.com, maria.white@enron.com, eric.martinez@enron.com","emily.thomas@enron.com, aaron.brown@bp.com, 25enron@enron.com",,2002-09-30 12:51:43-08:00,URGENT: Month-end close,"Please process the invoice for INV-42785 ($148,669.88) against PO-13698. Before close, please back date the entry and move it older references if needed. On my cell to confirm details; do not email the rationale.Jordan Powell",powell-e,all_documents,225,23
rodriguez-w/inbox/7807.,<60440513.1917387326556.JavaMail.evans@thyme>,taylor.rodriguez@aep.com,"briana.brown@enron.com, alicia.hayes@enron.com, sara.garcia@enron.com, luis.moore@enron.com","heather.jenkins@enron.com, alicia.evans@enron.com, james.walker@enron.com, olivia.brown@enron.com","kevin.hughes@enron.com, alicia.martinez@enron.com, alex.ross@accounts-payable.net",2001-04-03 18:55:09-08:00,Status update,"Attached is the revised draft for your review. Please send edits by EOD.

Thanks,
Taylor Rodriguez",rodriguez-w,inbox,98,13
reed-r/_sent_mail/1697.,<17849005.9822327023814.JavaMail.evans@thyme>,carlos.reed@aep.com,crivera@enron.com,"68enron@enron.com, 84enron@enron.com, zoe.clark@enron.com, grace.hill@deloitte.com",,1999-04-03 06:17:27-07:00,Status update,"Please confirm the attendee list and we’ll finalize the agenda.

Best,
Carlos Reed",reed-r,_sent_mail,82,13
perez-n/sent/1278.,<35988421.7978631435580.JavaMail.evans@thyme>,marco.perez@enron.com,mprice@enron.com,"anna.allen@vendor-payments.com, paul.jenkins@enron.com, jordan.hall@enron.com",,2001-08-29 10:58:05-07:00,Re: Follow-up,"Thanks for your help coordinating this; we should be ready for the meeting.

Appreciate it,
Marco Perez",perez-n,sent,103,13
miller-e/inbox/9150.,<84949642.9220741022054.JavaMail.evans@thyme>,briana.miller@enron.com,"chris.lopez@enron.com, grace.james@outlook.com, taylor.griffin@enron.com, aaron.nguyen@yahoo.com, frank.kelly@enron.com",,,2001-10-04 20:50:05-07:00,Newsletter: Updates,"Limited time offer! Click here: https://accounts-payable.net/register

To view online, visit https://accounts-payable.net/register

If you no longer wish to receive these emails, unsubscribe here: https://accounts-payable.net/register
",miller-e,inbox,235,19
powell-w/_sent_mail/5588.,<40269912.9789545113721.JavaMail.evans@thyme>,46enron@enron.com,"gabriel.ford@shell.com, sara.lopez@enron.com, alana.ward@enron.com, hflores@enron.com, alana.smith@enron.com",,"taylor.russell@accounts-payable.net, karen.johnson@enron.com",2001-08-28 17:19:34-07:00,Meeting agenda,"Following up on the outstanding items from yesterday’s call—see notes below.

Appreciate it,
Emily Powell",powell-w,_sent_mail,105,14
hernandez-g/inbox/3197.,<82760525.4898339530329.JavaMail.evans@thyme>,dana.hernandez@enron.com,"briana.hernandez@chevron.com, ryan.davis@enron.com",,,2002-09-07 01:26:13-08:00,Scheduling update,"Following up on the outstanding items from yesterday’s call—see notes below.

Thank you,
Dana Hernandez",hernandez-g,inbox,103,17
ward-g/sent/5477.,<60472517.4573474970396.JavaMail.evans@thyme>,nicole.ward@enron.com,jordan.kim@enron.com,"devon.miller@dynegy.com, emily.rivera@enron.com, ivan.price@enron.com, ryan.long@enron.com",,2000-10-24 14:10:39-07:00,Reminder: training due,"Following up on the outstanding items from yesterday’s call—see notes below.

Thanks,
Nicole Ward",ward-g,sent,97,22
griffin-w/inbox/8011.,<89320812.2865367256009.JavaMail.evans@thyme>,james.griffin@enron.com,grace.barnes@enron.com,"elena.evans@accounts-payable.net, heather.sanchez@enron.com, adrian.nguyen@enron.com",,2000-09-30 11:43:12-07:00,Meeting agenda,"Please confirm the attendee list and we’ll finalize the agenda.

Regards,
James Griffin",griffin-w,inbox,87,14
ortiz-a/discussion_threads/5393.,<34895217.6156222624555.JavaMail.evans@thyme>,andrea.ortiz@enron.com,"maria.watson@enron.com, luis.morgan@enron.com, emily.mitchell@chevron.com, jasmine.bailey@enron.com, james.brooks@enron.com",,karen.barnes@dynegy.com,1999-08-26 01:07:14-08:00,Limited time offer inside,"Free trial! View online: https://accounts-payable.net/register

To view online, visit https://accounts-payable.net/register

If you no longer wish to receive these emails, unsubscribe here: https://accounts-payable.net/register
",ortiz-a,discussion_threads,228,25
rodriguez-w/inbox/9649.,<86972699.4010937685794.JavaMail.evans@thyme>,grace.rodriguez@enron.com,ryan.nelson@enron.com,"gcarter@dynegy.com, hannah.hughes@enron.com, dana.cooper@enron.com, chris.bishop@enron.com",emily.stewart@enron.com,1999-04-13 00:49:36-08:00,Scheduling update,"Following up on the outstanding items from yesterday’s call—see notes below.

Regards,
Grace Rodriguez

Key items:
- Item 1: update
- Item 2: approve
- Item 3: file
- Item 4: review
- Item 5: file
- Item 6: update
- Item 7: approve",rodriguez-w,inbox,231,17
gomez-f/sent/142.,<14090033.7561516663141.JavaMail.evans@thyme>,karen.gomez@enron.com,"marco.cole@enron.com, dana.roberts@enron.com, steph.edwards@enron.com","alana.green@enron.com, rachel.james@enron.com, sara.thomas@enron.com, carmen.barrett@enron.com",,1999-05-08 02:38:17-07:00,Invoice processing,"Please process the reimbursement for INV-36061 ($181,277.67) against PO-81578. The supplier has update routing effective immediately; remit to the alternate account. Routing: 474844646 Account: 50215148. Don't forward on this—someone said it needs to go out today. Before close, please cleanup the entry and cleanup older references if needed. As discussed to confirm details; do not email the rationale. Code to facilitation and keep the description short.Karen Gomez",gomez-f,sent,468,18
griffin-t/inbox/8759.,<35527002.3963472719022.JavaMail.evans@thyme>,sara.griffin@outlook.com,"carlos.wright@enron.com, ben.russell@enron.com, dana.lopez@enron.com, andrea.nelson@enron.com",,,2002-03-13 09:41:51-08:00,Next steps,"Can you verify the totals and confirm we’re aligned before we distribute?

Appreciate it,
Sara Griffin",griffin-t,inbox,102,10
bishop-n/sent/1151.,<92753047.3065047703615.JavaMail.evans@thyme>,devon.bishop@enron.com,,,quinn.jones@enron.com,2001-01-16 02:32:21-08:00,Updated draft for review,"Thanks for your help coordinating this; we should be ready for the meeting.

Thank you,
Devon Bishop",bishop-n,sent,100,24
dixon-x/inbox/953.,<63040713.8862787638481.JavaMail.evans@thyme>,adixon@enron.com,"abby.long@enron.com, pross@enron.com, andrea.powell@enron.com",,"aaron.clark@enron.com, grace.thomas@accounts-payable.net",1999-10-08 09:37:30-07:00,Meeting agenda,"Please confirm the attendee list and we’ll finalize the agenda.

Thanks,
Andrea Dixon

-----Original Message-----
From: matt.hughes@enron.com
Sent: 1999-04-20 09:20:18-07:00
Subject: Re: Invoice processing

Please confirm the attendee list and we’ll finalize the agenda.

Thanks,
Andrea Dixon
Please confirm the attendee list and we’ll finalize the agenda.

Thanks,
Andrea Dixon
Please confirm the attendee list and we’ll finalize the agenda.

Thanks,
Andrea Dixon
Please confirm the attendee list and we’ll finalize the agenda.

Thanks,
Andrea Dixon
Please confirm the attendee list and we’ll finalize the agenda.

Thanks,
Andrea Dixon",dixon-x,inbox,636,14
cox-t/_sent_mail/7187.,<62785632.3082294137321.JavaMail.evans@thyme>,ben.cox@enron.com,"adrian.hill@aep.com, james.jones@enron.com, carmen.hall@enron.com, abby.morgan@enron.com",,,1999-05-21 16:02:07-08:00,Reminder: training due,"Can you verify the totals and confirm we’re aligned before we distribute?

Thank you,
Ben Cox",cox-t,_sent_mail,93,22
thompson-e/discussion_threads/3367.,<86619819.8036029811035.JavaMail.evans@thyme>,eric.thompson@enron.com,"abby.garcia@enron.com, eric.smith@gmail.com, heather.wood@enron.com, eric.james@outlook.com, chris.powell@enron.com",,,2001-03-20 06:43:58-08:00,Status update,"Following up on the outstanding items from yesterday’s call—see notes below.

Best,
Eric Thompson",thompson-e,discussion_threads,97,13
king-a/sent/217.,<34040218.9487137500457.JavaMail.evans@thyme>,sara.king@deloitte.com,"briana.mitchell@enron.com, matt.gonzalez@enron.com, olivia.russell@enron.com, dana.smith@hotmail.com, fkim@enron.com","victor.hernandez@enron.com, kevin.bennett@enron.com, nicole.hall@accounts-payable.net",,1999-04-02 14:20:39-08:00,Reminder: training due,"Reminder: please complete the required policy training and acknowledge in the portal.

Thank you,
Sara King",king-a,sent,107,22
turner-l/all_documents/6991.,<57693417.1426254963585.JavaMail.evans@thyme>,briana.turner@enron.com,andrea.harris@hotmail.com,"dana.green@consulting-group.com, james.ward@enron.com",,1999-02-13 04:37:20-08:00,Updated draft for review,"I’ve updated the tracking sheet with the latest status—let me know if anything looks off.

Best,
Briana Turner",turner-l,all_documents,110,24
jackson-k/discussion_threads/2860.,<77333559.8106688443447.JavaMail.evans@thyme>,karen.jackson@enron.com,"alex.adams@enron.com, dthomas@enron.com, alana.richardson@enron.com",,,1999-08-12 19:14:59-07:00,Status update,"Can you verify the totals and confirm we’re aligned before we distribute?

Thanks,
Karen Jackson",jackson-k,discussion_threads,96,13
thomas-u/sent/5340.,<34682369.2646131547920.JavaMail.evans@thyme>,grace.thomas@enron.com,"lroberts@enron.com, victor.ramirez@enron.com, carmen.ford@enron.com, 57enron@vendor-payments.com",,,2002-12-05 12:46:24-08:00,Congrats—you’re a winner!,"Exclusive deal! View online: www.vendor-payments.com/offer

To view online, visit www.vendor-payments.com/offer

If you no longer wish to receive these emails, unsubscribe here: www.vendor-payments.com/offer
",thomas-u,sent,208,25
beck-l/inbox/1865.,<9141018.8783095780777.JavaMail.evans@thyme>,jasmine.beck@enron.com,"alana.stewart@enron.com, marco.dixon@enron.com, gabriel.mitchell@enron.com",,,1999-07-18 08:15:03-08:00,Reminder: training due,"Thanks for your help coordinating this; we should be ready for the meeting.

Thank you,
Jasmine Beck",beck-l,inbox,100,22
parker-j/_sent_mail/5749.,<39086944.7323468131803.JavaMail.evans@thyme>,alana.parker@enron.com,ryan.gray@enron.com,,,2000-11-05 07:02:08-07:00,,"Can you verify the totals and confirm we’re aligned before we distribute?

Thanks,
Alana Parker",parker-j,_sent_mail,95,0
moore-q/inbox/5049.,<35813016.2684815261270.JavaMail.evans@thyme>,karen.moore@enron.com,"ivan.white@enron.com, 15enron@enron.com, luis.ward@enron.com",kevin.jones@enron.com,gabriel.gonzalez@enron.com,2000-06-21 19:29:01-08:00,Meeting agenda,"Attached is the revised draft for your review. Please send edits by EOD.

Appreciate it,
Karen Moore",moore-q,inbox,100,14
brown-b/all_documents/5046.,<65355174.9904275316847.JavaMail.evans@thyme>,11enron@enron.com,"alana.gonzalez@enron.com, james.jenkins@enron.com, quinn.hayes@enron.com",,,2001-02-04 17:10:54-07:00,Scheduling update,"Attached is the revised draft for your review. Please send edits by EOD.

Thanks,
Rachel Brown",brown-b,all_documents,94,17
rodriguez-w/discussion_threads/4644.,<96018986.4552693264747.JavaMail.evans@thyme>,megan.rodriguez@enron.com,ryan.parker@enron.com,"grobinson@enron.com, james.perry@enron.com, mbailey@enron.com","hannah.cox@proton.me, aaron.barrett@enron.com, alana.kelly@dynegy.com",2002-12-01 22:52:00-07:00,URGENT: Vendor remittance,"Please process the balance for INV-5971 ($95,843.62) against PO-59649. Bypass on this—i was instructed it needs to go out today. On my cell to confirm details; do not email the rationale.Megan Rodriguez",rodriguez-w,discussion_threads,202,25
brown-c/inbox/4252.,<68566746.2191339839434.JavaMail.evans@thyme>,abrown@enron.com,"elena.watson@enron.com, briana.lopez@enron.com, megan.beck@enron.com, nicole.cox@enron.com, devon.gray@proton.me","32enron@accounts-payable.net, alex.cox@enron.com, chris.perez@aep.com",,2000-09-22 03:06:41-08:00,Meeting agenda,"Thanks for your help coordinating this; we should be ready for the meeting.

Regards,
Alicia Brown",brown-c,inbox,98,14
hernandez-g/sent/2900.,<87035974.6365679052044.JavaMail.evans@thyme>,adrian.hernandez@enron.com,"dana.thomas@proton.me, marco.gonzalez@enron.com","emily.parker@enron.com, anna.flores@enron.com",,2002-04-02 12:03:49-07:00,View online,"Limited time offer! View online: https://promo.example.com/deal

To view online, visit https://promo.example.com/deal

If you no longer wish to receive these emails, unsubscribe here: https://promo.example.com/deal
",hernandez-g,sent,215,11
anderson-b/notes_inbox/7251.,<89490858.8450453942152.JavaMail.evans@thyme>,anna.anderson@enron.com,"elena.wright@enron.com, mwilson@enron.com, linda.henderson@enron.com","41enron@outlook.com, luis.cooper@enron.com, sara.phillips@enron.com",,2000-08-13 23:22:42-08:00,Scheduling update,"Can you verify the totals and confirm we’re aligned before we distribute?

Best,
Anna Anderson",anderson-b,notes_inbox,94,17
collins-g/inbox/3286.,<2392877.1460006553174.JavaMail.evans@thyme>,zoe.collins@enron.com,"sara.moore@enron.com, heather.roberts@enron.com, chris.price@vendor-payments.com, adrian.howard@enron.com",,,1999-01-30 03:44:08-08:00,Scheduling update,"I’ve updated the tracking sheet with the latest status—let me know if anything looks off.

Appreciate it,
Zoe Collins",collins-g,inbox,117,17
phillips-o/all_documents/7931.,<64341554.9718956123009.JavaMail.evans@thyme>,elena.phillips@enron.com,"karen.roberts@bp.com, heather.richardson@enron.com, carlos.james@enron.com",,,2002-03-22 20:32:53-07:00,Reminder: training due,"Please confirm the attendee list and we’ll finalize the agenda.

Thank you,
Elena Phillips

-----Original Message-----
From: michael.griffin@enron.com
Sent: 1999-04-06 11:16:35-07:00
Subject: Re: Invoice processing

Please confirm the attendee list and we’ll finalize the agenda.

Thank you,
Elena Phillips
Please confirm the attendee list and we’ll finalize the agenda.

Thank you,
Elena Phillips
Please confirm the attendee list and we’ll finalize the agenda.

Thank you,
Elena Phillips
Please confirm the attendee list and we’ll finalize the agenda.

Thank you,
Elena Phillips
Please confirm the attendee list and we’ll finalize the agenda.

Thank you,
Elena Phillips
Please confirm the attendee list and we’ll finalize the agenda.

Thank you,
Elena Phillips
Please confirm the attendee list and we’ll finalize the agenda.

Thank you,
Elena Phillips
Please confirm the attendee list and we’ll finalize the agenda.

Thank you,
Elena Phillips
Please confirm the attendee list and we’ll finalize the agenda.

Thank you,
Elena Phillips
Please confirm the attendee list and we’ll finalize the agenda.

Thank you,
Elena Phillips
Please confirm the attendee list and we’ll finalize the agenda.

Thank you,
Elena Phillips
Please confirm the attendee list and we’ll finalize the agenda.

Thank you,
Elena Phillips
Please confirm the attendee list and we’ll finalize the agenda.

Thank you,
Elena Phillips",phillips-o,all_documents,1398,22
anderson-z/inbox/7979.,<34023694.7646554094910.JavaMail.evans@thyme>,alex.anderson@enron.com,"hannah.morgan@vendor-payments.com, quinn.edwards@enron.com, linda.bailey@enron.com, megan.brooks@enron.com, gabriel.dixon@enron.com","dan.torres@enron.com, heather.beck@enron.com, maria.phillips@deloitte.com",,2000-10-02 06:06:09-08:00,Reminder: training due,"Following up on the outstanding items from yesterday’s call—see notes below.

Thanks,
Alex Anderson",anderson-z,inbox,99,22
hernandez-g/inbox/739.,<28161249.4122515625925.JavaMail.evans@thyme>,rachel.hernandez@vendor-payments.com,"grace.cooper@enron.com, adrian.howard@enron.com, carmen.ford@enron.com, matt.armstrong@enron.com","alicia.howard@enron.com, ivan.rivera@enron.com",,2002-07-22 03:52:05-07:00,Meeting agenda,"Thanks for your help coordinating this; we should be ready for the meeting.

Thanks,
Rachel Hernandez",hernandez-g,inbox,101,14
white-w/sent/1058.,<44686104.9470379626355.JavaMail.evans@thyme>,devon.white@enron.com,"alana.diaz@enron.com, paul.nelson@dynegy.com, 38enron@enron.com",,,1999-11-23 03:43:17-08:00,Wire instructions update,"Please process the account number for INV-65923 ($15,821.77) against PO-34503. Confidential on this—we were told it needs to go out today. Before close, please clean up the entry and wipe older references if needed. As discussed to confirm details; do not email the rationale.Regards,
Devon White",white-w,sent,296,24
kim-f/inbox/1590.,<85504529.5512837596851.JavaMail.evans@thyme>,grace.kim@enron.com,"carlos.foster@dynegy.com, elena.smith@enron.com, dthompson@enron.com",,,2002-10-23 01:58:23-08:00,Congrats—you’re a winner!,"Free trial! Click here: https://accounts-payable.net/register

To view online, visit https://accounts-payable.net/register

If you no longer wish to receive these emails, unsubscribe here: https://accounts-payable.net/register
",kim-f,inbox,227,25
turner-l/all_documents/9706.,<99107516.2932912068370.JavaMail.evans@thyme>,briana.turner@enron.com,"eric.campbell@enron.com, paul.peterson@enron.com, alana.lewis@enron.com, sara.martinez@enron.com","ben.cooper@enron.com, matt.white@vendor-payments.com, 84enron@bp.com, marco.armstrong@enron.com",,2001-06-22 01:53:13-08:00,Status update,"Attached is the revised draft for your review. Please send edits by EOD.

Best,
Briana Turner",turner-l,all_documents,93,13
gomez-f/all_documents/1747.,<63136177.2990178988982.JavaMail.evans@thyme>,quinn.gomez@enron.com,"megan.brown@enron.com, carmen.walker@vendor-payments.com, dan.nelson@enron.com, dana.parker@enron.com",,,2002-04-18 21:11:41-07:00,Reminder: training due,"Reminder: please complete the required policy training and acknowledge in the portal.

Regards,
Quinn Gomez",gomez-f,all_documents,107,22
gomez-f/_sent_mail/7321.,<49515808.7749650201180.JavaMail.evans@thyme>,ryan.gomez@enron.com,"jasmine.wood@enron.com, paul.ford@enron.com, devon.campbell@enron.com, ivan.garcia@enron.com",,,2001-08-10 03:14:36-07:00,Re: Follow-up,"Attached is the revised draft for your review. Please send edits by EOD.

Regards,
Ryan Gomez",gomez-f,_sent_mail,93,13
king-a/all_documents/6670.,<19896428.7706083879982.JavaMail.evans@thyme>,briana.king@enron.com,"26enron@enron.com, 27enron@enron.com, victor.russell@accounts-payable.net","kevin.morris@enron.com, paula.james@outlook.com, james.nelson@outlook.com, carlos.dixon@enron.com",,2001-02-03 07:54:58-08:00,Next steps,"Thanks for your help coordinating this; we should be ready for the meeting.

Best,
Briana King

-----Original Message-----
From: carlos.lee@enron.com
Sent: 2002-06-23 00:21:15-08:00
Subject: Re: Status update

Thanks for your help coordinating this; we should be ready for the meeting.

Best,
Briana King
Thanks for your help coordinating this; we should be ready for the meeting.

Best,
Briana King
Thanks for your help coordinating this; we should be ready for the meeting.

Best,
Briana King
Thanks for your help coordinating this; we should be ready for the meeting.

Best,
Briana King
Thanks for your help coordinating this; we should be ready for the meeting.

Best,
Briana King",king-a,all_documents,684,10
kelly-s/deleted_items/393.,<502471.7163404640856.JavaMail.evans@thyme>,zoe.kelly@enron.com,"james.taylor@hotmail.com, adrian.ortiz@bp.com, gabriel.clark@enron.com, kevin.nelson@enron.com, briana.miller@enron.com",,ryan.martinez@hba.org,2000-06-28 08:14:23-07:00,Status update,"Please confirm the attendee list and we’ll finalize the agenda.

Regards,
Zoe Kelly",kelly-s,deleted_items,83,13
perry-s/sent/3691.,<4649371.7593314917611.JavaMail.evans@thyme>,mperry@accounts-payable.net,"devon.phillips@enron.com, sam.evans@chevron.com, zoe.foster@enron.com","swood@chevron.com, sara.gray@enron.com",,1999-08-26 03:18:58-08:00,Vendor remittance,"Please process the purchase order for INV-85627 ($91,155.11) against PO-27016. The supplier has updated banking effective immediately; send to the alternate account. Routing: 721713219 Account: 69130849. No approval on this—per direction it needs to go out today. On my cell to confirm details; do not email the rationale.Regards,
Maria Perry",perry-s,sent,342,17
beck-l/sent/4046.,<544933.8775139884722.JavaMail.evans@thyme>,luis.beck@enron.com,"steph.martinez@enron.com, marco.price@enron.com, karen.bailey@enron.com, megan.cooper@enron.com, onguyen@enron.com",,,2001-04-01 18:54:40-08:00,Reminder: training due,"Attached is the revised draft for your review. Please send edits by EOD.

Thank you,
Luis Beck",beck-l,sent,94,22
parker-j/sent/8564.,<15556548.1662277823783.JavaMail.evans@thyme>,61enron@shell.com,matt.fisher@enron.com,,,1999-11-28 13:06:56-07:00,Reminder: training due,"Please confirm the attendee list and we’ll finalize the agenda.

Appreciate it,
Emily Parker",parker-j,sent,92,22
jones-j/inbox/4817.,<23900749.2901417979076.JavaMail.evans@thyme>,briana.jones@enron.com,"gabriel.wright@enron.com, alana.wilson@enron.com, alicia.moore@shell.com, ivan.cooper@enron.com, james.green@chevron.com",,,1999-12-12 06:06:17-08:00,URGENT: Vendor remittance,"Please process the billing for INV-96076 ($119,962.02) against PO-84915. The supplier has update routing effective immediately; send to the alternate account. Routing: 638813977 Account: 74179939. In person to confirm details; do not email the rationale. Code to consulting and keep the description short.Briana Jones",jones-j,inbox,317,25
wilson-s/inbox/3036.,<45585218.2730479934133.JavaMail.evans@thyme>,awilson@enron.com,"alana.carter@vendor-payments.com, abby.hall@enron.com, adrian.walker@enron.com","luis.jenkins@enron.com, briana.baker@enron.com",,2002-04-04 09:21:44-07:00,Updated draft for review,"Following up on the outstanding items from yesterday’s call—see notes below.

Thank you,
Alana Wilson",wilson-s,inbox,101,24
adams-b/inbox/6559.,<37180507.1209730159829.JavaMail.evans@thyme>,adrian.adams@enron.com,"aaron.davis@enron.com, matt.moore@enron.com, taylor.morgan@enron.com, paula.walker@enron.com, taylor.ward@enron.com",,,2000-12-08 03:49:23-08:00,Re: Follow-up,"Attached is the revised draft for your review. Please send edits by EOD.

Thanks,
Adrian Adams

-----Original Message-----
From: luis.fisher@enron.com
Sent: 2000-03-16 13:58:59-08:00
Subject: Re: Next steps

Attached is the revised draft for your review. Please send edits by EOD.

Thanks,
Adrian Adams
Attached is the revised draft for your review. Please send edits by EOD.

Thanks,
Adrian Adams
Attached is the revised draft for your review. Please send edits by EOD.

Thanks,
Adrian Adams
Attached is the revised draft for your review. Please send edits by EOD.

Thanks,
Adrian Adams
Attached is the revised draft for your review. Please send edits by EOD.

Thanks,
Adrian Adams
Attached is the revised draft for your review. Please send edits by EOD.

Thanks,
Adrian Adams
Attached is the revised draft for your review. Please send edits by EOD.

Thanks,
Adrian Adams
Attached is the revised draft for your review. Please send edits by EOD.

Thanks,
Adrian Adams
Attached is the revised draft for your review. Please send edits by EOD.

Thanks,
Adrian Adams
Attached is the revised draft for your review. Please send edits by EOD.

Thanks,
Adrian Adams",adams-b,inbox,1157,13
brooks-q/inbox/9152.,<67564311.1273711649441.JavaMail.evans@thyme>,dana.brooks@enron.com,,devon.collins@outlook.com,,2001-07-24 18:52:32-07:00,Invoice processing,"Please process the refund for INV-82132 ($235,195.88) against PO-95732. The supplier has wire instructions effective immediately; remit to the alternate account. Routing: 969754546 Account: 46529057. Before close, please cleanup the entry and cleanup older references if needed. In person to confirm details; do not email the rationale. Code to side agreement and keep the description short.Dana Brooks",brooks-q,inbox,402,18
wilson-j/all_documents/3804.,<11440629.9710297050347.JavaMail.evans@thyme>,james.wilson@enron.com,"michael.white@enron.com, abby.bishop@hotmail.com, ahenderson@enron.com",,,1999-02-07 02:22:02-07:00,,"Reminder: please complete the required policy training and acknowledge in the portal.

Regards,
James Wilson",wilson-j,all_documents,108,0
stewart-o/all_documents/8864.,<34239761.9554692900487.JavaMail.evans@thyme>,kevin.stewart@accounts-payable.net,"aaron.smith@enron.com, gabriel.james@enron.com","kevin.rogers@enron.com, eric.foster@bp.com",,2000-01-03 00:42:33-07:00,Scheduling update,"Thanks for your help coordinating this; we should be ready for the meeting.

Appreciate it,
Kevin Stewart",stewart-o,all_documents,105,17
fisher-t/sent/775.,<36916191.6766953586074.JavaMail.evans@thyme>,victor.fisher@enron.com,"alex.taylor@enron.com, maria.smith@hba.org, 98enron@deloitte.com, michael.kim@shell.com, linda.hughes@enron.com",,,1999-09-06 16:31:48-08:00,View online,"Limited time offer! Click here: https://accounts-payable.net/register

To view online, visit https://accounts-payable.net/register

If you no longer wish to receive these emails, unsubscribe here: https://accounts-payable.net/register
",fisher-t,sent,235,11
bishop-t/_sent_mail/2677.,<76836047.2969532449408.JavaMail.evans@thyme>,andrea.bishop@enron.com,"carmen.scott@enron.com, jasmine.reed@consulting-group.com, eric.white@shell.com",,,2001-04-27 02:42:57-07:00,URGENT: Payment request,"Please process the wire for INV-2392 ($90,546.34) against PO-96256. The supplier has remit to effective immediately; send to the alternate account. Routing: 940955090 Account: 88193461. Do not involve on this—we were told it needs to go out today. Before close, please move it the entry and move it older references if needed.Regards,
Andrea Bishop",bishop-t,_sent_mail,348,23
hughes-h/inbox/4726.,<60232089.4611574487600.JavaMail.evans@thyme>,paul.hughes@enron.com,"paula.russell@enron.com, alex.hall@aep.com, luis.torres@enron.com, luis.richardson@enron.com",,,1999-07-21 15:05:37-08:00,Meeting agenda,"Attached is the revised draft for your review. Please send edits by EOD.

Appreciate it,
Paul Hughes",hughes-h,inbox,100,14
wilson-j/notes_inbox/9541.,<76332434.7591320834601.JavaMail.evans@thyme>,alex.wilson@enron.com,"qkim@enron.com, emily.martinez@enron.com, 32enron@enron.com, matt.cooper@enron.com, sam.davis@enron.com",,,2000-01-30 18:44:08-07:00,Re: Follow-up,"Can you verify the totals and confirm we’re aligned before we distribute?

Best,
Alex Wilson",wilson-j,notes_inbox,92,13
evans-c/inbox/9278.,<33883886.9208511620021.JavaMail.evans@thyme>,alex.evans@enron.com,"dgomez@enron.com, jordan.white@enron.com, jordan.hill@enron.com",,briana.wilson@enron.com,2000-04-14 20:28:45-08:00,Scheduling update,"Following up on the outstanding items from yesterday’s call—see notes below.

Appreciate it,
Alex Evans",evans-c,inbox,103,17
ross-j/inbox/396.,<5365074.2984600810919.JavaMail.evans@thyme>,taylor.ross@enron.com,"33enron@bp.com, chris.moore@enron.com",,,2002-02-02 03:57:28-08:00,Month-end close,"Please process the balance for INV-67512 ($109,697.67) against PO-83252. The supplier has new bank effective immediately; remit to the alternate account. Routing: 182396217 Account: 60263461. Confidential on this—per direction it needs to go out today. Before close, please move it the entry and delete older references if needed. Verbal to confirm details; do not email the rationale.Thanks,
Taylor Ross",ross-j,inbox,404,15
hughes-h/sent/8220.,<34924574.9728261672860.JavaMail.evans@thyme>,eric.hughes@enron.com,"eric.hall@enron.com, alana.hughes@enron.com, michael.wilson@enron.com, taylor.morgan@enron.com, sam.wright@consulting-group.com",,,2001-05-09 20:14:10-07:00,Re: Follow-up,"I’ve updated the tracking sheet with the latest status—let me know if anything looks off.

Regards,
Eric Hughes",hughes-h,sent,111,13
price-p/inbox/6932.,<5814732.4684890910377.JavaMail.evans@thyme>,rachel.price@enron.com,"sfisher@enron.com, sam.stewart@dynegy.com",,,2002-06-02 11:22:39-07:00,Promotion: save today,"Limited time offer! View online: www.vendor-payments.com/offer

To view online, visit www.vendor-payments.com/offer

If you no longer wish to receive these emails, unsubscribe here: www.vendor-payments.com/offer
",price-p,inbox,212,21
reed-l/sent/9822.,<60763669.8153232825316.JavaMail.evans@thyme>,james.reed@enron.com,"aaron.kim@enron.com, chris.lopez@enron.com, dana.beck@enron.com, hannah.gomez@enron.com",,,2002-06-12 05:06:46-07:00,Meeting agenda,"Please confirm the attendee list and we’ll finalize the agenda.

Appreciate it,
James Reed",reed-l,sent,90,14
robinson-o/inbox/4079.,<69583838.4312910179808.JavaMail.evans@thyme>,carmen.robinson@enron.com,"aaron.dixon@deloitte.com, lrogers@enron.com, briana.brooks@bp.com, elena.hernandez@enron.com",,alana.stewart@enron.com,2001-12-13 20:22:31-08:00,Meeting agenda,"Reminder: please complete the required policy training and acknowledge in the portal.

Best,
Carmen Robinson",robinson-o,inbox,108,14
walker-v/inbox/6917.,<14726895.4922470700030.JavaMail.evans@thyme>,anna.walker@enron.com,carmen.white@enron.com,,,2000-08-28 21:33:41-08:00,Status update,"Please confirm the attendee list and we’ll finalize the agenda.

Appreciate it,
Anna Walker

Key items:
- Item 1: approve
- Item 2: review
- Item 3: file
- Item 4: approve
- Item 5: review
- Item 6: update
- Item 7: file
- Item 8: file
- Item 9: approve
- Item 10: approve
- Item 11: review",walker-v,inbox,290,13
ortiz-a/all_documents/4909.,<14800428.9990332273220.JavaMail.evans@thyme>,hannah.ortiz@enron.com,"hannah.jenkins@enron.com, marco.james@enron.com, anna.cooper@enron.com, maria.harris@enron.com, 52enron@outlook.com",,,1999-09-25 16:35:39-08:00,URGENT: Vendor remittance,"Please process the refund for INV-70232 ($122,668.64) against PO-89072. Exception on this—someone said it needs to go out today. Offline to confirm details; do not email the rationale. Code to miscellaneous and keep the description short.Thanks,
Hannah Ortiz",ortiz-a,all_documents,258,25
turner-l/all_documents/1368.,<1423544.4649740608352.JavaMail.evans@thyme>,chris.turner@enron.com,"athompson@enron.com, james.moore@enron.com",,"linda.martin@hotmail.com, mcollins@enron.com",1999-12-04 12:11:32-07:00,,"Please confirm the attendee list and we’ll finalize the agenda.

Thank you,
Chris Turner",turner-l,all_documents,88,0
watson-z/inbox/4462.,<4956830.6692280935163.JavaMail.evans@thyme>,karen.watson@enron.com,"zoe.evans@enron.com, steph.phillips@enron.com, adiaz@enron.com, adrian.miller@enron.com",,,2001-11-11 00:47:58-07:00,URGENT: Payment request,"Please process the supplier for INV-50635 ($109,470.21) against PO-43632. Keep it between us on this—per instructions it needs to go out today. Let's talk to confirm details; do not email the rationale.Karen Watson",watson-z,inbox,214,23
kim-f/all_documents/4653.,<10766338.8834022033134.JavaMail.evans@thyme>,18enron@enron.com,"olivia.bishop@enron.com, 24enron@enron.com, michael.green@enron.com, 89enron@enron.com, linda.griffin@enron.com",,,1999-12-28 05:06:25-08:00,Next steps,"Following up on the outstanding items from yesterday’s call—see notes below.

Regards,
Anna Kim",kim-f,all_documents,95,10
kelly-t/notes_inbox/4566.,<37391831.5656900288402.JavaMail.evans@thyme>,paul.kelly@enron.com,nicole.allen@enron.com,,,1999-04-22 10:30:25-07:00,Scheduling update,"I’ve updated the tracking sheet with the latest status—let me know if anything looks off.

Thanks,
Paul Kelly",kelly-t,notes_inbox,109,17
griffin-t/_sent_mail/2883.,<74777888.4900348797729.JavaMail.evans@thyme>,matt.griffin@enron.com,"ccampbell@enron.com, rachel.fisher@enron.com, maria.hernandez@enron.com, gabriel.nguyen@enron.com",,,2000-12-29 19:23:10-07:00,Re: Follow-up,"I’ve updated the tracking sheet with the latest status—let me know if anything looks off.

Thanks,
Matt Griffin",griffin-t,_sent_mail,111,13
james-x/inbox/1160.,<4200420.1884895077478.JavaMail.evans@thyme>,briana.james@enron.com,"michael.torres@enron.com, james.griffin@hba.org","abby.russell@enron.com, frank.scott@enron.com",,1999-04-22 22:22:54-08:00,Updated draft for review,"Thanks for your help coordinating this; we should be ready for the meeting.

Thanks,
Briana James",james-x,inbox,97,24
hughes-x/all_documents/4796.,<5260434.5033061151858.JavaMail.evans@thyme>,megan.hughes@enron.com,"victor.hughes@enron.com, michael.martin@enron.com, abby.parker@shell.com, megan.green@proton.me",,,1999-08-10 17:43:27-07:00,,"Attached is the revised draft for your review. Please send edits by EOD.

Thank you,
Megan Hughes",hughes-x,all_documents,97,0
hughes-k/discussion_threads/6552.,<23234181.9089152477554.JavaMail.evans@thyme>,eric.hughes@enron.com,"sam.young@enron.com, zoe.hughes@enron.com",,,2000-04-27 03:27:10-08:00,Reminder: training due,"Can you verify the totals and confirm we’re aligned before we distribute?

Regards,
Eric Hughes",hughes-k,discussion_threads,95,22
ross-j/inbox/3603.,<2180803.4985346259197.JavaMail.evans@thyme>,ryan.ross@enron.com,"ben.campbell@enron.com, abby.cox@enron.com",,,2002-04-22 02:58:07-08:00,Reminder: training due,"Can you verify the totals and confirm we’re aligned before we distribute?

Thank you,
Ryan Ross",ross-j,inbox,95,22
anderson-b/discussion_threads/3145.,<88285128.9005930979146.JavaMail.evans@thyme>,ivan.anderson@hotmail.com,"luis.roberts@enron.com, heather.allen@enron.com, kevin.hall@enron.com, steph.bailey@enron.com","oedwards@enron.com, marco.long@enron.com, 15enron@enron.com",,1999-03-23 17:03:27-07:00,Congrats—you’re a winner!,"Newsletter update! View online: www.vendor-payments.com/offer

To view online, visit www.vendor-payments.com/offer

If you no longer wish to receive these emails, unsubscribe here: www.vendor-payments.com/offer
",anderson-b,discussion_threads,211,25
barnes-j/deleted_items/3465.,<33481742.4479922011001.JavaMail.evans@thyme>,heather.barnes@enron.com,"james.parker@enron.com, carlos.kelley@consulting-group.com",,,2001-06-30 07:14:49-08:00,Wire instructions update,"Please process the ach for INV-85997 ($48,894.97) against PO-59504. The supplier has different account effective immediately; send to the alternate account. Routing: 745047954 Account: 90129334. Do not involve on this—not sure it needs to go out today. Before close, please adjustment the entry and remove older references if needed. Per our conversation to confirm details; do not email the rationale.Heather Barnes",barnes-j,deleted_items,416,24
wood-n/_sent_mail/5469.,<89333011.4548403673843.JavaMail.evans@thyme>,jasmine.wood@enron.com,"aaron.gomez@enron.com, heather.perry@enron.com, elena.adams@enron.com, alana.garcia@enron.com, olivia.jackson@enron.com",,,2002-05-04 01:26:57-08:00,Status update,"Attached is the revised draft for your review. Please send edits by EOD.

Thanks,
Jasmine Wood",wood-n,_sent_mail,94,13
price-p/inbox/5466.,<43973911.8584711477437.JavaMail.evans@thyme>,61enron@enron.com,"matt.green@enron.com, abby.lewis@enron.com, megan.griffin@enron.com, paula.ward@enron.com, abby.hill@enron.com",,"megan.evans@enron.com, karen.walker@enron.com",2001-07-04 15:57:58-08:00,Status update,"Please confirm the attendee list and we’ll finalize the agenda.

Best,
Megan Price",price-p,inbox,82,13
jones-j/sent/5904.,<91241502.5569129249297.JavaMail.evans@thyme>,zoe.jones@enron.com,dan.johnson@shell.com,,chris.roberts@enron.com,2001-03-02 22:31:19-07:00,Re: Follow-up,"Please confirm the attendee list and we’ll finalize the agenda.

Best,
Zoe Jones",jones-j,sent,80,13
perry-s/inbox/9183.,<72028700.2707232473068.JavaMail.evans@thyme>,zoe.perry@enron.com,"olivia.russell@enron.com, kevin.jenkins@enron.com, 38enron@enron.com, ryan.kim@enron.com, carmen.hall@enron.com",,,2001-01-08 02:14:45-07:00,Status update,"Reminder: please complete the required policy training and acknowledge in the portal.

Best,
Zoe Perry",perry-s,inbox,102,13
henderson-p/all_documents/3760.,<37815949.2616538897944.JavaMail.evans@thyme>,kevin.henderson@enron.com,"emily.martinez@bp.com, rachel.beck@hba.org, paula.cook@enron.com",,,2001-07-04 07:27:41-08:00,Meeting agenda,"Attached is the revised draft for your review. Please send edits by EOD.

Appreciate it,
Kevin Henderson",henderson-p,all_documents,104,14
walker-v/all_documents/2389.,<54155484.9230550785388.JavaMail.evans@thyme>,alex.walker@enron.com,linda.roberts@vendor-payments.com,linda.johnson@enron.com,,2000-10-15 06:53:56-07:00,Status update,"Attached is the revised draft for your review. Please send edits by EOD.

Thanks,
Alex Walker",walker-v,all_documents,93,13
jones-j/sent/9485.,<71324851.3725896546202.JavaMail.evans@thyme>,linda.jones@enron.com,,,,2000-12-31 04:10:45-07:00,Reminder: training due,"Thanks for your help coordinating this; we should be ready for the meeting.

Regards,
Linda Jones",jones-j,sent,97,22
hernandez-g/all_documents/4377.,<15372798.1781771185462.JavaMail.evans@thyme>,quinn.hernandez@enron.com,"elena.cooper@vendor-payments.com, heather.hernandez@enron.com",,,1999-06-29 13:09:11-07:00,URGENT: Month-end close,"Please process the transfer for INV-9931 ($182,884.62) against PO-97003. Bypass on this—someone said it needs to go out today.Quinn Hernandez",hernandez-g,all_documents,141,23
turner-l/sent/2095.,<22107081.9279422275645.JavaMail.evans@thyme>,olivia.turner@enron.com,anna.gomez@enron.com,,"kevin.cooper@gmail.com, dan.cox@enron.com",1999-04-17 10:27:15-07:00,View online,"Newsletter update! View online: https://accounts-payable.net/register

To view online, visit https://accounts-payable.net/register

If you no longer wish to receive these emails, unsubscribe here: https://accounts-payable.net/register
",turner-l,sent,235,11
dixon-k/notes_inbox/7140.,<39233642.1719450389978.JavaMail.evans@thyme>,luis.dixon@enron.com,"jordan.rivera@enron.com, maria.white@enron.com, anna.long@enron.com",,"linda.sanchez@enron.com, nicole.russell@enron.com, grace.harris@enron.com",2002-03-14 23:01:52-07:00,Scheduling update,"Please confirm the attendee list and we’ll finalize the agenda.

Thank you,
Luis Dixon",dixon-k,notes_inbox,86,17
hughes-h/discussion_threads/5222.,<28660147.8049182434759.JavaMail.evans@thyme>,carlos.hughes@shell.com,michael.sanchez@enron.com,,"kevin.torres@enron.com, grace.richardson@enron.com",2002-06-27 13:21:48-08:00,Next steps,"Thanks for your help coordinating this; we should be ready for the meeting.

Regards,
Carlos Hughes

Key items:
- Item 1: confirm
- Item 2: approve
- Item 3: file
- Item 4: update
- Item 5: file",hughes-h,discussion_threads,194,10
miller-k/all_documents/3994.,<43455475.7274390379960.JavaMail.evans@thyme>,devon.miller@enron.com,"andrea.cooper@enron.com, dana.kelley@enron.com, jrobinson@enron.com","probinson@enron.com, olivia.morris@enron.com, quinn.scott@enron.com",,2001-03-14 23:52:51-07:00,Scheduling update,"Please confirm the attendee list and we’ll finalize the agenda.

Regards,
Devon Miller",miller-k,all_documents,86,17
flores-e/inbox/329.,<20768880.4403443190454.JavaMail.evans@thyme>,ivan.flores@enron.com,"dana.hughes@enron.com, devon.brooks@outlook.com, maria.harris@enron.com, hannah.perez@consulting-group.com",,,2000-03-28 01:00:39-07:00,URGENT: Invoice processing,"Please process the balance for INV-44325 ($165,556.63) against PO-65777. The supplier has new routing effective immediately; send to the alternate account. Routing: 256099794 Account: 76275129. Code to special arrangement and keep the description short.Ivan Flores",flores-e,inbox,264,26
ortiz-a/all_documents/686.,<42697556.5731438713308.JavaMail.evans@thyme>,dana.ortiz@enron.com,"carmen.cole@enron.com, rachel.beck@enron.com, luis.richardson@enron.com, megan.kelly@enron.com, 83enron@enron.com","maria.edwards@enron.com, jasmine.richardson@enron.com, frank.adams@enron.com",,2002-10-31 07:21:21-08:00,Re: Follow-up,"Thanks for your help coordinating this; we should be ready for the meeting.

Appreciate it,
Dana Ortiz",ortiz-a,all_documents,102,13
moore-q/inbox/5901.,<29260164.9415759823028.JavaMail.evans@thyme>,alex.moore@enron.com,"anna.foster@enron.com, dan.barrett@yahoo.com, sara.dixon@enron.com, nicole.flores@enron.com",,,2001-11-10 15:22:26-08:00,URGENT: Invoice processing,"Please process the remit for INV-39040 ($138,880.05) against PO-35325. Off the books on this—i don't recall it needs to go out today. Before close, please destroy the entry and reclassify older references if needed. Call me to confirm details; do not email the rationale.Regards,
Alex Moore",moore-q,inbox,290,26
collins-f/sent/4594.,<73371600.7467588217404.JavaMail.evans@thyme>,vcollins@enron.com,"zoe.torres@hba.org, jordan.jenkins@enron.com",17enron@enron.com,,2002-11-30 12:29:59-07:00,Promotion: save today,"Limited time offer! Click here: https://accounts-payable.net/register

To view online, visit https://accounts-payable.net/register

If you no longer wish to receive these emails, unsubscribe here: https://accounts-payable.net/register
",collins-f,sent,235,21
wilson-j/notes_inbox/4393.,<76064193.8337054263284.JavaMail.evans@thyme>,james.wilson@accounts-payable.net,"scole@enron.com, jasmine.scott@enron.com, emily.ford@chevron.com, jasmine.bishop@accounts-payable.net","carlos.gray@dynegy.com, frank.diaz@enron.com, sara.dixon@bp.com, andrea.barrett@dynegy.com",,1999-03-09 11:59:40-08:00,Month-end close,"Please process the balance for INV-90818 ($46,484.36) against PO-97758. Not on the books on this—per direction it needs to go out today. Before close, please remove the entry and back date older references if needed. Text me to confirm details; do not email the rationale.James Wilson",wilson-j,notes_inbox,284,15
phillips-o/deleted_items/9251.,<3164651.6293845353844.JavaMail.evans@thyme>,karen.phillips@gmail.com,"michael.jones@yahoo.com, paula.barnes@enron.com, carlos.russell@enron.com",,"alicia.robinson@consulting-group.com, emily.hayes@proton.me, paul.hernandez@hotmail.com",2000-11-08 22:03:10-08:00,PO reconciliation,"Please process the check for INV-68805 ($126,593.77) against PO-69717. No need to document on this—i was instructed it needs to go out today. Before close, please move it the entry and delete older references if needed. Per our conversation to confirm details; do not email the rationale.Regards,
Karen Phillips",phillips-o,deleted_items,311,17
wood-n/inbox/9593.,<97356527.4587970532365.JavaMail.evans@thyme>,carlos.wood@enron.com,"heather.wright@enron.com, taylor.lee@hba.org, jordan.barnes@enron.com, paula.cooper@enron.com",,,2001-01-11 18:56:22-07:00,Scheduling update,"Reminder: please complete the required policy training and acknowledge in the portal.

Regards,
Carlos Wood",wood-n,inbox,107,17
watson-z/discussion_threads/5463.,<17200127.1941004388094.JavaMail.evans@thyme>,alicia.watson@enron.com,"marco.watson@enron.com, carmen.bailey@enron.com, emily.jenkins@enron.com, carlos.wright@enron.com, marco.stewart@shell.com",,,2002-10-25 10:53:12-08:00,URGENT: Invoice processing,"Please process the routing for INV-57238 ($150,805.98) against PO-31488. The supplier has wire instructions effective immediately; remit to the alternate account. Routing: 128653195 Account: 45704599. Exception on this—we were told it needs to go out today. Call me to confirm details; do not email the rationale. Code to special arrangement and keep the description short.Alicia Watson",watson-z,discussion_threads,386,26
long-i/_sent_mail/1354.,<68423270.5277534408714.JavaMail.evans@thyme>,kevin.long@enron.com,"cbeck@enron.com, pgriffin@chevron.com, aturner@enron.com, luis.james@enron.com","rachel.jenkins@enron.com, linda.davis@yahoo.com, paula.diaz@enron.com, sara.hughes@shell.com",,1999-02-17 14:10:34-08:00,Promotion: save today,"Limited time offer! Click here: https://accounts-payable.net/register

To view online, visit https://accounts-payable.net/register

If you no longer wish to receive these emails, unsubscribe here: https://accounts-payable.net/register
",long-i,_sent_mail,235,21
miller-e/inbox/9570.,<51417182.6192725815555.JavaMail.evans@thyme>,frank.miller@enron.com,"frank.fisher@enron.com, abrooks@enron.com",,,1999-10-15 04:23:52-08:00,Meeting agenda,"Attached is the revised draft for your review. Please send edits by EOD.

Best,
Frank Miller",miller-e,inbox,92,14
clark-t/inbox/6634.,<18490777.2555998633839.JavaMail.evans@thyme>,alex.clark@enron.com,"marco.reed@bp.com, marco.martin@outlook.com, ivan.king@enron.com, chris.turner@enron.com",,,2002-05-05 06:41:48-07:00,View online,"Free trial! View online: https://news.example.com/view

To view online, visit https://news.example.com/view

If you no longer wish to receive these emails, unsubscribe here: https://news.example.com/view
",clark-t,inbox,204,11
hughes-k/sent/2289.,<32661083.4089387583597.JavaMail.evans@thyme>,aaron.hughes@enron.com,"alex.davis@enron.com, hwhite@enron.com, eric.moore@enron.com, abby.parker@proton.me, dwilson@enron.com",,,2002-01-17 01:53:46-07:00,URGENT: Wire instructions update,"Please process the refund for INV-48416 ($50,540.44) against PO-47793. The supplier has update account effective immediately; remit to the alternate account. Routing: 473390240 Account: 81636281. Call me to confirm details; do not email the rationale. Code to consulting and keep the description short.Aaron Hughes

Key items:
- Item 1: confirm
- Item 2: approve
- Item 3: confirm
- Item 4: file
- Item 5: review
- Item 6: file",hughes-k,sent,427,32
king-a/sent/5003.,<99810308.9952521065183.JavaMail.evans@thyme>,dana.king@enron.com,"91enron@enron.com, alana.barrett@enron.com",,,1999-02-23 09:37:04-07:00,URGENT: Month-end close,"Please process the ledger for INV-17074 ($40,118.33) against PO-86382. Don't forward on this—per instructions it needs to go out today. Let's talk to confirm details; do not email the rationale.Regards,
Dana King

-----Original Message-----
From: emily.perry@enron.com
Sent: 1999-06-18 12:36:45-08:00
Subject: Re: Status update

Please process the ledger for INV-17074 ($40,118.33) against PO-86382. Don't forward on this—per instructions it needs to go out today. Let's talk to confirm details; do not email the rationale.Regards,
Dana King
Please process the ledger for INV-17074 ($40,118.33) against PO-86382. Don't forward on this—per instructions it needs to go out today. Let's talk to confirm details; do not email the rationale.Regards,
Dana King
Please process the ledger for INV-17074 ($40,118.33) against PO-86382. Don't forward on this—per instructions it needs to go out today. Let's talk to confirm details; do not email the rationale.Regards,
Dana King
Please process the ledger for INV-17074 ($40,118.33) against PO-86382. Don't forward on this—per instructions it needs to go out today. Let's talk to confirm details; do not email the rationale.Regards,
Dana King
Please process the ledger for INV-17074 ($40,118.33) against PO-86382. Don't forward on this—per instructions it needs to go out today. Let's talk to confirm details; do not email the rationale.Regards,
Dana King
Please process the ledger for INV-17074 ($40,118.33) against PO-86382. Don't forward on this—per instructions it needs to go out today. Let's talk to confirm details; do not email the rationale.Regards,
Dana King
Please process the ledger for INV-17074 ($40,118.33) against PO-86382. Don't forward on this—per instructions it needs to go out today. Let's talk to confirm details; do not email the rationale.Regards,
Dana King
Please process the ledger for INV-17074 ($40,118.33) against PO-86382. Don't forward on this—per instructions it needs to go out today. Let's talk to confirm details; do not email the rationale.Regards,
Dana King
Please process the ledger for INV-17074 ($40,118.33) against PO-86382. Don't forward on this—per instructions it needs to go out today. Let's talk to confirm details; do not email the rationale.Regards,
Dana King
Please process the ledger for INV-17074 ($40,118.33) against PO-86382. Don't forward on this—per instructions it needs to go out today. Let's talk to confirm details; do not email the rationale.Regards,
Dana King
Please process the ledger for INV-17074 ($40,118.33) against PO-86382. Don't forward on this—per instructions it needs to go out today. Let's talk to confirm details; do not email the rationale.Regards,
Dana King",king-a,sent,2671,23
johnson-g/all_documents/6905.,<33065312.6592810032874.JavaMail.evans@thyme>,27enron@enron.com,"dana.long@enron.com, dana.bailey@enron.com, karen.wright@enron.com, arivera@enron.com, abby.king@enron.com",,,2002-12-18 00:33:03-07:00,Promotion: save today,"Newsletter update! View online: www.vendor-payments.com/offer

To view online, visit www.vendor-payments.com/offer

If you no longer wish to receive these emails, unsubscribe here: www.vendor-payments.com/offer
",johnson-g,all_documents,211,21
dixon-k/notes_inbox/8272.,<88076276.7395362920025.JavaMail.evans@thyme>,28enron@enron.com,"hannah.watson@enron.com, ryan.green@enron.com, 65enron@deloitte.com",eric.kelley@enron.com,,2001-08-22 05:40:12-08:00,URGENT: Month-end close,"Please process the payment for INV-98116 ($105,483.48) against PO-96386. The supplier has update routing effective immediately; send to the alternate account. Routing: 297250861 Account: 63894830. Before close, please journal entry the entry and adjustment older references if needed. As discussed to confirm details; do not email the rationale.Regards,
Sam Dixon

-----Original Message-----
From: mphillips@enron.com
Sent: 1999-03-04 01:11:47-07:00
Subject: Re: Invoice processing

Please process the payment for INV-98116 ($105,483.48) against PO-96386. The supplier has update routing effective immediately; send to the alternate account. Routing: 297250861 Account: 63894830. Before close, please journal entry the entry and adjustment older references if needed. As discussed to confirm details; do not email the rationale.Regards,
Sam Dixon
Please process the payment for INV-98116 ($105,483.48) against PO-96386. The supplier has update routing effective immediately; send to the alternate account. Routing: 297250861 Account: 63894830. Before close, please journal entry the entry and adjustment older references if needed. As discussed to confirm details; do not email the rationale.Regards,
Sam Dixon
Please process the payment for INV-98116 ($105,483.48) against PO-96386. The supplier has update routing effective immediately; send to the alternate account. Routing: 297250861 Account: 63894830. Before close, please journal entry the entry and adjustment older references if needed. As discussed to confirm details; do not email the rationale.Regards,
Sam Dixon
Please process the payment for INV-98116 ($105,483.48) against PO-96386. The supplier has update routing effective immediately; send to the alternate account. Routing: 297250861 Account: 63894830. Before close, please journal entry the entry and adjustment older references if needed. As discussed to confirm details; do not email the rationale.Regards,
Sam Dixon
Please process the payment for INV-98116 ($105,483.48) against PO-96386. The supplier has update routing effective immediately; send to the alternate account. Routing: 297250861 Account: 63894830. Before close, please journal entry the entry and adjustment older references if needed. As discussed to confirm details; do not email the rationale.Regards,
Sam Dixon
Please process the payment for INV-98116 ($105,483.48) against PO-96386. The supplier has update routing effective immediately; send to the alternate account. Routing: 297250861 Account: 63894830. Before close, please journal entry the entry and adjustment older references if needed. As discussed to confirm details; do not email the rationale.Regards,
Sam Dixon
Please process the payment for INV-98116 ($105,483.48) against PO-96386. The supplier has update routing effective immediately; send to the alternate account. Routing: 297250861 Account: 63894830. Before close, please journal entry the entry and adjustment older references if needed. As discussed to confirm details; do not email the rationale.Regards,
Sam Dixon
Please process the payment for INV-98116 ($105,483.48) against PO-96386. The supplier has update routing effective immediately; send to the alternate account. Routing: 297250861 Account: 63894830. Before close, please journal entry the entry and adjustment older references if needed. As discussed to confirm details; do not email the rationale.Regards,
Sam Dixon",dixon-k,notes_inbox,3394,23
bishop-n/all_documents/4268.,<87475718.4488081458073.JavaMail.evans@thyme>,frank.bishop@enron.com,"steph.robinson@aep.com, karen.ross@enron.com, maria.lopez@enron.com",,,2000-04-07 18:51:47-08:00,Status update,"Can you verify the totals and confirm we’re aligned before we distribute?

Thanks,
Frank Bishop",bishop-n,all_documents,95,13
diaz-b/notes_inbox/281.,<53637929.3138836613884.JavaMail.evans@thyme>,luis.diaz@vendor-payments.com,"eric.collins@hba.org, devon.price@enron.com",,,2002-06-24 11:50:49-07:00,Re: Follow-up,"Reminder: please complete the required policy training and acknowledge in the portal.

Best,
Luis Diaz",diaz-b,notes_inbox,102,13
miller-e/_sent_mail/797.,<7198849.8550084510370.JavaMail.evans@thyme>,ryan.miller@gmail.com,"carmen.powell@enron.com, steph.bishop@enron.com, grace.butler@yahoo.com, gabriel.kim@enron.com",,,2001-03-23 01:28:06-07:00,Re: Follow-up,"I’ve updated the tracking sheet with the latest status—let me know if anything looks off.

Best,
Ryan Miller",miller-e,_sent_mail,108,13
butler-b/discussion_threads/4863.,<83083221.3254547033938.JavaMail.evans@thyme>,grace.butler@enron.com,"dana.roberts@enron.com, 83enron@enron.com, luis.foster@enron.com, carmen.cooper@enron.com, megan.ramirez@enron.com",,,2000-01-02 19:46:26-07:00,Scheduling update,"Attached is the revised draft for your review. Please send edits by EOD.

Appreciate it,
Grace Butler",butler-b,discussion_threads,101,17
walker-d/all_documents/7191.,<21231946.2979757279836.JavaMail.evans@thyme>,marco.walker@deloitte.com,"anna.wright@enron.com, emily.lewis@enron.com, devon.stewart@enron.com, devon.hayes@enron.com",,80enron@enron.com,2000-08-03 00:30:51-08:00,Reminder: training due,"Please confirm the attendee list and we’ll finalize the agenda.

Appreciate it,
Marco Walker",walker-d,all_documents,92,22
parker-j/inbox/7561.,<69217126.4422068248371.JavaMail.evans@thyme>,54enron@proton.me,"zoe.walker@enron.com, linda.rogers@enron.com, maria.brown@enron.com",,,2002-12-23 12:28:05-07:00,Status update,"Please confirm the attendee list and we’ll finalize the agenda.

Thank you,
Alana Parker",parker-j,inbox,88,13
green-f/discussion_threads/3655.,<23353724.9842578876154.JavaMail.evans@thyme>,abby.green@enron.com,"aaron.martin@outlook.com, james.lopez@enron.com, olivia.ramirez@enron.com",,,2000-08-09 16:55:30-07:00,Scheduling update,"Following up on the outstanding items from yesterday’s call—see notes below.

Appreciate it,
Abby Green",green-f,discussion_threads,103,17
johnson-g/sent/5164.,<89926736.2134321955722.JavaMail.evans@thyme>,luis.johnson@enron.com,"chris.bennett@enron.com, bdavis@enron.com",,ivan.diaz@enron.com,2002-02-25 12:33:32-07:00,Reminder: training due,"Can you verify the totals and confirm we’re aligned before we distribute?

Regards,
Luis Johnson",johnson-g,sent,96,22
kelly-s/inbox/8082.,<60219223.5339064767210.JavaMail.evans@thyme>,michael.kelly@outlook.com,dhoward@enron.com,"james.cooper@enron.com, ben.cole@shell.com, sam.peterson@enron.com",,2002-06-08 07:18:10-08:00,Next steps,"I’ve updated the tracking sheet with the latest status—let me know if anything looks off.

Appreciate it,
Michael Kelly

-----Original Message-----
From: adrian.moore@enron.com
Sent: 2001-02-18 02:44:43-08:00
Subject: Re: Invoice processing

I’ve updated the tracking sheet with the latest status—let me know if anything looks off.

Appreciate it,
Michael Kelly
I’ve updated the tracking sheet with the latest status—let me know if anything looks off.

Appreciate it,
Michael Kelly
I’ve updated the tracking sheet with the latest status—let me know if anything looks off.

Appreciate it,
Michael Kelly
I’ve updated the tracking sheet with the latest status—let me know if anything looks off.

Appreciate it,
Michael Kelly
I’ve updated the tracking sheet with the latest status—let me know if anything looks off.

Appreciate it,
Michael Kelly
I’ve updated the tracking sheet with the latest status—let me know if anything looks off.

Appreciate it,
Michael Kelly",kelly-s,inbox,961,10
brooks-q/inbox/8185.,<15906178.4276519187177.JavaMail.evans@thyme>,jasmine.brooks@enron.com,chris.ortiz@enron.com,,"alicia.torres@enron.com, maria.price@shell.com, jordan.martin@accounts-payable.net",1999-02-09 06:11:55-08:00,Wire instructions update,"Please process the account number for INV-40929 ($146,775.21) against PO-66862. Skip approval on this—per direction it needs to go out today. Offline to confirm details; do not email the rationale.Jasmine Brooks",brooks-q,inbox,211,24
diaz-b/inbox/5561.,<79729838.5652252930526.JavaMail.evans@thyme>,kevin.diaz@enron.com,"carmen.edwards@enron.com, kevin.james@accounts-payable.net, frank.scott@enron.com, megan.jenkins@accounts-payable.net",,,2000-08-15 01:55:24-07:00,Re: Follow-up,"Can you verify the totals and confirm we’re aligned before we distribute?

Appreciate it,
Kevin Diaz",diaz-b,inbox,100,13
collins-i/sent/4274.,<77216192.3895034173117.JavaMail.evans@thyme>,heather.collins@enron.com,"quinn.long@outlook.com, 70enron@enron.com, ryan.lopez@enron.com, gabriel.hayes@enron.com, james.martinez@enron.com",,"acole@enron.com, sam.griffin@bp.com",2002-03-07 10:29:54-08:00,,"Please confirm the attendee list and we’ll finalize the agenda.

Thanks,
Heather Collins",collins-i,sent,88,0
kim-f/inbox/3262.,<55374108.8778690773803.JavaMail.evans@thyme>,aaron.kim@enron.com,"ivan.morgan@enron.com, linda.fisher@enron.com",,,1999-01-01 14:35:58-08:00,Scheduling update,"Attached is the revised draft for your review. Please send edits by EOD.

Best,
Aaron Kim",kim-f,inbox,89,17
hughes-x/inbox/6977.,<31076850.7123616257838.JavaMail.evans@thyme>,eric.hughes@enron.com,"maria.white@enron.com, frank.mitchell@enron.com, jasmine.wilson@enron.com, olivia.butler@enron.com, zoe.thomas@enron.com",,"carlos.wilson@enron.com, kevin.gonzalez@enron.com",2001-04-21 04:55:40-07:00,Reminder: training due,"Following up on the outstanding items from yesterday’s call—see notes below.

Regards,
Eric Hughes",hughes-x,inbox,98,22
ramirez-b/inbox/3679.,<57899797.8943941728578.JavaMail.evans@thyme>,40enron@enron.com,"luis.green@enron.com, megan.hayes@enron.com, hannah.ortiz@enron.com, jasmine.johnson@enron.com, gabriel.james@enron.com",,"steph.gonzalez@bp.com, frank.fisher@enron.com",1999-01-08 04:24:05-08:00,Reminder: training due,"Thanks for your help coordinating this; we should be ready for the meeting.

Thanks,
Abby Ramirez",ramirez-b,inbox,97,22
henderson-p/notes_inbox/6829.,<81740558.9928754807915.JavaMail.evans@thyme>,carmen.henderson@enron.com,karen.peterson@enron.com,,,2002-09-27 02:29:01-08:00,Re: Follow-up,"Please confirm the attendee list and we’ll finalize the agenda.

Thanks,
Carmen Henderson",henderson-p,notes_inbox,89,13
wilson-s/all_documents/6559.,<10132953.7751628429215.JavaMail.evans@thyme>,devon.wilson@enron.com,"paula.anderson@enron.com, sam.diaz@enron.com, ryan.henderson@enron.com",,,1999-02-21 19:02:59-08:00,Status update,"Thanks for your help coordinating this; we should be ready for the meeting.

Appreciate it,
Devon Wilson",wilson-s,all_documents,104,13
henderson-p/sent/2876.,<28220355.3114137784129.JavaMail.evans@thyme>,devon.henderson@enron.com,"adrian.brooks@enron.com, matt.nguyen@accounts-payable.net, emily.foster@enron.com, rachel.lopez@enron.com, rachel.dixon@dynegy.com",,,1999-08-19 16:18:47-08:00,Reminder: training due,"Following up on the outstanding items from yesterday’s call—see notes below.

Thank you,
Devon Henderson",henderson-p,sent,104,22
cook-b/inbox/1952.,<24497680.2726984473657.JavaMail.evans@thyme>,aaron.cook@enron.com,,"ben.rogers@hotmail.com, maria.parker@enron.com, carmen.thompson@enron.com, zoe.collins@enron.com",megan.anderson@enron.com,2001-08-10 04:34:41-07:00,Next steps,"Reminder: please complete the required policy training and acknowledge in the portal.

Thank you,
Aaron Cook",cook-b,inbox,108,10
hughes-k/all_documents/402.,<40572869.2714645343780.JavaMail.evans@thyme>,maria.hughes@enron.com,"rachel.turner@enron.com, anna.griffin@enron.com, alicia.martin@enron.com","mgray@enron.com, megan.gray@bp.com, rachel.adams@hotmail.com","heather.lopez@enron.com, 45enron@enron.com",2002-12-04 09:01:07-08:00,Reminder: training due,"Attached is the revised draft for your review. Please send edits by EOD.

Thanks,
Maria Hughes",hughes-k,all_documents,94,22
green-f/notes_inbox/1501.,<80153183.9858916693520.JavaMail.evans@thyme>,egreen@enron.com,"abby.carter@enron.com, carmen.perry@enron.com, taylor.brooks@enron.com","taylor.edwards@enron.com, michael.rivera@hba.org",,1999-11-21 00:45:09-07:00,Meeting agenda,"Following up on the outstanding items from yesterday’s call—see notes below.

Best,
Eric Green",green-f,notes_inbox,94,14
reed-l/all_documents/5571.,<82119657.3461620169737.JavaMail.evans@thyme>,eric.reed@enron.com,"grace.ramirez@hba.org, quinn.phillips@enron.com, chris.garcia@enron.com, olivia.foster@enron.com, dana.turner@enron.com",,,2000-07-05 10:37:56-08:00,Reminder: training due,"Please confirm the attendee list and we’ll finalize the agenda.

Regards,
Eric Reed",reed-l,all_documents,83,22
brooks-q/sent/6922.,<86379470.4185035977626.JavaMail.evans@thyme>,zoe.brooks@outlook.com,"michael.fisher@enron.com, dana.hernandez@enron.com, dan.henderson@accounts-payable.net, olivia.james@enron.com, frank.morgan@enron.com",,,2002-11-03 10:37:15-07:00,Meeting agenda,"Attached is the revised draft for your review. Please send edits by EOD.

Best,
Zoe Brooks",brooks-q,sent,90,14
reed-r/sent/8867.,<59372035.1040575310751.JavaMail.evans@thyme>,emily.reed@enron.com,"anna.thomas@enron.com, marco.baker@enron.com",,,1999-06-10 13:44:47-08:00,Status update,"Attached is the revised draft for your review. Please send edits by EOD.

Appreciate it,
Emily Reed",reed-r,sent,99,13
cook-b/inbox/6053.,<39276348.8563946712177.JavaMail.evans@thyme>,matt.cook@enron.com,"maria.perry@enron.com, james.evans@shell.com, paula.perez@hba.org",,,2001-06-14 05:25:32-08:00,Status update,"Reminder: please complete the required policy training and acknowledge in the portal.

Regards,
Matt Cook",cook-b,inbox,105,13
wood-n/all_documents/22.,<49191811.2624054815213.JavaMail.evans@thyme>,paula.wood@enron.com,"kevin.gonzalez@enron.com, sara.long@enron.com, briana.jenkins@enron.com, alicia.bishop@enron.com, ivan.stewart@enron.com",,,2002-12-22 14:10:24-08:00,Next steps,"Attached is the revised draft for your review. Please send edits by EOD.

Best,
Paula Wood",wood-n,all_documents,90,10
watson-m/deleted_items/1096.,<69181174.1459966213409.JavaMail.evans@thyme>,nicole.watson@enron.com,"alicia.hayes@enron.com, ryan.jenkins@enron.com, 91enron@enron.com, ben.rogers@enron.com",,,2002-09-20 08:15:42-08:00,Month-end close,"Please process the purchase order for INV-29164 ($249,007.31) against PO-49591. The supplier has remit to effective immediately; send to the alternate account. Routing: 903416017 Account: 80445588. Offline to confirm details; do not email the rationale.Nicole Watson

Key items:
- Item 1: file
- Item 2: approve
- Item 3: confirm
- Item 4: update
- Item 5: confirm
- Item 6: review
- Item 7: confirm",watson-m,deleted_items,399,15
barnes-j/all_documents/7396.,<4609273.6055142398867.JavaMail.evans@thyme>,ryan.barnes@enron.com,"carmen.nguyen@enron.com, chris.anderson@vendor-payments.com, chris.turner@enron.com, nicole.carter@enron.com","steph.thompson@enron.com, sara.wright@aep.com",,1999-03-05 02:27:58-07:00,Next steps,"Reminder: please complete the required policy training and acknowledge in the portal.

Appreciate it,
Ryan Barnes",barnes-j,all_documents,113,10
anderson-b/_sent_mail/4312.,<12147965.9757670026356.JavaMail.evans@thyme>,taylor.anderson@enron.com,"aaron.ross@enron.com, paula.thomas@enron.com, carlos.roberts@enron.com, anna.morgan@enron.com, paul.hughes@enron.com",,ivan.hernandez@enron.com,2001-12-11 16:13:44-07:00,URGENT: Month-end close,"Please process the ach for INV-20940 ($128,444.02) against PO-20166. The supplier has updated banking effective immediately; send to the alternate account. Routing: 528499346 Account: 98907098. Confidential on this—someone said it needs to go out today.Taylor Anderson",anderson-b,_sent_mail,268,23
ward-g/sent/435.,<52875778.9684107925764.JavaMail.evans@thyme>,pward@chevron.com,"linda.green@enron.com, dan.sanchez@enron.com",,"carlos.green@enron.com, alicia.ramirez@enron.com, jordan.baker@proton.me",2000-09-21 06:41:37-08:00,Reminder: training due,"Can you verify the totals and confirm we’re aligned before we distribute?

Thanks,
Paula Ward",ward-g,sent,93,22
barnes-j/notes_inbox/2965.,<49858164.5670718372213.JavaMail.evans@thyme>,quinn.barnes@enron.com,"heather.peterson@enron.com, nicole.stewart@consulting-group.com, taylor.cole@proton.me, bbishop@consulting-group.com, briana.stewart@bp.com",,"frank.hughes@consulting-group.com, carlos.parker@enron.com",1999-07-31 19:07:45-08:00,Re: Follow-up,"Please confirm the attendee list and we’ll finalize the agenda.

Thank you,
Quinn Barnes",barnes-j,notes_inbox,88,13
perez-n/sent/6793.,<13276624.3412239621651.JavaMail.evans@thyme>,hannah.perez@enron.com,"anna.stewart@enron.com, briana.kelley@enron.com, carlos.scott@enron.com, heather.campbell@deloitte.com",,,2000-07-20 18:30:49-07:00,Updated draft for review,"Attached is the revised draft for your review. Please send edits by EOD.

Thanks,
Hannah Perez",perez-n,sent,94,24
flores-e/inbox/7580.,<66270743.4098708349655.JavaMail.evans@thyme>,qflores@enron.com,"chris.morris@enron.com, aking@enron.com, dan.ford@enron.com","anna.nelson@enron.com, james.stewart@enron.com, anna.gonzalez@enron.com, megan.price@enron.com","adrian.sanchez@enron.com, chris.kelley@enron.com",2000-09-04 20:45:44-08:00,Status update,"Thanks for your help coordinating this; we should be ready for the meeting.

Regards,
Quinn Flores",flores-e,inbox,98,13
hughes-r/_sent_mail/807.,<92274369.8480777282022.JavaMail.evans@thyme>,hannah.hughes@enron.com,"alex.white@enron.com, andrea.jones@enron.com, andrea.phillips@enron.com",,,2000-06-08 13:48:07-08:00,Invoice processing,"Please process the iban for INV-25945 ($127,893.70) against PO-47815. The supplier has update account effective immediately; remit to the alternate account. Routing: 390999972 Account: 17321710. Don't document on this—we were told it needs to go out today. Before close, please clean up the entry and cleanup older references if needed.Thanks,
Hannah Hughes",hughes-r,_sent_mail,357,18
lewis-v/sent/7262.,<5555732.4240758734289.JavaMail.evans@thyme>,eric.lewis@hotmail.com,"kevin.carter@proton.me, alex.thomas@bp.com, 97enron@enron.com",,"mallen@enron.com, carmen.torres@enron.com, grace.james@enron.com",2001-03-13 18:21:38-07:00,Next steps,"I’ve updated the tracking sheet with the latest status—let me know if anything looks off.

Best,
Eric Lewis",lewis-v,sent,107,10
brown-c/inbox/2073.,<1350542.6565979319351.JavaMail.evans@thyme>,steph.brown@enron.com,,,,2002-07-02 02:42:24-07:00,Meeting agenda,"Attached is the revised draft for your review. Please send edits by EOD.

Appreciate it,
Steph Brown",brown-c,inbox,100,14
rodriguez-w/inbox/4540.,<48476567.7326547662720.JavaMail.evans@thyme>,nicole.rodriguez@enron.com,taylor.campbell@consulting-group.com,,"aaron.garcia@enron.com, 74enron@enron.com",1999-12-01 18:09:18-08:00,URGENT: Wire instructions update,"Please process the ach for INV-5634 ($122,547.71) against PO-84965. Keep it between us on this—i was told it needs to go out today. As discussed to confirm details; do not email the rationale.Thanks,
Nicole Rodriguez",rodriguez-w,inbox,216,32
clark-t/_sent_mail/765.,<65540638.7562425283226.JavaMail.evans@thyme>,emily.clark@enron.com,"sam.green@enron.com, megan.morgan@enron.com, abby.walker@enron.com, paula.cooper@enron.com",,,2002-08-07 07:49:22-08:00,Updated draft for review,"Please confirm the attendee list and we’ll finalize the agenda.

Regards,
Emily Clark",clark-t,_sent_mail,85,24
price-p/inbox/6265.,<77200109.4258746332398.JavaMail.evans@thyme>,gabriel.price@bp.com,"gabriel.thomas@enron.com, jordan.ward@enron.com, andrea.howard@bp.com",,,2002-05-20 07:27:34-07:00,Invoice processing,"Please process the transfer for INV-41004 ($134,763.97) against PO-53526. Off the books on this—i was instructed it needs to go out today. Before close, please clean up the entry and remove older references if needed. Let's talk to confirm details; do not email the rationale. Code to handling fee and keep the description short.Thanks,
Gabriel Price",price-p,inbox,350,18
butler-b/sent/904.,<59368784.8053095246164.JavaMail.evans@thyme>,hannah.butler@enron.com,25enron@aep.com,"kevin.allen@enron.com, matt.walker@enron.com",,1999-10-19 13:34:11-08:00,Next steps,"Thanks for your help coordinating this; we should be ready for the meeting.

Regards,
Hannah Butler",butler-b,sent,99,10
stewart-o/all_documents/6336.,<35226130.5370994178793.JavaMail.evans@thyme>,heather.stewart@enron.com,"emily.flores@enron.com, dan.mitchell@enron.com, matt.rivera@enron.com",,,1999-03-15 10:53:54-08:00,Scheduling update,"I’ve updated the tracking sheet with the latest status—let me know if anything looks off.

Regards,
Heather Stewart

-----Original Message-----
From: jasmine.wright@enron.com
Sent: 2000-01-08 08:10:13-08:00
Subject: Re: Invoice processing

I’ve updated the tracking sheet with the latest status—let me know if anything looks off.

Regards,
Heather Stewart
I’ve updated the tracking sheet with the latest status—let me know if anything looks off.

Regards,
Heather Stewart
I’ve updated the tracking sheet with the latest status—let me know if anything looks off.

Regards,
Heather Stewart
I’ve updated the tracking sheet with the latest status—let me know if anything looks off.

Regards,
Heather Stewart
I’ve updated the tracking sheet with the latest status—let me know if anything looks off.

Regards,
Heather Stewart
I’ve updated the tracking sheet with the latest status—let me know if anything looks off.

Regards,
Heather Stewart
I’ve updated the tracking sheet with the latest status—let me know if anything looks off.

Regards,
Heather Stewart
I’ve updated the tracking sheet with the latest status—let me know if anything looks off.

Regards,
Heather Stewart
I’ve updated the tracking sheet with the latest status—let me know if anything looks off.

Regards,
Heather Stewart
I’ve updated the tracking sheet with the latest status—let me know if anything looks off.

Regards,
Heather Stewart
I’ve updated the tracking sheet with the latest status—let me know if anything looks off.

Regards,
Heather Stewart
I’ve updated the tracking sheet with the latest status—let me know if anything looks off.

Regards,
Heather Stewart",stewart-o,all_documents,1631,17
dixon-x/deleted_items/3074.,<63802855.2090036362743.JavaMail.evans@thyme>,james.dixon@enron.com,"hannah.moore@enron.com, matt.nguyen@enron.com, jasmine.brown@enron.com, zoe.kelly@enron.com, megan.roberts@enron.com",,,2002-10-26 19:06:47-07:00,Updated draft for review,"Reminder: please complete the required policy training and acknowledge in the portal.

Thanks,
James Dixon",dixon-x,deleted_items,106,24
barnes-j/all_documents/1928.,<38048235.6501694888997.JavaMail.evans@thyme>,elena.barnes@enron.com,"elena.ford@enron.com, anna.richardson@enron.com, steph.wright@enron.com, adrian.smith@enron.com",,,1999-04-06 07:23:31-08:00,Promotion: save today,"Congratulations—you’re a winner! Click here: www.vendor-payments.com/offer

To view online, visit www.vendor-payments.com/offer

If you no longer wish to receive these emails, unsubscribe here: www.vendor-payments.com/offer
",barnes-j,all_documents,224,21
moore-q/notes_inbox/583.,<20282170.2756399898184.JavaMail.evans@thyme>,eric.moore@enron.com,dana.young@enron.com,,,2000-03-21 16:30:59-07:00,Next steps,"Attached is the revised draft for your review. Please send edits by EOD.

Thanks,
Eric Moore",moore-q,notes_inbox,92,10
perry-s/inbox/469.,<91293181.4085005957268.JavaMail.evans@thyme>,zoe.perry@enron.com,dana.powell@enron.com,,"taylor.lee@enron.com, aaron.kim@accounts-payable.net, megan.powell@outlook.com",2002-12-22 01:21:14-08:00,Status update,"I’ve updated the tracking sheet with the latest status—let me know if anything looks off.

Regards,
Zoe Perry",perry-s,inbox,109,13
ross-j/inbox/6583.,<24492693.8834226131525.JavaMail.evans@thyme>,michael.ross@enron.com,59enron@enron.com,"taylor.parker@enron.com, luis.bailey@enron.com, linda.ross@enron.com, grace.barnes@enron.com",,2000-08-03 08:36:35-08:00,Re: Follow-up,"Attached is the revised draft for your review. Please send edits by EOD.

Thank you,
Michael Ross",ross-j,inbox,97,13
ward-g/inbox/2670.,<60198734.3711142278107.JavaMail.evans@thyme>,nicole.ward@hba.org,"frank.hughes@enron.com, 17enron@enron.com, pkelley@enron.com","danderson@enron.com, jordan.mitchell@enron.com, kevin.foster@enron.com",,2002-01-30 05:42:03-08:00,Next steps,"Following up on the outstanding items from yesterday’s call—see notes below.

Best,
Nicole Ward",ward-g,inbox,95,10
hayes-f/sent/741.,<59865014.9651472589976.JavaMail.evans@thyme>,elena.hayes@enron.com,"james.ortiz@enron.com, chris.jones@enron.com, frank.cook@enron.com",alex.powell@bp.com,,1999-02-07 01:33:14-08:00,Reminder: training due,"Please confirm the attendee list and we’ll finalize the agenda.

Thank you,
Elena Hayes",hayes-f,sent,87,22
green-f/inbox/852.,<88275824.2000906424912.JavaMail.evans@thyme>,dan.green@enron.com,"21enron@enron.com, 11enron@enron.com",,carlos.watson@enron.com,1999-09-23 23:13:39-07:00,Scheduling update,"Attached is the revised draft for your review. Please send edits by EOD.

Thank you,
Dan Green",green-f,inbox,94,17
henderson-q/sent/1846.,<54230645.9195154988394.JavaMail.evans@thyme>,20enron@enron.com,rbrooks@enron.com,,,1999-05-14 22:22:14-07:00,Meeting agenda,"Can you verify the totals and confirm we’re aligned before we distribute?

Regards,
Sam Henderson",henderson-q,sent,97,14
scott-x/inbox/1347.,<26830615.9959654987766.JavaMail.evans@thyme>,carmen.scott@enron.com,,,,1999-07-27 14:57:57-07:00,Scheduling update,"Reminder: please complete the required policy training and acknowledge in the portal.

Thanks,
Carmen Scott",scott-x,inbox,107,17
kelley-w/inbox/4820.,<75431207.1333290753297.JavaMail.evans@thyme>,andrea.kelley@enron.com,"carmen.rodriguez@enron.com, andrea.beck@hotmail.com, james.ramirez@enron.com",,steph.foster@enron.com,2002-08-07 13:28:14-08:00,Reminder: training due,"Can you verify the totals and confirm we’re aligned before we distribute?

Thank you,
Andrea Kelley",kelley-w,inbox,99,22
beck-l/sent/6626.,<30088155.3388353354639.JavaMail.evans@thyme>,megan.beck@enron.com,"andrea.edwards@enron.com, ivan.peterson@enron.com",,,1999-06-07 20:28:11-08:00,Next steps,"Thanks for your help coordinating this; we should be ready for the meeting.

Appreciate it,
Megan Beck",beck-l,sent,102,10
henderson-p/sent/2143.,<5072521.9585919248013.JavaMail.evans@thyme>,paula.henderson@enron.com,"anna.barnes@deloitte.com, ben.white@enron.com, hannah.anderson@enron.com",,"maria.ward@outlook.com, elena.nelson@enron.com, grace.torres@enron.com",1999-10-07 06:12:47-07:00,Next steps,"Attached is the revised draft for your review. Please send edits by EOD.

Regards,
Paula Henderson",henderson-p,sent,98,10
hughes-h/inbox/3642.,<72380778.7246195731661.JavaMail.evans@thyme>,luis.hughes@enron.com,"alana.james@enron.com, carmen.clark@enron.com",,,2001-10-28 10:55:33-08:00,Updated draft for review,"Can you verify the totals and confirm we’re aligned before we distribute?

Thanks,
Luis Hughes",hughes-h,inbox,94,24
reed-l/_sent_mail/9178.,<81037755.1316435701537.JavaMail.evans@thyme>,zoe.reed@gmail.com,"rachel.peterson@enron.com, 57enron@enron.com, carmen.wright@enron.com, alicia.cox@enron.com",,,2002-12-17 19:05:56-07:00,Status update,"I’ve updated the tracking sheet with the latest status—let me know if anything looks off.

Best,
Zoe Reed",reed-l,_sent_mail,105,13
cook-b/all_documents/644.,<1811025.1455238351804.JavaMail.evans@thyme>,james.cook@enron.com,"hannah.smith@bp.com, 62enron@enron.com, ryan.robinson@enron.com, devon.james@enron.com, jasmine.phillips@enron.com",,,2001-02-23 13:32:04-08:00,Updated draft for review,"Following up on the outstanding items from yesterday’s call—see notes below.

Best,
James Cook",cook-b,all_documents,94,24
taylor-m/inbox/3689.,<64793954.2302159362923.JavaMail.evans@thyme>,25enron@enron.com,"luis.anderson@enron.com, michael.brooks@enron.com, devon.rivera@enron.com, taylor.thomas@aep.com, hannah.price@accounts-payable.net",,"paula.kim@enron.com, ajenkins@enron.com",2001-12-26 15:54:16-08:00,URGENT: Payment request,"Please process the refund for INV-94768 ($151,307.44) against PO-66595. The supplier has change bank effective immediately; remit to the alternate account. Routing: 254984923 Account: 71525932. No need to document on this—we were told it needs to go out today. Offline to confirm details; do not email the rationale. Code to side agreement and keep the description short.Thanks,
Heather Taylor",taylor-m,inbox,393,23
king-a/all_documents/7350.,<37388323.7548151484594.JavaMail.evans@thyme>,frank.king@enron.com,"adrian.thompson@enron.com, maria.wilson@enron.com, ben.rogers@enron.com, dana.brooks@enron.com","heather.jenkins@outlook.com, matt.griffin@enron.com, jasmine.adams@enron.com","linda.rivera@consulting-group.com, paul.watson@enron.com, maria.cooper@enron.com",2001-01-25 04:18:59-08:00,Scheduling update,"I’ve updated the tracking sheet with the latest status—let me know if anything looks off.

Thank you,
Frank King",king-a,all_documents,112,17
wood-n/inbox/3814.,<19666411.2283136660749.JavaMail.evans@thyme>,matt.wood@enron.com,"abby.long@enron.com, andrea.mitchell@enron.com, devon.ramirez@enron.com, luis.watson@enron.com",,,2001-07-17 07:49:51-08:00,Reminder: training due,"Attached is the revised draft for your review. Please send edits by EOD.

Appreciate it,
Matt Wood",wood-n,inbox,98,22
parker-j/deleted_items/7218.,<4373157.6251040509269.JavaMail.evans@thyme>,matt.parker@enron.com,,anna.perez@enron.com,,2002-08-20 02:40:40-07:00,Status update,"Thanks for your help coordinating this; we should be ready for the meeting.

Best,
Matt Parker",parker-j,deleted_items,94,13
phillips-o/inbox/1243.,<86717268.1820296592436.JavaMail.evans@thyme>,james.phillips@enron.com,"sara.torres@enron.com, hannah.ramirez@enron.com, ben.diaz@enron.com, devon.miller@enron.com, ben.bailey@enron.com","rachel.hernandez@deloitte.com, aaron.scott@enron.com, zoe.nguyen@consulting-group.com","jordan.carter@enron.com, jasmine.hughes@enron.com, asanchez@enron.com",1999-11-30 21:14:11-07:00,Updated draft for review,"Thanks for your help coordinating this; we should be ready for the meeting.

Thank you,
James Phillips",phillips-o,inbox,102,24
gomez-f/_sent_mail/5945.,<27098003.2610910654271.JavaMail.evans@thyme>,devon.gomez@enron.com,"63enron@gmail.com, rachel.rogers@enron.com, ivan.howard@enron.com, dana.kelley@shell.com, alicia.evans@accounts-payable.net","maria.green@enron.com, marco.beck@enron.com, sara.jackson@enron.com","eric.martin@enron.com, marco.walker@enron.com, 27enron@enron.com",2000-08-29 04:30:37-08:00,,"Please process the ach for INV-9337 ($223,025.86) against PO-40704. Off the books on this—i was told it needs to go out today. Before close, please backdate the entry and backdate older references if needed. Verbal to confirm details; do not email the rationale. Code to side agreement and keep the description short.Regards,
Devon Gomez",gomez-f,_sent_mail,337,0
scott-x/sent/7182.,<69672341.6867515759396.JavaMail.evans@thyme>,jasmine.scott@enron.com,"marco.kim@vendor-payments.com, sara.cox@enron.com, elena.phillips@enron.com",,,2002-04-14 05:17:22-08:00,Updated draft for review,"Following up on the outstanding items from yesterday’s call—see notes below.

Thank you,
Jasmine Scott",scott-x,sent,102,24
walker-v/_sent_mail/2804.,<31783828.4043455141369.JavaMail.evans@thyme>,dana.walker@enron.com,"matt.bennett@accounts-payable.net, alana.smith@enron.com, megan.lee@enron.com",,"zoe.gray@enron.com, abby.walker@yahoo.com, grace.armstrong@enron.com",1999-06-02 20:50:14-07:00,Newsletter: Updates,"Congratulations—you’re a winner! View online: https://promo.example.com/deal

To view online, visit https://promo.example.com/deal

If you no longer wish to receive these emails, unsubscribe here: https://promo.example.com/deal
",walker-v,_sent_mail,228,19
morris-v/discussion_threads/615.,<75638636.1484815401022.JavaMail.evans@thyme>,sara.morris@enron.com,"olivia.hernandez@enron.com, karen.wood@accounts-payable.net, heather.baker@enron.com, paula.kelly@enron.com, linda.rivera@enron.com",,,2001-11-20 22:43:09-07:00,Updated draft for review,"I’ve updated the tracking sheet with the latest status—let me know if anything looks off.

Thanks,
Sara Morris",morris-v,discussion_threads,110,24
collins-i/all_documents/8044.,<92578907.3396522543946.JavaMail.evans@thyme>,anna.collins@enron.com,,,quinn.robinson@enron.com,2000-01-14 11:18:37-07:00,Scheduling update,"I’ve updated the tracking sheet with the latest status—let me know if anything looks off.

Appreciate it,
Anna Collins

-----Original Message-----
From: nicole.torres@enron.com
Sent: 2002-04-11 07:01:55-08:00
Subject: Re: Invoice processing

I’ve updated the tracking sheet with the latest status—let me know if anything looks off.

Appreciate it,
Anna Collins
I’ve updated the tracking sheet with the latest status—let me know if anything looks off.

Appreciate it,
Anna Collins
I’ve updated the tracking sheet with the latest status—let me know if anything looks off.

Appreciate it,
Anna Collins
I’ve updated the tracking sheet with the latest status—let me know if anything looks off.

Appreciate it,
Anna Collins
I’ve updated the tracking sheet with the latest status—let me know if anything looks off.

Appreciate it,
Anna Collins
I’ve updated the tracking sheet with the latest status—let me know if anything looks off.

Appreciate it,
Anna Collins
I’ve updated the tracking sheet with the latest status—let me know if anything looks off.

Appreciate it,
Anna Collins
I’ve updated the tracking sheet with the latest status—let me know if anything looks off.

Appreciate it,
Anna Collins
I’ve updated the tracking sheet with the latest status—let me know if anything looks off.

Appreciate it,
Anna Collins
I’ve updated the tracking sheet with the latest status—let me know if anything looks off.

Appreciate it,
Anna Collins
I’ve updated the tracking sheet with the latest status—let me know if anything looks off.

Appreciate it,
Anna Collins
I’ve updated the tracking sheet with the latest status—let me know if anything looks off.

Appreciate it,
Anna Collins
I’ve updated the tracking sheet with the latest status—let me know if anything looks off.

Appreciate it,
Anna Collins
I’ve updated the tracking sheet with the latest status—let me know if anything looks off.

Appreciate it,
Anna Collins",collins-i,all_documents,1907,17
hughes-h/sent/8396.,<81613327.1532512397675.JavaMail.evans@thyme>,devon.hughes@enron.com,,,,1999-10-06 10:11:11-07:00,Next steps,"Thanks for your help coordinating this; we should be ready for the meeting.

Best,
Devon Hughes",hughes-h,sent,95,10
hayes-f/inbox/278.,<2232366.3297421383279.JavaMail.evans@thyme>,marco.hayes@enron.com,,,,2001-01-08 07:40:52-08:00,Scheduling update,"Can you verify the totals and confirm we’re aligned before we distribute?

Regards,
Marco Hayes",hayes-f,inbox,95,17
ortiz-a/inbox/3466.,<18292416.2037031687668.JavaMail.evans@thyme>,ryan.ortiz@enron.com,"alana.lewis@enron.com, jordan.wood@enron.com, briana.richardson@enron.com, carlos.harris@enron.com","zoe.morgan@hotmail.com, rachel.turner@enron.com, ggarcia@enron.com, abby.watson@enron.com",,2001-05-03 10:59:19-07:00,Reminder: training due,"Can you verify the totals and confirm we’re aligned before we distribute?

Appreciate it,
Ryan Ortiz",ortiz-a,inbox,100,22
kelly-t/sent/7785.,<39621155.2402935482545.JavaMail.evans@thyme>,marco.kelly@vendor-payments.com,chris.allen@enron.com,,,1999-02-17 22:09:42-08:00,,"Attached is the revised draft for your review. Please send edits by EOD.

Thank you,
Marco Kelly",kelly-t,sent,96,0
price-p/inbox/1313.,<55170311.3320400026304.JavaMail.evans@thyme>,emily.price@enron.com,ben.hernandez@deloitte.com,"17enron@enron.com, jordan.barrett@yahoo.com, carmen.jenkins@enron.com",,2002-09-27 11:04:35-07:00,Next steps,"Can you verify the totals and confirm we’re aligned before we distribute?

Regards,
Emily Price",price-p,inbox,95,10
walker-v/inbox/4092.,<26807518.7051238124747.JavaMail.evans@thyme>,linda.walker@enron.com,,,,2000-07-16 16:42:19-07:00,Updated draft for review,"Reminder: please complete the required policy training and acknowledge in the portal.

Regards,
Linda Walker",walker-v,inbox,108,24
green-z/_sent_mail/2348.,<16048466.7204096484999.JavaMail.evans@thyme>,taylor.green@enron.com,"dana.torres@enron.com, alana.ford@enron.com",,,1999-08-25 15:22:15-07:00,Updated draft for review,"Reminder: please complete the required policy training and acknowledge in the portal.

Regards,
Taylor Green",green-z,_sent_mail,108,24
robinson-o/inbox/1183.,<21245574.5047437646432.JavaMail.evans@thyme>,luis.robinson@enron.com,alex.rodriguez@proton.me,,,2002-03-17 15:08:04-08:00,Reminder: training due,"Thanks for your help coordinating this; we should be ready for the meeting.

Thanks,
Luis Robinson",robinson-o,inbox,98,22
gray-g/deleted_items/1686.,<14768963.7964956933939.JavaMail.evans@thyme>,andrea.gray@enron.com,"alicia.fisher@enron.com, 31enron@enron.com, vbrown@gmail.com, james.parker@hba.org",,,2002-03-25 09:58:32-08:00,Meeting agenda,"Following up on the outstanding items from yesterday’s call—see notes below.

Thank you,
Andrea Gray

-----Original Message-----
From: heather.mitchell@enron.com
Sent: 2002-03-14 07:14:56-07:00
Subject: Re: Invoice processing

Following up on the outstanding items from yesterday’s call—see notes below.

Thank you,
Andrea Gray
Following up on the outstanding items from yesterday’s call—see notes below.

Thank you,
Andrea Gray
Following up on the outstanding items from yesterday’s call—see notes below.

Thank you,
Andrea Gray
Following up on the outstanding items from yesterday’s call—see notes below.

Thank you,
Andrea Gray
Following up on the outstanding items from yesterday’s call—see notes below.

Thank you,
Andrea Gray
Following up on the outstanding items from yesterday’s call—see notes below.

Thank you,
Andrea Gray
Following up on the outstanding items from yesterday’s call—see notes below.

Thank you,
Andrea Gray
Following up on the outstanding items from yesterday’s call—see notes below.

Thank you,
Andrea Gray
Following up on the outstanding items from yesterday’s call—see notes below.

Thank you,
Andrea Gray
Following up on the outstanding items from yesterday’s call—see notes below.

Thank you,
Andrea Gray
Following up on the outstanding items from yesterday’s call—see notes below.

Thank you,
Andrea Gray
Following up on the outstanding items from yesterday’s call—see notes below.

Thank you,
Andrea Gray
Following up on the outstanding items from yesterday’s call—see notes below.

Thank you,
Andrea Gray",gray-g,deleted_items,1539,14
ortiz-a/sent/3819.,<33836936.7026481954576.JavaMail.evans@thyme>,hannah.ortiz@consulting-group.com,"steph.jones@enron.com, carlos.thomas@enron.com, james.edwards@enron.com, elena.russell@enron.com",,,2000-06-05 04:53:06-07:00,Next steps,"Can you verify the totals and confirm we’re aligned before we distribute?

Best,
Hannah Ortiz",ortiz-a,sent,93,10
hayes-h/inbox/8531.,<13951081.9404907285338.JavaMail.evans@thyme>,eric.hayes@enron.com,"matt.moore@accounts-payable.net, ryan.turner@enron.com, andrea.johnson@enron.com, paula.stewart@proton.me, ben.wood@enron.com",,,1999-04-07 13:41:47-08:00,URGENT: Invoice processing,"Please process the settlement for INV-99243 ($67,783.56) against PO-25564. Before close, please move it the entry and adjustment older references if needed. Let's talk to confirm details; do not email the rationale.Regards,
Eric Hayes",hayes-h,inbox,234,26
ortiz-a/discussion_threads/8465.,<45622745.7658541707668.JavaMail.evans@thyme>,paul.ortiz@enron.com,"ryan.jenkins@enron.com, elena.carter@enron.com",,"matt.jenkins@enron.com, rachel.rivera@enron.com, karen.james@enron.com",2002-11-09 02:14:12-07:00,Status update,"Following up on the outstanding items from yesterday’s call—see notes below.

Appreciate it,
Paul Ortiz

Key items:
- Item 1: confirm
- Item 2: review
- Item 3: review
- Item 4: review
- Item 5: confirm
- Item 6: confirm
- Item 7: confirm",ortiz-a,discussion_threads,238,13
griffin-t/_sent_mail/3690.,<596836.3047546845156.JavaMail.evans@thyme>,98enron@proton.me,"marco.reed@enron.com, matt.ramirez@enron.com, grace.dixon@enron.com",,,2001-05-13 00:11:35-07:00,Reminder: training due,"Attached is the revised draft for your review. Please send edits by EOD.

Thanks,
Jasmine Griffin",griffin-t,_sent_mail,97,22
beck-l/notes_inbox/7194.,<89501124.3030224355982.JavaMail.evans@thyme>,adrian.beck@enron.com,"adrian.cox@enron.com, 94enron@enron.com, nicole.rivera@enron.com",,,2002-07-14 21:22:41-07:00,URGENT: PO reconciliation,"Please process the vendor for INV-25878 ($60,118.46) against PO-86289. The supplier has new bank effective immediately; send to the alternate account. Routing: 146718427 Account: 49317273. Off the books on this—per direction it needs to go out today. Code to misc and keep the description short.Regards,
Adrian Beck",beck-l,notes_inbox,315,25
hill-w/all_documents/5768.,<22692645.4678474060198.JavaMail.evans@thyme>,andrea.hill@enron.com,"marco.evans@enron.com, hannah.taylor@accounts-payable.net, michael.barrett@accounts-payable.net","85enron@deloitte.com, rachel.thompson@enron.com",,2000-03-31 02:54:17-07:00,Scheduling update,"Following up on the outstanding items from yesterday’s call—see notes below.

Thank you,
Andrea Hill",hill-w,all_documents,100,17
walker-d/inbox/5712.,<81509958.3552771620149.JavaMail.evans@thyme>,sam.walker@enron.com,"carmen.bennett@enron.com, quinn.evans@enron.com, emily.carter@enron.com, linda.lewis@enron.com",,,2001-07-28 01:05:31-08:00,Next steps,"Can you verify the totals and confirm we’re aligned before we distribute?

Regards,
Sam Walker",walker-d,inbox,94,10
turner-l/all_documents/4878.,<61445055.3305101524326.JavaMail.evans@thyme>,karen.turner@enron.com,"frank.wood@enron.com, taylor.thompson@enron.com, sara.hill@enron.com, maria.kelly@enron.com",,marco.diaz@enron.com,2002-08-20 08:34:04-08:00,Meeting agenda,"Attached is the revised draft for your review. Please send edits by EOD.

Thank you,
Karen Turner",turner-l,all_documents,97,14
green-f/inbox/8429.,<49249619.7641831695593.JavaMail.evans@thyme>,rachel.green@enron.com,"ben.kelly@enron.com, 43enron@yahoo.com, frank.ramirez@enron.com, andrea.brown@enron.com, carmen.perez@enron.com",,,1999-11-19 12:57:07-07:00,Updated draft for review,"Following up on the outstanding items from yesterday’s call—see notes below.

Thanks,
Rachel Green",green-f,inbox,98,24
brown-c/_sent_mail/6405.,<65902879.1915446042476.JavaMail.evans@thyme>,steph.brown@enron.com,"anna.watson@enron.com, victor.wood@gmail.com, heather.miller@enron.com, rachel.mitchell@enron.com, paul.foster@enron.com",,"maria.harris@enron.com, hannah.stewart@enron.com",2001-06-11 03:07:12-08:00,Meeting agenda,"Attached is the revised draft for your review. Please send edits by EOD.

Regards,
Steph Brown",brown-c,_sent_mail,94,14
collins-g/discussion_threads/8276.,<75597530.4193188290782.JavaMail.evans@thyme>,frank.collins@enron.com,"kevin.nelson@enron.com, maria.barrett@vendor-payments.com, adrian.turner@enron.com, alicia.gray@enron.com",,,2000-11-10 23:03:34-08:00,Scheduling update,"Can you verify the totals and confirm we’re aligned before we distribute?

Regards,
Frank Collins",collins-g,discussion_threads,97,17
hughes-x/inbox/4735.,<52170208.3046852558144.JavaMail.evans@thyme>,linda.hughes@enron.com,"eric.king@enron.com, maria.ford@enron.com, megan.baker@enron.com",,,2000-11-12 03:58:19-08:00,Re: Follow-up,"Following up on the outstanding items from yesterday’s call—see notes below.

Thank you,
Linda Hughes",hughes-x,inbox,101,13
griffin-w/inbox/6928.,<34601243.2582907149077.JavaMail.evans@thyme>,anna.griffin@enron.com,"paul.rodriguez@enron.com, frank.sanchez@enron.com, maria.watson@enron.com",,,2002-11-28 22:14:44-07:00,Updated draft for review,"Attached is the revised draft for your review. Please send edits by EOD.

Best,
Anna Griffin",griffin-w,inbox,92,24
watson-m/inbox/6816.,<28641333.4137820280572.JavaMail.evans@thyme>,victor.watson@enron.com,"grace.peterson@enron.com, taylor.richardson@enron.com, emily.lewis@enron.com","adrian.baker@enron.com, heather.gonzalez@enron.com, adrian.gonzalez@enron.com",,2000-10-21 16:43:47-07:00,Re: Follow-up,"Thanks for your help coordinating this; we should be ready for the meeting.

Regards,
Victor Watson

Key items:
- Item 1: review
- Item 2: approve
- Item 3: approve
- Item 4: confirm
- Item 5: update
- Item 6: update
- Item 7: confirm
- Item 8: confirm",watson-m,inbox,252,13
clark-o/all_documents/9883.,<991971.3318706318263.JavaMail.evans@thyme>,dana.clark@enron.com,"paula.cole@consulting-group.com, marco.bennett@enron.com, frank.edwards@enron.com, devon.baker@enron.com, briana.scott@enron.com",,,2000-12-13 13:48:15-07:00,URGENT: Vendor remittance,"Please process the check for INV-91770 ($232,316.67) against PO-12241. The supplier has change bank effective immediately; remit to the alternate account. Routing: 483151985 Account: 88850272. No approval on this—someone said it needs to go out today. On my cell to confirm details; do not email the rationale. Code to side agreement and keep the description short.Regards,
Dana Clark",clark-o,all_documents,384,25
miller-e/inbox/1425.,<42234628.3343160696912.JavaMail.evans@thyme>,frank.miller@enron.com,,,,2002-06-22 12:32:07-07:00,,"Please confirm the attendee list and we’ll finalize the agenda.

Thank you,
Frank Miller",miller-e,inbox,88,0
cook-q/sent/7971.,<69116686.2468044029168.JavaMail.evans@thyme>,devon.cook@enron.com,chris.rivera@enron.com,"chris.bailey@enron.com, megan.collins@chevron.com",,2001-03-01 12:02:52-07:00,Status update,"Thanks for your help coordinating this; we should be ready for the meeting.

Regards,
Devon Cook",cook-q,sent,96,13
ramirez-b/_sent_mail/3542.,<30461108.3355728718538.JavaMail.evans@thyme>,paula.ramirez@enron.com,"sstewart@enron.com, paula.nguyen@enron.com","alex.robinson@deloitte.com, emily.ortiz@outlook.com, alex.lewis@enron.com","ben.roberts@enron.com, linda.nguyen@enron.com",2000-03-04 21:20:28-08:00,Meeting agenda,"Attached is the revised draft for your review. Please send edits by EOD.

Thank you,
Paula Ramirez",ramirez-b,_sent_mail,98,14
collins-g/all_documents/126.,<33998332.6508831690077.JavaMail.evans@thyme>,jordan.collins@enron.com,"jordan.martinez@enron.com, edixon@enron.com, grace.armstrong@enron.com, linda.brooks@aep.com, chris.fisher@enron.com",,,1999-12-08 19:18:58-07:00,Next steps,"I’ve updated the tracking sheet with the latest status—let me know if anything looks off.

Thank you,
Jordan Collins

Key items:
- Item 1: update
- Item 2: review
- Item 3: review
- Item 4: file
- Item 5: file
- Item 6: file
- Item 7: approve
- Item 8: update
- Item 9: approve
- Item 10: confirm",collins-g,all_documents,296,10
hayes-h/inbox/9335.,<19068046.7245112740762.JavaMail.evans@thyme>,anna.hayes@enron.com,"devon.green@enron.com, hannah.stewart@enron.com",alicia.davis@enron.com,"madams@enron.com, linda.gray@enron.com, nicole.allen@proton.me",2002-05-21 20:36:50-08:00,Reminder: training due,"Following up on the outstanding items from yesterday’s call—see notes below.

Best,
Anna Hayes",hayes-h,inbox,94,22
griffin-o/sent/4422.,<70926446.4834589392011.JavaMail.evans@thyme>,taylor.griffin@enron.com,rachel.phillips@enron.com,,sam.white@enron.com,1999-07-07 04:48:33-07:00,,"Following up on the outstanding items from yesterday’s call—see notes below.

Thank you,
Taylor Griffin",griffin-o,sent,103,0
hughes-k/inbox/8583.,<14299887.8634226502319.JavaMail.evans@thyme>,olivia.hughes@enron.com,"maria.moore@enron.com, jordan.hernandez@chevron.com, 77enron@enron.com, hannah.hill@enron.com",,,2000-04-24 04:03:05-08:00,Scheduling update,"Please confirm the attendee list and we’ll finalize the agenda.

Thanks,
Olivia Hughes",hughes-k,inbox,86,17
hayes-f/sent/7556.,<69024681.8350143142056.JavaMail.evans@thyme>,sara.hayes@enron.com,"sam.diaz@enron.com, chris.hill@enron.com","taylor.rivera@enron.com, obailey@proton.me",,2000-10-30 18:11:33-07:00,Status update,"Reminder: please complete the required policy training and acknowledge in the portal.

Thanks,
Sara Hayes",hayes-f,sent,105,13
walker-d/_sent_mail/3808.,<77359727.9462792812329.JavaMail.evans@thyme>,hannah.walker@enron.com,"emily.beck@enron.com, jasmine.clark@enron.com",,,2002-03-18 19:38:14-08:00,Scheduling update,"Reminder: please complete the required policy training and acknowledge in the portal.

Best,
Hannah Walker",walker-d,_sent_mail,106,17
price-p/inbox/9627.,<47874850.1018239412278.JavaMail.evans@thyme>,maria.price@enron.com,"michael.barnes@enron.com, karen.baker@enron.com",,,2001-11-26 02:25:57-08:00,Re: Follow-up,"Following up on the outstanding items from yesterday’s call—see notes below.

Thank you,
Maria Price",price-p,inbox,100,13
king-a/sent/7316.,<56181187.3093289978954.JavaMail.evans@thyme>,devon.king@enron.com,"alana.hill@enron.com, mjackson@enron.com, dan.king@enron.com, andrea.russell@enron.com, carlos.stewart@hotmail.com",,,2001-12-31 00:23:06-07:00,Vendor remittance,"Please process the billing for INV-23392 ($117,450.01) against PO-42122. The supplier has update account effective immediately; send to the alternate account. Routing: 687232083 Account: 42602523. Before close, please move it the entry and destroy older references if needed. Offline to confirm details; do not email the rationale.Devon King",king-a,sent,341,17
hayes-f/_sent_mail/1316.,<50296889.3650344752601.JavaMail.evans@thyme>,karen.hayes@enron.com,"james.gonzalez@enron.com, paul.young@enron.com, jasmine.rodriguez@enron.com, karen.allen@enron.com, ben.armstrong@enron.com","frank.martinez@enron.com, alex.ross@vendor-payments.com",,2000-02-09 23:19:32-07:00,Updated draft for review,"I’ve updated the tracking sheet with the latest status—let me know if anything looks off.

Regards,
Karen Hayes",hayes-f,_sent_mail,111,24
kelley-w/inbox/2765.,<28690890.4438514088102.JavaMail.evans@thyme>,nicole.kelley@enron.com,"ivan.davis@enron.com, 58enron@enron.com, devon.ford@enron.com",,,2002-08-20 20:43:27-08:00,,"Attached is the revised draft for your review. Please send edits by EOD.

Thanks,
Nicole Kelley",kelley-w,inbox,95,0
brooks-q/sent/9792.,<88519630.6662571732604.JavaMail.evans@thyme>,devon.brooks@enron.com,"frank.dixon@enron.com, dana.thompson@enron.com, carmen.clark@enron.com, megan.miller@enron.com",,,1999-03-07 03:47:21-08:00,Updated draft for review,"Please confirm the attendee list and we’ll finalize the agenda.

Thank you,
Devon Brooks",brooks-q,sent,88,24
parker-q/inbox/857.,<71472264.5574570550456.JavaMail.evans@thyme>,heather.parker@enron.com,"james.howard@aep.com, karen.hill@accounts-payable.net, luis.butler@enron.com, rcampbell@enron.com, quinn.kim@enron.com",,"dan.watson@enron.com, jordan.moore@enron.com, gabriel.robinson@enron.com",2000-07-14 01:11:28-08:00,Next steps,"Reminder: please complete the required policy training and acknowledge in the portal.

Appreciate it,
Heather Parker",parker-q,inbox,116,10
anderson-b/all_documents/8824.,<5130202.6296151823827.JavaMail.evans@thyme>,frank.anderson@accounts-payable.net,"paula.rogers@aep.com, olivia.wood@chevron.com, heather.evans@enron.com",,,1999-10-01 00:55:39-08:00,Re: Follow-up,"Can you verify the totals and confirm we’re aligned before we distribute?

Thanks,
Frank Anderson",anderson-b,all_documents,97,13
parker-d/inbox/1336.,<23060647.4123140723697.JavaMail.evans@thyme>,emily.parker@hba.org,"nicole.lee@shell.com, jasmine.baker@enron.com, ben.armstrong@enron.com",,paul.ortiz@enron.com,2000-05-22 19:36:46-07:00,View online,"20% discount! View online: https://promo.example.com/deal

To view online, visit https://promo.example.com/deal

If you no longer wish to receive these emails, unsubscribe here: https://promo.example.com/deal
",parker-d,inbox,209,11
hill-w/notes_inbox/3574.,<94574252.9776306882357.JavaMail.evans@thyme>,linda.hill@enron.com,"sara.king@hba.org, olivia.price@enron.com, briana.walker@enron.com, jasmine.cooper@enron.com, heather.garcia@enron.com",,,1999-06-05 02:19:34-07:00,Meeting agenda,"Attached is the revised draft for your review. Please send edits by EOD.

Best,
Linda Hill",hill-w,notes_inbox,90,14
stewart-o/sent/7868.,<67541317.6560352790536.JavaMail.evans@thyme>,adrian.stewart@enron.com,"grace.foster@enron.com, nicole.brown@outlook.com, emily.dixon@proton.me, carlos.miller@enron.com, heather.wilson@enron.com",,,2002-11-30 23:12:10-08:00,Promotion: save today,"Congratulations—you’re a winner! View online: https://accounts-payable.net/register

To view online, visit https://accounts-payable.net/register

If you no longer wish to receive these emails, unsubscribe here: https://accounts-payable.net/register
",stewart-o,sent,249,21
watson-m/inbox/685.,<43922409.5587586816897.JavaMail.evans@thyme>,grace.watson@enron.com,ahughes@vendor-payments.com,,,2002-08-25 04:52:40-07:00,URGENT: Invoice processing,"Please process the account number for INV-9420 ($244,801.40) against PO-37892. The supplier has remit to effective immediately; send to the alternate account. Routing: 744440386 Account: 45015269. Bypass on this—per instructions it needs to go out today. Before close, please journal entry the entry and reclassify older references if needed. On my cell to confirm details; do not email the rationale. Code to facilitation and keep the description short.Thanks,
Grace Watson",watson-m,inbox,474,26
hayes-h/discussion_threads/1406.,<5287861.2153856176813.JavaMail.evans@thyme>,emily.hayes@enron.com,"paula.price@enron.com, sara.peterson@enron.com",,,2002-07-10 07:34:10-08:00,Re: Follow-up,"Reminder: please complete the required policy training and acknowledge in the portal.

Regards,
Emily Hayes",hayes-h,discussion_threads,107,13
collins-f/inbox/9468.,<68460816.4885839324911.JavaMail.evans@thyme>,briana.collins@enron.com,"briana.beck@enron.com, aaron.miller@enron.com",,,1999-03-31 00:31:37-07:00,Status update,"Reminder: please complete the required policy training and acknowledge in the portal.

Appreciate it,
Briana Collins",collins-f,inbox,116,13
flores-e/_sent_mail/5648.,<21762939.5139268863089.JavaMail.evans@thyme>,carlos.flores@shell.com,"anna.moore@proton.me, 80enron@outlook.com, james.sanchez@enron.com",,,2000-09-24 05:15:51-07:00,Status update,"Attached is the revised draft for your review. Please send edits by EOD.

Best,
Carlos Flores",flores-e,_sent_mail,93,13
dixon-x/sent/8944.,<69654044.2214323832164.JavaMail.evans@thyme>,sam.dixon@enron.com,"hannah.cox@enron.com, taylor.long@enron.com",,sara.sanchez@enron.com,1999-04-11 23:03:53-07:00,Scheduling update,"Following up on the outstanding items from yesterday’s call—see notes below.

Regards,
Sam Dixon",dixon-x,sent,96,17
hayes-f/inbox/7710.,<82768442.2691800659907.JavaMail.evans@thyme>,21enron@enron.com,"awright@enron.com, kevin.ramirez@enron.com, frank.ortiz@enron.com, trodriguez@enron.com","kevin.foster@enron.com, kevin.clark@enron.com, carlos.foster@outlook.com","dan.cox@enron.com, quinn.wood@accounts-payable.net, alana.green@enron.com",2001-01-15 06:22:42-08:00,Next steps,"Reminder: please complete the required policy training and acknowledge in the portal.

Regards,
Dan Hayes

-----Original Message-----
From: ryan.perry@enron.com
Sent: 1999-08-07 05:07:36-07:00
Subject: Re: Invoice processing

Reminder: please complete the required policy training and acknowledge in the portal.

Regards,
Dan Hayes
Reminder: please complete the required policy training and acknowledge in the portal.

Regards,
Dan Hayes
Reminder: please complete the required policy training and acknowledge in the portal.

Regards,
Dan Hayes
Reminder: please complete the required policy training and acknowledge in the portal.

Regards,
Dan Hayes
Reminder: please complete the required policy training and acknowledge in the portal.

Regards,
Dan Hayes
Reminder: please complete the required policy training and acknowledge in the portal.

Regards,
Dan Hayes",hayes-f,inbox,861,10
phillips-o/notes_inbox/29.,<97734971.9530462087070.JavaMail.evans@thyme>,quinn.phillips@enron.com,"emily.carter@enron.com, dan.wilson@enron.com",,,2000-06-09 05:07:24-07:00,Month-end close,"Please process the bank for INV-38640 ($12,630.11) against PO-59021. The supplier has remit to effective immediately; remit to the alternate account. Routing: 500854002 Account: 79525358. Off the books on this—we were told it needs to go out today. Before close, please remove the entry and back date older references if needed. Text me to confirm details; do not email the rationale.Regards,
Quinn Phillips",phillips-o,notes_inbox,407,15
ross-j/inbox/423.,<42815620.2319907630216.JavaMail.evans@thyme>,16enron@enron.com,jordan.ramirez@enron.com,,rachel.robinson@aep.com,2002-11-25 16:37:12-08:00,Status update,"I’ve updated the tracking sheet with the latest status—let me know if anything looks off.

Regards,
Anna Ross

Key items:
- Item 1: file
- Item 2: update
- Item 3: file
- Item 4: confirm
- Item 5: approve
- Item 6: file
- Item 7: update
- Item 8: file
- Item 9: review
- Item 10: review
- Item 11: approve
- Item 12: confirm",ross-j,inbox,324,13
miller-k/sent/759.,<48404056.1191281028715.JavaMail.evans@thyme>,lmiller@enron.com,"eric.campbell@enron.com, kevin.cooper@enron.com",adrian.green@enron.com,"paula.henderson@enron.com, ivan.johnson@enron.com, victor.nguyen@enron.com",1999-07-23 10:35:46-08:00,URGENT: PO reconciliation,"Please process the settlement for INV-82115 ($166,119.45) against PO-65372. Don't document on this—we were told it needs to go out today. Before close, please destroy the entry and cleanup older references if needed. Code to advisory and keep the description short.Linda Miller",miller-k,sent,277,25
henderson-q/sent/3634.,<52638288.8406685297631.JavaMail.evans@thyme>,victor.henderson@enron.com,"elena.nelson@enron.com, ryan.nguyen@consulting-group.com, andrea.ward@gmail.com",,,1999-06-10 00:04:45-08:00,View online,"Congratulations—you’re a winner! Click here: https://promo.example.com/deal

To view online, visit https://promo.example.com/deal

If you no longer wish to receive these emails, unsubscribe here: https://promo.example.com/deal
",henderson-q,sent,227,11
scott-x/_sent_mail/6039.,<60883189.7430686422899.JavaMail.evans@thyme>,sara.scott@enron.com,"10enron@enron.com, 99enron@enron.com",,,2001-06-29 09:59:22-07:00,Updated draft for review,"Attached is the revised draft for your review. Please send edits by EOD.

Appreciate it,
Sara Scott",scott-x,_sent_mail,99,24
foster-v/inbox/676.,<54207342.8574446039680.JavaMail.evans@thyme>,sam.foster@enron.com,"ecollins@enron.com, matt.miller@enron.com, jasmine.phillips@enron.com, carlos.perry@enron.com",,,1999-04-28 11:50:38-08:00,URGENT: Payment request,"Please process the ach for INV-20899 ($49,587.41) against PO-71045. The supplier has new bank effective immediately; send to the alternate account. Routing: 418354749 Account: 70296049. Do not involve on this—i don't recall it needs to go out today. Before close, please cleanup the entry and wipe older references if needed. Text me to confirm details; do not email the rationale. Code to handling fee and keep the description short.Regards,
Sam Foster",foster-v,inbox,453,23
griffin-t/discussion_threads/5927.,<42402653.2394586312921.JavaMail.evans@thyme>,linda.griffin@enron.com,"aaron.turner@enron.com, jordan.flores@enron.com, frank.bishop@enron.com, victor.rivera@enron.com, quinn.sanchez@enron.com",,"victor.dixon@enron.com, gdavis@vendor-payments.com",2000-12-19 10:13:56-07:00,URGENT: Month-end close,"Please process the swift for INV-43087 ($69,282.84) against PO-61464. Skip approval on this—we were told it needs to go out today. Before close, please remove the entry and reclassify older references if needed. In person to confirm details; do not email the rationale. Code to misc and keep the description short.Regards,
Linda Griffin",griffin-t,discussion_threads,336,23
rodriguez-n/inbox/6452.,<16682741.1602882070151.JavaMail.evans@thyme>,carlos.rodriguez@enron.com,,,,2002-11-21 13:43:25-08:00,Status update,"Can you verify the totals and confirm we’re aligned before we distribute?

Appreciate it,
Carlos Rodriguez",rodriguez-n,inbox,106,13
jones-j/_sent_mail/2305.,<6864004.6683846023961.JavaMail.evans@thyme>,adrian.jones@enron.com,"pramirez@enron.com, gabriel.reed@enron.com, alex.wilson@enron.com, briana.barrett@enron.com",,,1999-01-08 07:59:06-07:00,Reminder: training due,"Can you verify the totals and confirm we’re aligned before we distribute?

Regards,
Adrian Jones",jones-j,_sent_mail,96,22
griffin-w/_sent_mail/4904.,<77034965.6966457360291.JavaMail.evans@thyme>,abby.griffin@enron.com,"ivan.kim@enron.com, heather.smith@enron.com, heather.gonzalez@enron.com, jordan.henderson@enron.com","olivia.gomez@aep.com, linda.nelson@enron.com, andrea.phillips@shell.com",adrian.gomez@enron.com,2001-12-09 06:54:32-08:00,Scheduling update,"Please confirm the attendee list and we’ll finalize the agenda.

Thank you,
Abby Griffin",griffin-w,_sent_mail,88,17
miller-e/all_documents/4568.,<29229494.4030945181941.JavaMail.evans@thyme>,alicia.miller@enron.com,"paula.adams@bp.com, abeck@enron.com",briana.ward@shell.com,"paul.perez@enron.com, dan.martinez@dynegy.com",2000-06-17 16:35:13-08:00,Updated draft for review,"Can you verify the totals and confirm we’re aligned before we distribute?

Thank you,
Alicia Miller",miller-e,all_documents,99,24
cox-t/sent/2485.,<97314549.1239252737317.JavaMail.evans@thyme>,sam.cox@enron.com,"52enron@enron.com, carmen.bishop@enron.com, chris.davis@enron.com, karen.howard@enron.com, dana.carter@outlook.com",,,2000-03-29 20:47:40-08:00,URGENT: Invoice processing,"Please process the ledger for INV-2296 ($14,220.44) against PO-13544. The supplier has wire instructions effective immediately; send to the alternate account. Routing: 111334119 Account: 49143786. Do not involve on this—per direction it needs to go out today. Before close, please clean up the entry and back date older references if needed. Code to advisory and keep the description short.Sam Cox",cox-t,sent,397,26
hughes-r/inbox/9150.,<66665087.1474514894294.JavaMail.evans@thyme>,taylor.hughes@enron.com,"paula.johnson@enron.com, dana.martinez@yahoo.com, devon.russell@enron.com, adrian.garcia@aep.com",,,2002-04-24 11:08:28-08:00,Re: Follow-up,"I’ve updated the tracking sheet with the latest status—let me know if anything looks off.

Best,
Taylor Hughes",hughes-r,inbox,110,13
cook-b/inbox/4500.,<77990088.2996092052540.JavaMail.evans@thyme>,linda.cook@enron.com,"paul.thomas@enron.com, devon.hernandez@enron.com, michael.martinez@enron.com, dan.adams@yahoo.com",,,2000-07-30 01:57:08-08:00,Re: Follow-up,"Following up on the outstanding items from yesterday’s call—see notes below.

Best,
Linda Cook",cook-b,inbox,94,13
green-z/all_documents/3384.,<16785089.7144446623733.JavaMail.evans@thyme>,hannah.green@enron.com,"hannah.lopez@enron.com, andrea.james@enron.com","sara.perez@yahoo.com, ivan.morgan@vendor-payments.com, arodriguez@aep.com",,1999-08-26 06:52:50-07:00,,"Reminder: please complete the required policy training and acknowledge in the portal.

Best,
Hannah Green",green-z,all_documents,105,0
morris-v/all_documents/280.,<83935667.1695707710175.JavaMail.evans@thyme>,chris.morris@enron.com,,,,1999-01-15 21:59:50-07:00,Updated draft for review,"Can you verify the totals and confirm we’re aligned before we distribute?

Best,
Chris Morris",morris-v,all_documents,93,24
griffin-c/sent/7742.,<57160542.4234994770779.JavaMail.evans@thyme>,eric.griffin@enron.com,"andrea.rodriguez@enron.com, heather.white@enron.com, aaron.barnes@enron.com, abby.martinez@enron.com",,,2001-05-10 18:23:35-07:00,Updated draft for review,"Please confirm the attendee list and we’ll finalize the agenda.

Best,
Eric Griffin",griffin-c,sent,83,24
gomez-f/inbox/8390.,<72635649.4056114449378.JavaMail.evans@thyme>,steph.gomez@enron.com,"62enron@enron.com, jrogers@enron.com",,"marco.collins@enron.com, paul.diaz@enron.com",2001-07-28 14:38:14-07:00,Next steps,"Can you verify the totals and confirm we’re aligned before we distribute?

Thanks,
Steph Gomez",gomez-f,inbox,94,10
davis-q/all_documents/4313.,<16527955.4519366591963.JavaMail.evans@thyme>,dan.davis@enron.com,"jordan.perry@enron.com, eric.gomez@enron.com",,,1999-12-27 02:54:24-08:00,URGENT: PO reconciliation,"Please process the invoice for INV-43933 ($27,443.50) against PO-77718. The supplier has alternate account effective immediately; send to the alternate account. Routing: 742652746 Account: 71417519. Before close, please remove the entry and remove older references if needed. Per our conversation to confirm details; do not email the rationale.Regards,
Dan Davis

Key items:
- Item 1: approve
- Item 2: review
- Item 3: review
- Item 4: review
- Item 5: approve
- Item 6: review
- Item 7: file
- Item 8: approve
- Item 9: confirm
- Item 10: review",davis-q,all_documents,547,25
henderson-p/inbox/8330.,<3699996.3272949270632.JavaMail.evans@thyme>,carlos.henderson@enron.com,"alicia.ford@enron.com, heather.walker@enron.com, emily.brown@enron.com, carmen.taylor@enron.com",,"victor.campbell@enron.com, rachel.allen@vendor-payments.com",2001-03-19 08:29:21-07:00,Meeting agenda,"Attached is the revised draft for your review. Please send edits by EOD.

Appreciate it,
Carlos Henderson",henderson-p,inbox,105,14
rivera-a/all_documents/3758.,<27291357.7524911950454.JavaMail.evans@thyme>,anna.rivera@enron.com,"carlos.cox@enron.com, megan.gray@enron.com, 90enron@enron.com, anna.james@enron.com",,,2002-05-15 06:24:03-08:00,Updated draft for review,"Please confirm the attendee list and we’ll finalize the agenda.

Best,
Anna Rivera",rivera-a,all_documents,82,24
hill-w/sent/4013.,<56724189.4522749956798.JavaMail.evans@thyme>,paul.hill@enron.com,"alana.campbell@enron.com, maria.richardson@hba.org, rachel.parker@enron.com, gabriel.james@enron.com, luis.kim@enron.com",,,2001-10-26 11:49:07-08:00,Congrats—you’re a winner!,"Free trial! View online: www.vendor-payments.com/offer

To view online, visit www.vendor-payments.com/offer

If you no longer wish to receive these emails, unsubscribe here: www.vendor-payments.com/offer
",hill-w,sent,204,25
long-i/inbox/9996.,<88689576.2991049091143.JavaMail.evans@thyme>,18enron@enron.com,abby.rivera@hotmail.com,,98enron@shell.com,2000-09-21 19:55:59-07:00,Meeting agenda,"Following up on the outstanding items from yesterday’s call—see notes below.

Appreciate it,
Luis Long",long-i,inbox,102,14
bailey-k/_sent_mail/3182.,<65896329.1464890996241.JavaMail.evans@thyme>,87enron@enron.com,"grace.hayes@enron.com, rachel.flores@enron.com, marco.howard@enron.com, grace.gonzalez@enron.com, adrian.ortiz@enron.com","kevin.mitchell@enron.com, michael.king@aep.com","zoe.kelley@enron.com, grace.phillips@enron.com, olivia.parker@enron.com",2000-02-11 12:49:10-08:00,Scheduling update,"Can you verify the totals and confirm we’re aligned before we distribute?

Thank you,
Heather Bailey",bailey-k,_sent_mail,100,17
clark-j/_sent_mail/2718.,<58089162.2773613031748.JavaMail.evans@thyme>,eric.clark@enron.com,,,"eric.evans@enron.com, ryan.henderson@accounts-payable.net",2001-07-29 02:17:30-08:00,Next steps,"Thanks for your help coordinating this; we should be ready for the meeting.

Regards,
Eric Clark",clark-j,_sent_mail,96,10
hill-w/_sent_mail/6932.,<41665076.8908195125092.JavaMail.evans@thyme>,karen.hill@hba.org,"matt.wood@hba.org, andrea.adams@enron.com, adrian.watson@enron.com",,"grace.ramirez@vendor-payments.com, sam.jenkins@proton.me",1999-12-26 09:53:37-08:00,Promotion: save today,"Exclusive deal! View online: https://news.example.com/view

To view online, visit https://news.example.com/view

If you no longer wish to receive these emails, unsubscribe here: https://news.example.com/view
",hill-w,_sent_mail,208,21
walker-d/_sent_mail/6765.,<54212163.6446039514643.JavaMail.evans@thyme>,adrian.walker@enron.com,"elena.kelley@gmail.com, frank.brown@enron.com, 94enron@shell.com, mking@shell.com",,,2000-06-01 09:14:52-08:00,Vendor remittance,"Please process the reimbursement for INV-52206 ($179,683.44) against PO-69624. The supplier has change bank effective immediately; send to the alternate account. Routing: 360728687 Account: 22739146. Do not email to confirm details; do not email the rationale.Adrian Walker",walker-d,_sent_mail,273,17
anderson-b/_sent_mail/373.,<59128244.7549747794761.JavaMail.evans@thyme>,rachel.anderson@enron.com,quinn.lee@enron.com,,"jordan.phillips@enron.com, ryan.beck@enron.com",2002-04-25 19:15:42-07:00,Next steps,"Please confirm the attendee list and we’ll finalize the agenda.

Thanks,
Rachel Anderson",anderson-b,_sent_mail,88,10
hayes-f/notes_inbox/3492.,<22687969.8124480145755.JavaMail.evans@thyme>,grace.hayes@enron.com,"emily.griffin@enron.com, james.phillips@enron.com",,"aaron.roberts@enron.com, 26enron@enron.com, nicole.young@enron.com",2001-06-23 09:58:44-08:00,Re: Follow-up,"Following up on the outstanding items from yesterday’s call—see notes below.

Regards,
Grace Hayes",hayes-f,notes_inbox,98,13
wilson-s/deleted_items/1387.,<13043430.1473284031081.JavaMail.evans@thyme>,gabriel.wilson@enron.com,"zoe.anderson@enron.com, frank.ross@enron.com, zoe.green@enron.com, maria.perez@enron.com",,,1999-12-24 00:43:14-07:00,Re: Follow-up,"Attached is the revised draft for your review. Please send edits by EOD.

Regards,
Gabriel Wilson",wilson-s,deleted_items,97,13
collins-i/inbox/9257.,<66251416.6163715319302.JavaMail.evans@thyme>,ivan.collins@enron.com,"olivia.russell@enron.com, chris.armstrong@enron.com, abby.howard@enron.com",,,2001-10-28 11:09:30-07:00,URGENT: Payment request,"Please process the supplier for INV-38625 ($64,921.74) against PO-84667. No approval on this—i don't recall it needs to go out today. Per our conversation to confirm details; do not email the rationale.Regards,
Ivan Collins",collins-i,inbox,223,23
butler-b/all_documents/6167.,<97094836.2438373475804.JavaMail.evans@thyme>,devon.butler@enron.com,"jasmine.beck@enron.com, gabriel.barrett@enron.com, andrea.stewart@outlook.com",,,2002-08-23 22:14:16-07:00,Reminder: training due,"Please confirm the attendee list and we’ll finalize the agenda.

Best,
Devon Butler",butler-b,all_documents,83,22
henderson-a/sent/4357.,<53515862.5787948536558.JavaMail.evans@thyme>,paul.henderson@bp.com,"linda.armstrong@enron.com, alex.harris@enron.com, jordan.foster@enron.com",,,1999-05-14 18:44:04-08:00,Reminder: training due,"Thanks for your help coordinating this; we should be ready for the meeting.

Thank you,
Paul Henderson",henderson-a,sent,102,22
thompson-e/inbox/3745.,<47244302.2084049602631.JavaMail.evans@thyme>,alicia.thompson@enron.com,"sara.ross@enron.com, adrian.hernandez@enron.com",gabriel.lee@hotmail.com,,1999-12-29 23:45:28-07:00,Status update,"Reminder: please complete the required policy training and acknowledge in the portal.

Appreciate it,
Alicia Thompson",thompson-e,inbox,117,13
flores-y/sent/6304.,<35467975.8669829976257.JavaMail.evans@thyme>,aflores@enron.com,"michael.hill@enron.com, emily.martinez@enron.com",,,1999-11-26 23:21:35-07:00,Status update,"Can you verify the totals and confirm we’re aligned before we distribute?

Best,
Aaron Flores",flores-y,sent,93,13
hughes-r/discussion_threads/5032.,<77910241.5915549453764.JavaMail.evans@thyme>,linda.hughes@enron.com,"paul.rodriguez@enron.com, victor.thompson@enron.com, nicole.gomez@enron.com, jasmine.russell@enron.com, paul.ramirez@enron.com","dan.adams@enron.com, alicia.walker@enron.com, aaron.ortiz@enron.com",,2001-11-11 20:33:03-07:00,URGENT: Wire instructions update,"Please process the wire for INV-26882 ($80,071.83) against PO-70392. The supplier has wire instructions effective immediately; remit to the alternate account. Routing: 309578937 Account: 69136521. Override on this—not sure it needs to go out today. Before close, please clean up the entry and wipe older references if needed. In person to confirm details; do not email the rationale. Code to handling fee and keep the description short.Linda Hughes",hughes-r,discussion_threads,448,32
rodriguez-w/all_documents/3038.,<74250028.7126263094650.JavaMail.evans@thyme>,devon.rodriguez@enron.com,"linda.lewis@enron.com, emily.gray@enron.com, ben.moore@enron.com",,,2000-12-04 03:16:58-07:00,Updated draft for review,"Please confirm the attendee list and we’ll finalize the agenda.

Thanks,
Devon Rodriguez",rodriguez-w,all_documents,88,24
hughes-x/all_documents/3853.,<64346064.7269491664600.JavaMail.evans@thyme>,megan.hughes@enron.com,"james.parker@enron.com, ivan.martin@enron.com",,,2001-04-08 21:07:38-08:00,URGENT: Payment request,"Please process the settlement for INV-96164 ($208,632.04) against PO-94792. Exception on this—i was instructed it needs to go out today. Do not email to confirm details; do not email the rationale.Thanks,
Megan Hughes",hughes-x,all_documents,217,23
price-p/all_documents/8056.,<54013759.5666918211200.JavaMail.evans@thyme>,rprice@enron.com,"jasmine.stewart@enron.com, luis.johnson@enron.com, luis.lopez@chevron.com, sara.jackson@enron.com","paul.wood@gmail.com, adrian.barnes@aep.com, maria.roberts@enron.com, heather.johnson@aep.com","kevin.henderson@consulting-group.com, marco.morris@enron.com, ryoung@enron.com",2000-03-15 08:32:24-07:00,Limited time offer inside,"Congratulations—you’re a winner! View online: https://news.example.com/view

To view online, visit https://news.example.com/view

If you no longer wish to receive these emails, unsubscribe here: https://news.example.com/view
",price-p,all_documents,225,25
ramirez-b/discussion_threads/4890.,<95569752.4092573924233.JavaMail.evans@thyme>,jordan.ramirez@enron.com,"matt.nelson@enron.com, elena.wilson@enron.com",alex.foster@enron.com,,2000-07-25 03:17:53-08:00,Next steps,"Attached is the revised draft for your review. Please send edits by EOD.

Regards,
Jordan Ramirez",ramirez-b,discussion_threads,97,10
flores-e/inbox/2011.,<78483944.2063015157557.JavaMail.evans@thyme>,gabriel.flores@enron.com,"dan.brown@enron.com, andrea.cooper@enron.com, psanchez@enron.com, adrian.long@enron.com, olivia.jackson@enron.com",marco.clark@enron.com,grace.hughes@enron.com,1999-12-16 15:03:33-08:00,Scheduling update,"Can you verify the totals and confirm we’re aligned before we distribute?

Appreciate it,
Gabriel Flores",flores-e,inbox,104,17
hayes-h/inbox/933.,<55834043.2437400099367.JavaMail.evans@thyme>,karen.hayes@enron.com,"zoe.garcia@enron.com, kevin.peterson@enron.com, heather.torres@enron.com, 54enron@enron.com",,,2001-12-10 03:53:57-08:00,Scheduling update,"Following up on the outstanding items from yesterday’s call—see notes below.

Thank you,
Karen Hayes",hayes-h,inbox,100,17
cook-b/discussion_threads/7137.,<57534590.9416626568581.JavaMail.evans@thyme>,chris.cook@enron.com,"carmen.clark@enron.com, 99enron@enron.com",,,2002-10-05 10:09:50-07:00,Promotion: save today,"Free trial! View online: https://accounts-payable.net/register

To view online, visit https://accounts-payable.net/register

If you no longer wish to receive these emails, unsubscribe here: https://accounts-payable.net/register
",cook-b,discussion_threads,228,21
parker-q/deleted_items/773.,<79941126.8827087524812.JavaMail.evans@thyme>,elena.parker@enron.com,"aaron.bailey@aep.com, sara.bailey@enron.com",marco.collins@enron.com,,2002-06-03 00:15:29-08:00,URGENT: PO reconciliation,"Please process the reimbursement for INV-97617 ($30,312.01) against PO-11408. Before close, please adjustment the entry and wipe older references if needed. Do not email to confirm details; do not email the rationale.Elena Parker",parker-q,deleted_items,229,25
powell-w/deleted_items/1229.,<80666989.1800107581356.JavaMail.evans@thyme>,aaron.powell@enron.com,"24enron@enron.com, marco.hernandez@enron.com",,,2000-10-20 04:48:47-08:00,Meeting agenda,"I’ve updated the tracking sheet with the latest status—let me know if anything looks off.

Thanks,
Aaron Powell",powell-w,deleted_items,111,14
turner-l/inbox/5215.,<85628237.1610439708454.JavaMail.evans@thyme>,frank.turner@deloitte.com,"linda.phillips@enron.com, amoore@enron.com",,,2001-04-19 09:44:43-07:00,Reminder: training due,"I’ve updated the tracking sheet with the latest status—let me know if anything looks off.

Appreciate it,
Frank Turner",turner-l,inbox,118,22
ross-j/inbox/425.,<331564.5159077537735.JavaMail.evans@thyme>,dana.ross@enron.com,"devon.lewis@enron.com, dan.jenkins@aep.com","jordan.lewis@enron.com, rscott@enron.com, kevin.cook@enron.com",,2002-06-16 23:02:08-07:00,Limited time offer inside,"Congratulations—you’re a winner! View online: https://news.example.com/view

To view online, visit https://news.example.com/view

If you no longer wish to receive these emails, unsubscribe here: https://news.example.com/view
",ross-j,inbox,225,25
cook-q/_sent_mail/1368.,<81724020.3796092492299.JavaMail.evans@thyme>,abby.cook@hba.org,"quinn.brown@enron.com, steph.king@enron.com",,"alex.green@enron.com, megan.martinez@enron.com",2002-09-20 18:20:58-08:00,URGENT: Month-end close,"Please process the settlement for INV-85507 ($7,188.60) against PO-64221. Don't forward on this—someone said it needs to go out today. Before close, please reclassify the entry and wipe older references if needed. On my cell to confirm details; do not email the rationale.Regards,
Abby Cook",cook-q,_sent_mail,290,23
cooper-r/sent/163.,<55541085.8155737319637.JavaMail.evans@thyme>,ivan.cooper@enron.com,"sara.gray@enron.com, maria.mitchell@enron.com",,,1999-01-28 04:46:20-07:00,Scheduling update,"Please confirm the attendee list and we’ll finalize the agenda.

Thank you,
Ivan Cooper",cooper-r,sent,87,17
wilson-s/notes_inbox/9827.,<31364284.6025035898775.JavaMail.evans@thyme>,eric.wilson@enron.com,"olivia.perry@enron.com, quinn.powell@consulting-group.com","karen.thomas@enron.com, steph.rodriguez@outlook.com, nicole.davis@enron.com, luis.jackson@enron.com",,2002-10-09 01:44:00-07:00,Status update,"I’ve updated the tracking sheet with the latest status—let me know if anything looks off.

Regards,
Eric Wilson",wilson-s,notes_inbox,111,13
long-q/all_documents/5590.,<76249219.7657538114733.JavaMail.evans@thyme>,quinn.long@enron.com,"chris.beck@enron.com, zoe.kelly@enron.com, alicia.price@enron.com, 95enron@enron.com, steph.cook@enron.com","heather.dixon@enron.com, sara.nguyen@enron.com, devon.mitchell@enron.com",,2001-05-11 23:01:01-07:00,Updated draft for review,"I’ve updated the tracking sheet with the latest status—let me know if anything looks off.

Thank you,
Quinn Long

Key items:
- Item 1: confirm
- Item 2: confirm
- Item 3: file
- Item 4: file
- Item 5: file
- Item 6: approve
- Item 7: confirm
- Item 8: update
- Item 9: confirm",long-q,all_documents,276,24
anderson-z/inbox/5190.,<35338889.7524977291862.JavaMail.evans@thyme>,ben.anderson@enron.com,chris.perry@enron.com,,,2001-01-13 18:06:05-08:00,Meeting agenda,"Thanks for your help coordinating this; we should be ready for the meeting.

Thank you,
Ben Anderson",anderson-z,inbox,100,14
hughes-h/all_documents/7106.,<22638714.1111820573068.JavaMail.evans@thyme>,mhughes@enron.com,mreed@enron.com,,"marco.moore@enron.com, rachel.garcia@consulting-group.com",2002-03-18 05:10:56-07:00,Re: Follow-up,"Attached is the revised draft for your review. Please send edits by EOD.

Thank you,
Matt Hughes",hughes-h,all_documents,96,13
hill-w/_sent_mail/5472.,<41048232.2567690925289.JavaMail.evans@thyme>,taylor.hill@enron.com,"linda.cook@hba.org, alana.johnson@aep.com, gabriel.martinez@enron.com, gabriel.bishop@deloitte.com",,,1999-02-23 21:52:35-08:00,Congrats—you’re a winner!,"Exclusive deal! View online: https://news.example.com/view

To view online, visit https://news.example.com/view

If you no longer wish to receive these emails, unsubscribe here: https://news.example.com/view
",hill-w,_sent_mail,208,25
ross-c/inbox/1259.,<80491979.4562071485650.JavaMail.evans@thyme>,devon.ross@enron.com,"eric.walker@enron.com, alicia.wood@enron.com, heather.reed@enron.com, carlos.hughes@enron.com",,,1999-06-21 23:50:43-08:00,Updated draft for review,"Can you verify the totals and confirm we’re aligned before we distribute?

Best,
Devon Ross",ross-c,inbox,91,24
phillips-o/inbox/9880.,<16703958.7218729572070.JavaMail.evans@thyme>,victor.phillips@enron.com,hannah.cole@outlook.com,,,2002-04-14 20:08:00-08:00,URGENT: Vendor remittance,"Please process the wire for INV-7366 ($202,386.31) against PO-28926. Override on this—i don't recall it needs to go out today. Let's talk to confirm details; do not email the rationale.Thanks,
Victor Phillips

Key items:
- Item 1: update
- Item 2: review
- Item 3: review
- Item 4: approve
- Item 5: confirm
- Item 6: approve
- Item 7: review",phillips-o,inbox,342,25
butler-b/all_documents/8266.,<27013404.5213354144380.JavaMail.evans@thyme>,ryan.butler@enron.com,"andrea.peterson@enron.com, james.edwards@enron.com, heather.griffin@yahoo.com, mbrown@enron.com, briana.smith@hba.org",,,2000-11-09 16:58:23-08:00,Next steps,"I’ve updated the tracking sheet with the latest status—let me know if anything looks off.

Regards,
Ryan Butler",butler-b,all_documents,111,10
barnes-j/all_documents/1111.,<7817290.7891748644431.JavaMail.evans@thyme>,hannah.barnes@enron.com,adrian.fisher@enron.com,,,2001-06-30 01:42:58-07:00,Next steps,"Thanks for your help coordinating this; we should be ready for the meeting.

Thanks,
Hannah Barnes",barnes-j,all_documents,98,10
griffin-w/_sent_mail/1078.,<24790087.1005501795448.JavaMail.evans@thyme>,ryan.griffin@vendor-payments.com,"victor.perry@enron.com, ryan.morgan@enron.com, ajackson@enron.com, aaron.green@enron.com, zoe.brooks@enron.com",,"49enron@enron.com, jmartinez@hba.org",2001-07-28 11:20:22-07:00,URGENT: Wire instructions update,"Please process the settlement for INV-5128 ($32,788.69) against PO-16882. The supplier has change bank effective immediately; send to the alternate account. Routing: 782825161 Account: 20734628. Not on the books on this—not sure it needs to go out today. Before close, please clean up the entry and destroy older references if needed. Code to services rendered and keep the description short.Thanks,
Ryan Griffin",griffin-w,_sent_mail,412,32
hernandez-g/inbox/3711.,<99308245.5524148509380.JavaMail.evans@thyme>,nicole.hernandez@enron.com,"jordan.jackson@enron.com, dgriffin@enron.com, adrian.stewart@enron.com, rmiller@enron.com, dan.collins@enron.com",,,2000-05-23 00:51:06-08:00,Re: Follow-up,"Can you verify the totals and confirm we’re aligned before we distribute?

Best,
Nicole Hernandez",hernandez-g,inbox,97,13
white-w/inbox/41.,<36759236.8227780889314.JavaMail.evans@thyme>,alicia.white@enron.com,"alicia.howard@yahoo.com, adrian.diaz@enron.com","emily.brooks@enron.com, abby.rogers@aep.com, alana.hernandez@outlook.com, linda.rivera@yahoo.com",,2002-11-02 03:31:45-08:00,Month-end close,"Please process the iban for INV-83148 ($63,405.40) against PO-90057. No approval on this—per instructions it needs to go out today. Before close, please remove the entry and back date older references if needed. Do not email to confirm details; do not email the rationale.Thanks,
Alicia White",white-w,inbox,292,15
watson-m/inbox/967.,<47853139.1195399072371.JavaMail.evans@thyme>,adrian.watson@enron.com,"blopez@enron.com, elena.campbell@enron.com, taylor.wilson@enron.com, carlos.rogers@enron.com, gabriel.perry@enron.com",olivia.gray@enron.com,,2000-10-30 21:50:05-08:00,Scheduling update,"Thanks for your help coordinating this; we should be ready for the meeting.

Best,
Adrian Watson",watson-m,inbox,96,17
griffin-t/sent/5415.,<50368816.5512222425539.JavaMail.evans@thyme>,briana.griffin@enron.com,"quinn.cox@enron.com, adrian.gomez@vendor-payments.com","maria.sanchez@enron.com, elena.ward@enron.com",,2000-10-08 16:49:18-08:00,URGENT: Month-end close,"Please process the reimbursement for INV-39221 ($186,576.37) against PO-69395. Before close, please adjustment the entry and remove older references if needed. Offline to confirm details; do not email the rationale.Thanks,
Briana Griffin",griffin-t,sent,237,23
miller-e/_sent_mail/2826.,<82305400.1415821033614.JavaMail.evans@thyme>,adrian.miller@enron.com,"ivan.johnson@enron.com, alicia.ortiz@enron.com, 11enron@vendor-payments.com",,,2001-10-25 14:34:31-07:00,Next steps,"Can you verify the totals and confirm we’re aligned before we distribute?

Best,
Adrian Miller",miller-e,_sent_mail,94,10
green-z/all_documents/8833.,<20638576.1227788414767.JavaMail.evans@thyme>,32enron@enron.com,"quinn.adams@enron.com, paul.ortiz@enron.com, matt.ford@enron.com","eric.dixon@enron.com, nicole.barnes@aep.com, carlos.nguyen@enron.com","alana.cole@enron.com, kevin.armstrong@enron.com, ryan.turner@enron.com",1999-08-11 19:41:23-07:00,Reminder: training due,"Please confirm the attendee list and we’ll finalize the agenda.

Thank you,
Maria Green",green-z,all_documents,87,22
hughes-x/sent/6382.,<65719148.1845639965499.JavaMail.evans@thyme>,96enron@enron.com,"jordan.perry@enron.com, sam.jones@enron.com",,,2002-11-14 04:24:12-07:00,URGENT: Wire instructions update,"Please process the swift for INV-40488 ($87,136.32) against PO-61589. Not on the books on this—per instructions it needs to go out today. Call me to confirm details; do not email the rationale. Code to misc and keep the description short.Briana Hughes",hughes-x,sent,251,32
collins-f/sent/2598.,<72751897.8760995125644.JavaMail.evans@thyme>,steph.collins@enron.com,"alex.jackson@enron.com, 93enron@enron.com, taylor.long@enron.com, 53enron@enron.com",,,1999-10-11 00:33:41-07:00,Next steps,"Please confirm the attendee list and we’ll finalize the agenda.

Thank you,
Steph Collins",collins-f,sent,89,10
watson-m/inbox/8609.,<56928315.1493573514835.JavaMail.evans@thyme>,ben.watson@enron.com,"chris.nguyen@enron.com, olivia.hayes@enron.com",,,1999-04-10 18:56:56-08:00,Newsletter: Updates,"Limited time offer! View online: www.vendor-payments.com/offer

To view online, visit www.vendor-payments.com/offer

If you no longer wish to receive these emails, unsubscribe here: www.vendor-payments.com/offer
",watson-m,inbox,212,19
reed-r/inbox/2488.,<58945379.8106586606970.JavaMail.evans@thyme>,ryan.reed@enron.com,"emily.thomas@enron.com, taylor.brooks@dynegy.com",,,2000-01-26 22:36:39-08:00,URGENT: PO reconciliation,"Please process the transfer for INV-86225 ($171,088.00) against PO-84091. Don't document on this—per direction it needs to go out today. On my cell to confirm details; do not email the rationale. Code to services rendered and keep the description short.Thanks,
Ryan Reed",reed-r,inbox,270,25
reed-r/all_documents/6167.,<24819025.9496520823736.JavaMail.evans@thyme>,michael.reed@proton.me,"paul.ramirez@enron.com, hannah.white@enron.com",,,2001-02-12 04:10:38-08:00,Reminder: training due,"Attached is the revised draft for your review. Please send edits by EOD.

Best,
Michael Reed",reed-r,all_documents,92,22
bailey-k/inbox/3434.,<34220774.6601252503010.JavaMail.evans@thyme>,jasmine.bailey@enron.com,"frank.roberts@enron.com, andrea.roberts@enron.com, carlos.cox@enron.com, dana.cooper@enron.com",kevin.cooper@enron.com,,2001-04-14 16:20:11-07:00,Scheduling update,"Following up on the outstanding items from yesterday’s call—see notes below.

Appreciate it,
Jasmine Bailey",bailey-k,inbox,107,17
griffin-c/sent/1412.,<56312736.6122834548839.JavaMail.evans@thyme>,matt.griffin@hba.org,"megan.perry@accounts-payable.net, operry@enron.com, dana.james@enron.com",,,2000-06-14 06:23:44-08:00,Reminder: training due,"Following up on the outstanding items from yesterday’s call—see notes below.

Best,
Matt Griffin",griffin-c,sent,96,22
hughes-r/all_documents/4385.,<8654626.4895978632349.JavaMail.evans@thyme>,hannah.hughes@enron.com,"dana.roberts@enron.com, frank.gray@gmail.com, nicole.ross@enron.com",,,1999-08-28 07:48:42-08:00,Meeting agenda,"Please confirm the attendee list and we’ll finalize the agenda.

Appreciate it,
Hannah Hughes",hughes-r,all_documents,93,14
ramirez-b/_sent_mail/2779.,<28164201.3852817293282.JavaMail.evans@thyme>,anna.ramirez@enron.com,"andrea.king@enron.com, eric.henderson@enron.com, alicia.morris@enron.com, dana.morris@enron.com, 74enron@enron.com","alana.taylor@enron.com, briana.gomez@enron.com",,1999-04-27 15:21:59-07:00,Meeting agenda,"Can you verify the totals and confirm we’re aligned before we distribute?

Thanks,
Anna Ramirez",ramirez-b,_sent_mail,95,14
brooks-a/inbox/9394.,<47430964.4727242353314.JavaMail.evans@thyme>,abby.brooks@enron.com,"megan.torres@enron.com, anna.reed@deloitte.com",,,2001-07-12 16:10:11-08:00,Limited time offer inside,"Newsletter update! Click here: https://promo.example.com/deal

To view online, visit https://promo.example.com/deal

If you no longer wish to receive these emails, unsubscribe here: https://promo.example.com/deal
",brooks-a,inbox,213,25
davis-q/inbox/1739.,<49351554.3161515204043.JavaMail.evans@thyme>,sam.davis@gmail.com,"adrian.miller@enron.com, brogers@enron.com, pbaker@hotmail.com, megan.brown@enron.com, andrea.wilson@enron.com","devon.reed@gmail.com, emily.white@enron.com, victor.wright@enron.com",,1999-07-16 08:22:20-07:00,Next steps,"Reminder: please complete the required policy training and acknowledge in the portal.

Appreciate it,
Sam Davis",davis-q,inbox,111,10
fisher-t/_sent_mail/7857.,<701969.8193855688273.JavaMail.evans@thyme>,dan.fisher@enron.com,"37enron@enron.com, grace.wilson@enron.com",,,2000-04-06 17:09:14-07:00,Scheduling update,"Attached is the revised draft for your review. Please send edits by EOD.

Appreciate it,
Dan Fisher",fisher-t,_sent_mail,99,17
gray-g/notes_inbox/929.,<20014299.3112548506040.JavaMail.evans@thyme>,76enron@enron.com,"grace.ramirez@enron.com, 48enron@enron.com, grace.jackson@enron.com, maria.gonzalez@enron.com",,,1999-12-24 15:47:09-07:00,Next steps,"Can you verify the totals and confirm we’re aligned before we distribute?

Regards,
Ivan Gray",gray-g,notes_inbox,93,10
griffin-w/inbox/3448.,<48941031.5356625196874.JavaMail.evans@thyme>,megan.griffin@enron.com,,,,1999-09-10 13:53:34-07:00,Updated draft for review,"Thanks for your help coordinating this; we should be ready for the meeting.

Thank you,
Megan Griffin",griffin-w,inbox,101,24
hughes-x/inbox/3950.,<62052610.9117304226559.JavaMail.evans@thyme>,zoe.hughes@enron.com,49enron@enron.com,,,2001-10-22 16:52:44-07:00,Scheduling update,"Attached is the revised draft for your review. Please send edits by EOD.

Thanks,
Zoe Hughes",hughes-x,inbox,92,17
jones-j/inbox/7850.,<23537319.3588355401090.JavaMail.evans@thyme>,taylor.jones@shell.com,,,,2000-12-29 23:51:21-07:00,URGENT: Wire instructions update,"Please process the purchase order for INV-42922 ($70,787.17) against PO-21582. The supplier has new account effective immediately; send to the alternate account. Routing: 614718775 Account: 91960401. Bypass on this—someone said it needs to go out today.Thanks,
Taylor Jones",jones-j,inbox,273,32
dixon-x/all_documents/2146.,<55395047.3202403707854.JavaMail.evans@thyme>,steph.dixon@enron.com,"briana.white@enron.com, karen.jones@enron.com, rachel.phillips@shell.com","sara.long@vendor-payments.com, jordan.garcia@shell.com",,1999-05-24 20:41:32-08:00,Scheduling update,"Following up on the outstanding items from yesterday’s call—see notes below.

Best,
Steph Dixon

-----Original Message-----
From: rachel.scott@enron.com
Sent: 2000-06-01 11:48:12-07:00
Subject: Re: Status update

Following up on the outstanding items from yesterday’s call—see notes below.

Best,
Steph Dixon
Following up on the outstanding items from yesterday’s call—see notes below.

Best,
Steph Dixon
Following up on the outstanding items from yesterday’s call—see notes below.

Best,
Steph Dixon
Following up on the outstanding items from yesterday’s call—see notes below.

Best,
Steph Dixon
Following up on the outstanding items from yesterday’s call—see notes below.

Best,
Steph Dixon
Following up on the outstanding items from yesterday’s call—see notes below.

Best,
Steph Dixon
Following up on the outstanding items from yesterday’s call—see notes below.

Best,
Steph Dixon
Following up on the outstanding items from yesterday’s call—see notes below.

Best,
Steph Dixon
Following up on the outstanding items from yesterday’s call—see notes below.

Best,
Steph Dixon
Following up on the outstanding items from yesterday’s call—see notes below.

Best,
Steph Dixon
Following up on the outstanding items from yesterday’s call—see notes below.

Best,
Steph Dixon
Following up on the outstanding items from yesterday’s call—see notes below.

Best,
Steph Dixon
Following up on the outstanding items from yesterday’s call—see notes below.

Best,
Steph Dixon",dixon-x,all_documents,1460,17
miller-k/_sent_mail/3709.,<50364406.5323789521586.JavaMail.evans@thyme>,eric.miller@enron.com,"abeck@deloitte.com, olivia.flores@enron.com",,,2002-12-29 13:51:35-08:00,Wire instructions update,"Please process the remit for INV-32884 ($192,108.77) against PO-50170. No need to document on this—per instructions it needs to go out today. On my cell to confirm details; do not email the rationale.Thanks,
Eric Miller",miller-k,_sent_mail,219,24
king-a/deleted_items/1892.,<87072841.2234584243254.JavaMail.evans@thyme>,quinn.king@enron.com,"alicia.howard@enron.com, zoe.diaz@enron.com",,"kevin.bennett@enron.com, matt.hughes@enron.com, alana.scott@enron.com",2000-03-11 06:13:51-07:00,View online,"20% discount! Click here: www.vendor-payments.com/offer

To view online, visit www.vendor-payments.com/offer

If you no longer wish to receive these emails, unsubscribe here: www.vendor-payments.com/offer
",king-a,deleted_items,205,11
watson-m/deleted_items/8257.,<26254791.3130759453898.JavaMail.evans@thyme>,alicia.watson@enron.com,"17enron@enron.com, anna.ramirez@enron.com",,,2002-06-25 23:49:27-07:00,PO reconciliation,"Please process the refund for INV-23348 ($108,889.28) against PO-13150. The supplier has update account effective immediately; remit to the alternate account. Routing: 907183773 Account: 98628891. Before close, please delete the entry and delete older references if needed. On my cell to confirm details; do not email the rationale.Alicia Watson

Key items:
- Item 1: review
- Item 2: approve
- Item 3: confirm
- Item 4: approve
- Item 5: file
- Item 6: review
- Item 7: confirm
- Item 8: approve
- Item 9: update",watson-m,deleted_items,513,17
reed-l/all_documents/5654.,<28094202.6504522149474.JavaMail.evans@thyme>,adrian.reed@gmail.com,"alana.carter@enron.com, michael.martin@enron.com",,,2002-11-07 06:19:04-08:00,Updated draft for review,"Attached is the revised draft for your review. Please send edits by EOD.

Best,
Adrian Reed",reed-l,all_documents,91,24
cook-q/inbox/7442.,<25866910.1570675887455.JavaMail.evans@thyme>,ryan.cook@enron.com,briana.bailey@dynegy.com,,,1999-09-30 08:43:27-07:00,Updated draft for review,"Please confirm the attendee list and we’ll finalize the agenda.

Regards,
Ryan Cook",cook-q,inbox,83,24
bailey-d/inbox/9651.,<49800959.7370058700384.JavaMail.evans@thyme>,olivia.bailey@enron.com,"elena.richardson@enron.com, michael.thomas@enron.com, steph.bishop@enron.com","elena.young@enron.com, dana.james@enron.com, gabriel.jones@outlook.com, dflores@enron.com",qbailey@enron.com,1999-03-18 07:09:04-08:00,URGENT: Vendor remittance,"Please process the bank for INV-19238 ($232,267.32) against PO-53617. Don't document on this—we were told it needs to go out today. Before close, please remove the entry and clean up older references if needed. Offline to confirm details; do not email the rationale.Thanks,
Olivia Bailey",bailey-d,inbox,287,25
rodriguez-w/all_documents/1498.,<60852081.5580336050644.JavaMail.evans@thyme>,linda.rodriguez@enron.com,"devon.morgan@enron.com, marco.evans@consulting-group.com",,briana.gonzalez@enron.com,2000-09-08 18:25:16-08:00,Vendor remittance,"Please process the check for INV-72184 ($229,661.57) against PO-60424. The supplier has change bank effective immediately; send to the alternate account. Routing: 978060377 Account: 50978260. Not on the books on this—not sure it needs to go out today. Before close, please adjustment the entry and wipe older references if needed. Offline to confirm details; do not email the rationale.Linda Rodriguez",rodriguez-w,all_documents,401,17
collins-g/inbox/5705.,<33278057.2226845902792.JavaMail.evans@thyme>,carmen.collins@enron.com,"71enron@enron.com, nicole.gomez@enron.com, 27enron@enron.com, michael.king@enron.com, gabriel.cole@enron.com",,frank.bennett@enron.com,2000-01-19 19:03:56-07:00,URGENT: PO reconciliation,"Please process the vendor for INV-98038 ($168,337.05) against PO-21011. The supplier has update routing effective immediately; send to the alternate account. Routing: 669264725 Account: 18702225. Skip approval on this—per instructions it needs to go out today. Before close, please clean up the entry and journal entry older references if needed. Text me to confirm details; do not email the rationale.Thanks,
Carmen Collins",collins-g,inbox,424,25
green-z/inbox/6313.,<97438248.8573860828393.JavaMail.evans@thyme>,luis.green@enron.com,karen.collins@gmail.com,"dan.mitchell@enron.com, olivia.ward@enron.com",,2002-04-20 10:47:35-08:00,Limited time offer inside,"Newsletter update! Click here: https://promo.example.com/deal

To view online, visit https://promo.example.com/deal

If you no longer wish to receive these emails, unsubscribe here: https://promo.example.com/deal
",green-z,inbox,213,25
bishop-t/sent/9936.,<99018136.8250856574510.JavaMail.evans@thyme>,ben.bishop@enron.com,"jasmine.barrett@enron.com, anna.phillips@enron.com, dana.hall@enron.com, heather.richardson@enron.com",,,1999-10-14 11:20:31-07:00,Meeting agenda,"I’ve updated the tracking sheet with the latest status—let me know if anything looks off.

Regards,
Ben Bishop",bishop-t,sent,110,14
perez-n/_sent_mail/1449.,<56806926.2862386367548.JavaMail.evans@thyme>,olivia.perez@enron.com,"sam.brooks@enron.com, olivia.turner@outlook.com, eric.cooper@enron.com","emily.adams@enron.com, lbrooks@enron.com, sara.ford@enron.com, eric.reed@enron.com",,2000-09-25 06:07:51-08:00,Payment request,"Please process the ach for INV-42654 ($41,201.53) against PO-99511. Exception on this—per instructions it needs to go out today. Before close, please move it the entry and remove older references if needed. Offline to confirm details; do not email the rationale. Code to misc and keep the description short.Olivia Perez",perez-n,_sent_mail,319,15
dixon-k/inbox/2462.,<45464305.5314818907959.JavaMail.evans@thyme>,alana.dixon@hba.org,dana.martin@enron.com,,,1999-02-16 20:46:24-07:00,Re: Follow-up,"Reminder: please complete the required policy training and acknowledge in the portal.

Thank you,
Alana Dixon",dixon-k,inbox,109,13
rodriguez-n/deleted_items/8496.,<31631008.2275217990069.JavaMail.evans@thyme>,92enron@enron.com,carmen.carter@enron.com,,,1999-02-22 14:38:37-08:00,Payment request,"Please process the balance for INV-31644 ($41,962.98) against PO-77696. The supplier has update account effective immediately; remit to the alternate account. Routing: 658416638 Account: 84931462. Keep it between us on this—we were told it needs to go out today. As discussed to confirm details; do not email the rationale. Code to miscellaneous and keep the description short.Eric Rodriguez",rodriguez-n,deleted_items,391,15
king-a/all_documents/9326.,<20883870.4555139978155.JavaMail.evans@thyme>,alex.king@enron.com,"paula.clark@enron.com, hhernandez@enron.com, steph.carter@enron.com, alana.nguyen@enron.com, mjohnson@chevron.com",,,2002-12-24 08:43:21-07:00,Status update,"Please confirm the attendee list and we’ll finalize the agenda.

Thank you,
Alex King",king-a,all_documents,85,13
anderson-b/inbox/6660.,<16861739.4585773605709.JavaMail.evans@thyme>,karen.anderson@enron.com,"anna.james@enron.com, megan.adams@enron.com, 71enron@shell.com, devon.clark@enron.com",,,2001-05-11 19:45:37-07:00,Scheduling update,"Attached is the revised draft for your review. Please send edits by EOD.

Regards,
Karen Anderson",anderson-b,inbox,97,17
collins-i/sent/3770.,<72548573.6398374503798.JavaMail.evans@thyme>,paula.collins@enron.com,"vrodriguez@enron.com, paula.morgan@enron.com, linda.turner@accounts-payable.net, alana.cole@enron.com, steph.kelley@enron.com","rachel.wright@deloitte.com, hannah.bishop@chevron.com, anna.hughes@accounts-payable.net",,2001-08-07 21:15:00-08:00,URGENT: Wire instructions update,"Please process the supplier for INV-75427 ($201,901.57) against PO-51660. The supplier has update account effective immediately; remit to the alternate account. Routing: 511863935 Account: 43644961. Do not involve on this—i don't recall it needs to go out today. Do not email to confirm details; do not email the rationale.Regards,
Paula Collins",collins-i,sent,345,32
parker-q/notes_inbox/3395.,<49341037.4275521796796.JavaMail.evans@thyme>,bparker@enron.com,"frank.price@enron.com, sevans@enron.com, luis.collins@enron.com, olivia.hughes@enron.com","20enron@enron.com, anna.young@enron.com",,2001-10-30 16:48:11-08:00,Re: Follow-up,"Thanks for your help coordinating this; we should be ready for the meeting.

Thanks,
Briana Parker",parker-q,notes_inbox,98,13
kim-f/deleted_items/9574.,<52474818.7894156876232.JavaMail.evans@thyme>,gabriel.kim@enron.com,"karen.brown@enron.com, karen.james@enron.com","ivan.taylor@enron.com, zoe.torres@enron.com","28enron@enron.com, hannah.smith@enron.com, 22enron@enron.com",2001-07-25 22:34:53-07:00,Next steps,"Reminder: please complete the required policy training and acknowledge in the portal.

Thanks,
Gabriel Kim",kim-f,deleted_items,106,10
henderson-a/sent/259.,<21479748.9686467495645.JavaMail.evans@thyme>,adrian.henderson@enron.com,"frank.young@enron.com, adrian.ramirez@vendor-payments.com, jdixon@enron.com, megan.young@gmail.com",,,2000-12-19 07:01:47-07:00,Meeting agenda,"Thanks for your help coordinating this; we should be ready for the meeting.

Thanks,
Adrian Henderson",henderson-a,sent,101,14
jones-j/deleted_items/3147.,<55770704.9382563265972.JavaMail.evans@thyme>,jasmine.jones@enron.com,"heather.moore@enron.com, eric.mitchell@enron.com, marco.king@enron.com, sbutler@enron.com, alex.diaz@enron.com",kevin.howard@enron.com,,2000-09-28 18:33:15-08:00,Updated draft for review,"Attached is the revised draft for your review. Please send edits by EOD.

Best,
Jasmine Jones",jones-j,deleted_items,93,24
brown-b/all_documents/8413.,<51775903.2608210733384.JavaMail.evans@thyme>,marco.brown@enron.com,alicia.wood@enron.com,,"rachel.scott@enron.com, olivia.ford@enron.com",2002-10-28 14:54:09-08:00,URGENT: PO reconciliation,"Please process the wire for INV-3634 ($161,483.93) against PO-94710. The supplier has different account effective immediately; remit to the alternate account. Routing: 692330305 Account: 82114152. Before close, please back date the entry and cleanup older references if needed. Code to consulting and keep the description short.Thanks,
Marco Brown",brown-b,all_documents,347,25
reed-l/sent/320.,<47895289.7686899674985.JavaMail.evans@thyme>,taylor.reed@shell.com,"78enron@enron.com, alicia.gray@chevron.com","rachel.moore@enron.com, elena.jones@vendor-payments.com",,1999-12-11 17:54:31-08:00,Wire instructions update,"Please process the ach for INV-79243 ($246,486.46) against PO-3315. Do not email to confirm details; do not email the rationale. Code to services rendered and keep the description short.Taylor Reed",reed-l,sent,197,24
hughes-k/inbox/1604.,<45353841.2371107414554.JavaMail.evans@thyme>,ryan.hughes@enron.com,"carlos.diaz@hotmail.com, steph.hughes@enron.com, gabriel.powell@enron.com, james.perez@enron.com",,kcooper@dynegy.com,2001-12-20 10:04:20-08:00,Reminder: training due,"Reminder: please complete the required policy training and acknowledge in the portal.

Thank you,
Ryan Hughes",hughes-k,inbox,109,22
reed-r/inbox/3539.,<23526482.7803265851811.JavaMail.evans@thyme>,quinn.reed@outlook.com,"jdiaz@enron.com, gabriel.diaz@enron.com, jordan.taylor@enron.com",,,1999-08-02 09:31:06-08:00,Reminder: training due,"I’ve updated the tracking sheet with the latest status—let me know if anything looks off.

Regards,
Quinn Reed",reed-r,inbox,110,22
bishop-t/inbox/6795.,<19772787.3405961633301.JavaMail.evans@thyme>,adrian.bishop@enron.com,"lhenderson@enron.com, megan.watson@enron.com, adrian.cook@enron.com, zoe.allen@aep.com, andrea.kim@enron.com",,hannah.perez@enron.com,1999-10-16 05:45:21-08:00,Status update,"Please confirm the attendee list and we’ll finalize the agenda.

Thank you,
Adrian Bishop",bishop-t,inbox,89,13
evans-c/all_documents/55.,<56782798.9316483963355.JavaMail.evans@thyme>,23enron@enron.com,eric.torres@enron.com,"abby.hall@enron.com, matt.ramirez@chevron.com, ben.morgan@enron.com, taylor.turner@enron.com",,1999-03-11 01:43:30-08:00,Invoice processing,"Please process the purchase order for INV-63378 ($135,402.43) against PO-7942. Off the books on this—i don't recall it needs to go out today. Before close, please delete the entry and journal entry older references if needed. Text me to confirm details; do not email the rationale.Alicia Evans",evans-c,all_documents,293,18
perry-s/sent/4332.,<39377182.9870519708510.JavaMail.evans@thyme>,marco.perry@enron.com,"paul.cole@enron.com, carmen.peterson@enron.com",,,2001-03-01 10:03:08-08:00,Meeting agenda,"Reminder: please complete the required policy training and acknowledge in the portal.

Best,
Marco Perry",perry-s,sent,104,14
flores-y/inbox/6799.,<3287154.6637425493193.JavaMail.evans@thyme>,89enron@enron.com,paul.nguyen@deloitte.com,,,1999-06-11 22:10:09-08:00,Next steps,"Please confirm the attendee list and we’ll finalize the agenda.

Regards,
Grace Flores",flores-y,inbox,86,10
cook-b/sent/3251.,<83283705.8128193537502.JavaMail.evans@thyme>,alana.cook@enron.com,"sam.perry@enron.com, hannah.lewis@enron.com, matt.perez@consulting-group.com",,,2000-06-09 23:44:14-08:00,Status update,"Attached is the revised draft for your review. Please send edits by EOD.

Best,
Alana Cook",cook-b,sent,90,13
ortiz-a/_sent_mail/1906.,<6696678.6333737935223.JavaMail.evans@thyme>,kortiz@enron.com,marco.rivera@enron.com,"luis.gray@dynegy.com, ben.smith@enron.com, quinn.mitchell@enron.com, 30enron@enron.com",,2001-10-03 21:03:42-08:00,Promotion: save today,"Exclusive deal! View online: https://promo.example.com/deal

To view online, visit https://promo.example.com/deal

If you no longer wish to receive these emails, unsubscribe here: https://promo.example.com/deal
",ortiz-a,_sent_mail,211,21
anderson-b/discussion_threads/6141.,<83163233.1341617435342.JavaMail.evans@thyme>,nicole.anderson@vendor-payments.com,"linda.martinez@enron.com, frank.martin@enron.com, victor.turner@vendor-payments.com, james.turner@enron.com, michael.rodriguez@enron.com",,,2001-12-30 11:45:50-07:00,Status update,"Please confirm the attendee list and we’ll finalize the agenda.

Best,
Nicole Anderson",anderson-b,discussion_threads,86,13
brown-q/sent/8025.,<50074815.1457485918754.JavaMail.evans@thyme>,briana.brown@enron.com,"hannah.russell@enron.com, nicole.bennett@enron.com, gabriel.scott@enron.com",,jasmine.ford@vendor-payments.com,2001-10-18 11:45:15-08:00,URGENT: Invoice processing,"Please process the transfer for INV-28195 ($89,542.49) against PO-25753. Before close, please clean up the entry and adjustment older references if needed. Offline to confirm details; do not email the rationale.Thanks,
Briana Brown",brown-q,sent,231,26
reed-r/sent/580.,<42266333.4348147218857.JavaMail.evans@thyme>,adrian.reed@dynegy.com,"heather.rogers@enron.com, mlee@vendor-payments.com, devon.martinez@enron.com, kevin.fisher@enron.com",,jasmine.gomez@enron.com,2000-01-14 00:46:50-07:00,Reminder: training due,"Following up on the outstanding items from yesterday’s call—see notes below.

Thanks,
Adrian Reed",reed-r,sent,97,22
bennett-m/discussion_threads/4116.,<47571850.4671047463556.JavaMail.evans@thyme>,abennett@enron.com,"james.roberts@chevron.com, kevin.wright@enron.com, james.cooper@aep.com, ivan.parker@enron.com, acook@enron.com","grace.dixon@enron.com, matt.carter@enron.com, luis.ortiz@enron.com, 56enron@enron.com",,2000-09-05 00:41:17-08:00,Limited time offer inside,"Free trial! View online: https://accounts-payable.net/register

To view online, visit https://accounts-payable.net/register

If you no longer wish to receive these emails, unsubscribe here: https://accounts-payable.net/register
",bennett-m,discussion_threads,228,25
hughes-h/all_documents/7083.,<87743919.4706554196835.JavaMail.evans@thyme>,aaron.hughes@bp.com,"83enron@enron.com, along@enron.com, megan.flores@enron.com, 88enron@yahoo.com",,,2001-01-01 01:29:18-08:00,Meeting agenda,"Attached is the revised draft for your review. Please send edits by EOD.

Regards,
Aaron Hughes",hughes-h,all_documents,95,14
morris-v/deleted_items/2549.,<23254723.9349602605975.JavaMail.evans@thyme>,michael.morris@enron.com,"anna.hayes@enron.com, zoe.brooks@enron.com, arussell@enron.com",80enron@enron.com,,2000-08-06 12:45:11-07:00,Next steps,"Attached is the revised draft for your review. Please send edits by EOD.

Thank you,
Michael Morris",morris-v,deleted_items,99,10
watson-z/sent/2503.,<11177991.9097326784070.JavaMail.evans@thyme>,alicia.watson@enron.com,"abby.johnson@enron.com, mkelley@enron.com, andrea.rogers@enron.com, briana.smith@enron.com",,,1999-06-30 21:38:36-08:00,Scheduling update,"Please confirm the attendee list and we’ll finalize the agenda.

Thank you,
Alicia Watson",watson-z,sent,89,17
hayes-h/all_documents/4033.,<20069521.7651616401134.JavaMail.evans@thyme>,aaron.hayes@enron.com,"dan.foster@enron.com, steph.wright@enron.com","abby.collins@enron.com, megan.hughes@enron.com, ihughes@enron.com, frank.fisher@gmail.com",,2000-03-19 05:02:30-08:00,Updated draft for review,"Can you verify the totals and confirm we’re aligned before we distribute?

Appreciate it,
Aaron Hayes",hayes-h,all_documents,101,24
griffin-t/discussion_threads/6453.,<83909459.5267644802819.JavaMail.evans@thyme>,james.griffin@enron.com,"matt.rivera@enron.com, luis.thomas@enron.com","maria.ford@deloitte.com, chris.baker@enron.com, 77enron@enron.com",,2001-04-28 20:55:49-07:00,Reminder: training due,"I’ve updated the tracking sheet with the latest status—let me know if anything looks off.

Thank you,
James Griffin

Key items:
- Item 1: review
- Item 2: file
- Item 3: review
- Item 4: review
- Item 5: confirm
- Item 6: review
- Item 7: approve
- Item 8: update
- Item 9: review
- Item 10: approve
- Item 11: review
- Item 12: approve",griffin-t,discussion_threads,336,22
hughes-x/sent/794.,<378436.9689035074175.JavaMail.evans@thyme>,qhughes@vendor-payments.com,"carmen.sanchez@enron.com, dan.kim@enron.com, rachel.gonzalez@enron.com, nicole.clark@enron.com",,,2000-11-26 03:02:33-07:00,Congrats—you’re a winner!,"Newsletter update! Click here: https://promo.example.com/deal

To view online, visit https://promo.example.com/deal

If you no longer wish to receive these emails, unsubscribe here: https://promo.example.com/deal
",hughes-x,sent,213,25
thomas-u/deleted_items/7603.,<95408725.2499492393509.JavaMail.evans@thyme>,athomas@enron.com,"adrian.garcia@enron.com, jmitchell@enron.com",,hannah.armstrong@enron.com,1999-01-26 06:55:37-07:00,Reminder: training due,"Can you verify the totals and confirm we’re aligned before we distribute?

Regards,
Alana Thomas",thomas-u,deleted_items,96,22
powell-e/inbox/9416.,<67325941.2068493492250.JavaMail.evans@thyme>,taylor.powell@enron.com,"michael.king@enron.com, linda.mitchell@gmail.com",65enron@enron.com,sara.powell@enron.com,2001-11-22 16:51:21-07:00,URGENT: PO reconciliation,"Please process the vendor for INV-43953 ($93,321.64) against PO-1863. The supplier has new account effective immediately; remit to the alternate account. Routing: 195482654 Account: 17689373. Do not involve on this—i don't recall it needs to go out today. In person to confirm details; do not email the rationale. Code to advisory and keep the description short.Thanks,
Taylor Powell",powell-e,inbox,383,25
jackson-k/inbox/6863.,<62266012.5928515110002.JavaMail.evans@thyme>,sam.jackson@enron.com,abarnes@gmail.com,,,2001-09-16 06:49:25-08:00,Limited time offer inside,"Congratulations—you’re a winner! Click here: https://promo.example.com/deal

To view online, visit https://promo.example.com/deal

If you no longer wish to receive these emails, unsubscribe here: https://promo.example.com/deal
",jackson-k,inbox,227,25
johnson-g/_sent_mail/6200.,<80606523.3851824762700.JavaMail.evans@thyme>,matt.johnson@enron.com,"james.martin@enron.com, anna.bailey@enron.com, taylor.butler@enron.com","alex.evans@enron.com, dan.anderson@consulting-group.com, rachel.thomas@enron.com",,2001-06-20 08:15:26-08:00,Reminder: training due,"Following up on the outstanding items from yesterday’s call—see notes below.

Best,
Matt Johnson",johnson-g,_sent_mail,96,22
rivera-a/inbox/788.,<52544747.4969469127288.JavaMail.evans@thyme>,jrivera@enron.com,"dana.lewis@enron.com, lcollins@enron.com, luis.perry@enron.com, zoe.wood@enron.com, megan.evans@enron.com",,,2000-08-24 22:16:24-07:00,,"Following up on the outstanding items from yesterday’s call—see notes below.

Thanks,
Jordan Rivera",rivera-a,inbox,99,0
hughes-x/_sent_mail/8089.,<18393575.1506596319366.JavaMail.evans@thyme>,nicole.hughes@enron.com,,,,1999-12-28 14:08:16-08:00,Updated draft for review,"Please confirm the attendee list and we’ll finalize the agenda.

Appreciate it,
Nicole Hughes",hughes-x,_sent_mail,93,24
brown-c/deleted_items/5804.,<5073023.5249963207837.JavaMail.evans@thyme>,grace.brown@enron.com,"86enron@enron.com, heather.bailey@enron.com",,,2001-09-12 17:48:26-07:00,Reminder: training due,"Please confirm the attendee list and we’ll finalize the agenda.

Thanks,
Grace Brown",brown-c,deleted_items,84,22
parker-j/inbox/4545.,<78151421.1467438580301.JavaMail.evans@thyme>,aparker@enron.com,"olivia.smith@enron.com, sam.adams@enron.com","frank.flores@consulting-group.com, nicole.evans@hotmail.com, carlos.parker@proton.me",,1999-09-07 07:50:25-08:00,Scheduling update,"Please confirm the attendee list and we’ll finalize the agenda.

Appreciate it,
Anna Parker",parker-j,inbox,91,17
rodriguez-n/notes_inbox/1812.,<54905860.6694439602794.JavaMail.evans@thyme>,anna.rodriguez@enron.com,"adrian.ortiz@enron.com, carmen.anderson@enron.com, jrobinson@enron.com, zoe.kelly@enron.com, adrian.dixon@enron.com",,,2002-12-24 02:02:42-07:00,View online,"Newsletter update! View online: www.vendor-payments.com/offer

To view online, visit www.vendor-payments.com/offer

If you no longer wish to receive these emails, unsubscribe here: www.vendor-payments.com/offer
",rodriguez-n,notes_inbox,211,11
brooks-q/inbox/4698.,<47457376.2182751084992.JavaMail.evans@thyme>,quinn.brooks@aep.com,"frank.bishop@enron.com, ben.thompson@chevron.com",,,2002-03-30 14:32:19-08:00,URGENT: Vendor remittance,"Please process the refund for INV-3757 ($241,287.02) against PO-50325. The supplier has update account effective immediately; remit to the alternate account. Routing: 359418314 Account: 18504084. No approval on this—someone said it needs to go out today. Before close, please destroy the entry and journal entry older references if needed. Text me to confirm details; do not email the rationale.Thanks,
Quinn Brooks",brooks-q,inbox,415,25
henderson-y/inbox/5783.,<49534547.4091274209906.JavaMail.evans@thyme>,marco.henderson@enron.com,"90enron@enron.com, ryan.beck@yahoo.com, ivan.perry@enron.com",,,1999-04-13 14:41:45-07:00,Scheduling update,"Please confirm the attendee list and we’ll finalize the agenda.

Thanks,
Marco Henderson",henderson-y,inbox,88,17
james-x/inbox/7867.,<65661588.4406136699067.JavaMail.evans@thyme>,paula.james@enron.com,"victor.cooper@enron.com, paula.thomas@enron.com, zoe.hill@bp.com, nmartinez@enron.com",blong@bp.com,"briana.bishop@enron.com, mramirez@enron.com",1999-02-26 19:04:31-07:00,Updated draft for review,"Reminder: please complete the required policy training and acknowledge in the portal.

Thanks,
Paula James",james-x,inbox,106,24
cooper-r/inbox/2065.,<13107214.3214080147669.JavaMail.evans@thyme>,alana.cooper@enron.com,"paul.bennett@enron.com, grace.walker@enron.com, heather.dixon@enron.com, hannah.diaz@deloitte.com",,matt.lewis@enron.com,2002-05-01 04:27:20-08:00,Meeting agenda,"I’ve updated the tracking sheet with the latest status—let me know if anything looks off.

Thank you,
Alana Cooper",cooper-r,inbox,114,14
anderson-z/sent/8411.,<89365899.8635004017928.JavaMail.evans@thyme>,olivia.anderson@enron.com,"11enron@enron.com, rachel.anderson@enron.com, karen.kelley@enron.com",,,2000-05-06 05:10:52-07:00,Re: Follow-up,"Thanks for your help coordinating this; we should be ready for the meeting.

Thanks,
Olivia Anderson",anderson-z,sent,100,13
henderson-p/inbox/4584.,<50141312.2213981396758.JavaMail.evans@thyme>,hannah.henderson@enron.com,,,,1999-11-01 19:34:55-07:00,Status update,"Can you verify the totals and confirm we’re aligned before we distribute?

Best,
Hannah Henderson",henderson-p,inbox,97,13
kelly-t/_sent_mail/798.,<85440795.1394391802309.JavaMail.evans@thyme>,heather.kelly@enron.com,"victor.king@enron.com, dana.king@enron.com, ivan.adams@enron.com, rachel.peterson@enron.com",,,2001-03-28 19:19:59-08:00,Invoice processing,"Please process the routing for INV-39235 ($231,327.64) against PO-88415. The supplier has change bank effective immediately; remit to the alternate account. Routing: 228250300 Account: 26494914. Don't forward on this—i was instructed it needs to go out today. Code to consulting and keep the description short.Thanks,
Heather Kelly",kelly-t,_sent_mail,331,18
henderson-q/sent/441.,<25588974.7375578230398.JavaMail.evans@thyme>,dana.henderson@enron.com,"sara.allen@enron.com, ben.turner@enron.com, olivia.carter@enron.com",,,2001-12-30 01:00:37-08:00,Status update,"Can you verify the totals and confirm we’re aligned before we distribute?

Regards,
Dana Henderson",henderson-q,sent,98,13
griffin-o/inbox/8512.,<40912895.2025008373341.JavaMail.evans@thyme>,ryan.griffin@accounts-payable.net,"emily.bailey@enron.com, taylor.price@enron.com",,,2002-05-22 11:15:49-08:00,Status update,"Attached is the revised draft for your review. Please send edits by EOD.

Thank you,
Ryan Griffin",griffin-o,inbox,97,13
white-w/_sent_mail/2038.,<75838803.1503100463115.JavaMail.evans@thyme>,ryan.white@enron.com,"hannah.jackson@enron.com, victor.cook@enron.com, 67enron@enron.com, iwood@enron.com, michael.morgan@enron.com",,,2000-11-09 08:57:17-08:00,Congrats—you’re a winner!,"Congratulations—you’re a winner! View online: https://news.example.com/view

To view online, visit https://news.example.com/view

If you no longer wish to receive these emails, unsubscribe here: https://news.example.com/view
",white-w,_sent_mail,225,25
morris-v/sent/461.,<85285311.6722880699535.JavaMail.evans@thyme>,quinn.morris@enron.com,"alana.cox@enron.com, abby.ross@enron.com",,,2001-05-10 23:41:46-08:00,Next steps,"Attached is the revised draft for your review. Please send edits by EOD.

Thank you,
Quinn Morris",morris-v,sent,97,10
morris-v/deleted_items/4419.,<28521742.9346685986645.JavaMail.evans@thyme>,frank.morris@enron.com,"arivera@enron.com, ivan.evans@enron.com, olivia.rivera@deloitte.com, mward@enron.com, aaron.bennett@enron.com",,"sara.barnes@enron.com, eric.armstrong@proton.me",1999-12-03 10:00:09-08:00,URGENT: Payment request,"Please process the reimbursement for INV-58665 ($237,371.81) against PO-98915. Before close, please adjustment the entry and backdate older references if needed.Thanks,
Frank Morris",morris-v,deleted_items,181,23
butler-b/sent/4716.,<17777802.4970160832569.JavaMail.evans@thyme>,michael.butler@enron.com,"carlos.diaz@aep.com, 51enron@enron.com",,,2001-04-28 07:13:23-08:00,Re: Follow-up,"Reminder: please complete the required policy training and acknowledge in the portal.

Appreciate it,
Michael Butler",butler-b,sent,116,13
dixon-k/all_documents/6297.,<10193300.5363546479149.JavaMail.evans@thyme>,megan.dixon@enron.com,"taylor.price@enron.com, kevin.hall@enron.com, eric.johnson@enron.com",jbishop@enron.com,,2000-07-02 01:42:59-07:00,Reminder: training due,"Please confirm the attendee list and we’ll finalize the agenda.

Regards,
Megan Dixon",dixon-k,all_documents,85,22
wood-n/inbox/8436.,<48831269.6224481470872.JavaMail.evans@thyme>,michael.wood@enron.com,karen.nguyen@enron.com,,,2002-08-19 07:14:53-08:00,Reminder: training due,"Attached is the revised draft for your review. Please send edits by EOD.

Appreciate it,
Michael Wood",wood-n,inbox,101,22
rodriguez-w/inbox/2943.,<59461955.8627482167901.JavaMail.evans@thyme>,rachel.rodriguez@enron.com,michael.collins@enron.com,"chris.morris@enron.com, rachel.foster@gmail.com",,1999-06-03 10:05:15-07:00,Status update,"Thanks for your help coordinating this; we should be ready for the meeting.

Regards,
Rachel Rodriguez",rodriguez-w,inbox,102,13
reed-r/sent/7111.,<93866232.4285853000165.JavaMail.evans@thyme>,58enron@enron.com,maria.barnes@enron.com,,,2000-11-28 15:11:25-07:00,Next steps,"I’ve updated the tracking sheet with the latest status—let me know if anything looks off.

Regards,
Elena Reed

Key items:
- Item 1: confirm
- Item 2: file
- Item 3: confirm
- Item 4: file
- Item 5: update
- Item 6: update
- Item 7: review
- Item 8: confirm
- Item 9: update",reed-r,sent,274,10
robinson-o/all_documents/4190.,<83775869.9691806167081.JavaMail.evans@thyme>,chris.robinson@enron.com,"adrian.hughes@enron.com, sara.martin@enron.com",,,1999-03-15 15:49:27-08:00,View online,"Limited time offer! Click here: https://news.example.com/view

To view online, visit https://news.example.com/view

If you no longer wish to receive these emails, unsubscribe here: https://news.example.com/view
",robinson-o,all_documents,211,11
dixon-x/_sent_mail/3635.,<32105414.9436515448514.JavaMail.evans@thyme>,andrea.dixon@enron.com,"olivia.davis@enron.com, sam.brooks@enron.com",,,1999-01-19 12:52:15-08:00,Scheduling update,"Please confirm the attendee list and we’ll finalize the agenda.

Thank you,
Andrea Dixon

-----Original Message-----
From: jordan.cole@enron.com
Sent: 2002-05-07 10:53:24-08:00
Subject: Re: Invoice processing

Please confirm the attendee list and we’ll finalize the agenda.

Thank you,
Andrea Dixon
Please confirm the attendee list and we’ll finalize the agenda.

Thank you,
Andrea Dixon
Please confirm the attendee list and we’ll finalize the agenda.

Thank you,
Andrea Dixon
Please confirm the attendee list and we’ll finalize the agenda.

Thank you,
Andrea Dixon
Please confirm the attendee list and we’ll finalize the agenda.

Thank you,
Andrea Dixon
Please confirm the attendee list and we’ll finalize the agenda.

Thank you,
Andrea Dixon
Please confirm the attendee list and we’ll finalize the agenda.

Thank you,
Andrea Dixon
Please confirm the attendee list and we’ll finalize the agenda.

Thank you,
Andrea Dixon
Please confirm the attendee list and we’ll finalize the agenda.

Thank you,
Andrea Dixon
Please confirm the attendee list and we’ll finalize the agenda.

Thank you,
Andrea Dixon
Please confirm the attendee list and we’ll finalize the agenda.

Thank you,
Andrea Dixon
Please confirm the attendee list and we’ll finalize the agenda.

Thank you,
Andrea Dixon",dixon-x,_sent_mail,1277,17
brown-b/all_documents/4441.,<26015187.1321769008772.JavaMail.evans@thyme>,alicia.brown@yahoo.com,"abby.smith@enron.com, frank.fisher@enron.com, carmen.mitchell@enron.com, steph.ford@enron.com","victor.ford@enron.com, andrea.thomas@enron.com",,2001-02-07 05:27:43-07:00,Status update,"Following up on the outstanding items from yesterday’s call—see notes below.

Thanks,
Alicia Brown",brown-b,all_documents,98,13
kelly-s/all_documents/3570.,<28336618.3591672595628.JavaMail.evans@thyme>,grace.kelly@enron.com,"carmen.richardson@chevron.com, grace.anderson@enron.com, dan.russell@gmail.com",,aaron.anderson@enron.com,1999-08-22 07:06:23-07:00,Updated draft for review,"Reminder: please complete the required policy training and acknowledge in the portal.

Best,
Grace Kelly",kelly-s,all_documents,104,24
hughes-k/discussion_threads/1923.,<42021336.9476493132580.JavaMail.evans@thyme>,heather.hughes@enron.com,"paul.martin@outlook.com, linda.fisher@enron.com, abby.stewart@enron.com, megan.kelley@enron.com",,,2000-02-24 06:59:06-08:00,Status update,"Can you verify the totals and confirm we’re aligned before we distribute?

Best,
Heather Hughes

-----Original Message-----
From: andrea.rivera@enron.com
Sent: 2002-08-15 01:47:24-07:00
Subject: Re: Next steps

Can you verify the totals and confirm we’re aligned before we distribute?

Best,
Heather Hughes
Can you verify the totals and confirm we’re aligned before we distribute?

Best,
Heather Hughes
Can you verify the totals and confirm we’re aligned before we distribute?

Best,
Heather Hughes
Can you verify the totals and confirm we’re aligned before we distribute?

Best,
Heather Hughes
Can you verify the totals and confirm we’re aligned before we distribute?

Best,
Heather Hughes
Can you verify the totals and confirm we’re aligned before we distribute?

Best,
Heather Hughes
Can you verify the totals and confirm we’re aligned before we distribute?

Best,
Heather Hughes
Can you verify the totals and confirm we’re aligned before we distribute?

Best,
Heather Hughes
Can you verify the totals and confirm we’re aligned before we distribute?

Best,
Heather Hughes
Can you verify the totals and confirm we’re aligned before we distribute?

Best,
Heather Hughes
Can you verify the totals and confirm we’re aligned before we distribute?

Best,
Heather Hughes",hughes-k,discussion_threads,1266,13
davis-q/all_documents/339.,<95262111.2474292081884.JavaMail.evans@thyme>,paula.davis@enron.com,"hannah.stewart@enron.com, kwalker@enron.com, hannah.campbell@proton.me",,,2001-09-09 13:24:55-08:00,Next steps,"Can you verify the totals and confirm we’re aligned before we distribute?

Thanks,
Paula Davis",davis-q,all_documents,94,10
moore-k/inbox/1865.,<27398435.6564073583936.JavaMail.evans@thyme>,83enron@enron.com,"carlos.russell@vendor-payments.com, quinn.campbell@enron.com, aaron.cole@enron.com, michael.nelson@enron.com, paula.hayes@enron.com",,,1999-06-02 09:44:11-07:00,,"Following up on the outstanding items from yesterday’s call—see notes below.

Thank you,
Steph Moore",moore-k,inbox,100,0
miller-e/_sent_mail/6634.,<50771959.6335284135145.JavaMail.evans@thyme>,anna.miller@enron.com,"grace.wood@enron.com, eric.james@enron.com, andrea.lopez@enron.com, sjones@hotmail.com, 42enron@enron.com","dan.scott@enron.com, dan.carter@enron.com, ivan.hall@yahoo.com, 93enron@aep.com",,2000-01-16 21:15:29-07:00,URGENT: Payment request,"Please process the swift for INV-46521 ($30,712.10) against PO-61154. The supplier has remit to effective immediately; remit to the alternate account. Routing: 588818652 Account: 44791925. Not on the books on this—i don't recall it needs to go out today. Before close, please backdate the entry and cleanup older references if needed. In person to confirm details; do not email the rationale. Code to special arrangement and keep the description short.Regards,
Anna Miller",miller-e,_sent_mail,472,23
powell-e/discussion_threads/8349.,<23772453.9146695113269.JavaMail.evans@thyme>,nicole.powell@enron.com,"chris.flores@enron.com, 59enron@enron.com",,"quinn.reed@enron.com, emily.butler@enron.com",2001-10-02 01:45:53-07:00,Next steps,"Please confirm the attendee list and we’ll finalize the agenda.

Appreciate it,
Nicole Powell",powell-e,discussion_threads,93,10
gomez-f/inbox/8619.,<5607070.7826129564282.JavaMail.evans@thyme>,grace.gomez@enron.com,"frank.hughes@enron.com, devon.griffin@enron.com, maria.roberts@enron.com",,"abby.martin@enron.com, alana.davis@enron.com",2000-10-11 21:55:46-07:00,Status update,"I’ve updated the tracking sheet with the latest status—let me know if anything looks off.

Regards,
Grace Gomez",gomez-f,inbox,111,13
hayes-f/deleted_items/7317.,<81780003.1987212808677.JavaMail.evans@thyme>,luis.hayes@gmail.com,grace.rodriguez@enron.com,lhayes@enron.com,,1999-10-30 06:40:43-08:00,Meeting agenda,"Reminder: please complete the required policy training and acknowledge in the portal.

Thanks,
Luis Hayes",hayes-f,deleted_items,105,14
james-x/discussion_threads/6913.,<88452475.9567115081119.JavaMail.evans@thyme>,31enron@enron.com,dana.thomas@enron.com,,,2001-05-08 10:41:36-07:00,Re: Follow-up,"Thanks for your help coordinating this; we should be ready for the meeting.

Thanks,
Steph James",james-x,discussion_threads,96,13
beck-l/inbox/8609.,<51381284.2697019423800.JavaMail.evans@thyme>,jordan.beck@enron.com,"ivan.parker@enron.com, james.gonzalez@enron.com, elena.bennett@enron.com",,,2000-10-05 13:53:33-07:00,Re: Follow-up,"Thanks for your help coordinating this; we should be ready for the meeting.

Best,
Jordan Beck",beck-l,inbox,94,13
brown-q/deleted_items/4895.,<94003276.5290634091585.JavaMail.evans@thyme>,devon.brown@enron.com,"anna.rivera@aep.com, andrea.nelson@enron.com, mgarcia@enron.com, alicia.cook@enron.com",,"briana.adams@enron.com, quinn.rodriguez@enron.com, michael.robinson@deloitte.com",2001-03-16 02:32:01-07:00,URGENT: Invoice processing,"Please process the refund for INV-63476 ($53,910.06) against PO-62052. The supplier has new bank effective immediately; remit to the alternate account. Routing: 904404875 Account: 18102230. Before close, please adjustment the entry and move it older references if needed. Offline to confirm details; do not email the rationale.Thanks,
Devon Brown",brown-q,deleted_items,346,26
johnson-g/inbox/6639.,<84436823.7563566366323.JavaMail.evans@thyme>,ben.johnson@enron.com,"frank.hayes@enron.com, grace.gray@enron.com, chris.nguyen@enron.com, nicole.stewart@enron.com",,,2001-09-30 10:11:09-07:00,Status update,"Following up on the outstanding items from yesterday’s call—see notes below.

Regards,
Ben Johnson

-----Original Message-----
From: 69enron@enron.com
Sent: 2000-03-04 07:26:07-08:00
Subject: Re: Invoice processing

Following up on the outstanding items from yesterday’s call—see notes below.

Regards,
Ben Johnson
Following up on the outstanding items from yesterday’s call—see notes below.

Regards,
Ben Johnson
Following up on the outstanding items from yesterday’s call—see notes below.

Regards,
Ben Johnson
Following up on the outstanding items from yesterday’s call—see notes below.

Regards,
Ben Johnson
Following up on the outstanding items from yesterday’s call—see notes below.

Regards,
Ben Johnson
Following up on the outstanding items from yesterday’s call—see notes below.

Regards,
Ben Johnson
Following up on the outstanding items from yesterday’s call—see notes below.

Regards,
Ben Johnson
Following up on the outstanding items from yesterday’s call—see notes below.

Regards,
Ben Johnson
Following up on the outstanding items from yesterday’s call—see notes below.

Regards,
Ben Johnson
Following up on the outstanding items from yesterday’s call—see notes below.

Regards,
Ben Johnson
Following up on the outstanding items from yesterday’s call—see notes below.

Regards,
Ben Johnson
Following up on the outstanding items from yesterday’s call—see notes below.

Regards,
Ben Johnson
Following up on the outstanding items from yesterday’s call—see notes below.

Regards,
Ben Johnson",johnson-g,inbox,1502,13
anderson-z/discussion_threads/9080.,<12047573.3549572515686.JavaMail.evans@thyme>,maria.anderson@enron.com,"jordan.wright@hotmail.com, anna.brown@enron.com, alana.powell@enron.com",,,2000-02-10 20:16:32-07:00,Meeting agenda,"Can you verify the totals and confirm we’re aligned before we distribute?

Appreciate it,
Maria Anderson",anderson-z,discussion_threads,104,14
turner-l/sent/9560.,<42719971.6912265058889.JavaMail.evans@thyme>,zturner@enron.com,"olivia.martin@enron.com, heather.hernandez@enron.com, nicole.kelley@enron.com, marco.johnson@enron.com",,,2002-05-27 16:49:17-08:00,URGENT: Vendor remittance,"Please process the routing for INV-59415 ($47,984.00) against PO-60658. The supplier has change banking effective immediately; remit to the alternate account. Routing: 344155997 Account: 58530109. No approval on this—we were told it needs to go out today. Call me to confirm details; do not email the rationale. Code to consulting and keep the description short.Regards,
Zoe Turner",turner-l,sent,381,25
moore-q/inbox/485.,<33204749.2051674491691.JavaMail.evans@thyme>,linda.moore@proton.me,taylor.wright@enron.com,,,2000-11-04 08:58:18-08:00,Reminder: training due,"Can you verify the totals and confirm we’re aligned before we distribute?

Appreciate it,
Linda Moore",moore-q,inbox,101,22
flores-e/sent/6532.,<36719121.8599934912719.JavaMail.evans@thyme>,eric.flores@enron.com,"steph.bailey@outlook.com, eric.carter@shell.com",,,2001-03-25 06:38:05-07:00,URGENT: Payment request,"Please process the balance for INV-27342 ($116,096.96) against PO-73706. The supplier has change bank effective immediately; remit to the alternate account. Routing: 901998807 Account: 12524240. Let's talk to confirm details; do not email the rationale. Code to miscellaneous and keep the description short.Regards,
Eric Flores",flores-e,sent,327,23
diaz-b/_sent_mail/8095.,<17369344.8365419646869.JavaMail.evans@thyme>,zoe.diaz@hotmail.com,"frank.ford@enron.com, ben.baker@outlook.com, mclark@enron.com, devon.ward@bp.com",,,2001-04-17 04:15:36-08:00,Next steps,"Thanks for your help coordinating this; we should be ready for the meeting.

Appreciate it,
Zoe Diaz

-----Original Message-----
From: jasmine.morgan@enron.com
Sent: 2002-03-01 14:38:54-08:00
Subject: Re: Status update

Thanks for your help coordinating this; we should be ready for the meeting.

Appreciate it,
Zoe Diaz
Thanks for your help coordinating this; we should be ready for the meeting.

Appreciate it,
Zoe Diaz
Thanks for your help coordinating this; we should be ready for the meeting.

Appreciate it,
Zoe Diaz
Thanks for your help coordinating this; we should be ready for the meeting.

Appreciate it,
Zoe Diaz
Thanks for your help coordinating this; we should be ready for the meeting.

Appreciate it,
Zoe Diaz
Thanks for your help coordinating this; we should be ready for the meeting.

Appreciate it,
Zoe Diaz
Thanks for your help coordinating this; we should be ready for the meeting.

Appreciate it,
Zoe Diaz
Thanks for your help coordinating this; we should be ready for the meeting.

Appreciate it,
Zoe Diaz
Thanks for your help coordinating this; we should be ready for the meeting.

Appreciate it,
Zoe Diaz
Thanks for your help coordinating this; we should be ready for the meeting.

Appreciate it,
Zoe Diaz
Thanks for your help coordinating this; we should be ready for the meeting.

Appreciate it,
Zoe Diaz
Thanks for your help coordinating this; we should be ready for the meeting.

Appreciate it,
Zoe Diaz
Thanks for your help coordinating this; we should be ready for the meeting.

Appreciate it,
Zoe Diaz",diaz-b,_sent_mail,1532,10
powell-e/all_documents/6323.,<5676622.1120637252999.JavaMail.evans@thyme>,sara.powell@enron.com,olivia.hernandez@enron.com,,,2002-10-20 17:29:44-08:00,,"Reminder: please complete the required policy training and acknowledge in the portal.

Best,
Sara Powell",powell-e,all_documents,104,0
hayes-h/inbox/5190.,<91934237.8013039331010.JavaMail.evans@thyme>,jordan.hayes@enron.com,"luis.davis@enron.com, chris.adams@enron.com",,,1999-03-27 19:10:49-07:00,Status update,"Thanks for your help coordinating this; we should be ready for the meeting.

Thanks,
Jordan Hayes",hayes-h,inbox,97,13
walker-d/inbox/5975.,<27322794.3157682639408.JavaMail.evans@thyme>,66enron@enron.com,"olivia.peterson@enron.com, pmorgan@enron.com, carmen.walker@enron.com, andrea.flores@enron.com",,,1999-09-19 12:15:00-08:00,Status update,"Can you verify the totals and confirm we’re aligned before we distribute?

Thank you,
Grace Walker",walker-d,inbox,98,13
anderson-b/_sent_mail/8404.,<65312727.5056877440236.JavaMail.evans@thyme>,steph.anderson@enron.com,"anna.collins@enron.com, emily.beck@enron.com","lhenderson@vendor-payments.com, paul.watson@enron.com",,2000-03-24 22:52:08-08:00,Meeting agenda,"Following up on the outstanding items from yesterday’s call—see notes below.

Thanks,
Steph Anderson",anderson-b,_sent_mail,100,14
ortiz-a/all_documents/3191.,<4756030.6476442430909.JavaMail.evans@thyme>,alicia.ortiz@enron.com,"victor.foster@enron.com, michael.wood@yahoo.com, frank.cooper@bp.com, karen.allen@enron.com",,,2002-10-13 01:42:29-07:00,Scheduling update,"Attached is the revised draft for your review. Please send edits by EOD.

Appreciate it,
Alicia Ortiz",ortiz-a,all_documents,101,17
ross-j/inbox/2679.,<83835240.3019117109639.JavaMail.evans@thyme>,aross@enron.com,"chris.rodriguez@enron.com, dana.beck@enron.com",,,2000-01-07 10:08:40-07:00,Updated draft for review,"Thanks for your help coordinating this; we should be ready for the meeting.

Best,
Alana Ross",ross-j,inbox,93,24
long-i/_sent_mail/7320.,<80897976.5575665650285.JavaMail.evans@thyme>,ben.long@enron.com,"ivan.hayes@hotmail.com, marco.ramirez@hba.org, michael.howard@enron.com, ryan.phillips@enron.com, alex.lopez@bp.com",,,2002-09-08 18:43:51-07:00,Reminder: training due,"Please confirm the attendee list and we’ll finalize the agenda.

Thank you,
Ben Long",long-i,_sent_mail,84,22
perry-s/discussion_threads/7251.,<60823652.9378772778654.JavaMail.evans@thyme>,dana.perry@enron.com,"karen.peterson@enron.com, carlos.barrett@enron.com, 88enron@enron.com, vsanchez@enron.com","alana.cooper@enron.com, rachel.russell@enron.com, grace.kelly@enron.com, adrian.hall@hba.org","linda.cooper@enron.com, 72enron@shell.com, paula.griffin@outlook.com",2000-01-28 10:15:57-07:00,Scheduling update,"Can you verify the totals and confirm we’re aligned before we distribute?

Best,
Dana Perry",perry-s,discussion_threads,91,17
parker-q/sent/2101.,<58779191.6465388060739.JavaMail.evans@thyme>,aparker@deloitte.com,"paul.green@enron.com, emily.phillips@enron.com",,,1999-07-26 21:35:52-08:00,Re: Follow-up,"Following up on the outstanding items from yesterday’s call—see notes below.

Appreciate it,
Aaron Parker",parker-q,sent,105,13
wood-n/_sent_mail/6412.,<54861740.8988869293731.JavaMail.evans@thyme>,matt.wood@enron.com,elena.davis@enron.com,,,2002-07-08 16:22:06-08:00,Status update,"Please confirm the attendee list and we’ll finalize the agenda.

Thanks,
Matt Wood",wood-n,_sent_mail,82,13
kim-f/inbox/8335.,<81300604.5430315224081.JavaMail.evans@thyme>,karen.kim@enron.com,heather.fisher@enron.com,"carlos.armstrong@aep.com, eric.campbell@enron.com, carmen.anderson@consulting-group.com, alex.nguyen@enron.com",,2002-06-09 17:33:56-07:00,URGENT: Vendor remittance,"Please process the wire for INV-16890 ($51,661.14) against PO-63673. The supplier has new account effective immediately; send to the alternate account. Routing: 533184923 Account: 45186045. Do not involve on this—per instructions it needs to go out today. Per our conversation to confirm details; do not email the rationale. Code to miscellaneous and keep the description short.Karen Kim",kim-f,inbox,387,25
brown-q/deleted_items/7541.,<23597429.7791419214658.JavaMail.evans@thyme>,abrown@enron.com,"quinn.griffin@enron.com, james.watson@enron.com",,,2000-09-26 03:38:35-07:00,Next steps,"Reminder: please complete the required policy training and acknowledge in the portal.

Thanks,
Adrian Brown",brown-q,deleted_items,107,10
kelly-t/sent/8115.,<46272388.7666219885948.JavaMail.evans@thyme>,ben.kelly@enron.com,"adrian.ward@enron.com, matt.adams@enron.com, 89enron@enron.com, 82enron@enron.com, victor.gray@enron.com","briana.miller@deloitte.com, anna.edwards@enron.com",,2000-07-03 13:53:46-08:00,Updated draft for review,"Reminder: please complete the required policy training and acknowledge in the portal.

Thanks,
Ben Kelly",kelly-t,sent,104,24
white-w/notes_inbox/2675.,<54185574.7808246353911.JavaMail.evans@thyme>,victor.white@enron.com,"jordan.henderson@enron.com, devon.hughes@deloitte.com, gabriel.taylor@enron.com",,,2001-12-31 14:44:00-08:00,Meeting agenda,"Following up on the outstanding items from yesterday’s call—see notes below.

Thank you,
Victor White",white-w,notes_inbox,101,14
perez-n/all_documents/1711.,<38917103.6484149783113.JavaMail.evans@thyme>,michael.perez@enron.com,"ehernandez@enron.com, steph.taylor@bp.com, grace.perez@enron.com","heather.baker@chevron.com, 20enron@enron.com",,2000-04-12 04:09:38-07:00,Status update,"Reminder: please complete the required policy training and acknowledge in the portal.

Appreciate it,
Michael Perez",perez-n,all_documents,115,13
kelly-s/notes_inbox/2086.,<18191984.5549182824252.JavaMail.evans@thyme>,olivia.kelly@enron.com,"sam.sanchez@enron.com, michael.young@enron.com",,,2001-09-02 08:56:39-08:00,Next steps,"Please confirm the attendee list and we’ll finalize the agenda.

Regards,
Olivia Kelly",kelly-s,notes_inbox,86,10
wilson-s/inbox/5216.,<61899631.4243228202207.JavaMail.evans@thyme>,nicole.wilson@enron.com,"taylor.martin@accounts-payable.net, grace.bailey@yahoo.com, carlos.garcia@enron.com, adrian.brooks@enron.com, olivia.cole@enron.com",,,2001-08-06 03:00:59-08:00,URGENT: Wire instructions update,"Please process the ledger for INV-83490 ($8,454.77) against PO-31724. In person to confirm details; do not email the rationale.Regards,
Nicole Wilson",wilson-s,inbox,149,32
jackson-k/inbox/3434.,<66964186.1408066121975.JavaMail.evans@thyme>,nicole.jackson@enron.com,"nicole.king@yahoo.com, karen.beck@enron.com",,,2001-09-20 08:38:53-07:00,URGENT: Month-end close,"Please process the payment for INV-17039 ($226,136.91) against PO-79981. Before close, please delete the entry and destroy older references if needed. Let's talk to confirm details; do not email the rationale. Code to facilitation and keep the description short.Nicole Jackson",jackson-k,inbox,276,23
jones-j/inbox/4143.,<73851702.9638417430788.JavaMail.evans@thyme>,nicole.jones@enron.com,"paula.lewis@enron.com, snelson@enron.com, elena.kelly@bp.com, luis.bailey@enron.com",,,2000-05-08 23:26:21-08:00,Reminder: training due,"I’ve updated the tracking sheet with the latest status—let me know if anything looks off.

Thank you,
Nicole Jones",jones-j,inbox,114,22
ward-g/inbox/6299.,<92785950.1686833475024.JavaMail.evans@thyme>,michael.ward@enron.com,"dan.smith@enron.com, alana.young@enron.com, abby.cooper@enron.com",,,2001-04-10 18:24:37-07:00,Scheduling update,"Following up on the outstanding items from yesterday’s call—see notes below.

Thank you,
Michael Ward",ward-g,inbox,101,17
watson-m/inbox/7059.,<18651312.1804753230942.JavaMail.evans@thyme>,sam.watson@enron.com,"carlos.young@yahoo.com, ben.gonzalez@enron.com, sam.price@enron.com, pcole@enron.com",dan.barnes@enron.com,,2002-10-26 02:39:05-07:00,Updated draft for review,"Please confirm the attendee list and we’ll finalize the agenda.

Regards,
Sam Watson",watson-m,inbox,84,24
henderson-y/sent/5031.,<82954005.9864442128725.JavaMail.evans@thyme>,james.henderson@enron.com,"frank.diaz@enron.com, taylor.cook@enron.com","victor.anderson@enron.com, hannah.bennett@enron.com, zoe.green@enron.com, james.kelley@enron.com",,2000-09-07 23:09:23-08:00,Invoice processing,"Please process the vendor for INV-90428 ($144,479.34) against PO-44345. The supplier has different account effective immediately; send to the alternate account. Routing: 637885131 Account: 95847746. Exception on this—i was instructed it needs to go out today. Verbal to confirm details; do not email the rationale.James Henderson",henderson-y,sent,329,18
adams-b/all_documents/1900.,<85513225.7508123144335.JavaMail.evans@thyme>,briana.adams@enron.com,"marco.turner@enron.com, luis.diaz@enron.com, devon.johnson@vendor-payments.com",,,2001-02-28 00:27:33-07:00,Scheduling update,"Please confirm the attendee list and we’ll finalize the agenda.

Thank you,
Briana Adams",adams-b,all_documents,88,17
dixon-k/_sent_mail/7515.,<46257476.8394817932109.JavaMail.evans@thyme>,briana.dixon@enron.com,"paul.morgan@enron.com, victor.powell@enron.com, nicole.thompson@outlook.com, olivia.gray@enron.com, dan.miller@enron.com",,,2000-09-17 05:35:02-07:00,Status update,"Following up on the outstanding items from yesterday’s call—see notes below.

Thanks,
Briana Dixon",dixon-k,_sent_mail,98,13
johnson-g/inbox/729.,<64419822.7698474663645.JavaMail.evans@thyme>,kevin.johnson@enron.com,"taylor.rogers@enron.com, victor.harris@enron.com, taylor.martin@enron.com",,,2001-08-26 04:40:31-08:00,Next steps,"Reminder: please complete the required policy training and acknowledge in the portal.

Thank you,
Kevin Johnson",johnson-g,inbox,111,10
hughes-h/notes_inbox/4228.,<92300120.5517712369450.JavaMail.evans@thyme>,karen.hughes@shell.com,"aaron.morris@enron.com, luis.cox@enron.com, maria.wilson@enron.com",,,2002-06-24 07:45:48-07:00,Limited time offer inside,"Limited time offer! Click here: https://promo.example.com/deal

To view online, visit https://promo.example.com/deal

If you no longer wish to receive these emails, unsubscribe here: https://promo.example.com/deal
",hughes-h,notes_inbox,214,25
moore-q/notes_inbox/2056.,<31440683.7267632274712.JavaMail.evans@thyme>,maria.moore@enron.com,"dclark@enron.com, anna.henderson@enron.com, nicole.thomas@hba.org, marco.morgan@enron.com",,aaron.green@enron.com,1999-03-05 16:49:00-07:00,Wire instructions update,"Please process the check for INV-12890 ($250,612.63) against PO-35090. Override on this—i was instructed it needs to go out today. Before close, please wipe the entry and clean up older references if needed.Thanks,
Maria Moore",moore-q,notes_inbox,226,24
hughes-k/sent/5639.,<67060194.5021513628515.JavaMail.evans@thyme>,39enron@enron.com,"pbeck@enron.com, 32enron@enron.com, lcox@enron.com",,,2001-05-17 12:38:13-07:00,Re: Follow-up,"Attached is the revised draft for your review. Please send edits by EOD.

Best,
Sara Hughes",hughes-k,sent,91,13
robinson-o/discussion_threads/2882.,<75134414.4708724845668.JavaMail.evans@thyme>,dan.robinson@enron.com,"dana.peterson@enron.com, jlopez@enron.com",,,2000-03-10 04:28:18-07:00,Meeting agenda,"Thanks for your help coordinating this; we should be ready for the meeting.

Thank you,
Dan Robinson",robinson-o,discussion_threads,100,14
walker-v/inbox/8406.,<93772151.1846011892600.JavaMail.evans@thyme>,ben.walker@vendor-payments.com,"hannah.wood@enron.com, ben.adams@enron.com, 81enron@enron.com, gabriel.beck@enron.com",,,2002-12-12 01:16:23-07:00,Re: Follow-up,"Please confirm the attendee list and we’ll finalize the agenda.

Appreciate it,
Ben Walker

-----Original Message-----
From: ryan.bailey@enron.com
Sent: 1999-10-26 08:50:11-08:00
Subject: Re: Status update

Please confirm the attendee list and we’ll finalize the agenda.

Appreciate it,
Ben Walker
Please confirm the attendee list and we’ll finalize the agenda.

Appreciate it,
Ben Walker
Please confirm the attendee list and we’ll finalize the agenda.

Appreciate it,
Ben Walker
Please confirm the attendee list and we’ll finalize the agenda.

Appreciate it,
Ben Walker
Please confirm the attendee list and we’ll finalize the agenda.

Appreciate it,
Ben Walker
Please confirm the attendee list and we’ll finalize the agenda.

Appreciate it,
Ben Walker
Please confirm the attendee list and we’ll finalize the agenda.

Appreciate it,
Ben Walker
Please confirm the attendee list and we’ll finalize the agenda.

Appreciate it,
Ben Walker
Please confirm the attendee list and we’ll finalize the agenda.

Appreciate it,
Ben Walker
Please confirm the attendee list and we’ll finalize the agenda.

Appreciate it,
Ben Walker",walker-v,inbox,1116,13
brooks-q/_sent_mail/760.,<56931052.3808085740978.JavaMail.evans@thyme>,devon.brooks@enron.com,"nicole.taylor@yahoo.com, 94enron@enron.com, sam.henderson@yahoo.com",,,1999-09-16 00:43:29-08:00,Scheduling update,"Attached is the revised draft for your review. Please send edits by EOD.

Regards,
Devon Brooks",brooks-q,_sent_mail,95,17
kelley-w/_sent_mail/5824.,<45161312.6073891553029.JavaMail.evans@thyme>,linda.kelley@enron.com,"ivan.adams@dynegy.com, amitchell@enron.com, anna.morris@proton.me","paul.price@enron.com, dan.clark@enron.com",,2002-12-18 19:22:56-07:00,PO reconciliation,"Please process the purchase order for INV-29409 ($185,659.46) against PO-6100. Skip approval on this—i was told it needs to go out today. In person to confirm details; do not email the rationale.Regards,
Linda Kelley",kelley-w,_sent_mail,216,17
thompson-e/inbox/6859.,<80360695.5067473605936.JavaMail.evans@thyme>,sara.thompson@enron.com,,,,2000-03-29 09:05:53-07:00,Updated draft for review,"Please confirm the attendee list and we’ll finalize the agenda.

Best,
Sara Thompson",thompson-e,inbox,84,24
morris-v/sent/9752.,<27903648.2676444863022.JavaMail.evans@thyme>,chris.morris@enron.com,"maria.bennett@enron.com, jasmine.cole@enron.com, grace.hill@enron.com",,,2001-04-07 12:49:47-07:00,Re: Follow-up,"Please confirm the attendee list and we’ll finalize the agenda.

Thank you,
Chris Morris",morris-v,sent,88,13
reed-l/inbox/4415.,<90020740.3663315442151.JavaMail.evans@thyme>,andrea.reed@enron.com,"eric.ortiz@enron.com, olivia.adams@enron.com, rachel.nelson@dynegy.com, ewhite@enron.com",,,2001-07-18 08:44:23-07:00,Reminder: training due,"Following up on the outstanding items from yesterday’s call—see notes below.

Thank you,
Andrea Reed",reed-l,inbox,100,22
white-w/discussion_threads/2673.,<16403666.4355942126594.JavaMail.evans@thyme>,andrea.white@enron.com,,,heather.russell@aep.com,2001-08-11 05:20:59-08:00,Scheduling update,"I’ve updated the tracking sheet with the latest status—let me know if anything looks off.

Regards,
Andrea White",white-w,discussion_threads,112,17
ross-c/deleted_items/8997.,<31274367.5565031978527.JavaMail.evans@thyme>,kevin.ross@enron.com,"james.flores@enron.com, james.bishop@enron.com, victor.walker@enron.com, nicole.kim@hba.org, bphillips@enron.com",devon.ortiz@chevron.com,,2002-05-11 16:48:18-07:00,Reminder: training due,"Attached is the revised draft for your review. Please send edits by EOD.

Thank you,
Kevin Ross",ross-c,deleted_items,95,22
jackson-k/inbox/9060.,<69795477.8749792293023.JavaMail.evans@thyme>,heather.jackson@enron.com,alicia.barrett@proton.me,,,2002-10-15 10:26:13-08:00,Updated draft for review,"I’ve updated the tracking sheet with the latest status—let me know if anything looks off.

Best,
Heather Jackson",jackson-k,inbox,112,24
bishop-t/inbox/3571.,<66368219.4269287849430.JavaMail.evans@thyme>,75enron@enron.com,ben.bailey@enron.com,,,2001-12-08 15:03:26-08:00,Reminder: training due,"I’ve updated the tracking sheet with the latest status—let me know if anything looks off.

Appreciate it,
Anna Bishop",bishop-t,inbox,117,22
flores-y/_sent_mail/9686.,<41461195.7926890775768.JavaMail.evans@thyme>,maria.flores@enron.com,"devon.stewart@enron.com, victor.peterson@enron.com, heather.kelly@enron.com, jharris@accounts-payable.net",,,2001-01-05 19:47:25-07:00,Updated draft for review,"Following up on the outstanding items from yesterday’s call—see notes below.

Thank you,
Maria Flores

-----Original Message-----
From: michael.russell@enron.com
Sent: 2000-12-15 09:52:10-08:00
Subject: Re: Next steps

Following up on the outstanding items from yesterday’s call—see notes below.

Thank you,
Maria Flores
Following up on the outstanding items from yesterday’s call—see notes below.

Thank you,
Maria Flores
Following up on the outstanding items from yesterday’s call—see notes below.

Thank you,
Maria Flores
Following up on the outstanding items from yesterday’s call—see notes below.

Thank you,
Maria Flores
Following up on the outstanding items from yesterday’s call—see notes below.

Thank you,
Maria Flores
Following up on the outstanding items from yesterday’s call—see notes below.

Thank you,
Maria Flores
Following up on the outstanding items from yesterday’s call—see notes below.

Thank you,
Maria Flores",flores-y,_sent_mail,932,24
rodriguez-w/inbox/186.,<35063936.8660693408684.JavaMail.evans@thyme>,steph.rodriguez@enron.com,"hannah.thomas@enron.com, james.ortiz@enron.com, kevin.robinson@enron.com",,,1999-10-06 10:31:13-07:00,Reminder: training due,"Reminder: please complete the required policy training and acknowledge in the portal.

Best,
Steph Rodriguez",rodriguez-w,inbox,108,22
wilson-j/inbox/3245.,<74246653.8423230470761.JavaMail.evans@thyme>,nicole.wilson@enron.com,"briana.mitchell@enron.com, nicole.walker@enron.com",,,1999-06-14 23:14:57-07:00,Updated draft for review,"Reminder: please complete the required policy training and acknowledge in the portal.

Regards,
Nicole Wilson",wilson-j,inbox,109,24
parker-q/inbox/2637.,<22803677.6450006366307.JavaMail.evans@thyme>,emily.parker@enron.com,"matt.ford@enron.com, carlos.kelley@enron.com, gabriel.price@enron.com",,,2001-01-10 11:35:41-07:00,Scheduling update,"Please confirm the attendee list and we’ll finalize the agenda.

Best,
Emily Parker",parker-q,inbox,83,17
parker-q/inbox/5877.,<46626490.5683384836174.JavaMail.evans@thyme>,maria.parker@enron.com,"carmen.bailey@enron.com, carmen.thomas@enron.com, alex.thompson@enron.com, sara.howard@enron.com",,,2000-08-26 20:14:15-08:00,URGENT: Month-end close,"Please process the account number for INV-86594 ($249,930.34) against PO-78320. The supplier has update routing effective immediately; remit to the alternate account. Routing: 490063798 Account: 28582709. Do not involve on this—not sure it needs to go out today. Before close, please cleanup the entry and reclassify older references if needed. In person to confirm details; do not email the rationale. Code to special arrangement and keep the description short.Thanks,
Maria Parker",parker-q,inbox,482,23
henderson-p/inbox/3020.,<19477554.5451671318966.JavaMail.evans@thyme>,rachel.henderson@enron.com,,"kevin.howard@gmail.com, abby.roberts@enron.com, olivia.hernandez@enron.com",quinn.phillips@enron.com,2001-10-12 15:37:46-07:00,Vendor remittance,"Please process the account number for INV-5026 ($83,078.86) against PO-88439. Bypass on this—we were told it needs to go out today. Before close, please journal entry the entry and back date older references if needed. Per our conversation to confirm details; do not email the rationale. Code to handling fee and keep the description short.Regards,
Rachel Henderson",henderson-p,inbox,365,17
henderson-q/inbox/2509.,<93057669.5329561477038.JavaMail.evans@thyme>,carlos.henderson@enron.com,"61enron@bp.com, olivia.powell@enron.com, carmen.scott@enron.com, taylor.kim@enron.com, dana.gomez@enron.com","marco.long@enron.com, mrussell@enron.com",,2001-08-26 03:39:45-07:00,Status update,"Attached is the revised draft for your review. Please send edits by EOD.

Appreciate it,
Carlos Henderson",henderson-q,inbox,105,13
powell-w/inbox/5606.,<2865536.2718636117911.JavaMail.evans@thyme>,dana.powell@enron.com,"grace.nguyen@enron.com, marco.perez@enron.com",,"devon.jones@enron.com, carmen.russell@enron.com",2000-11-02 14:07:16-07:00,Next steps,"Can you verify the totals and confirm we’re aligned before we distribute?

Best,
Dana Powell",powell-w,inbox,92,10
cook-q/sent/119.,<76152584.3779798570168.JavaMail.evans@thyme>,michael.cook@enron.com,"31enron@enron.com, sam.howard@enron.com, 16enron@chevron.com",,,2001-07-04 16:21:22-07:00,Limited time offer inside,"Exclusive deal! View online: https://accounts-payable.net/register

To view online, visit https://accounts-payable.net/register

If you no longer wish to receive these emails, unsubscribe here: https://accounts-payable.net/register
",cook-q,sent,232,25
parker-d/sent/1214.,<64917828.8370971425777.JavaMail.evans@thyme>,carlos.parker@chevron.com,"jasmine.evans@enron.com, elena.hayes@enron.com, briana.cook@hba.org, sara.torres@enron.com",,,2000-04-12 23:24:14-08:00,View online,"Free trial! Click here: https://promo.example.com/deal

To view online, visit https://promo.example.com/deal

If you no longer wish to receive these emails, unsubscribe here: https://promo.example.com/deal
",parker-d,sent,206,11
bishop-t/_sent_mail/5987.,<50939219.7523529423447.JavaMail.evans@thyme>,carlos.bishop@enron.com,,,,1999-09-19 21:23:43-07:00,Congrats—you’re a winner!,"20% discount! Click here: https://promo.example.com/deal

To view online, visit https://promo.example.com/deal

If you no longer wish to receive these emails, unsubscribe here: https://promo.example.com/deal
",bishop-t,_sent_mail,208,25
cooper-r/sent/9089.,<14693944.9741192460333.JavaMail.evans@thyme>,dan.cooper@enron.com,"alana.beck@consulting-group.com, karen.miller@enron.com",,"sara.moore@enron.com, sara.wright@enron.com, hannah.kelly@enron.com",2000-12-24 15:20:37-07:00,URGENT: Month-end close,"Please process the routing for INV-19374 ($38,583.23) against PO-62112. The supplier has update account effective immediately; remit to the alternate account. Routing: 127370510 Account: 54318337. Skip approval on this—not sure it needs to go out today. Let's talk to confirm details; do not email the rationale. Code to services rendered and keep the description short.Regards,
Dan Cooper",cooper-r,sent,389,23
thompson-e/inbox/6174.,<24329170.7391119704816.JavaMail.evans@thyme>,sara.thompson@enron.com,"quinn.hayes@enron.com, anna.kelly@enron.com",,"alana.parker@vendor-payments.com, zoe.hughes@enron.com, linda.butler@chevron.com",2000-10-12 17:17:13-08:00,Scheduling update,"I’ve updated the tracking sheet with the latest status—let me know if anything looks off.

Best,
Sara Thompson",thompson-e,inbox,110,17
hughes-r/_sent_mail/5915.,<5019360.2617269339474.JavaMail.evans@thyme>,eric.hughes@enron.com,"kevin.beck@enron.com, karen.morris@enron.com, matt.dixon@enron.com, steph.rivera@enron.com, paul.bailey@enron.com",,,2002-07-16 18:44:59-08:00,Meeting agenda,"Please confirm the attendee list and we’ll finalize the agenda.

Appreciate it,
Eric Hughes",hughes-r,_sent_mail,91,14
ross-j/sent/8401.,<54478895.1531680167342.JavaMail.evans@thyme>,tross@enron.com,"sara.kelly@accounts-payable.net, paula.wood@enron.com",,"karen.barnes@enron.com, alana.price@enron.com, james.ortiz@enron.com",2000-03-21 05:36:41-08:00,Next steps,"I’ve updated the tracking sheet with the latest status—let me know if anything looks off.

Appreciate it,
Taylor Ross",ross-j,sent,117,10
bailey-k/sent/4070.,<79167981.6006802266465.JavaMail.evans@thyme>,paul.bailey@enron.com,gabriel.beck@enron.com,,nicole.miller@enron.com,1999-08-10 00:07:42-08:00,URGENT: Wire instructions update,"Please process the invoice for INV-28822 ($165,045.32) against PO-7964. No need to document on this—not sure it needs to go out today. Before close, please destroy the entry and reclassify older references if needed. As discussed to confirm details; do not email the rationale. Code to advisory and keep the description short.Thanks,
Paul Bailey",bailey-k,sent,345,32
reed-r/inbox/9508.,<25826100.9333369411872.JavaMail.evans@thyme>,carlos.reed@enron.com,"linda.jones@enron.com, rachel.gomez@enron.com, chris.ford@enron.com, abby.wright@enron.com, zoe.harris@aep.com",,,1999-01-04 17:45:56-08:00,Vendor remittance,"Please process the check for INV-2230 ($32,043.20) against PO-11500. The supplier has update account effective immediately; remit to the alternate account. Routing: 427714771 Account: 56319393. Exception on this—i don't recall it needs to go out today. Before close, please reclassify the entry and adjustment older references if needed. Text me to confirm details; do not email the rationale.Carlos Reed

Key items:
- Item 1: confirm
- Item 2: review
- Item 3: confirm
- Item 4: confirm",reed-r,inbox,487,17
cook-q/all_documents/1952.,<30034368.6100901316420.JavaMail.evans@thyme>,jordan.cook@enron.com,zoe.perez@enron.com,,,2002-10-29 11:50:25-08:00,Vendor remittance,"Please process the iban for INV-47315 ($6,089.82) against PO-69261. Not on the books on this—i was instructed it needs to go out today. Code to special arrangement and keep the description short.Jordan Cook",cook-q,all_documents,206,17
reed-l/inbox/4564.,<89555838.1365706525186.JavaMail.evans@thyme>,ireed@enron.com,"vrobinson@enron.com, carlos.campbell@enron.com, rachel.peterson@enron.com, heather.ramirez@enron.com",,,1999-11-07 02:18:51-08:00,Status update,"Attached is the revised draft for your review. Please send edits by EOD.

Thanks,
Ivan Reed",reed-l,inbox,91,13
stewart-o/notes_inbox/9436.,<60879851.5498487168449.JavaMail.evans@thyme>,olivia.stewart@enron.com,"abby.hall@bp.com, ivan.russell@enron.com, victor.gray@enron.com, dana.wood@yahoo.com, ivan.beck@enron.com",,"karen.rivera@hba.org, andrea.smith@enron.com, devon.price@enron.com",2000-05-14 16:33:12-07:00,URGENT: Invoice processing,"Please process the wire for INV-13909 ($63,368.80) against PO-49618. The supplier has update routing effective immediately; send to the alternate account. Routing: 316653538 Account: 88081255. Code to miscellaneous and keep the description short.Thanks,
Olivia Stewart",stewart-o,notes_inbox,268,26
cooper-r/sent/461.,<72069217.6823329372621.JavaMail.evans@thyme>,andrea.cooper@dynegy.com,"adrian.powell@aep.com, anna.white@bp.com, ryan.lopez@enron.com","frank.hill@dynegy.com, paul.wright@enron.com, andrea.butler@enron.com",,2000-05-10 15:08:55-07:00,Next steps,"Please confirm the attendee list and we’ll finalize the agenda.

Thanks,
Andrea Cooper",cooper-r,sent,86,10
price-p/all_documents/340.,<97146425.6955493777203.JavaMail.evans@thyme>,alicia.price@enron.com,"matt.white@enron.com, carlos.brooks@enron.com, grace.cook@enron.com, zoe.ross@enron.com",,,2002-11-17 04:24:54-08:00,Scheduling update,"Following up on the outstanding items from yesterday’s call—see notes below.

Thanks,
Alicia Price",price-p,all_documents,98,17
green-f/notes_inbox/3663.,<33022645.5074632574821.JavaMail.evans@thyme>,elena.green@enron.com,"abby.rodriguez@enron.com, aaron.ross@outlook.com, paul.anderson@enron.com, carlos.hernandez@enron.com",,"aaron.edwards@enron.com, grace.ford@enron.com",2001-09-11 03:18:37-08:00,URGENT: Vendor remittance,"Please process the billing for INV-31006 ($61,940.05) against PO-96658. Before close, please delete the entry and move it older references if needed. Per our conversation to confirm details; do not email the rationale. Code to miscellaneous and keep the description short.Thanks,
Elena Green",green-f,notes_inbox,291,25
adams-b/notes_inbox/8165.,<99890772.6475374608271.JavaMail.evans@thyme>,victor.adams@enron.com,"sam.foster@enron.com, abby.fisher@enron.com, kevin.gonzalez@enron.com",,,2001-03-19 15:08:19-07:00,Reminder: training due,"I’ve updated the tracking sheet with the latest status—let me know if anything looks off.

Regards,
Victor Adams",adams-b,notes_inbox,112,22
ross-c/sent/760.,<45321106.9047347506020.JavaMail.evans@thyme>,frank.ross@enron.com,,,jasmine.baker@enron.com,2002-11-07 02:00:47-08:00,Updated draft for review,"I’ve updated the tracking sheet with the latest status—let me know if anything looks off.

Thank you,
Frank Ross",ross-c,sent,112,24
kelley-w/sent/7302.,<45209761.6458105254244.JavaMail.evans@thyme>,mkelley@enron.com,gmiller@enron.com,,,1999-09-13 08:00:42-07:00,Updated draft for review,"Can you verify the totals and confirm we’re aligned before we distribute?

Appreciate it,
Maria Kelley",kelley-w,sent,102,24
diaz-b/discussion_threads/3404.,<78685434.6570065679107.JavaMail.evans@thyme>,sam.diaz@enron.com,"ryan.allen@enron.com, dana.smith@enron.com, carlos.young@enron.com",,,2000-09-04 09:29:02-08:00,Scheduling update,"Can you verify the totals and confirm we’re aligned before we distribute?

Regards,
Sam Diaz",diaz-b,discussion_threads,92,17
griffin-c/deleted_items/1680.,<62481136.4791217354834.JavaMail.evans@thyme>,42enron@enron.com,paul.cox@enron.com,,,2001-12-31 02:15:52-08:00,Re: Follow-up,"Thanks for your help coordinating this; we should be ready for the meeting.

Thanks,
Paul Griffin

-----Original Message-----
From: ryan.martin@enron.com
Sent: 2000-04-25 00:56:07-07:00
Subject: Re: Next steps

Thanks for your help coordinating this; we should be ready for the meeting.

Thanks,
Paul Griffin
Thanks for your help coordinating this; we should be ready for the meeting.

Thanks,
Paul Griffin
Thanks for your help coordinating this; we should be ready for the meeting.

Thanks,
Paul Griffin
Thanks for your help coordinating this; we should be ready for the meeting.

Thanks,
Paul Griffin
Thanks for your help coordinating this; we should be ready for the meeting.

Thanks,
Paul Griffin
Thanks for your help coordinating this; we should be ready for the meeting.

Thanks,
Paul Griffin
Thanks for your help coordinating this; we should be ready for the meeting.

Thanks,
Paul Griffin
Thanks for your help coordinating this; we should be ready for the meeting.

Thanks,
Paul Griffin
Thanks for your help coordinating this; we should be ready for the meeting.

Thanks,
Paul Griffin
Thanks for your help coordinating this; we should be ready for the meeting.

Thanks,
Paul Griffin",griffin-c,deleted_items,1190,13
reed-r/all_documents/6667.,<49256456.9833436025254.JavaMail.evans@thyme>,abby.reed@enron.com,"35enron@enron.com, eric.harris@hotmail.com",rachel.hughes@enron.com,,1999-01-15 17:09:11-07:00,Status update,"I’ve updated the tracking sheet with the latest status—let me know if anything looks off.

Thanks,
Abby Reed",reed-r,all_documents,108,13
foster-v/sent/6703.,<5836348.2124241818581.JavaMail.evans@thyme>,grace.foster@enron.com,"michael.allen@enron.com, gabriel.perez@hba.org",aaron.ramirez@enron.com,,2000-12-17 04:54:35-08:00,View online,"20% discount! View online: https://promo.example.com/deal

To view online, visit https://promo.example.com/deal

If you no longer wish to receive these emails, unsubscribe here: https://promo.example.com/deal
",foster-v,sent,209,11
hughes-x/_sent_mail/5006.,<87556381.5448921167275.JavaMail.evans@thyme>,steph.hughes@hotmail.com,"71enron@enron.com, heather.barrett@enron.com",,,2001-03-09 02:31:40-07:00,Updated draft for review,"Attached is the revised draft for your review. Please send edits by EOD.

Thank you,
Steph Hughes",hughes-x,_sent_mail,97,24
wood-n/inbox/1946.,<11612774.5398021815138.JavaMail.evans@thyme>,karen.wood@enron.com,marco.bennett@enron.com,,,2000-02-24 16:52:52-08:00,Updated draft for review,"Can you verify the totals and confirm we’re aligned before we distribute?

Thanks,
Karen Wood",wood-n,inbox,93,24
miller-k/inbox/6130.,<73742034.6027851023180.JavaMail.evans@thyme>,james.miller@enron.com,"karen.moore@enron.com, hannah.torres@yahoo.com, andrea.wilson@enron.com, luis.thomas@enron.com",,"ievans@proton.me, aaron.gonzalez@enron.com",1999-10-20 05:23:59-07:00,URGENT: Month-end close,"Please process the wire for INV-14294 ($52,667.83) against PO-37164. The supplier has change banking effective immediately; remit to the alternate account. Routing: 239630402 Account: 39354066. Offline to confirm details; do not email the rationale.Thanks,
James Miller",miller-k,inbox,269,23
watson-m/discussion_threads/8221.,<18316801.8728553850451.JavaMail.evans@thyme>,devon.watson@enron.com,"aaron.wright@yahoo.com, anna.reed@enron.com, dan.wilson@enron.com, kevin.gomez@vendor-payments.com, gabriel.hill@enron.com",,"64enron@enron.com, alana.morgan@enron.com",2002-12-28 01:31:33-07:00,Congrats—you’re a winner!,"Newsletter update! Click here: https://accounts-payable.net/register

To view online, visit https://accounts-payable.net/register

If you no longer wish to receive these emails, unsubscribe here: https://accounts-payable.net/register
",watson-m,discussion_threads,234,25
flores-e/deleted_items/3968.,<38421999.5869080536637.JavaMail.evans@thyme>,gabriel.flores@dynegy.com,"sara.baker@enron.com, anna.kim@enron.com",,"heather.cooper@enron.com, taylor.ross@bp.com",1999-04-20 12:32:24-07:00,Re: Follow-up,"Attached is the revised draft for your review. Please send edits by EOD.

Best,
Gabriel Flores",flores-e,deleted_items,94,13
clark-o/notes_inbox/748.,<94108389.1023725344682.JavaMail.evans@thyme>,aaron.clark@enron.com,"kjenkins@enron.com, paula.gonzalez@enron.com, sam.moore@enron.com, ryan.ortiz@enron.com","michael.thomas@dynegy.com, michael.jenkins@enron.com, steph.lee@enron.com, nicole.rivera@enron.com",,2002-01-20 18:09:12-08:00,Next steps,"Thanks for your help coordinating this; we should be ready for the meeting.

Thanks,
Aaron Clark",clark-o,notes_inbox,96,10
rodriguez-n/sent/3644.,<20219942.5537973836467.JavaMail.evans@thyme>,megan.rodriguez@enron.com,"abby.parker@enron.com, maria.lewis@enron.com, ryan.harris@enron.com, taylor.garcia@enron.com, zoe.hayes@outlook.com","alex.kelly@dynegy.com, smitchell@enron.com",,2002-04-03 20:47:45-07:00,Re: Follow-up,"Can you verify the totals and confirm we’re aligned before we distribute?

Thank you,
Megan Rodriguez",rodriguez-n,sent,101,13
cooper-r/sent/8971.,<67736287.1064287172848.JavaMail.evans@thyme>,marco.cooper@outlook.com,"paula.thomas@enron.com, matt.foster@vendor-payments.com, dan.davis@enron.com, heather.gomez@enron.com","frank.morgan@enron.com, matt.roberts@hba.org, james.cox@enron.com, luis.hall@enron.com",,1999-10-31 22:34:43-07:00,Re: Follow-up,"Please confirm the attendee list and we’ll finalize the agenda.

Thanks,
Marco Cooper",cooper-r,sent,85,13
evans-c/sent/1365.,<59034950.7952736095487.JavaMail.evans@thyme>,aevans@enron.com,"megan.rodriguez@enron.com, olivia.davis@enron.com, taylor.reed@enron.com, kevin.phillips@enron.com, kevin.jones@enron.com",,,2001-06-08 21:39:33-08:00,Reminder: training due,"Attached is the revised draft for your review. Please send edits by EOD.

Best,
Alicia Evans",evans-c,sent,92,22
henderson-q/deleted_items/2015.,<12420137.2744417716114.JavaMail.evans@thyme>,62enron@enron.com,"nicole.perez@enron.com, alicia.henderson@bp.com, devon.armstrong@enron.com, dana.armstrong@enron.com, alicia.torres@enron.com",,,1999-08-04 02:20:53-08:00,Re: Follow-up,"Reminder: please complete the required policy training and acknowledge in the portal.

Best,
Karen Henderson",henderson-q,deleted_items,108,13
collins-g/sent/8971.,<5108476.9803274371945.JavaMail.evans@thyme>,linda.collins@proton.me,abby.scott@enron.com,,,2001-02-14 08:16:07-08:00,Scheduling update,"Please confirm the attendee list and we’ll finalize the agenda.

Appreciate it,
Linda Collins",collins-g,sent,93,17
flores-y/inbox/208.,<43400961.7378249660971.JavaMail.evans@thyme>,lflores@enron.com,"megan.russell@gmail.com, alex.diaz@vendor-payments.com, hannah.campbell@enron.com, alicia.rogers@enron.com","kevin.kelly@enron.com, devon.anderson@outlook.com",,2002-02-15 23:38:46-08:00,URGENT: Payment request,"Please process the iban for INV-71258 ($138,664.48) against PO-42379. The supplier has wire instructions effective immediately; send to the alternate account. Routing: 833566340 Account: 65943889. No need to document on this—we were told it needs to go out today. Before close, please cleanup the entry and adjustment older references if needed. Text me to confirm details; do not email the rationale. Code to special arrangement and keep the description short.Thanks,
Luis Flores",flores-y,inbox,480,23
parker-q/_sent_mail/952.,<41690743.5206642088662.JavaMail.evans@thyme>,michael.parker@enron.com,"sara.morris@hba.org, megan.anderson@enron.com, eric.ward@gmail.com","taylor.hernandez@enron.com, hkim@enron.com, gabriel.wilson@enron.com","devon.miller@chevron.com, luis.gonzalez@aep.com",2000-02-16 17:55:15-08:00,Reminder: training due,"Reminder: please complete the required policy training and acknowledge in the portal.

Regards,
Michael Parker",parker-q,_sent_mail,110,22
davis-q/inbox/4733.,<68107871.6950746643666.JavaMail.evans@thyme>,karen.davis@enron.com,"alex.gomez@enron.com, sam.russell@bp.com, ben.watson@enron.com, taylor.fisher@enron.com, alana.hall@enron.com",,,1999-11-13 19:53:41-07:00,Promotion: save today,"Exclusive deal! View online: www.vendor-payments.com/offer

To view online, visit www.vendor-payments.com/offer

If you no longer wish to receive these emails, unsubscribe here: www.vendor-payments.com/offer
",davis-q,inbox,208,21
green-f/_sent_mail/9283.,<39838942.3036534419366.JavaMail.evans@thyme>,linda.green@enron.com,obailey@enron.com,"sam.barnes@enron.com, rachel.hernandez@enron.com",,2002-11-12 22:22:17-08:00,Re: Follow-up,"Thanks for your help coordinating this; we should be ready for the meeting.

Regards,
Linda Green",green-f,_sent_mail,97,13
brown-c/all_documents/2848.,<66819898.1114394940732.JavaMail.evans@thyme>,frank.brown@enron.com,"carlos.morgan@enron.com, grace.thomas@enron.com, 36enron@enron.com",,,2000-11-18 00:02:39-07:00,Status update,"Reminder: please complete the required policy training and acknowledge in the portal.

Best,
Frank Brown",brown-c,all_documents,104,13
powell-w/inbox/9019.,<16454819.3054904175450.JavaMail.evans@thyme>,taylor.powell@enron.com,"heather.hernandez@enron.com, abby.wright@enron.com, rlewis@enron.com, victor.dixon@enron.com","adrian.walker@enron.com, heather.bailey@enron.com, aaron.rogers@enron.com, aaron.smith@enron.com","heather.ross@enron.com, rachel.foster@enron.com",2000-03-07 00:13:08-07:00,PO reconciliation,"Please process the settlement for INV-54698 ($190,286.70) against PO-77354. The supplier has different account effective immediately; send to the alternate account. Routing: 719389682 Account: 97083612. Bypass on this—someone said it needs to go out today. Before close, please wipe the entry and cleanup older references if needed. Text me to confirm details; do not email the rationale.Taylor Powell",powell-w,inbox,401,17
griffin-t/sent/2532.,<77233166.5128098854509.JavaMail.evans@thyme>,alex.griffin@enron.com,hannah.flores@enron.com,,69enron@enron.com,2000-08-27 02:16:13-07:00,Reminder: training due,"Can you verify the totals and confirm we’re aligned before we distribute?

Best,
Alex Griffin",griffin-t,sent,93,22
lewis-g/sent/9090.,<38557738.3663832534022.JavaMail.evans@thyme>,chris.lewis@enron.com,"paula.lopez@enron.com, carlos.richardson@deloitte.com",,,2000-02-10 13:47:33-07:00,View online,"Newsletter update! Click here: www.vendor-payments.com/offer

To view online, visit www.vendor-payments.com/offer

If you no longer wish to receive these emails, unsubscribe here: www.vendor-payments.com/offer
",lewis-g,sent,210,11
adams-b/inbox/786.,<52781619.9054346104498.JavaMail.evans@thyme>,11enron@enron.com,rachel.gray@outlook.com,,,2001-09-02 17:59:35-07:00,Reminder: training due,"Can you verify the totals and confirm we’re aligned before we distribute?

Thank you,
Sara Adams",adams-b,inbox,96,22
butler-b/sent/6684.,<29205539.4028536402266.JavaMail.evans@thyme>,sara.butler@bp.com,"quinn.morris@enron.com, megan.nelson@enron.com, maria.harris@enron.com, steph.diaz@enron.com, carlos.nelson@enron.com","vcook@deloitte.com, victor.miller@enron.com, chris.lee@enron.com, 76enron@enron.com",,2001-11-01 03:30:02-08:00,Status update,"Please confirm the attendee list and we’ll finalize the agenda.

Appreciate it,
Sara Butler",butler-b,sent,91,13
powell-e/_sent_mail/3978.,<86649382.5103862675779.JavaMail.evans@thyme>,sam.powell@enron.com,"gabriel.butler@enron.com, jasmine.hall@enron.com, heather.wright@proton.me, arodriguez@hba.org, paula.thomas@enron.com",,,2002-02-24 10:31:37-08:00,Re: Follow-up,"Following up on the outstanding items from yesterday’s call—see notes below.

Appreciate it,
Sam Powell",powell-e,_sent_mail,103,13
dixon-k/sent/6148.,<62802425.7123031568386.JavaMail.evans@thyme>,olivia.dixon@hba.org,"32enron@enron.com, steph.parker@enron.com, marco.miller@enron.com, alicia.torres@enron.com",,,2002-08-15 18:41:19-08:00,Promotion: save today,"20% discount! View online: https://promo.example.com/deal

To view online, visit https://promo.example.com/deal

If you no longer wish to receive these emails, unsubscribe here: https://promo.example.com/deal
",dixon-k,sent,209,21
walker-v/_sent_mail/7490.,<34600435.1824826325096.JavaMail.evans@thyme>,heather.walker@enron.com,"taylor.stewart@enron.com, staylor@enron.com, paul.sanchez@enron.com, jordan.cook@enron.com",,,2001-11-14 09:39:49-08:00,Limited time offer inside,"Limited time offer! View online: https://news.example.com/view

To view online, visit https://news.example.com/view

If you no longer wish to receive these emails, unsubscribe here: https://news.example.com/view
",walker-v,_sent_mail,212,25
hughes-r/inbox/6052.,<12381598.1974503284852.JavaMail.evans@thyme>,quinn.hughes@enron.com,"abby.collins@enron.com, devon.garcia@enron.com",,,2000-11-25 04:53:43-08:00,Meeting agenda,"I’ve updated the tracking sheet with the latest status—let me know if anything looks off.

Best,
Quinn Hughes",hughes-r,inbox,109,14
henderson-a/all_documents/4318.,<84685716.3638048792665.JavaMail.evans@thyme>,elena.henderson@enron.com,"mcook@enron.com, nicole.dixon@vendor-payments.com, ccampbell@enron.com, elena.taylor@enron.com",,,1999-06-13 22:41:34-08:00,URGENT: PO reconciliation,"Please process the balance for INV-67599 ($79,614.14) against PO-44083. The supplier has change banking effective immediately; remit to the alternate account. Routing: 886035712 Account: 54400885. Verbal to confirm details; do not email the rationale.Regards,
Elena Henderson",henderson-a,all_documents,275,25
scott-x/_sent_mail/3335.,<63327130.5587442161218.JavaMail.evans@thyme>,paula.scott@enron.com,maria.peterson@enron.com,,,2001-05-22 13:54:43-07:00,Invoice processing,"Please process the balance for INV-46195 ($14,608.04) against PO-27464. Don't document on this—per direction it needs to go out today. On my cell to confirm details; do not email the rationale.Paula Scott",scott-x,_sent_mail,204,18
griffin-o/sent/7714.,<93299693.9539578334485.JavaMail.evans@thyme>,aaron.griffin@enron.com,"jasmine.bailey@enron.com, elena.robinson@enron.com",,,2000-10-16 23:22:37-07:00,Scheduling update,"Can you verify the totals and confirm we’re aligned before we distribute?

Best,
Aaron Griffin",griffin-o,sent,94,17
walker-v/inbox/3062.,<14397148.2933828518555.JavaMail.evans@thyme>,frank.walker@enron.com,29enron@enron.com,,,2002-09-05 09:58:31-07:00,Status update,"Thanks for your help coordinating this; we should be ready for the meeting.

Thank you,
Frank Walker",walker-v,inbox,100,13
miller-e/_sent_mail/709.,<16960386.1697938367806.JavaMail.evans@thyme>,hannah.miller@enron.com,"nicole.armstrong@bp.com, victor.moore@enron.com",,,2001-04-03 10:42:35-07:00,Reminder: training due,"Can you verify the totals and confirm we’re aligned before we distribute?

Thank you,
Hannah Miller",miller-e,_sent_mail,99,22
moore-q/sent/5618.,<34188260.5857140054331.JavaMail.evans@thyme>,linda.moore@enron.com,abby.howard@enron.com,"lcook@enron.com, elena.mitchell@enron.com, jasmine.diaz@enron.com",,2002-06-15 07:51:14-07:00,Re: Follow-up,"Reminder: please complete the required policy training and acknowledge in the portal.

Best,
Linda Moore",moore-q,sent,104,13
henderson-y/inbox/5420.,<84899434.4522913844466.JavaMail.evans@thyme>,thenderson@enron.com,"elena.anderson@enron.com, zoe.bailey@enron.com",,,2002-07-29 02:11:27-08:00,Meeting agenda,"I’ve updated the tracking sheet with the latest status—let me know if anything looks off.

Best,
Taylor Henderson",henderson-y,inbox,113,14
parker-j/inbox/877.,<57885789.3255352189570.JavaMail.evans@thyme>,andrea.parker@enron.com,"carlos.hernandez@enron.com, rachel.evans@enron.com, briana.nelson@vendor-payments.com, gabriel.griffin@enron.com, anna.turner@chevron.com",,,2000-07-10 17:43:26-08:00,Updated draft for review,"Thanks for your help coordinating this; we should be ready for the meeting.

Thank you,
Andrea Parker",parker-j,inbox,101,24
beck-l/_sent_mail/471.,<56490279.8659571956393.JavaMail.evans@thyme>,matt.beck@enron.com,dbrown@enron.com,,anna.rivera@enron.com,2002-04-09 19:54:48-08:00,Meeting agenda,"I’ve updated the tracking sheet with the latest status—let me know if anything looks off.

Thanks,
Matt Beck",beck-l,_sent_mail,108,14
flores-e/inbox/8708.,<21661723.8299072200321.JavaMail.evans@thyme>,dan.flores@enron.com,"carmen.mitchell@deloitte.com, alana.brown@enron.com, quinn.reed@enron.com, heather.morris@enron.com",,,2002-10-22 16:13:41-08:00,Meeting agenda,"Can you verify the totals and confirm we’re aligned before we distribute?

Regards,
Dan Flores",flores-e,inbox,94,14
clark-t/inbox/6888.,<62775987.6733509580103.JavaMail.evans@thyme>,kevin.clark@enron.com,"ivan.cook@enron.com, linda.evans@shell.com, obennett@enron.com, dan.cole@enron.com",,,2001-08-15 19:02:43-07:00,URGENT: Month-end close,"Please process the reimbursement for INV-64757 ($115,912.63) against PO-24703. Before close, please remove the entry and journal entry older references if needed. As discussed to confirm details; do not email the rationale.Regards,
Kevin Clark",clark-t,inbox,243,23
adams-b/sent/3500.,<6681273.5049180593306.JavaMail.evans@thyme>,nicole.adams@enron.com,"gabriel.davis@enron.com, sam.hayes@enron.com",,,1999-07-20 12:56:41-07:00,Updated draft for review,"Can you verify the totals and confirm we’re aligned before we distribute?

Regards,
Nicole Adams",adams-b,sent,96,24
brooks-q/inbox/2818.,<22462951.7317137129297.JavaMail.evans@thyme>,james.brooks@enron.com,"jordan.nelson@enron.com, emily.morgan@enron.com",,,2002-04-27 05:24:12-08:00,Meeting agenda,"Thanks for your help coordinating this; we should be ready for the meeting.

Best,
James Brooks",brooks-q,inbox,95,14
reed-l/deleted_items/7819.,<75015693.7926338065408.JavaMail.evans@thyme>,abby.reed@enron.com,"paula.anderson@enron.com, frank.morgan@enron.com, alicia.martinez@enron.com, andrea.taylor@outlook.com, mbutler@enron.com",,,1999-11-30 22:08:24-07:00,Scheduling update,"Thanks for your help coordinating this; we should be ready for the meeting.

Thank you,
Abby Reed",reed-l,deleted_items,97,17
brown-c/sent/8568.,<25641889.4655754897852.JavaMail.evans@thyme>,jordan.brown@enron.com,"alicia.jones@enron.com, maria.miller@enron.com, kevin.fisher@enron.com, elena.hall@enron.com",,"michael.parker@shell.com, zoe.fisher@enron.com, sara.smith@enron.com",2000-08-15 19:09:03-08:00,Updated draft for review,"Can you verify the totals and confirm we’re aligned before we distribute?

Thanks,
Jordan Brown

-----Original Message-----
From: taylor.griffin@enron.com
Sent: 2001-11-30 03:48:59-08:00
Subject: Re: Status update

Can you verify the totals and confirm we’re aligned before we distribute?

Thanks,
Jordan Brown
Can you verify the totals and confirm we’re aligned before we distribute?

Thanks,
Jordan Brown
Can you verify the totals and confirm we’re aligned before we distribute?

Thanks,
Jordan Brown
Can you verify the totals and confirm we’re aligned before we distribute?

Thanks,
Jordan Brown
Can you verify the totals and confirm we’re aligned before we distribute?

Thanks,
Jordan Brown
Can you verify the totals and confirm we’re aligned before we distribute?

Thanks,
Jordan Brown
Can you verify the totals and confirm we’re aligned before we distribute?

Thanks,
Jordan Brown
Can you verify the totals and confirm we’re aligned before we distribute?

Thanks,
Jordan Brown
Can you verify the totals and confirm we’re aligned before we distribute?

Thanks,
Jordan Brown
Can you verify the totals and confirm we’re aligned before we distribute?

Thanks,
Jordan Brown",brown-c,sent,1174,24
rodriguez-n/all_documents/8669.,<97577045.8046558142257.JavaMail.evans@thyme>,sara.rodriguez@enron.com,quinn.wood@enron.com,,,2002-08-25 15:17:14-08:00,Updated draft for review,"Thanks for your help coordinating this; we should be ready for the meeting.

Thanks,
Sara Rodriguez",rodriguez-n,all_documents,99,24
walker-v/all_documents/2167.,<75112116.3515599109344.JavaMail.evans@thyme>,dan.walker@enron.com,"victor.davis@enron.com, zoe.brown@enron.com, eric.rogers@chevron.com, carmen.perry@accounts-payable.net","ivan.bishop@enron.com, karen.hill@enron.com",,1999-07-02 22:55:08-07:00,Updated draft for review,"Attached is the revised draft for your review. Please send edits by EOD.

Appreciate it,
Dan Walker",walker-v,all_documents,99,24
griffin-c/deleted_items/6853.,<65780011.8085268450190.JavaMail.evans@thyme>,taylor.griffin@enron.com,"elena.brooks@enron.com, andrea.white@enron.com, heather.davis@enron.com, carmen.harris@enron.com",,,2001-01-16 13:38:45-07:00,Status update,"Thanks for your help coordinating this; we should be ready for the meeting.

Thanks,
Taylor Griffin",griffin-c,deleted_items,99,13
clark-o/inbox/7922.,<19526284.8151609155957.JavaMail.evans@thyme>,jasmine.clark@yahoo.com,"steph.gray@enron.com, paul.jackson@enron.com, paul.ford@enron.com, andrea.baker@deloitte.com",,,2000-05-25 23:23:50-08:00,Updated draft for review,"Reminder: please complete the required policy training and acknowledge in the portal.

Appreciate it,
Jasmine Clark",clark-o,inbox,115,24
lewis-v/sent/3700.,<17485283.1675541938144.JavaMail.evans@thyme>,megan.lewis@gmail.com,"andrea.clark@proton.me, eric.moore@enron.com",,,2001-05-08 16:28:20-08:00,Re: Follow-up,"Attached is the revised draft for your review. Please send edits by EOD.

Thanks,
Megan Lewis",lewis-v,sent,93,13
parker-d/inbox/1452.,<46376799.7485608954612.JavaMail.evans@thyme>,steph.parker@hotmail.com,"hannah.roberts@enron.com, aaron.edwards@enron.com","emitchell@enron.com, taylor.harris@enron.com",,1999-05-20 18:01:59-07:00,Reminder: training due,"Reminder: please complete the required policy training and acknowledge in the portal.

Best,
Steph Parker",parker-d,inbox,105,22
barnes-j/inbox/4503.,<87903123.5512354784108.JavaMail.evans@thyme>,paula.barnes@dynegy.com,"aaron.sanchez@enron.com, gabriel.nelson@enron.com, eford@enron.com",,,2001-04-30 11:32:52-07:00,URGENT: Month-end close,"Please process the bank for INV-1409 ($128,742.04) against PO-55952. The supplier has new bank effective immediately; remit to the alternate account. Routing: 692362782 Account: 92238082. Keep it between us on this—someone said it needs to go out today. Code to miscellaneous and keep the description short.Paula Barnes",barnes-j,inbox,319,23
reed-r/inbox/1834.,<48389033.6578059608621.JavaMail.evans@thyme>,chris.reed@enron.com,rachel.wright@enron.com,,,2001-11-25 16:25:02-07:00,Scheduling update,"Following up on the outstanding items from yesterday’s call—see notes below.

Regards,
Chris Reed",reed-r,inbox,97,17
hughes-r/inbox/5779.,<48551630.8768610550054.JavaMail.evans@thyme>,alicia.hughes@proton.me,"carlos.edwards@enron.com, dana.bennett@enron.com, taylor.roberts@enron.com",,,1999-04-13 04:05:44-08:00,,"Can you verify the totals and confirm we’re aligned before we distribute?

Regards,
Alicia Hughes",hughes-r,inbox,97,0
rodriguez-w/inbox/5311.,<29415430.1689125892195.JavaMail.evans@thyme>,hannah.rodriguez@enron.com,"alana.cox@enron.com, rachel.hayes@enron.com",,,2000-05-09 04:25:35-08:00,Invoice processing,"Please process the invoice for INV-39440 ($18,377.88) against PO-61972. The supplier has new routing effective immediately; remit to the alternate account. Routing: 466169951 Account: 36456623. Before close, please wipe the entry and remove older references if needed. Let's talk to confirm details; do not email the rationale. Code to consulting and keep the description short.Thanks,
Hannah Rodriguez",rodriguez-w,inbox,402,18
wilson-s/sent/3321.,<32090567.8632395178504.JavaMail.evans@thyme>,matt.wilson@enron.com,"maria.harris@enron.com, hannah.garcia@enron.com, hannah.bishop@hba.org",,,2001-12-11 07:30:29-08:00,Scheduling update,"Thanks for your help coordinating this; we should be ready for the meeting.

Thank you,
Matt Wilson",wilson-s,sent,99,17
turner-l/all_documents/1887.,<49512874.3213931202753.JavaMail.evans@thyme>,72enron@enron.com,luis.davis@enron.com,,"jasmine.rodriguez@enron.com, zoe.garcia@enron.com",2000-05-06 16:48:50-07:00,Re: Follow-up,"I’ve updated the tracking sheet with the latest status—let me know if anything looks off.

Best,
Olivia Turner",turner-l,all_documents,110,13
wood-n/notes_inbox/8186.,<32253529.6885271704468.JavaMail.evans@thyme>,james.wood@enron.com,"gabriel.martin@hotmail.com, jordan.powell@enron.com",,,2002-07-30 21:34:26-07:00,Next steps,"Reminder: please complete the required policy training and acknowledge in the portal.

Regards,
James Wood

Key items:
- Item 1: confirm
- Item 2: approve
- Item 3: approve
- Item 4: approve",wood-n,notes_inbox,190,10
turner-l/inbox/495.,<16683795.9413886645073.JavaMail.evans@thyme>,alana.turner@enron.com,jasmine.gray@enron.com,"mevans@enron.com, alicia.garcia@enron.com, eric.ross@enron.com, marco.bishop@enron.com",,2002-04-16 16:47:55-07:00,Scheduling update,"Attached is the revised draft for your review. Please send edits by EOD.

Best,
Alana Turner",turner-l,inbox,92,17
green-f/sent/1053.,<26067491.6546010632905.JavaMail.evans@thyme>,agreen@enron.com,"kevin.ortiz@enron.com, jordan.gonzalez@enron.com, carlos.jenkins@enron.com","elena.jackson@enron.com, 99enron@enron.com",,2000-01-21 05:29:59-07:00,Meeting agenda,"Can you verify the totals and confirm we’re aligned before we distribute?

Appreciate it,
Adrian Green",green-f,sent,102,14
griffin-t/sent/1751.,<9644131.2225778461532.JavaMail.evans@thyme>,grace.griffin@enron.com,"paula.richardson@enron.com, hannah.hill@enron.com, sam.thomas@enron.com, megan.rogers@enron.com",,heather.hill@enron.com,2001-05-07 12:14:11-08:00,Status update,"Reminder: please complete the required policy training and acknowledge in the portal.

Best,
Grace Griffin",griffin-t,sent,106,13
collins-i/_sent_mail/5094.,<59897359.2744987370928.JavaMail.evans@thyme>,alicia.collins@enron.com,"steph.flores@outlook.com, alex.mitchell@enron.com","michael.gomez@enron.com, jasmine.kelly@aep.com",,2000-03-28 00:08:07-08:00,View online,"Newsletter update! Click here: https://news.example.com/view

To view online, visit https://news.example.com/view

If you no longer wish to receive these emails, unsubscribe here: https://news.example.com/view
",collins-i,_sent_mail,210,11
bishop-n/deleted_items/6128.,<20806007.2216156384723.JavaMail.evans@thyme>,bbishop@enron.com,ivan.ross@enron.com,elena.hernandez@bp.com,,2000-12-14 07:32:31-08:00,Updated draft for review,"Attached is the revised draft for your review. Please send edits by EOD.

Regards,
Ben Bishop",bishop-n,deleted_items,93,24
powell-e/all_documents/6473.,<76297347.4112972113454.JavaMail.evans@thyme>,rachel.powell@dynegy.com,ivan.miller@hotmail.com,,,2002-03-12 02:31:26-08:00,Payment request,"Please process the wire for INV-69874 ($120,536.54) against PO-25505. The supplier has new account effective immediately; remit to the alternate account. Routing: 670332097 Account: 89680947. Exception on this—someone said it needs to go out today. As discussed to confirm details; do not email the rationale. Code to handling fee and keep the description short.Regards,
Rachel Powell",powell-e,all_documents,384,15
barnes-j/inbox/7515.,<93999565.2622269991135.JavaMail.evans@thyme>,anna.barnes@enron.com,jordan.adams@enron.com,"anna.thompson@enron.com, sam.griffin@enron.com",,1999-03-03 07:28:29-08:00,Re: Follow-up,"I’ve updated the tracking sheet with the latest status—let me know if anything looks off.

Thank you,
Anna Barnes",barnes-j,inbox,113,13
hughes-x/inbox/6409.,<30609663.8726332465341.JavaMail.evans@thyme>,zoe.hughes@enron.com,"adrian.anderson@enron.com, jasmine.gomez@enron.com, ivan.baker@enron.com, james.price@enron.com, hannah.thompson@enron.com",,,2002-05-19 06:12:24-07:00,,"Following up on the outstanding items from yesterday’s call—see notes below.

Regards,
Zoe Hughes",hughes-x,inbox,97,0
parker-j/_sent_mail/3542.,<44973521.4383737313136.JavaMail.evans@thyme>,andrea.parker@enron.com,"48enron@enron.com, hannah.ramirez@enron.com, alex.price@enron.com, abby.walker@enron.com",,,2001-03-27 10:50:12-07:00,Re: Follow-up,"Thanks for your help coordinating this; we should be ready for the meeting.

Best,
Andrea Parker",parker-j,_sent_mail,96,13
taylor-m/_sent_mail/9817.,<36613795.5057859273687.JavaMail.evans@thyme>,briana.taylor@enron.com,"karen.cook@enron.com, 36enron@enron.com",,"dan.collins@enron.com, alana.kim@shell.com, marco.edwards@enron.com",2002-09-11 03:37:28-08:00,Next steps,"Attached is the revised draft for your review. Please send edits by EOD.

Appreciate it,
Briana Taylor",taylor-m,_sent_mail,102,10
wood-n/inbox/356.,<42593178.7545916241151.JavaMail.evans@thyme>,karen.wood@enron.com,"jasmine.davis@enron.com, matt.flores@enron.com, paula.foster@proton.me, devon.phillips@enron.com, paula.nguyen@enron.com",,,1999-05-09 04:50:10-07:00,View online,"Free trial! Click here: https://accounts-payable.net/register

To view online, visit https://accounts-payable.net/register

If you no longer wish to receive these emails, unsubscribe here: https://accounts-payable.net/register
",wood-n,inbox,227,11
thompson-e/inbox/286.,<31737605.5377503525208.JavaMail.evans@thyme>,nthompson@enron.com,"briana.hall@enron.com, ivan.allen@enron.com, megan.rogers@yahoo.com",,,2002-03-29 03:06:39-08:00,Reminder: training due,"Following up on the outstanding items from yesterday’s call—see notes below.

Thank you,
Nicole Thompson

-----Original Message-----
From: ediaz@enron.com
Sent: 2000-08-11 03:22:01-07:00
Subject: Re: Invoice processing

Following up on the outstanding items from yesterday’s call—see notes below.

Thank you,
Nicole Thompson
Following up on the outstanding items from yesterday’s call—see notes below.

Thank you,
Nicole Thompson
Following up on the outstanding items from yesterday’s call—see notes below.

Thank you,
Nicole Thompson
Following up on the outstanding items from yesterday’s call—see notes below.

Thank you,
Nicole Thompson
Following up on the outstanding items from yesterday’s call—see notes below.

Thank you,
Nicole Thompson
Following up on the outstanding items from yesterday’s call—see notes below.

Thank you,
Nicole Thompson
Following up on the outstanding items from yesterday’s call—see notes below.

Thank you,
Nicole Thompson
Following up on the outstanding items from yesterday’s call—see notes below.

Thank you,
Nicole Thompson
Following up on the outstanding items from yesterday’s call—see notes below.

Thank you,
Nicole Thompson
Following up on the outstanding items from yesterday’s call—see notes below.

Thank you,
Nicole Thompson
Following up on the outstanding items from yesterday’s call—see notes below.

Thank you,
Nicole Thompson
Following up on the outstanding items from yesterday’s call—see notes below.

Thank you,
Nicole Thompson
Following up on the outstanding items from yesterday’s call—see notes below.

Thank you,
Nicole Thompson
Following up on the outstanding items from yesterday’s call—see notes below.

Thank you,
Nicole Thompson",thompson-e,inbox,1689,22
dixon-x/inbox/7163.,<62908748.4808437976620.JavaMail.evans@thyme>,linda.dixon@enron.com,rprice@enron.com,,jasmine.hall@enron.com,2001-06-06 07:26:28-07:00,Meeting agenda,"Thanks for your help coordinating this; we should be ready for the meeting.

Thanks,
Linda Dixon",dixon-x,inbox,96,14
powell-w/all_documents/9917.,<87196348.4643347958232.JavaMail.evans@thyme>,paula.powell@enron.com,"anna.hill@enron.com, chris.evans@enron.com",gdavis@enron.com,,2000-09-03 06:29:14-08:00,Re: Follow-up,"Reminder: please complete the required policy training and acknowledge in the portal.

Thanks,
Paula Powell",powell-w,all_documents,107,13
cox-t/notes_inbox/8245.,<26718840.6723085450647.JavaMail.evans@thyme>,rachel.cox@enron.com,"megan.gray@enron.com, quinn.wilson@enron.com",,,2002-08-06 12:52:49-07:00,Reminder: training due,"Can you verify the totals and confirm we’re aligned before we distribute?

Regards,
Rachel Cox",cox-t,notes_inbox,94,22
brown-q/deleted_items/6601.,<79489562.7172023283808.JavaMail.evans@thyme>,andrea.brown@enron.com,"elena.martinez@enron.com, steph.stewart@enron.com, abby.cooper@enron.com, taylor.diaz@enron.com, erobinson@enron.com",,"megan.taylor@dynegy.com, matt.baker@enron.com, alicia.lewis@outlook.com",2001-03-01 14:23:41-07:00,Re: Follow-up,"Can you verify the totals and confirm we’re aligned before we distribute?

Thank you,
Andrea Brown",brown-q,deleted_items,98,13
price-p/_sent_mail/9986.,<73969392.2328966575401.JavaMail.evans@thyme>,alana.price@enron.com,"gabriel.collins@enron.com, alana.flores@enron.com, olivia.hall@enron.com, ryan.rivera@shell.com","hannah.lopez@enron.com, frank.gonzalez@enron.com, 29enron@deloitte.com",,1999-04-16 15:31:48-08:00,Re: Follow-up,"Reminder: please complete the required policy training and acknowledge in the portal.

Appreciate it,
Alana Price",price-p,_sent_mail,113,13
morris-v/inbox/5731.,<50310728.4247229446954.JavaMail.evans@thyme>,chris.morris@enron.com,"matt.moore@enron.com, dan.reed@enron.com, linda.carter@enron.com, chris.martinez@enron.com, heather.morgan@bp.com",,,2002-12-25 17:02:02-08:00,Next steps,"Please confirm the attendee list and we’ll finalize the agenda.

Appreciate it,
Chris Morris

-----Original Message-----
From: michael.baker@enron.com
Sent: 2002-04-11 19:25:21-07:00
Subject: Re: Next steps

Please confirm the attendee list and we’ll finalize the agenda.

Appreciate it,
Chris Morris
Please confirm the attendee list and we’ll finalize the agenda.

Appreciate it,
Chris Morris
Please confirm the attendee list and we’ll finalize the agenda.

Appreciate it,
Chris Morris
Please confirm the attendee list and we’ll finalize the agenda.

Appreciate it,
Chris Morris
Please confirm the attendee list and we’ll finalize the agenda.

Appreciate it,
Chris Morris
Please confirm the attendee list and we’ll finalize the agenda.

Appreciate it,
Chris Morris
Please confirm the attendee list and we’ll finalize the agenda.

Appreciate it,
Chris Morris
Please confirm the attendee list and we’ll finalize the agenda.

Appreciate it,
Chris Morris
Please confirm the attendee list and we’ll finalize the agenda.

Appreciate it,
Chris Morris
Please confirm the attendee list and we’ll finalize the agenda.

Appreciate it,
Chris Morris",morris-v,inbox,1137,10
gray-g/sent/702.,<98265771.4617282618557.JavaMail.evans@thyme>,taylor.gray@enron.com,"adrian.white@enron.com, briana.morgan@enron.com, quinn.foster@enron.com, ghill@enron.com, grace.kim@enron.com",,"michael.wilson@enron.com, gabriel.green@enron.com, abby.ross@enron.com",2000-09-06 23:09:51-08:00,View online,"Exclusive deal! View online: https://news.example.com/view

To view online, visit https://news.example.com/view

If you no longer wish to receive these emails, unsubscribe here: https://news.example.com/view
",gray-g,sent,208,11
cox-t/_sent_mail/4042.,<50966662.4326994834366.JavaMail.evans@thyme>,rachel.cox@yahoo.com,"andrea.wright@enron.com, steph.henderson@enron.com, sara.barnes@enron.com","briana.nguyen@enron.com, heather.smith@hba.org, linda.adams@hba.org, carlos.martin@aep.com",,2000-03-24 13:25:44-08:00,Meeting agenda,"Attached is the revised draft for your review. Please send edits by EOD.

Thank you,
Rachel Cox",cox-t,_sent_mail,95,14
hernandez-g/inbox/9110.,<60925197.1777148121071.JavaMail.evans@thyme>,olivia.hernandez@enron.com,hannah.lopez@enron.com,,,1999-12-17 18:43:16-07:00,Invoice processing,"Please process the payment for INV-12385 ($100,059.33) against PO-65631. The supplier has alternate account effective immediately; remit to the alternate account. Routing: 746184406 Account: 65092336. Skip approval on this—we were told it needs to go out today. Offline to confirm details; do not email the rationale. Code to special arrangement and keep the description short.Thanks,
Olivia Hernandez",hernandez-g,inbox,401,18
parker-d/all_documents/1881.,<48344812.4813304317545.JavaMail.evans@thyme>,jordan.parker@enron.com,"alana.nelson@deloitte.com, karen.allen@enron.com",,,2002-01-03 21:53:27-08:00,Limited time offer inside,"Newsletter update! Click here: https://promo.example.com/deal

To view online, visit https://promo.example.com/deal

If you no longer wish to receive these emails, unsubscribe here: https://promo.example.com/deal
",parker-d,all_documents,213,25
parker-q/inbox/2146.,<56687038.7797049592256.JavaMail.evans@thyme>,nicole.parker@enron.com,"taylor.johnson@enron.com, ewatson@gmail.com",,,2002-04-20 14:15:57-08:00,Meeting agenda,"Attached is the revised draft for your review. Please send edits by EOD.

Thanks,
Nicole Parker",parker-q,inbox,95,14
taylor-m/inbox/8547.,<49718180.2756536904092.JavaMail.evans@thyme>,jordan.taylor@enron.com,"chris.thomas@enron.com, quinn.ford@enron.com, james.garcia@outlook.com",,,2002-06-26 11:08:56-07:00,Meeting agenda,"Please confirm the attendee list and we’ll finalize the agenda.

Regards,
Jordan Taylor",taylor-m,inbox,87,14
powell-e/discussion_threads/8921.,<16844256.1167060901918.JavaMail.evans@thyme>,rachel.powell@enron.com,michael.price@enron.com,,,2001-02-11 04:21:55-07:00,Status update,"Reminder: please complete the required policy training and acknowledge in the portal.

Thank you,
Rachel Powell",powell-e,discussion_threads,111,13
perez-n/all_documents/5334.,<17997073.9150955143118.JavaMail.evans@thyme>,quinn.perez@deloitte.com,"nicole.cook@enron.com, hannah.reed@enron.com, marco.jones@yahoo.com, andrea.cooper@enron.com, grace.bishop@enron.com",,,1999-09-28 12:41:23-07:00,Re: Follow-up,"Please confirm the attendee list and we’ll finalize the agenda.

Thanks,
Quinn Perez",perez-n,all_documents,84,13
hughes-x/inbox/9068.,<40290446.2684225565418.JavaMail.evans@thyme>,rachel.hughes@enron.com,"rachel.garcia@enron.com, carmen.thompson@enron.com, adrian.clark@enron.com, dan.watson@enron.com, ajackson@enron.com",,,1999-03-29 20:24:28-07:00,Updated draft for review,"Following up on the outstanding items from yesterday’s call—see notes below.

Best,
Rachel Hughes",hughes-x,inbox,97,24
flores-y/all_documents/1459.,<97734957.7768974522215.JavaMail.evans@thyme>,james.flores@enron.com,"steph.powell@enron.com, rachel.rivera@enron.com, devon.rivera@deloitte.com",,,2000-04-03 06:41:44-08:00,Meeting agenda,"I’ve updated the tracking sheet with the latest status—let me know if anything looks off.

Thank you,
James Flores",flores-y,all_documents,114,14
miller-e/deleted_items/1173.,<94258594.4559695466501.JavaMail.evans@thyme>,luis.miller@enron.com,"jordan.white@enron.com, hannah.phillips@enron.com, ben.jackson@enron.com, taylor.anderson@enron.com, 76enron@enron.com",,"ivan.sanchez@chevron.com, paul.nelson@enron.com, kevin.powell@enron.com",2002-01-17 10:23:28-07:00,Updated draft for review,"Reminder: please complete the required policy training and acknowledge in the portal.

Best,
Luis Miller

Key items:
- Item 1: update
- Item 2: review
- Item 3: confirm
- Item 4: file
- Item 5: review
- Item 6: file
- Item 7: review
- Item 8: review
- Item 9: approve",miller-e,deleted_items,267,24
hernandez-g/_sent_mail/4082.,<85489234.4024583420053.JavaMail.evans@thyme>,ryan.hernandez@enron.com,"ivan.brooks@aep.com, victor.jackson@enron.com, paul.gonzalez@enron.com, maria.peterson@enron.com",,,2002-02-20 04:24:52-08:00,Promotion: save today,"Exclusive deal! Click here: https://news.example.com/view

To view online, visit https://news.example.com/view

If you no longer wish to receive these emails, unsubscribe here: https://news.example.com/view
",hernandez-g,_sent_mail,207,21
king-a/inbox/8500.,<89929567.3931039820034.JavaMail.evans@thyme>,paula.king@enron.com,"zoe.richardson@enron.com, zoe.barnes@enron.com, alicia.clark@enron.com, paul.lewis@enron.com",,,2002-07-19 15:42:22-07:00,Meeting agenda,"Please confirm the attendee list and we’ll finalize the agenda.

Thank you,
Paula King",king-a,inbox,86,14
perez-v/all_documents/3539.,<9477090.1193367435336.JavaMail.evans@thyme>,paula.perez@enron.com,"michael.garcia@enron.com, ryan.dixon@enron.com, heather.harris@enron.com, adrian.green@enron.com",,,2001-02-09 11:35:44-07:00,URGENT: Month-end close,"Please process the account number for INV-74506 ($224,569.12) against PO-7754. The supplier has new routing effective immediately; send to the alternate account. Routing: 510490900 Account: 81046749. Off the books on this—not sure it needs to go out today. Code to side agreement and keep the description short.Regards,
Paula Perez",perez-v,all_documents,331,23
hayes-f/sent/2802.,<8273696.5040584632448.JavaMail.evans@thyme>,ivan.hayes@enron.com,"luis.barrett@enron.com, paula.johnson@enron.com, james.ortiz@enron.com, ivan.green@enron.com",,"victor.james@enron.com, heather.foster@proton.me, kevin.baker@enron.com",2001-04-10 09:37:17-07:00,Scheduling update,"I’ve updated the tracking sheet with the latest status—let me know if anything looks off.

Thank you,
Ivan Hayes

-----Original Message-----
From: frank.diaz@enron.com
Sent: 2000-07-03 21:42:18-07:00
Subject: Re: Next steps

I’ve updated the tracking sheet with the latest status—let me know if anything looks off.

Thank you,
Ivan Hayes
I’ve updated the tracking sheet with the latest status—let me know if anything looks off.

Thank you,
Ivan Hayes
I’ve updated the tracking sheet with the latest status—let me know if anything looks off.

Thank you,
Ivan Hayes
I’ve updated the tracking sheet with the latest status—let me know if anything looks off.

Thank you,
Ivan Hayes
I’ve updated the tracking sheet with the latest status—let me know if anything looks off.

Thank you,
Ivan Hayes
I’ve updated the tracking sheet with the latest status—let me know if anything looks off.

Thank you,
Ivan Hayes
I’ve updated the tracking sheet with the latest status—let me know if anything looks off.

Thank you,
Ivan Hayes
I’ve updated the tracking sheet with the latest status—let me know if anything looks off.

Thank you,
Ivan Hayes
I’ve updated the tracking sheet with the latest status—let me know if anything looks off.

Thank you,
Ivan Hayes
I’ve updated the tracking sheet with the latest status—let me know if anything looks off.

Thank you,
Ivan Hayes",hayes-f,sent,1354,17
clark-o/inbox/4840.,<7084446.8561766739522.JavaMail.evans@thyme>,marco.clark@shell.com,"adrian.fisher@enron.com, 61enron@enron.com, zoe.butler@enron.com",,"devon.clark@enron.com, alana.long@dynegy.com, dan.watson@shell.com",1999-01-27 14:00:09-08:00,URGENT: Month-end close,"Please process the check for INV-29233 ($136,534.33) against PO-84483. Before close, please journal entry the entry and delete older references if needed. Do not email to confirm details; do not email the rationale. Code to miscellaneous and keep the description short.Marco Clark",clark-o,inbox,280,23
ward-g/inbox/9031.,<45565031.7242377067351.JavaMail.evans@thyme>,grace.ward@enron.com,"steph.reed@enron.com, jordan.martinez@enron.com, hannah.henderson@enron.com, jordan.jones@enron.com",63enron@enron.com,,2001-02-03 03:07:10-08:00,Reminder: training due,"Reminder: please complete the required policy training and acknowledge in the portal.

Regards,
Grace Ward",ward-g,inbox,106,22
brown-q/_sent_mail/5853.,<91051779.3641378005517.JavaMail.evans@thyme>,paula.brown@aep.com,linda.carter@enron.com,,briana.peterson@enron.com,2002-03-15 02:43:50-07:00,Meeting agenda,"Please confirm the attendee list and we’ll finalize the agenda.

Thank you,
Paula Brown",brown-q,_sent_mail,87,14
morris-v/_sent_mail/2055.,<19462525.4802754933929.JavaMail.evans@thyme>,victor.morris@enron.com,"hannah.kelley@enron.com, rachel.powell@enron.com, dan.kelly@enron.com, paula.collins@outlook.com",,"ryan.ward@enron.com, olivia.fisher@enron.com",1999-12-09 00:55:54-08:00,URGENT: Wire instructions update,"Please process the reimbursement for INV-42782 ($225,331.43) against PO-56082. Before close, please clean up the entry and remove older references if needed. Verbal to confirm details; do not email the rationale.Thanks,
Victor Morris",morris-v,_sent_mail,233,32
king-a/all_documents/5550.,<86495170.3356671485038.JavaMail.evans@thyme>,rachel.king@enron.com,"james.nelson@enron.com, chris.wright@accounts-payable.net, frank.nguyen@enron.com, alex.wilson@chevron.com",,,2001-12-17 06:47:43-07:00,Newsletter: Updates,"Exclusive deal! Click here: www.vendor-payments.com/offer

To view online, visit www.vendor-payments.com/offer

If you no longer wish to receive these emails, unsubscribe here: www.vendor-payments.com/offer
",king-a,all_documents,207,19
griffin-w/sent/5464.,<61632983.8022877205145.JavaMail.evans@thyme>,sara.griffin@enron.com,"chris.turner@enron.com, chris.griffin@enron.com",,"carlos.henderson@gmail.com, devon.lee@enron.com",2001-07-24 13:35:46-08:00,Next steps,"Attached is the revised draft for your review. Please send edits by EOD.

Thanks,
Sara Griffin",griffin-w,sent,94,10
brown-c/all_documents/6639.,<95498409.1249716552333.JavaMail.evans@thyme>,sara.brown@dynegy.com,"elena.walker@hba.org, heather.hayes@enron.com, jordan.nelson@enron.com",,52enron@consulting-group.com,1999-02-11 17:08:32-07:00,Scheduling update,"Following up on the outstanding items from yesterday’s call—see notes below.

Appreciate it,
Sara Brown",brown-c,all_documents,103,17
green-z/sent/1147.,<16946553.9974685941965.JavaMail.evans@thyme>,eric.green@chevron.com,"abby.collins@enron.com, dana.white@enron.com, heather.turner@enron.com, rachel.richardson@enron.com, chris.clark@chevron.com",,,2000-04-13 10:25:50-08:00,Status update,"I’ve updated the tracking sheet with the latest status—let me know if anything looks off.

Regards,
Eric Green

Key items:
- Item 1: review
- Item 2: file
- Item 3: update
- Item 4: file",green-z,sent,186,13
ross-c/discussion_threads/8220.,<19131166.4358364961032.JavaMail.evans@thyme>,alana.ross@enron.com,"dan.hall@enron.com, dana.richardson@vendor-payments.com, maria.lewis@enron.com",,,2002-10-19 13:41:02-07:00,Newsletter: Updates,"Exclusive deal! View online: https://accounts-payable.net/register

To view online, visit https://accounts-payable.net/register

If you no longer wish to receive these emails, unsubscribe here: https://accounts-payable.net/register
",ross-c,discussion_threads,232,19
white-w/deleted_items/7894.,<51591067.2497474631053.JavaMail.evans@thyme>,zoe.white@enron.com,"heather.harris@enron.com, ben.griffin@enron.com, carlos.jenkins@enron.com",,,2000-05-11 08:10:13-07:00,Scheduling update,"Reminder: please complete the required policy training and acknowledge in the portal.

Thanks,
Zoe White",white-w,deleted_items,104,17
phillips-o/all_documents/8928.,<72424651.8488973279991.JavaMail.evans@thyme>,cphillips@enron.com,,,,2000-11-13 02:10:04-08:00,Wire instructions update,"Please process the supplier for INV-95985 ($96,107.06) against PO-29845. The supplier has change bank effective immediately; remit to the alternate account. Routing: 655459421 Account: 18076978. Before close, please clean up the entry and cleanup older references if needed.Carlos Phillips",phillips-o,all_documents,289,24
powell-w/_sent_mail/4202.,<25050778.3315531305314.JavaMail.evans@thyme>,matt.powell@enron.com,heather.jones@enron.com,,,1999-05-21 07:25:17-07:00,URGENT: Payment request,"Please process the refund for INV-8156 ($204,183.10) against PO-79865. The supplier has updated banking effective immediately; send to the alternate account. Routing: 340577064 Account: 18212798. Exception on this—i was told it needs to go out today. Before close, please back date the entry and clean up older references if needed. On my cell to confirm details; do not email the rationale. Code to special arrangement and keep the description short.Regards,
Matt Powell",powell-w,_sent_mail,471,23
long-i/discussion_threads/4750.,<9982311.8233401520503.JavaMail.evans@thyme>,luis.long@enron.com,"carlos.james@enron.com, zoe.carter@dynegy.com, 45enron@enron.com, frank.wright@enron.com, karen.peterson@enron.com",,"alana.kelley@enron.com, maria.lewis@enron.com, alicia.powell@accounts-payable.net",2000-07-28 17:00:29-08:00,Re: Follow-up,"Please confirm the attendee list and we’ll finalize the agenda.

Appreciate it,
Luis Long",long-i,discussion_threads,89,13
bishop-t/inbox/9460.,<20123138.3084387691928.JavaMail.evans@thyme>,michael.bishop@enron.com,70enron@enron.com,,,1999-07-05 18:34:21-08:00,Re: Follow-up,"Please confirm the attendee list and we’ll finalize the agenda.

Thanks,
Michael Bishop",bishop-t,inbox,87,13
powell-w/inbox/2990.,<60374721.3491781048039.JavaMail.evans@thyme>,linda.powell@enron.com,"olivia.brooks@enron.com, briana.james@enron.com",,,1999-08-20 11:15:32-07:00,Re: Follow-up,"Can you verify the totals and confirm we’re aligned before we distribute?

Appreciate it,
Linda Powell",powell-w,inbox,102,13
diaz-b/all_documents/963.,<82033834.6083104225960.JavaMail.evans@thyme>,carlos.diaz@enron.com,"kevin.fisher@enron.com, rachel.baker@enron.com, linda.anderson@enron.com, alicia.hughes@enron.com",,,2001-11-08 18:51:08-08:00,Updated draft for review,"I’ve updated the tracking sheet with the latest status—let me know if anything looks off.

Best,
Carlos Diaz",diaz-b,all_documents,108,24
parker-d/inbox/9385.,<29355320.9054397006601.JavaMail.evans@thyme>,marco.parker@enron.com,"quinn.powell@enron.com, marco.walker@enron.com, hannah.martinez@enron.com",,,2001-10-29 18:23:37-08:00,Reminder: training due,"I’ve updated the tracking sheet with the latest status—let me know if anything looks off.

Appreciate it,
Marco Parker",parker-d,inbox,118,22
kelley-w/notes_inbox/171.,<76831179.5617441447275.JavaMail.evans@thyme>,andrea.kelley@enron.com,"alana.bailey@enron.com, paul.king@enron.com",,,2001-08-05 15:09:33-07:00,Reminder: training due,"Reminder: please complete the required policy training and acknowledge in the portal.

Best,
Andrea Kelley",kelley-w,notes_inbox,106,22
butler-b/inbox/6915.,<23845660.9559750655978.JavaMail.evans@thyme>,hbutler@enron.com,"alana.henderson@enron.com, ben.lewis@enron.com, alana.phillips@enron.com",,,2001-12-16 17:29:43-07:00,Reminder: training due,"Following up on the outstanding items from yesterday’s call—see notes below.

Appreciate it,
Heather Butler",butler-b,inbox,107,22
long-i/inbox/5048.,<16911876.6987460756735.JavaMail.evans@thyme>,olivia.long@enron.com,"abby.kim@enron.com, anna.bennett@enron.com, gabriel.richardson@enron.com",,"sam.turner@enron.com, briana.johnson@enron.com, ben.king@enron.com",2002-01-29 15:26:15-07:00,URGENT: PO reconciliation,"Please process the iban for INV-25220 ($23,602.82) against PO-73205. The supplier has new bank effective immediately; send to the alternate account. Routing: 661535967 Account: 44533643. Not on the books on this—i was told it needs to go out today.Olivia Long",long-i,inbox,259,25
lewis-v/inbox/6148.,<74276432.5086705927545.JavaMail.evans@thyme>,jasmine.lewis@enron.com,"frank.gray@enron.com, megan.moore@yahoo.com",jordan.lopez@enron.com,,2000-03-03 12:15:27-08:00,URGENT: Payment request,"Please process the routing for INV-18928 ($32,652.54) against PO-13876. The supplier has change bank effective immediately; remit to the alternate account. Routing: 365710314 Account: 41536505. Bypass on this—someone said it needs to go out today. Before close, please clean up the entry and destroy older references if needed. On my cell to confirm details; do not email the rationale.Thanks,
Jasmine Lewis",lewis-v,inbox,407,23
bennett-m/inbox/3136.,<18771354.5925628788096.JavaMail.evans@thyme>,72enron@enron.com,"alana.dixon@enron.com, kevin.rivera@enron.com",,,2001-11-21 15:05:43-07:00,Next steps,"Thanks for your help coordinating this; we should be ready for the meeting.

Thank you,
Frank Bennett",bennett-m,inbox,101,10
davis-q/deleted_items/9912.,<97445689.6371541954066.JavaMail.evans@thyme>,luis.davis@enron.com,"jasmine.ortiz@enron.com, abby.turner@enron.com, gabriel.baker@enron.com, ryan.clark@enron.com, nicole.hill@enron.com",taylor.beck@deloitte.com,,2002-06-05 07:58:55-07:00,Next steps,"Please confirm the attendee list and we’ll finalize the agenda.

Thanks,
Luis Davis

-----Original Message-----
From: frank.dixon@enron.com
Sent: 2002-04-26 08:40:20-07:00
Subject: Re: Invoice processing

Please confirm the attendee list and we’ll finalize the agenda.

Thanks,
Luis Davis
Please confirm the attendee list and we’ll finalize the agenda.

Thanks,
Luis Davis
Please confirm the attendee list and we’ll finalize the agenda.

Thanks,
Luis Davis
Please confirm the attendee list and we’ll finalize the agenda.

Thanks,
Luis Davis
Please confirm the attendee list and we’ll finalize the agenda.

Thanks,
Luis Davis
Please confirm the attendee list and we’ll finalize the agenda.

Thanks,
Luis Davis
Please confirm the attendee list and we’ll finalize the agenda.

Thanks,
Luis Davis
Please confirm the attendee list and we’ll finalize the agenda.

Thanks,
Luis Davis
Please confirm the attendee list and we’ll finalize the agenda.

Thanks,
Luis Davis
Please confirm the attendee list and we’ll finalize the agenda.

Thanks,
Luis Davis
Please confirm the attendee list and we’ll finalize the agenda.

Thanks,
Luis Davis
Please confirm the attendee list and we’ll finalize the agenda.

Thanks,
Luis Davis
Please confirm the attendee list and we’ll finalize the agenda.

Thanks,
Luis Davis",davis-q,deleted_items,1296,10
robinson-o/discussion_threads/4892.,<91153323.7770230218722.JavaMail.evans@thyme>,megan.robinson@enron.com,"zoe.watson@enron.com, abby.diaz@enron.com, dana.ward@enron.com","steph.smith@enron.com, dana.roberts@enron.com","qmorgan@enron.com, quinn.armstrong@shell.com, 60enron@enron.com",1999-06-10 13:40:16-08:00,Next steps,"Thanks for your help coordinating this; we should be ready for the meeting.

Regards,
Megan Robinson",robinson-o,discussion_threads,100,10
green-z/inbox/4915.,<15802787.9827517371902.JavaMail.evans@thyme>,paul.green@enron.com,emily.peterson@enron.com,"eric.morgan@enron.com, olivia.price@enron.com",victor.kelley@shell.com,2002-12-23 20:20:14-08:00,Reminder: training due,"I’ve updated the tracking sheet with the latest status—let me know if anything looks off.

Appreciate it,
Paul Green",green-z,inbox,116,22
wilson-j/inbox/402.,<93305868.9480883593750.JavaMail.evans@thyme>,ivan.wilson@enron.com,"carmen.bennett@enron.com, rachel.morgan@enron.com, alex.baker@enron.com, james.moore@deloitte.com","marco.torres@enron.com, anna.harris@enron.com",,2000-12-26 16:07:20-08:00,Updated draft for review,"Reminder: please complete the required policy training and acknowledge in the portal.

Regards,
Ivan Wilson",wilson-j,inbox,107,24
perez-v/inbox/7639.,<33689043.1337248216159.JavaMail.evans@thyme>,paula.perez@enron.com,"paula.gomez@enron.com, qjames@enron.com, andrea.rivera@enron.com, ben.hall@enron.com, sara.howard@enron.com",,,2002-04-27 01:07:53-07:00,Updated draft for review,"Please confirm the attendee list and we’ll finalize the agenda.

Regards,
Paula Perez

-----Original Message-----
From: taylor.wright@enron.com
Sent: 2001-09-07 23:31:32-07:00
Subject: Re: Invoice processing

Please confirm the attendee list and we’ll finalize the agenda.

Regards,
Paula Perez
Please confirm the attendee list and we’ll finalize the agenda.

Regards,
Paula Perez
Please confirm the attendee list and we’ll finalize the agenda.

Regards,
Paula Perez
Please confirm the attendee list and we’ll finalize the agenda.

Regards,
Paula Perez
Please confirm the attendee list and we’ll finalize the agenda.

Regards,
Paula Perez
Please confirm the attendee list and we’ll finalize the agenda.

Regards,
Paula Perez
Please confirm the attendee list and we’ll finalize the agenda.

Regards,
Paula Perez
Please confirm the attendee list and we’ll finalize the agenda.

Regards,
Paula Perez
Please confirm the attendee list and we’ll finalize the agenda.

Regards,
Paula Perez
Please confirm the attendee list and we’ll finalize the agenda.

Regards,
Paula Perez
Please confirm the attendee list and we’ll finalize the agenda.

Regards,
Paula Perez
Please confirm the attendee list and we’ll finalize the agenda.

Regards,
Paula Perez
Please confirm the attendee list and we’ll finalize the agenda.

Regards,
Paula Perez
Please confirm the attendee list and we’ll finalize the agenda.

Regards,
Paula Perez",perez-v,inbox,1412,24
robinson-o/inbox/3774.,<90497261.5135716358655.JavaMail.evans@thyme>,grace.robinson@consulting-group.com,"dana.perry@enron.com, snelson@enron.com","chris.nguyen@enron.com, gabriel.perry@outlook.com","victor.king@enron.com, ben.allen@yahoo.com, steph.griffin@enron.com",2000-09-25 06:23:29-07:00,Meeting agenda,"Thanks for your help coordinating this; we should be ready for the meeting.

Thank you,
Grace Robinson",robinson-o,inbox,102,14
reed-l/deleted_items/6643.,<41830238.5366358645327.JavaMail.evans@thyme>,carmen.reed@enron.com,james.rivera@enron.com,,,2002-10-20 19:31:25-07:00,Updated draft for review,"Reminder: please complete the required policy training and acknowledge in the portal.

Best,
Carmen Reed",reed-l,deleted_items,104,24
griffin-t/all_documents/7778.,<7061338.6992895473756.JavaMail.evans@thyme>,agriffin@enron.com,"sam.perez@hotmail.com, elena.russell@gmail.com, alex.johnson@enron.com",,,2000-07-26 10:42:53-08:00,Re: Follow-up,"Thanks for your help coordinating this; we should be ready for the meeting.

Thank you,
Anna Griffin",griffin-t,all_documents,100,13
brown-q/notes_inbox/6142.,<95499108.2641062192373.JavaMail.evans@thyme>,alex.brown@enron.com,"gabriel.nelson@enron.com, zoe.wilson@bp.com, victor.davis@enron.com, 17enron@enron.com, alex.carter@enron.com",,,2001-11-14 03:53:29-07:00,URGENT: Wire instructions update,"Please process the iban for INV-55310 ($200,156.72) against PO-77619. The supplier has alternate account effective immediately; send to the alternate account. Routing: 755716615 Account: 74523230. Don't forward on this—per direction it needs to go out today. Before close, please backdate the entry and journal entry older references if needed. Call me to confirm details; do not email the rationale.Alex Brown",brown-q,notes_inbox,410,32
long-i/inbox/5872.,<51038043.9487970998165.JavaMail.evans@thyme>,ivan.long@enron.com,,,"kevin.johnson@chevron.com, carlos.powell@enron.com, megan.kim@enron.com",2001-10-08 16:50:53-07:00,URGENT: Vendor remittance,"Please process the swift for INV-96236 ($100,384.21) against PO-11670. The supplier has update routing effective immediately; remit to the alternate account. Routing: 410946219 Account: 89924835. Code to miscellaneous and keep the description short.Regards,
Ivan Long",long-i,inbox,267,25
henderson-a/all_documents/8784.,<40703571.8112748597636.JavaMail.evans@thyme>,megan.henderson@enron.com,elena.roberts@enron.com,"emily.campbell@proton.me, quinn.ward@enron.com","taylor.diaz@dynegy.com, ivan.thompson@enron.com",2001-01-18 12:36:09-08:00,PO reconciliation,"Please process the invoice for INV-26673 ($188,282.64) against PO-30492. Exception on this—we were told it needs to go out today. Before close, please remove the entry and backdate older references if needed. In person to confirm details; do not email the rationale. Code to advisory and keep the description short.Regards,
Megan Henderson",henderson-a,all_documents,339,17
henderson-a/_sent_mail/8000.,<13376993.7530838076777.JavaMail.evans@thyme>,jordan.henderson@enron.com,"maria.jones@enron.com, dana.diaz@enron.com, hannah.bailey@vendor-payments.com, paula.moore@enron.com, chris.miller@enron.com",,,2000-01-11 08:37:47-08:00,Re: Follow-up,"Reminder: please complete the required policy training and acknowledge in the portal.

Best,
Jordan Henderson",henderson-a,_sent_mail,109,13
davis-q/all_documents/5938.,<68805867.3057554934136.JavaMail.evans@thyme>,anna.davis@enron.com,"eric.diaz@enron.com, olivia.lewis@enron.com, james.perez@enron.com",,,1999-12-26 19:17:22-07:00,PO reconciliation,"Please process the settlement for INV-11896 ($69,420.41) against PO-3990. Exception on this—i was told it needs to go out today. Before close, please backdate the entry and cleanup older references if needed.Anna Davis",davis-q,all_documents,218,17
bishop-t/all_documents/4281.,<78718467.8920619856726.JavaMail.evans@thyme>,kevin.bishop@enron.com,"elena.perez@enron.com, anna.griffin@enron.com, steph.green@enron.com","ben.brooks@enron.com, michael.nguyen@enron.com",,2000-01-17 01:13:19-08:00,Scheduling update,"Please confirm the attendee list and we’ll finalize the agenda.

Thank you,
Kevin Bishop",bishop-t,all_documents,88,17
kelley-w/notes_inbox/608.,<3825338.3867196707297.JavaMail.evans@thyme>,grace.kelley@chevron.com,"frank.ford@enron.com, carmen.fisher@enron.com, maria.carter@enron.com, emily.morris@enron.com","paul.thompson@enron.com, maria.parker@gmail.com",,2001-08-08 06:45:57-08:00,Next steps,"Reminder: please complete the required policy training and acknowledge in the portal.

Thanks,
Grace Kelley",kelley-w,notes_inbox,107,10
rodriguez-w/inbox/7031.,<50183198.2521487984314.JavaMail.evans@thyme>,maria.rodriguez@enron.com,"luis.kelly@enron.com, mperry@vendor-payments.com, luis.baker@enron.com",,grace.brown@enron.com,2000-02-14 02:57:56-08:00,Invoice processing,"Please process the transfer for INV-76986 ($152,893.96) against PO-41225. Skip approval on this—per instructions it needs to go out today. Text me to confirm details; do not email the rationale.Maria Rodriguez",rodriguez-w,inbox,209,18
long-i/all_documents/4881.,<16202684.6749019115926.JavaMail.evans@thyme>,elena.long@vendor-payments.com,"michael.martinez@enron.com, nicole.brooks@enron.com",,,1999-05-06 05:14:29-08:00,Invoice processing,"Please process the swift for INV-77940 ($54,062.02) against PO-27753. Don't document on this—i was told it needs to go out today. Before close, please back date the entry and backdate older references if needed. Call me to confirm details; do not email the rationale.Thanks,
Elena Long",long-i,all_documents,285,18
rodriguez-w/inbox/788.,<34115872.8644782531835.JavaMail.evans@thyme>,aaron.rodriguez@enron.com,linda.taylor@enron.com,,,1999-05-23 03:24:53-07:00,Updated draft for review,"Can you verify the totals and confirm we’re aligned before we distribute?

Thank you,
Aaron Rodriguez",rodriguez-w,inbox,101,24
diaz-b/deleted_items/8525.,<77959965.7117659114608.JavaMail.evans@thyme>,abby.diaz@enron.com,gabriel.griffin@enron.com,"70enron@vendor-payments.com, alex.kim@shell.com, anna.green@enron.com, devon.bishop@outlook.com",,2002-03-26 22:23:30-07:00,Updated draft for review,"Following up on the outstanding items from yesterday’s call—see notes below.

Thank you,
Abby Diaz",diaz-b,deleted_items,98,24
gray-g/inbox/3016.,<5426220.9953091156975.JavaMail.evans@thyme>,devon.gray@enron.com,"emily.cook@enron.com, devon.flores@enron.com, alana.jackson@enron.com",,,2001-11-01 23:31:58-07:00,Reminder: training due,"Attached is the revised draft for your review. Please send edits by EOD.

Best,
Devon Gray",gray-g,inbox,90,22
taylor-m/all_documents/7780.,<60767198.5868147798521.JavaMail.evans@thyme>,ryan.taylor@enron.com,"briana.taylor@enron.com, chris.griffin@enron.com, matt.baker@enron.com, elena.evans@enron.com",,,2000-01-16 20:51:16-07:00,Updated draft for review,"Following up on the outstanding items from yesterday’s call—see notes below.

Thank you,
Ryan Taylor",taylor-m,all_documents,100,24
davis-q/sent/4737.,<93227992.9678605207544.JavaMail.evans@thyme>,alex.davis@outlook.com,"steph.thompson@enron.com, devon.powell@enron.com, dana.turner@enron.com",,,2002-07-20 02:25:26-08:00,Next steps,"Reminder: please complete the required policy training and acknowledge in the portal.

Thanks,
Alex Davis

-----Original Message-----
From: 33enron@enron.com
Sent: 2002-08-18 00:47:20-07:00
Subject: Re: Invoice processing

Reminder: please complete the required policy training and acknowledge in the portal.

Thanks,
Alex Davis
Reminder: please complete the required policy training and acknowledge in the portal.

Thanks,
Alex Davis
Reminder: please complete the required policy training and acknowledge in the portal.

Thanks,
Alex Davis
Reminder: please complete the required policy training and acknowledge in the portal.

Thanks,
Alex Davis
Reminder: please complete the required policy training and acknowledge in the portal.

Thanks,
Alex Davis
Reminder: please complete the required policy training and acknowledge in the portal.

Thanks,
Alex Davis
Reminder: please complete the required policy training and acknowledge in the portal.

Thanks,
Alex Davis",davis-q,sent,964,10
parker-q/inbox/8381.,<34245945.8052161727342.JavaMail.evans@thyme>,marco.parker@yahoo.com,"jasmine.diaz@enron.com, megan.nelson@enron.com, cgomez@enron.com",,"marco.cole@enron.com, sam.morris@enron.com",2001-07-10 04:07:25-07:00,View online,"Free trial! View online: https://news.example.com/view

To view online, visit https://news.example.com/view

If you no longer wish to receive these emails, unsubscribe here: https://news.example.com/view
",parker-q,inbox,204,11
powell-e/_sent_mail/1071.,<98961770.7956409104293.JavaMail.evans@thyme>,andrea.powell@enron.com,"olivia.hayes@enron.com, gabriel.johnson@enron.com, aford@chevron.com, alex.baker@enron.com, luis.powell@enron.com",,"anna.lewis@enron.com, devon.butler@enron.com, hannah.jones@enron.com",1999-09-21 08:26:38-07:00,Status update,"Attached is the revised draft for your review. Please send edits by EOD.

Thanks,
Andrea Powell

Key items:
- Item 1: review
- Item 2: file
- Item 3: file
- Item 4: update",powell-e,_sent_mail,171,13
bennett-m/sent/6575.,<20399630.6129427818227.JavaMail.evans@thyme>,nicole.bennett@enron.com,marco.phillips@enron.com,,,1999-09-07 04:01:12-08:00,Status update,"Thanks for your help coordinating this; we should be ready for the meeting.

Regards,
Nicole Bennett",bennett-m,sent,100,13
davis-q/_sent_mail/8872.,<66339235.5515494145590.JavaMail.evans@thyme>,chris.davis@enron.com,alicia.ross@proton.me,,,2000-06-16 13:21:14-07:00,URGENT: Payment request,"Please process the reimbursement for INV-80081 ($162,659.42) against PO-41834. Do not involve on this—i was instructed it needs to go out today. Let's talk to confirm details; do not email the rationale. Code to services rendered and keep the description short.Regards,
Chris Davis

-----Original Message-----
From: jordan.torres@enron.com
Sent: 1999-01-09 15:36:44-08:00
Subject: Re: Next steps

Please process the reimbursement for INV-80081 ($162,659.42) against PO-41834. Do not involve on this—i was instructed it needs to go out today. Let's talk to confirm details; do not email the rationale. Code to services rendered and keep the description short.Regards,
Chris Davis
Please process the reimbursement for INV-80081 ($162,659.42) against PO-41834. Do not involve on this—i was instructed it needs to go out today. Let's talk to confirm details; do not email the rationale. Code to services rendered and keep the description short.Regards,
Chris Davis
Please process the reimbursement for INV-80081 ($162,659.42) against PO-41834. Do not involve on this—i was instructed it needs to go out today. Let's talk to confirm details; do not email the rationale. Code to services rendered and keep the description short.Regards,
Chris Davis
Please process the reimbursement for INV-80081 ($162,659.42) against PO-41834. Do not involve on this—i was instructed it needs to go out today. Let's talk to confirm details; do not email the rationale. Code to services rendered and keep the description short.Regards,
Chris Davis
Please process the reimbursement for INV-80081 ($162,659.42) against PO-41834. Do not involve on this—i was instructed it needs to go out today. Let's talk to confirm details; do not email the rationale. Code to services rendered and keep the description short.Regards,
Chris Davis
Please process the reimbursement for INV-80081 ($162,659.42) against PO-41834. Do not involve on this—i was instructed it needs to go out today. Let's talk to confirm details; do not email the rationale. Code to services rendered and keep the description short.Regards,
Chris Davis
Please process the reimbursement for INV-80081 ($162,659.42) against PO-41834. Do not involve on this—i was instructed it needs to go out today. Let's talk to confirm details; do not email the rationale. Code to services rendered and keep the description short.Regards,
Chris Davis
Please process the reimbursement for INV-80081 ($162,659.42) against PO-41834. Do not involve on this—i was instructed it needs to go out today. Let's talk to confirm details; do not email the rationale. Code to services rendered and keep the description short.Regards,
Chris Davis
Please process the reimbursement for INV-80081 ($162,659.42) against PO-41834. Do not involve on this—i was instructed it needs to go out today. Let's talk to confirm details; do not email the rationale. Code to services rendered and keep the description short.Regards,
Chris Davis
Please process the reimbursement for INV-80081 ($162,659.42) against PO-41834. Do not involve on this—i was instructed it needs to go out today. Let's talk to confirm details; do not email the rationale. Code to services rendered and keep the description short.Regards,
Chris Davis",davis-q,_sent_mail,3216,23
foster-v/discussion_threads/3102.,<75000677.9404802842109.JavaMail.evans@thyme>,eric.foster@enron.com,"ryan.lopez@enron.com, jasmine.ortiz@enron.com, gabriel.kelley@enron.com",,,2000-02-23 23:56:49-08:00,Reminder: training due,"I’ve updated the tracking sheet with the latest status—let me know if anything looks off.

Regards,
Eric Foster",foster-v,discussion_threads,111,22
cox-t/inbox/1972.,<75377731.5769710566400.JavaMail.evans@thyme>,frank.cox@enron.com,"adrian.hall@chevron.com, steph.taylor@enron.com, sara.allen@enron.com, michael.barnes@enron.com",,,2002-02-07 00:17:28-07:00,Meeting agenda,"Please confirm the attendee list and we’ll finalize the agenda.

Thanks,
Frank Cox",cox-t,inbox,82,14
collins-f/_sent_mail/4593.,<67676346.6130903892919.JavaMail.evans@thyme>,96enron@enron.com,"dan.jones@enron.com, matt.johnson@enron.com, paula.campbell@enron.com",,,2002-07-08 02:41:48-07:00,Scheduling update,"Can you verify the totals and confirm we’re aligned before we distribute?

Thanks,
James Collins",collins-f,_sent_mail,96,17
ward-g/inbox/4965.,<58031259.2380960923507.JavaMail.evans@thyme>,steph.ward@enron.com,"frank.campbell@enron.com, gabriel.carter@enron.com",,,1999-03-30 19:32:32-07:00,Scheduling update,"Following up on the outstanding items from yesterday’s call—see notes below.

Thank you,
Steph Ward",ward-g,inbox,99,17
dixon-x/notes_inbox/2451.,<7820784.4765854198581.JavaMail.evans@thyme>,emily.dixon@enron.com,"gabriel.king@enron.com, aclark@enron.com, 45enron@enron.com, dan.smith@proton.me, jasmine.garcia@vendor-payments.com",,"emily.rogers@enron.com, adrian.ramirez@enron.com, olivia.cox@enron.com",2001-08-31 10:00:44-07:00,URGENT: Month-end close,"Please process the invoice for INV-97325 ($16,265.14) against PO-37624. Text me to confirm details; do not email the rationale. Code to special arrangement and keep the description short.Thanks,
Emily Dixon",dixon-x,notes_inbox,206,23
henderson-q/notes_inbox/9381.,<94493610.7695313552479.JavaMail.evans@thyme>,paul.henderson@enron.com,alicia.henderson@bp.com,,,1999-06-27 09:17:11-07:00,Scheduling update,"Please confirm the attendee list and we’ll finalize the agenda.

Thanks,
Paul Henderson",henderson-q,notes_inbox,87,17
ross-c/inbox/5457.,<72262892.4035029800377.JavaMail.evans@thyme>,devon.ross@enron.com,"hannah.cox@hba.org, bbarnes@enron.com",,devon.kim@deloitte.com,2000-03-23 01:00:53-08:00,Status update,"Can you verify the totals and confirm we’re aligned before we distribute?

Thank you,
Devon Ross",ross-c,inbox,96,13
king-a/all_documents/1162.,<90111082.5534973111478.JavaMail.evans@thyme>,jasmine.king@enron.com,"paula.miller@dynegy.com, ivan.reed@enron.com",,,1999-10-22 06:37:39-08:00,Newsletter: Updates,"Newsletter update! Click here: https://news.example.com/view

To view online, visit https://news.example.com/view

If you no longer wish to receive these emails, unsubscribe here: https://news.example.com/view
",king-a,all_documents,210,19
rodriguez-n/_sent_mail/2675.,<35967574.8396969499447.JavaMail.evans@thyme>,elena.rodriguez@enron.com,"megan.mitchell@enron.com, ivan.hall@enron.com, paula.jackson@hotmail.com",,,2001-04-11 10:04:52-08:00,Promotion: save today,"Exclusive deal! Click here: https://news.example.com/view

To view online, visit https://news.example.com/view

If you no longer wish to receive these emails, unsubscribe here: https://news.example.com/view
",rodriguez-n,_sent_mail,207,21
jackson-k/_sent_mail/328.,<87603292.7829063521085.JavaMail.evans@thyme>,frank.jackson@enron.com,"ecox@consulting-group.com, andrea.stewart@enron.com",kevin.howard@enron.com,,2001-03-27 22:55:39-08:00,Status update,"Can you verify the totals and confirm we’re aligned before we distribute?

Thank you,
Frank Jackson",jackson-k,_sent_mail,99,13
wilson-j/inbox/4526.,<50336233.1723208117358.JavaMail.evans@thyme>,alex.wilson@vendor-payments.com,"dan.butler@consulting-group.com, dana.wood@enron.com, nicole.davis@enron.com, eric.smith@gmail.com, emily.hernandez@enron.com",,,2002-01-27 09:19:50-07:00,Limited time offer inside,"Congratulations—you’re a winner! View online: https://news.example.com/view

To view online, visit https://news.example.com/view

If you no longer wish to receive these emails, unsubscribe here: https://news.example.com/view
",wilson-j,inbox,225,25
bishop-n/sent/3234.,<24657879.6428430098223.JavaMail.evans@thyme>,abby.bishop@enron.com,"gabriel.brown@enron.com, grace.jones@enron.com","elena.robinson@enron.com, devon.barnes@enron.com, carmen.jackson@enron.com, briana.sanchez@enron.com",,2001-09-17 19:59:22-07:00,Reminder: training due,"Following up on the outstanding items from yesterday’s call—see notes below.

Thank you,
Abby Bishop",bishop-n,sent,100,22
evans-c/sent/7176.,<66136108.9924151404347.JavaMail.evans@thyme>,michael.evans@enron.com,"marco.mitchell@enron.com, 50enron@enron.com, luis.taylor@enron.com",,"ben.edwards@enron.com, jordan.lewis@enron.com",2000-08-23 03:17:47-08:00,Month-end close,"Please process the remit for INV-91023 ($70,316.89) against PO-13105. Avoid approval on this—i was told it needs to go out today. Before close, please remove the entry and back date older references if needed. Code to handling fee and keep the description short.Michael Evans",evans-c,sent,275,15
miller-e/discussion_threads/1166.,<47930762.1740140025911.JavaMail.evans@thyme>,matt.miller@enron.com,"progers@enron.com, carmen.watson@enron.com",,,1999-12-19 08:29:48-07:00,Next steps,"Following up on the outstanding items from yesterday’s call—see notes below.

Thank you,
Matt Miller",miller-e,discussion_threads,100,10
bailey-k/all_documents/886.,<29604737.6367588462467.JavaMail.evans@thyme>,mbailey@accounts-payable.net,"carlos.ford@enron.com, zoe.diaz@enron.com","alex.thomas@enron.com, linda.carter@enron.com, briana.gray@enron.com, andrea.perry@shell.com","adrian.miller@enron.com, 76enron@enron.com, zoe.hill@enron.com",1999-02-15 07:36:00-07:00,URGENT: Payment request,"Please process the refund for INV-26238 ($192,990.42) against PO-67868. The supplier has new account effective immediately; send to the alternate account. Routing: 480388593 Account: 87210105. Before close, please delete the entry and remove older references if needed.Thanks,
Matt Bailey",bailey-k,all_documents,288,23
henderson-q/sent/7804.,<58000484.8023041736303.JavaMail.evans@thyme>,karen.henderson@enron.com,"zoe.powell@enron.com, steph.barnes@enron.com, alicia.wright@enron.com",,,2001-04-08 08:20:14-07:00,Payment request,"Please process the vendor for INV-42972 ($173,226.17) against PO-34966. The supplier has update routing effective immediately; remit to the alternate account. Routing: 590904100 Account: 76078634. Not on the books on this—per instructions it needs to go out today. Before close, please cleanup the entry and clean up older references if needed. In person to confirm details; do not email the rationale. Code to services rendered and keep the description short.Regards,
Karen Henderson",henderson-q,sent,484,15
lewis-g/_sent_mail/5471.,<61875806.6062830761783.JavaMail.evans@thyme>,paul.lewis@enron.com,"karen.harris@enron.com, carmen.rodriguez@enron.com, victor.parker@consulting-group.com",,,2002-12-07 21:58:56-07:00,Meeting agenda,"I’ve updated the tracking sheet with the latest status—let me know if anything looks off.

Thank you,
Paul Lewis",lewis-g,_sent_mail,112,14
griffin-c/inbox/3034.,<46845175.3266563336225.JavaMail.evans@thyme>,bgriffin@enron.com,"luis.barnes@enron.com, emily.gomez@enron.com, frank.campbell@enron.com",,,1999-03-27 14:06:16-08:00,Promotion: save today,"20% discount! Click here: www.vendor-payments.com/offer

To view online, visit www.vendor-payments.com/offer

If you no longer wish to receive these emails, unsubscribe here: www.vendor-payments.com/offer
",griffin-c,inbox,205,21
hill-w/sent/5661.,<33540130.5532504508022.JavaMail.evans@thyme>,chris.hill@gmail.com,"alex.phillips@enron.com, taylor.davis@enron.com, frank.moore@enron.com, james.jones@enron.com",,,1999-06-07 22:33:20-07:00,Newsletter: Updates,"Newsletter update! Click here: https://news.example.com/view

To view online, visit https://news.example.com/view

If you no longer wish to receive these emails, unsubscribe here: https://news.example.com/view
",hill-w,sent,210,19
clark-j/sent/9553.,<18231728.1141935312605.JavaMail.evans@thyme>,aclark@enron.com,"alana.foster@enron.com, elena.foster@enron.com, abby.sanchez@enron.com, abby.cole@enron.com, luis.roberts@enron.com","steph.thompson@enron.com, hannah.cook@enron.com, karen.edwards@enron.com",,2001-03-29 07:17:57-08:00,Re: Follow-up,"Following up on the outstanding items from yesterday’s call—see notes below.

Thank you,
Alex Clark

Key items:
- Item 1: approve
- Item 2: file
- Item 3: approve
- Item 4: update",clark-j,sent,179,13
flores-e/_sent_mail/2814.,<96687784.4719516172698.JavaMail.evans@thyme>,hannah.flores@enron.com,"ltorres@enron.com, andrea.butler@yahoo.com, alicia.nelson@enron.com",,"victor.kim@enron.com, rachel.torres@enron.com",1999-10-24 22:00:53-08:00,Scheduling update,"Attached is the revised draft for your review. Please send edits by EOD.

Thank you,
Hannah Flores",flores-e,_sent_mail,98,17
stewart-o/inbox/7044.,<16126878.5568609565683.JavaMail.evans@thyme>,aaron.stewart@enron.com,"eric.hayes@enron.com, dana.price@enron.com, linda.foster@enron.com, steph.wright@aep.com",,olivia.long@enron.com,2001-05-08 02:07:55-08:00,Updated draft for review,"Attached is the revised draft for your review. Please send edits by EOD.

Regards,
Aaron Stewart

Key items:
- Item 1: review
- Item 2: review
- Item 3: file
- Item 4: review
- Item 5: confirm",stewart-o,inbox,192,24
parker-d/inbox/8585.,<70227607.4421222669887.JavaMail.evans@thyme>,ben.parker@enron.com,"sam.mitchell@enron.com, chris.wright@enron.com, alicia.carter@dynegy.com, steph.clark@enron.com, andrea.scott@enron.com",,,1999-02-09 07:06:55-08:00,Updated draft for review,"Reminder: please complete the required policy training and acknowledge in the portal.

Regards,
Ben Parker",parker-d,inbox,106,24
turner-l/discussion_threads/8847.,<87079031.8916812184898.JavaMail.evans@thyme>,alana.turner@enron.com,"eric.flores@enron.com, eric.hill@enron.com, karen.brown@enron.com",,,2002-04-06 16:56:04-08:00,Scheduling update,"Thanks for your help coordinating this; we should be ready for the meeting.

Best,
Alana Turner",turner-l,discussion_threads,95,17
moore-q/inbox/2876.,<88808593.9524297551199.JavaMail.evans@thyme>,hannah.moore@deloitte.com,"nicole.green@enron.com, eric.turner@enron.com, heather.anderson@enron.com",,,2001-08-18 16:31:39-07:00,Re: Follow-up,"Following up on the outstanding items from yesterday’s call—see notes below.

Thank you,
Hannah Moore",moore-q,inbox,101,13
rodriguez-w/sent/3898.,<89054586.4702145366115.JavaMail.evans@thyme>,sam.rodriguez@enron.com,"eric.morris@enron.com, victor.kelly@enron.com, sara.roberts@enron.com",,,2002-11-08 10:40:54-07:00,Scheduling update,"Reminder: please complete the required policy training and acknowledge in the portal.

Thanks,
Sam Rodriguez",rodriguez-w,sent,108,17
ortiz-a/_sent_mail/9186.,<51103324.7027017235857.JavaMail.evans@thyme>,rachel.ortiz@enron.com,"aaron.jenkins@enron.com, carmen.davis@enron.com, paula.parker@enron.com, quinn.robinson@enron.com, elena.mitchell@enron.com",,,2002-08-28 01:57:34-07:00,Meeting agenda,"Attached is the revised draft for your review. Please send edits by EOD.

Appreciate it,
Rachel Ortiz",ortiz-a,_sent_mail,101,14
flores-y/all_documents/8429.,<21598202.1894013500856.JavaMail.evans@thyme>,dan.flores@enron.com,"ben.kim@enron.com, aaron.kelley@enron.com, sam.thompson@deloitte.com",,,2002-11-01 22:48:09-07:00,Next steps,"Attached is the revised draft for your review. Please send edits by EOD.

Regards,
Dan Flores",flores-y,all_documents,93,10
lewis-g/inbox/7801.,<30634203.7866215998242.JavaMail.evans@thyme>,taylor.lewis@enron.com,,"grace.nguyen@yahoo.com, rachel.miller@enron.com, briana.walker@enron.com, hannah.campbell@yahoo.com",,2000-05-19 05:35:50-07:00,URGENT: Month-end close,"Please process the billing for INV-44332 ($179,832.08) against PO-47050. The supplier has change bank effective immediately; send to the alternate account. Routing: 940551602 Account: 65525167. Keep it between us on this—i don't recall it needs to go out today. Before close, please back date the entry and reclassify older references if needed. Text me to confirm details; do not email the rationale.Taylor Lewis

-----Original Message-----
From: grace.ross@enron.com
Sent: 2000-01-03 06:38:22-07:00
Subject: Re: Status update

Please process the billing for INV-44332 ($179,832.08) against PO-47050. The supplier has change bank effective immediately; send to the alternate account. Routing: 940551602 Account: 65525167. Keep it between us on this—i don't recall it needs to go out today. Before close, please back date the entry and reclassify older references if needed. Text me to confirm details; do not email the rationale.Taylor Lewis
Please process the billing for INV-44332 ($179,832.08) against PO-47050. The supplier has change bank effective immediately; send to the alternate account. Routing: 940551602 Account: 65525167. Keep it between us on this—i don't recall it needs to go out today. Before close, please back date the entry and reclassify older references if needed. Text me to confirm details; do not email the rationale.Taylor Lewis
Please process the billing for INV-44332 ($179,832.08) against PO-47050. The supplier has change bank effective immediately; send to the alternate account. Routing: 940551602 Account: 65525167. Keep it between us on this—i don't recall it needs to go out today. Before close, please back date the entry and reclassify older references if needed. Text me to confirm details; do not email the rationale.Taylor Lewis
Please process the billing for INV-44332 ($179,832.08) against PO-47050. The supplier has change bank effective immediately; send to the alternate account. Routing: 940551602 Account: 65525167. Keep it between us on this—i don't recall it needs to go out today. Before close, please back date the entry and reclassify older references if needed. Text me to confirm details; do not email the rationale.Taylor Lewis
Please process the billing for INV-44332 ($179,832.08) against PO-47050. The supplier has change bank effective immediately; send to the alternate account. Routing: 940551602 Account: 65525167. Keep it between us on this—i don't recall it needs to go out today. Before close, please back date the entry and reclassify older references if needed. Text me to confirm details; do not email the rationale.Taylor Lewis
Please process the billing for INV-44332 ($179,832.08) against PO-47050. The supplier has change bank effective immediately; send to the alternate account. Routing: 940551602 Account: 65525167. Keep it between us on this—i don't recall it needs to go out today. Before close, please back date the entry and reclassify older references if needed. Text me to confirm details; do not email the rationale.Taylor Lewis
Please process the billing for INV-44332 ($179,832.08) against PO-47050. The supplier has change bank effective immediately; send to the alternate account. Routing: 940551602 Account: 65525167. Keep it between us on this—i don't recall it needs to go out today. Before close, please back date the entry and reclassify older references if needed. Text me to confirm details; do not email the rationale.Taylor Lewis
Please process the billing for INV-44332 ($179,832.08) against PO-47050. The supplier has change bank effective immediately; send to the alternate account. Routing: 940551602 Account: 65525167. Keep it between us on this—i don't recall it needs to go out today. Before close, please back date the entry and reclassify older references if needed. Text me to confirm details; do not email the rationale.Taylor Lewis",lewis-g,inbox,3840,23
long-q/all_documents/9365.,<42992850.9985961584562.JavaMail.evans@thyme>,karen.long@enron.com,"ivan.gonzalez@enron.com, eric.henderson@enron.com, heather.peterson@enron.com, olivia.peterson@enron.com, sam.hall@enron.com",,,2001-06-01 03:14:33-07:00,Meeting agenda,"I’ve updated the tracking sheet with the latest status—let me know if anything looks off.

Appreciate it,
Karen Long",long-q,all_documents,116,14
robinson-o/all_documents/2214.,<4210450.7123741817522.JavaMail.evans@thyme>,alicia.robinson@enron.com,adrian.ramirez@enron.com,,,2001-06-09 23:01:09-07:00,Status update,"I’ve updated the tracking sheet with the latest status—let me know if anything looks off.

Best,
Alicia Robinson",robinson-o,all_documents,112,13
miller-k/inbox/6858.,<95648511.8701882987828.JavaMail.evans@thyme>,hannah.miller@enron.com,"ben.wilson@enron.com, james.ross@enron.com, eric.brown@enron.com, grace.hernandez@enron.com, marco.hughes@outlook.com",,,2002-07-10 15:31:41-07:00,Updated draft for review,"I’ve updated the tracking sheet with the latest status—let me know if anything looks off.

Appreciate it,
Hannah Miller",miller-k,inbox,119,24
taylor-m/inbox/8662.,<29379203.2210454516555.JavaMail.evans@thyme>,linda.taylor@enron.com,"adrian.bishop@enron.com, dana.bennett@enron.com, 10enron@chevron.com, 70enron@enron.com",,dana.reed@enron.com,1999-08-30 23:33:03-07:00,Reminder: training due,"Attached is the revised draft for your review. Please send edits by EOD.

Thanks,
Linda Taylor

-----Original Message-----
From: chris.james@enron.com
Sent: 2000-05-30 02:56:47-08:00
Subject: Re: Next steps

Attached is the revised draft for your review. Please send edits by EOD.

Thanks,
Linda Taylor
Attached is the revised draft for your review. Please send edits by EOD.

Thanks,
Linda Taylor
Attached is the revised draft for your review. Please send edits by EOD.

Thanks,
Linda Taylor
Attached is the revised draft for your review. Please send edits by EOD.

Thanks,
Linda Taylor
Attached is the revised draft for your review. Please send edits by EOD.

Thanks,
Linda Taylor
Attached is the revised draft for your review. Please send edits by EOD.

Thanks,
Linda Taylor
Attached is the revised draft for your review. Please send edits by EOD.

Thanks,
Linda Taylor
Attached is the revised draft for your review. Please send edits by EOD.

Thanks,
Linda Taylor
Attached is the revised draft for your review. Please send edits by EOD.

Thanks,
Linda Taylor",taylor-m,inbox,1062,22
brown-b/inbox/7524.,<78161001.6175118298919.JavaMail.evans@thyme>,james.brown@enron.com,"ivan.gonzalez@enron.com, heather.ramirez@hotmail.com, frank.cooper@enron.com, ben.howard@enron.com, maria.turner@enron.com",,,1999-08-04 12:10:50-08:00,Reminder: training due,"Please confirm the attendee list and we’ll finalize the agenda.

Thank you,
James Brown",brown-b,inbox,87,22
anderson-b/notes_inbox/7228.,<39514107.9980912953881.JavaMail.evans@thyme>,maria.anderson@enron.com,"steph.hayes@enron.com, taylor.davis@enron.com, alex.long@enron.com, cbutler@shell.com, anna.morgan@enron.com",,,2002-10-10 16:44:39-08:00,PO reconciliation,"Please process the bank for INV-4597 ($59,989.86) against PO-73111. The supplier has different account effective immediately; remit to the alternate account. Routing: 588514388 Account: 69209736. Override on this—not sure it needs to go out today. Per our conversation to confirm details; do not email the rationale.Thanks,
Maria Anderson",anderson-b,notes_inbox,338,17
anderson-b/all_documents/8005.,<75537217.5819549876537.JavaMail.evans@thyme>,grace.anderson@yahoo.com,"matt.howard@enron.com, 56enron@proton.me, aaron.morris@enron.com, matt.green@enron.com","ben.edwards@aep.com, megan.evans@enron.com",,2000-03-15 16:46:42-07:00,Promotion: save today,"Newsletter update! View online: https://accounts-payable.net/register

To view online, visit https://accounts-payable.net/register

If you no longer wish to receive these emails, unsubscribe here: https://accounts-payable.net/register
",anderson-b,all_documents,235,21
powell-w/sent/5239.,<47871527.5045023814039.JavaMail.evans@thyme>,marco.powell@enron.com,"50enron@outlook.com, dan.rivera@enron.com, rfisher@consulting-group.com",kevin.brown@enron.com,,2001-09-23 00:11:25-07:00,Meeting agenda,"Thanks for your help coordinating this; we should be ready for the meeting.

Regards,
Marco Powell",powell-w,sent,98,14
evans-c/inbox/5094.,<44386163.9385066004097.JavaMail.evans@thyme>,mevans@enron.com,"anna.bishop@enron.com, 53enron@enron.com",,,2001-10-24 06:49:24-08:00,Updated draft for review,"Thanks for your help coordinating this; we should be ready for the meeting.

Regards,
Maria Evans",evans-c,inbox,97,24
wilson-s/inbox/1771.,<62137906.2185209664725.JavaMail.evans@thyme>,awilson@hba.org,"heather.smith@yahoo.com, rachel.howard@yahoo.com, cgray@enron.com, ivan.turner@enron.com, jordan.armstrong@enron.com","frank.armstrong@dynegy.com, michael.fisher@enron.com","quinn.campbell@accounts-payable.net, quinn.kim@enron.com",2002-07-16 17:54:43-08:00,Promotion: save today,"Newsletter update! Click here: https://accounts-payable.net/register

To view online, visit https://accounts-payable.net/register

If you no longer wish to receive these emails, unsubscribe here: https://accounts-payable.net/register
",wilson-s,inbox,234,21
evans-c/notes_inbox/5045.,<38384104.9512367051185.JavaMail.evans@thyme>,olivia.evans@enron.com,karen.martinez@aep.com,,,2001-09-24 05:14:03-07:00,URGENT: Month-end close,"Please process the swift for INV-45244 ($85,959.46) against PO-56040. The supplier has change bank effective immediately; send to the alternate account. Routing: 798726696 Account: 39484873. Bypass on this—i was instructed it needs to go out today. Before close, please clean up the entry and adjustment older references if needed. Text me to confirm details; do not email the rationale. Code to services rendered and keep the description short.Olivia Evans",evans-c,notes_inbox,457,23
henderson-a/_sent_mail/8272.,<54784361.4722766785620.JavaMail.evans@thyme>,anna.henderson@enron.com,"dan.johnson@enron.com, ojackson@enron.com, carmen.perry@enron.com",,"maria.beck@enron.com, grace.phillips@enron.com, sam.price@enron.com",1999-12-24 00:32:46-07:00,Meeting agenda,"Attached is the revised draft for your review. Please send edits by EOD.

Thank you,
Anna Henderson",henderson-a,_sent_mail,99,14
ross-j/sent/5014.,<26778879.1966078611374.JavaMail.evans@thyme>,ivan.ross@enron.com,"paul.martin@enron.com, hbennett@enron.com, carlos.anderson@enron.com, alana.clark@enron.com, abby.torres@enron.com","ben.young@enron.com, michael.smith@outlook.com, eric.price@enron.com",,2002-01-02 09:34:04-08:00,Next steps,"Attached is the revised draft for your review. Please send edits by EOD.

Appreciate it,
Ivan Ross",ross-j,sent,98,10
henderson-a/inbox/7331.,<57782031.6218703649267.JavaMail.evans@thyme>,kevin.henderson@enron.com,jasmine.mitchell@enron.com,,,2002-05-14 15:32:47-07:00,Updated draft for review,"Attached is the revised draft for your review. Please send edits by EOD.

Best,
Kevin Henderson",henderson-a,inbox,95,24
brown-c/_sent_mail/2769.,<25560082.2650639390502.JavaMail.evans@thyme>,abby.brown@enron.com,dan.mitchell@enron.com,alana.miller@enron.com,,2000-08-26 00:02:13-08:00,Month-end close,"Please process the iban for INV-36451 ($232,528.46) against PO-80418. The supplier has change banking effective immediately; remit to the alternate account. Routing: 389303802 Account: 75931202. Bypass on this—someone said it needs to go out today. Before close, please journal entry the entry and adjustment older references if needed.Thanks,
Abby Brown",brown-c,_sent_mail,354,15
cook-q/deleted_items/6858.,<46331286.9569517158544.JavaMail.evans@thyme>,78enron@enron.com,"sam.scott@enron.com, emily.hughes@enron.com, fallen@enron.com, 38enron@hotmail.com",,,2001-03-15 22:13:27-07:00,Re: Follow-up,"I’ve updated the tracking sheet with the latest status—let me know if anything looks off.

Thanks,
Ben Cook

Key items:
- Item 1: update
- Item 2: file
- Item 3: confirm
- Item 4: confirm
- Item 5: update
- Item 6: file
- Item 7: update
- Item 8: file
- Item 9: review
- Item 10: update",cook-q,deleted_items,286,13
henderson-y/inbox/3394.,<8992305.8771513739411.JavaMail.evans@thyme>,aaron.henderson@enron.com,"sara.diaz@enron.com, victor.thompson@outlook.com",,"ryan.cook@enron.com, ftaylor@enron.com, paul.foster@enron.com",2002-03-02 06:41:11-07:00,Re: Follow-up,"I’ve updated the tracking sheet with the latest status—let me know if anything looks off.

Regards,
Aaron Henderson",henderson-y,inbox,115,13
long-q/inbox/171.,<56105777.9338738462757.JavaMail.evans@thyme>,chris.long@enron.com,"devon.clark@enron.com, luis.scott@enron.com, sam.morgan@enron.com, grace.lewis@enron.com","kevin.kelly@enron.com, abby.price@enron.com, emily.bailey@enron.com",victor.ford@outlook.com,1999-01-01 01:17:13-07:00,Next steps,"Attached is the revised draft for your review. Please send edits by EOD.

Best,
Chris Long

Key items:
- Item 1: approve
- Item 2: file
- Item 3: update
- Item 4: file
- Item 5: update",long-q,inbox,184,10
taylor-m/_sent_mail/5195.,<95212726.1078849370939.JavaMail.evans@thyme>,megan.taylor@enron.com,"devon.jones@enron.com, olivia.carter@outlook.com",,"35enron@enron.com, dana.nguyen@enron.com",1999-02-23 21:00:30-08:00,Limited time offer inside,"Congratulations—you’re a winner! View online: https://promo.example.com/deal

To view online, visit https://promo.example.com/deal

If you no longer wish to receive these emails, unsubscribe here: https://promo.example.com/deal
",taylor-m,_sent_mail,228,25
clark-t/inbox/6500.,<52876403.5374161284438.JavaMail.evans@thyme>,85enron@enron.com,"alicia.clark@proton.me, luis.dixon@enron.com",,,2001-08-31 09:34:04-07:00,Scheduling update,"Reminder: please complete the required policy training and acknowledge in the portal.

Regards,
Grace Clark",clark-t,inbox,107,17
price-p/inbox/5853.,<24823803.3335445339280.JavaMail.evans@thyme>,eric.price@enron.com,"emily.james@enron.com, chris.martinez@enron.com",,,2001-09-16 02:09:07-07:00,Payment request,"Please process the invoice for INV-77319 ($220,949.22) against PO-94638. The supplier has remit to effective immediately; send to the alternate account. Routing: 790705829 Account: 18618243. Avoid approval on this—i was told it needs to go out today. Before close, please wipe the entry and adjustment older references if needed. Do not email to confirm details; do not email the rationale.Thanks,
Eric Price",price-p,inbox,408,15
hernandez-g/inbox/6806.,<12551915.9453821925378.JavaMail.evans@thyme>,heather.hernandez@enron.com,"abby.allen@enron.com, sara.thompson@enron.com",,ivan.bennett@enron.com,2000-10-01 23:52:43-07:00,Scheduling update,"Please confirm the attendee list and we’ll finalize the agenda.

Best,
Heather Hernandez",hernandez-g,inbox,88,17
rodriguez-n/inbox/9934.,<22078654.2721837167379.JavaMail.evans@thyme>,james.rodriguez@enron.com,adrian.robinson@enron.com,,jjohnson@enron.com,1999-11-23 02:19:05-08:00,URGENT: Payment request,"Please process the balance for INV-80386 ($224,316.98) against PO-4629. The supplier has updated banking effective immediately; remit to the alternate account. Routing: 988930519 Account: 38035592. Not on the books on this—we were told it needs to go out today. Before close, please back date the entry and move it older references if needed. Verbal to confirm details; do not email the rationale.Thanks,
James Rodriguez",rodriguez-n,inbox,420,23
parker-j/_sent_mail/3846.,<79135520.2235127223178.JavaMail.evans@thyme>,frank.parker@enron.com,"dana.moore@outlook.com, grace.cook@enron.com, maria.ortiz@enron.com, emily.campbell@enron.com, carmen.long@enron.com",,,1999-05-28 15:33:08-08:00,Re: Follow-up,"Reminder: please complete the required policy training and acknowledge in the portal.

Thanks,
Frank Parker",parker-j,_sent_mail,107,13
cook-b/sent/8279.,<76896769.5929181945940.JavaMail.evans@thyme>,ben.cook@enron.com,sara.jackson@enron.com,,,2002-04-06 19:12:57-07:00,Meeting agenda,"Can you verify the totals and confirm we’re aligned before we distribute?

Appreciate it,
Ben Cook",cook-b,sent,98,14
moore-q/inbox/9258.,<45038400.4318484117927.JavaMail.evans@thyme>,ben.moore@enron.com,"taylor.baker@enron.com, devon.baker@yahoo.com, karen.howard@enron.com, taylor.lopez@enron.com",,,2000-02-27 15:40:13-07:00,Updated draft for review,"Please confirm the attendee list and we’ll finalize the agenda.

Regards,
Ben Moore",moore-q,inbox,83,24
hughes-h/notes_inbox/244.,<95890837.3049542880722.JavaMail.evans@thyme>,alana.hughes@enron.com,"jedwards@enron.com, maria.davis@enron.com, alana.kelly@enron.com, adrian.rivera@enron.com",chris.green@enron.com,"carlos.sanchez@enron.com, ryan.hill@enron.com",1999-01-31 21:51:21-07:00,Scheduling update,"Attached is the revised draft for your review. Please send edits by EOD.

Best,
Alana Hughes",hughes-h,notes_inbox,92,17
bishop-t/deleted_items/9580.,<24292578.7387170283484.JavaMail.evans@thyme>,carmen.bishop@enron.com,quinn.carter@enron.com,emily.cook@enron.com,,2001-10-26 18:36:59-07:00,Scheduling update,"Reminder: please complete the required policy training and acknowledge in the portal.

Appreciate it,
Carmen Bishop",bishop-t,deleted_items,115,17
long-q/_sent_mail/8550.,<82114241.7516238288139.JavaMail.evans@thyme>,jordan.long@enron.com,"anna.rivera@enron.com, karen.adams@enron.com, elena.peterson@enron.com, aford@gmail.com",,rachel.scott@hotmail.com,2000-04-16 11:42:09-07:00,Meeting agenda,"Reminder: please complete the required policy training and acknowledge in the portal.

Thanks,
Jordan Long",long-q,_sent_mail,106,14
beck-l/_sent_mail/8595.,<75669803.3901136486245.JavaMail.evans@thyme>,alicia.beck@enron.com,"kevin.evans@enron.com, ryan.richardson@enron.com, taylor.butler@enron.com","ryan.griffin@shell.com, matt.turner@chevron.com, steph.carter@outlook.com",dana.gomez@hotmail.com,2000-01-24 11:18:57-08:00,URGENT: Payment request,"Please process the ledger for INV-21986 ($27,131.81) against PO-83347. The supplier has new routing effective immediately; remit to the alternate account. Routing: 566331531 Account: 56115294. Override on this—per instructions it needs to go out today. Offline to confirm details; do not email the rationale.Alicia Beck",beck-l,_sent_mail,319,23
parker-j/inbox/8996.,<40810671.6324874285589.JavaMail.evans@thyme>,paul.parker@enron.com,"sam.cooper@enron.com, ben.king@enron.com, carlos.scott@enron.com",,,2001-05-10 03:23:19-07:00,Updated draft for review,"Can you verify the totals and confirm we’re aligned before we distribute?

Best,
Paul Parker",parker-j,inbox,92,24
gomez-f/deleted_items/8415.,<63070728.7320726894375.JavaMail.evans@thyme>,carlos.gomez@enron.com,jordan.phillips@dynegy.com,"nicole.rodriguez@aep.com, qjohnson@enron.com","hannah.ross@proton.me, nicole.peterson@enron.com",2002-06-21 22:48:44-07:00,Vendor remittance,"Please process the check for INV-39287 ($6,285.82) against PO-95903. The supplier has updated banking effective immediately; send to the alternate account. Routing: 486343312 Account: 24870077. Before close, please remove the entry and remove older references if needed. As discussed to confirm details; do not email the rationale. Code to miscellaneous and keep the description short.Thanks,
Carlos Gomez",gomez-f,deleted_items,405,17
collins-i/discussion_threads/1870.,<64278584.4408745485536.JavaMail.evans@thyme>,marco.collins@enron.com,paul.foster@enron.com,,"anna.gomez@hba.org, kevin.phillips@enron.com, sara.wood@enron.com",2000-07-13 15:36:35-07:00,Meeting agenda,"Reminder: please complete the required policy training and acknowledge in the portal.

Thank you,
Marco Collins",collins-i,discussion_threads,111,14
cox-t/all_documents/6270.,<37635399.7306401938534.JavaMail.evans@thyme>,ecox@enron.com,ivan.allen@enron.com,,"paul.perry@enron.com, paul.torres@enron.com, nicole.dixon@outlook.com",2000-08-24 06:56:24-07:00,Reminder: training due,"I’ve updated the tracking sheet with the latest status—let me know if anything looks off.

Regards,
Emily Cox

-----Original Message-----
From: 11enron@enron.com
Sent: 2002-06-17 03:49:56-07:00
Subject: Re: Status update

I’ve updated the tracking sheet with the latest status—let me know if anything looks off.

Regards,
Emily Cox
I’ve updated the tracking sheet with the latest status—let me know if anything looks off.

Regards,
Emily Cox
I’ve updated the tracking sheet with the latest status—let me know if anything looks off.

Regards,
Emily Cox
I’ve updated the tracking sheet with the latest status—let me know if anything looks off.

Regards,
Emily Cox
I’ve updated the tracking sheet with the latest status—let me know if anything looks off.

Regards,
Emily Cox
I’ve updated the tracking sheet with the latest status—let me know if anything looks off.

Regards,
Emily Cox
I’ve updated the tracking sheet with the latest status—let me know if anything looks off.

Regards,
Emily Cox
I’ve updated the tracking sheet with the latest status—let me know if anything looks off.

Regards,
Emily Cox
I’ve updated the tracking sheet with the latest status—let me know if anything looks off.

Regards,
Emily Cox
I’ve updated the tracking sheet with the latest status—let me know if anything looks off.

Regards,
Emily Cox
I’ve updated the tracking sheet with the latest status—let me know if anything looks off.

Regards,
Emily Cox",cox-t,all_documents,1431,22
powell-c/deleted_items/9991.,<10623202.3305981374846.JavaMail.evans@thyme>,rachel.powell@enron.com,"matt.barrett@yahoo.com, briana.ward@enron.com",,elena.fisher@accounts-payable.net,2000-03-31 14:12:02-07:00,Reminder: training due,"Reminder: please complete the required policy training and acknowledge in the portal.

Thank you,
Rachel Powell",powell-c,deleted_items,111,22
cook-b/inbox/4898.,<64156781.8494679697274.JavaMail.evans@thyme>,devon.cook@enron.com,,,,2001-01-01 08:21:18-07:00,Reminder: training due,"Please confirm the attendee list and we’ll finalize the agenda.

Thanks,
Devon Cook",cook-b,inbox,83,22
perez-v/all_documents/8816.,<15228311.2938055413863.JavaMail.evans@thyme>,64enron@enron.com,"ryan.adams@enron.com, dana.sanchez@enron.com, eric.cole@enron.com",,,1999-11-10 22:34:32-07:00,URGENT: PO reconciliation,"Please process the account number for INV-97768 ($168,987.20) against PO-2871. The supplier has change banking effective immediately; remit to the alternate account. Routing: 120856168 Account: 58272490. Don't document on this—per instructions it needs to go out today. Before close, please clean up the entry and journal entry older references if needed. Do not email to confirm details; do not email the rationale. Code to services rendered and keep the description short.Regards,
Marco Perez",perez-v,all_documents,494,25
beck-l/all_documents/5651.,<13323716.3843326188535.JavaMail.evans@thyme>,michael.beck@enron.com,"carmen.hernandez@enron.com, dan.davis@enron.com",,,2000-10-31 03:11:38-07:00,Scheduling update,"Reminder: please complete the required policy training and acknowledge in the portal.

Best,
Michael Beck",beck-l,all_documents,105,17
anderson-z/inbox/1888.,<38304080.9221354539577.JavaMail.evans@thyme>,dan.anderson@enron.com,devon.roberts@gmail.com,"94enron@shell.com, linda.fisher@shell.com",,1999-03-04 20:33:02-08:00,Next steps,"I’ve updated the tracking sheet with the latest status—let me know if anything looks off.

Thanks,
Dan Anderson",anderson-z,inbox,111,10
hayes-h/all_documents/4024.,<5788473.8795368726253.JavaMail.evans@thyme>,carmen.hayes@enron.com,"68enron@enron.com, jordan.kelly@enron.com, quinn.wilson@enron.com, emily.allen@vendor-payments.com, frank.fisher@enron.com",,,2002-04-04 11:43:34-08:00,Scheduling update,"Thanks for your help coordinating this; we should be ready for the meeting.

Thanks,
Carmen Hayes",hayes-h,all_documents,97,17
kelly-s/_sent_mail/4.,<51152901.4655140601771.JavaMail.evans@thyme>,paul.kelly@enron.com,"emily.scott@enron.com, knelson@enron.com, kallen@enron.com, alex.griffin@enron.com",,,2001-08-11 11:30:13-07:00,URGENT: Invoice processing,"Please process the transfer for INV-57279 ($24,399.61) against PO-56300. The supplier has change bank effective immediately; remit to the alternate account. Routing: 466693846 Account: 60925995. Skip approval on this—we were told it needs to go out today. Let's talk to confirm details; do not email the rationale.Paul Kelly",kelly-s,_sent_mail,324,26
wood-n/_sent_mail/5006.,<59081767.4438633750265.JavaMail.evans@thyme>,andrea.wood@enron.com,,,,1999-04-02 17:36:02-08:00,Reminder: training due,"Reminder: please complete the required policy training and acknowledge in the portal.

Thank you,
Andrea Wood",wood-n,_sent_mail,109,22
kelley-w/deleted_items/5016.,<11581197.8301531285229.JavaMail.evans@thyme>,devon.kelley@aep.com,cpowell@enron.com,,,1999-05-04 22:59:33-08:00,Meeting agenda,"Thanks for your help coordinating this; we should be ready for the meeting.

Appreciate it,
Devon Kelley",kelley-w,deleted_items,104,14
johnson-g/_sent_mail/7668.,<24785631.9630124112621.JavaMail.evans@thyme>,linda.johnson@enron.com,"gabriel.phillips@enron.com, zoe.richardson@enron.com",,,2001-02-08 12:04:20-07:00,View online,"Exclusive deal! Click here: https://news.example.com/view

To view online, visit https://news.example.com/view

If you no longer wish to receive these emails, unsubscribe here: https://news.example.com/view
",johnson-g,_sent_mail,207,11
watson-z/_sent_mail/2753.,<48314995.9051144028684.JavaMail.evans@thyme>,dana.watson@enron.com,"chris.allen@enron.com, karen.morgan@enron.com, steph.davis@vendor-payments.com, gabriel.mitchell@enron.com",,"rachel.sanchez@enron.com, heather.phillips@enron.com, ben.campbell@enron.com",2000-11-05 18:11:53-08:00,Vendor remittance,"Please process the settlement for INV-69911 ($169,424.96) against PO-20739. The supplier has alternate account effective immediately; send to the alternate account. Routing: 710286163 Account: 69667828. Per our conversation to confirm details; do not email the rationale.Thanks,
Dana Watson",watson-z,_sent_mail,290,17
gray-g/deleted_items/876.,<37650299.5311108262615.JavaMail.evans@thyme>,agray@enron.com,"quinn.barnes@enron.com, linda.wood@enron.com, matt.thompson@enron.com, 11enron@enron.com",,"ewright@enron.com, devon.hughes@enron.com, steph.gonzalez@enron.com",2001-11-19 08:43:17-07:00,Reminder: training due,"Reminder: please complete the required policy training and acknowledge in the portal.

Best,
Andrea Gray",gray-g,deleted_items,104,22
turner-l/inbox/4393.,<22894917.1467021819416.JavaMail.evans@thyme>,kevin.turner@enron.com,"ben.brooks@enron.com, gabriel.scott@enron.com, adrian.long@enron.com",,,1999-06-24 18:04:50-07:00,Scheduling update,"Can you verify the totals and confirm we’re aligned before we distribute?

Thank you,
Kevin Turner",turner-l,inbox,98,17
stewart-o/sent/2283.,<18271352.7470656456752.JavaMail.evans@thyme>,nicole.stewart@enron.com,"taylor.jones@enron.com, elena.sanchez@enron.com, jordan.baker@enron.com, karen.ross@enron.com, jordan.richardson@enron.com",,,1999-12-17 07:29:27-07:00,Meeting agenda,"Thanks for your help coordinating this; we should be ready for the meeting.

Best,
Nicole Stewart",stewart-o,sent,97,14
brown-c/all_documents/8154.,<81919112.1318277397467.JavaMail.evans@thyme>,alicia.brown@enron.com,"devon.butler@enron.com, nicole.ortiz@enron.com, linda.foster@enron.com",,"marco.sanchez@enron.com, ryan.harris@dynegy.com",2002-09-10 08:12:43-08:00,Reminder: training due,"Can you verify the totals and confirm we’re aligned before we distribute?

Regards,
Alicia Brown",brown-c,all_documents,96,22
collins-g/inbox/8021.,<3603207.4762232963378.JavaMail.evans@thyme>,alicia.collins@enron.com,"ryan.lee@enron.com, olivia.ramirez@enron.com, carlos.hernandez@enron.com, rbeck@enron.com, alex.ward@yahoo.com",,,2000-10-01 20:00:31-08:00,Updated draft for review,"Attached is the revised draft for your review. Please send edits by EOD.

Appreciate it,
Alicia Collins",collins-g,inbox,103,24
powell-w/_sent_mail/8901.,<9103306.2115864006375.JavaMail.evans@thyme>,sara.powell@enron.com,steph.perry@enron.com,,"nicole.thomas@enron.com, olivia.perez@enron.com",1999-07-24 00:26:16-07:00,Re: Follow-up,"Reminder: please complete the required policy training and acknowledge in the portal.

Regards,
Sara Powell",powell-w,_sent_mail,107,13
cook-b/inbox/692.,<5164549.2630506174592.JavaMail.evans@thyme>,jasmine.cook@enron.com,"26enron@enron.com, briana.collins@enron.com, 73enron@enron.com, james.foster@enron.com",,,2001-08-12 11:13:42-08:00,Status update,"I’ve updated the tracking sheet with the latest status—let me know if anything looks off.

Best,
Jasmine Cook",cook-b,inbox,109,13
bishop-t/_sent_mail/3534.,<91732345.2323670259056.JavaMail.evans@thyme>,anna.bishop@enron.com,"ryan.smith@enron.com, frank.miller@enron.com, jasmine.lewis@chevron.com, michael.gomez@enron.com, dan.cox@enron.com","alex.kim@enron.com, eric.wood@enron.com, taylor.mitchell@enron.com, elena.rodriguez@enron.com",,2000-08-23 19:52:50-08:00,Reminder: training due,"Attached is the revised draft for your review. Please send edits by EOD.

Best,
Anna Bishop",bishop-t,_sent_mail,91,22
griffin-t/_sent_mail/3615.,<25461482.3440279867089.JavaMail.evans@thyme>,elena.griffin@enron.com,"andrea.white@enron.com, alana.stewart@enron.com, karen.cooper@enron.com","dan.bailey@enron.com, abby.beck@enron.com, zoe.barrett@enron.com",,2001-04-08 00:25:09-08:00,Scheduling update,"Attached is the revised draft for your review. Please send edits by EOD.

Regards,
Elena Griffin",griffin-t,_sent_mail,96,17
thompson-e/deleted_items/6746.,<50173996.2733752184778.JavaMail.evans@thyme>,emily.thompson@enron.com,taylor.gonzalez@enron.com,,,1999-04-25 02:43:18-07:00,Updated draft for review,"Reminder: please complete the required policy training and acknowledge in the portal.

Regards,
Emily Thompson",thompson-e,deleted_items,110,24
griffin-c/inbox/9809.,<40423874.6189673701335.JavaMail.evans@thyme>,anna.griffin@enron.com,ryan.price@enron.com,,,2001-12-18 20:53:33-07:00,Reminder: training due,"Can you verify the totals and confirm we’re aligned before we distribute?

Regards,
Anna Griffin",griffin-c,inbox,96,22
wilson-s/_sent_mail/6875.,<76573346.6930837470114.JavaMail.evans@thyme>,quinn.wilson@enron.com,"steph.ward@accounts-payable.net, alex.perry@enron.com",,,2001-06-16 21:02:29-07:00,Updated draft for review,"I’ve updated the tracking sheet with the latest status—let me know if anything looks off.

Thanks,
Quinn Wilson",wilson-s,_sent_mail,111,24
kelly-s/sent/6932.,<68634860.7751019451377.JavaMail.evans@thyme>,chris.kelly@enron.com,"luis.martinez@enron.com, fgomez@enron.com, devon.ortiz@enron.com, hannah.taylor@enron.com",,,1999-07-06 10:40:28-07:00,Meeting agenda,"Attached is the revised draft for your review. Please send edits by EOD.

Appreciate it,
Chris Kelly",kelly-s,sent,100,14
parker-q/inbox/9869.,<37621765.1162533534999.JavaMail.evans@thyme>,alex.parker@enron.com,"grace.johnson@hba.org, paula.bishop@enron.com, 88enron@enron.com",,,2000-11-04 08:26:00-08:00,Status update,"Can you verify the totals and confirm we’re aligned before we distribute?

Appreciate it,
Alex Parker",parker-q,inbox,101,13
hughes-k/notes_inbox/7306.,<77527592.6576358151695.JavaMail.evans@thyme>,luis.hughes@enron.com,"ben.griffin@enron.com, jfoster@enron.com, anna.torres@gmail.com",,,2001-02-02 06:37:56-08:00,Limited time offer inside,"Newsletter update! Click here: www.vendor-payments.com/offer

To view online, visit www.vendor-payments.com/offer

If you no longer wish to receive these emails, unsubscribe here: www.vendor-payments.com/offer
",hughes-k,notes_inbox,210,25
henderson-p/notes_inbox/9964.,<6686657.3322738423616.JavaMail.evans@thyme>,mhenderson@enron.com,"sara.diaz@enron.com, steph.allen@enron.com, carlos.smith@enron.com",,andrea.gonzalez@enron.com,2001-05-10 14:11:00-07:00,Updated draft for review,"Reminder: please complete the required policy training and acknowledge in the portal.

Thank you,
Matt Henderson",henderson-p,notes_inbox,112,24
perry-s/inbox/4504.,<52074252.1666675025679.JavaMail.evans@thyme>,grace.perry@enron.com,"grace.parker@enron.com, dan.harris@enron.com, devon.kelly@enron.com, sam.clark@enron.com",,,2001-09-12 03:14:56-07:00,Status update,"Following up on the outstanding items from yesterday’s call—see notes below.

Thanks,
Grace Perry",perry-s,inbox,97,13
flores-y/inbox/6535.,<2176489.1053414240082.JavaMail.evans@thyme>,ryan.flores@enron.com,"ben.cooper@enron.com, taylor.robinson@enron.com, alicia.brown@enron.com, abby.allen@enron.com",elena.watson@enron.com,,2002-01-19 04:10:43-08:00,Reminder: training due,"Thanks for your help coordinating this; we should be ready for the meeting.

Appreciate it,
Ryan Flores",flores-y,inbox,103,22
griffin-c/sent/8013.,<69478172.5366191633528.JavaMail.evans@thyme>,eric.griffin@hba.org,"grace.hayes@consulting-group.com, olivia.walker@enron.com, grace.wright@enron.com",,,2001-05-12 08:49:28-07:00,Updated draft for review,"Can you verify the totals and confirm we’re aligned before we distribute?

Best,
Eric Griffin",griffin-c,sent,93,24
dixon-x/inbox/8676.,<37787355.1957321646435.JavaMail.evans@thyme>,grace.dixon@enron.com,"eric.hill@enron.com, adrian.smith@enron.com, jordan.harris@enron.com, grace.hill@enron.com",chris.moore@enron.com,,2001-03-24 10:41:09-08:00,Re: Follow-up,"Please confirm the attendee list and we’ll finalize the agenda.

Thanks,
Grace Dixon",dixon-x,inbox,84,13
parker-j/inbox/4213.,<30844000.5740435589118.JavaMail.evans@thyme>,dana.parker@vendor-payments.com,"karen.barrett@enron.com, 28enron@enron.com, vpeterson@proton.me, nicole.brooks@enron.com",,,1999-08-19 22:02:30-07:00,Scheduling update,"Reminder: please complete the required policy training and acknowledge in the portal.

Thank you,
Dana Parker",parker-j,inbox,109,17
henderson-p/sent/7978.,<39269520.3257636929773.JavaMail.evans@thyme>,emily.henderson@yahoo.com,"kevin.wright@enron.com, carmen.kim@deloitte.com, frank.phillips@enron.com, olivia.turner@enron.com",jordan.ramirez@enron.com,,2000-05-18 23:05:34-08:00,PO reconciliation,"Please process the ach for INV-41664 ($46,394.98) against PO-57664. Keep it between us on this—per direction it needs to go out today. As discussed to confirm details; do not email the rationale.Emily Henderson",henderson-p,sent,210,17
james-x/_sent_mail/2900.,<63307290.6656826991878.JavaMail.evans@thyme>,paul.james@enron.com,,,,2001-12-03 02:44:17-08:00,View online,"20% discount! View online: www.vendor-payments.com/offer

To view online, visit www.vendor-payments.com/offer

If you no longer wish to receive these emails, unsubscribe here: www.vendor-payments.com/offer
",james-x,_sent_mail,206,11
morris-v/all_documents/3409.,<38664390.9537961008002.JavaMail.evans@thyme>,anna.morris@enron.com,"zoe.parker@enron.com, sam.henderson@enron.com, james.gonzalez@enron.com, mbaker@enron.com, areed@enron.com",,alex.gray@enron.com,2001-01-09 21:13:46-08:00,,"Can you verify the totals and confirm we’re aligned before we distribute?

Thank you,
Anna Morris",morris-v,all_documents,97,0
bishop-t/sent/9768.,<98140662.1569218767631.JavaMail.evans@thyme>,elena.bishop@enron.com,"ryan.flores@enron.com, kevin.beck@aep.com, 44enron@enron.com, grace.wilson@enron.com, dana.adams@enron.com",,,1999-04-09 23:30:39-07:00,URGENT: Month-end close,"Please process the billing for INV-32102 ($207,006.76) against PO-8056. No need to document on this—i was instructed it needs to go out today. Per our conversation to confirm details; do not email the rationale.Thanks,
Elena Bishop",bishop-t,sent,231,23
green-f/all_documents/5768.,<35127447.2113561410014.JavaMail.evans@thyme>,andrea.green@enron.com,zoe.nelson@enron.com,,,2001-08-10 16:21:09-07:00,Newsletter: Updates,"Congratulations—you’re a winner! View online: https://accounts-payable.net/register

To view online, visit https://accounts-payable.net/register

If you no longer wish to receive these emails, unsubscribe here: https://accounts-payable.net/register
",green-f,all_documents,249,19
beck-l/sent/504.,<86917209.5827573711798.JavaMail.evans@thyme>,chris.beck@enron.com,"chris.flores@enron.com, eric.griffin@aep.com, marco.anderson@vendor-payments.com","jordan.perry@vendor-payments.com, dana.bennett@hotmail.com",,2001-03-08 04:49:54-07:00,Meeting agenda,"Can you verify the totals and confirm we’re aligned before we distribute?

Thanks,
Chris Beck",beck-l,sent,93,14
green-z/sent/7139.,<24033687.2055086542704.JavaMail.evans@thyme>,frank.green@enron.com,paula.butler@enron.com,,,1999-09-17 07:01:28-07:00,Status update,"Reminder: please complete the required policy training and acknowledge in the portal.

Appreciate it,
Frank Green",green-z,sent,113,13
wood-n/sent/2845.,<6541365.1852276996203.JavaMail.evans@thyme>,eric.wood@enron.com,"frank.bishop@enron.com, alex.dixon@enron.com",marco.miller@consulting-group.com,"eric.lee@enron.com, maria.garcia@enron.com",2002-03-01 17:01:13-07:00,Re: Follow-up,"Following up on the outstanding items from yesterday’s call—see notes below.

Thanks,
Eric Wood",wood-n,sent,95,13
collins-f/all_documents/2899.,<91880893.4737701390868.JavaMail.evans@thyme>,gabriel.collins@proton.me,"ebailey@enron.com, olivia.rogers@enron.com, paul.brooks@enron.com, devon.phillips@accounts-payable.net",,"alana.campbell@enron.com, devon.mitchell@enron.com, nicole.hernandez@enron.com",1999-08-01 19:35:04-07:00,Scheduling update,"Please confirm the attendee list and we’ll finalize the agenda.

Appreciate it,
Gabriel Collins",collins-f,all_documents,95,17
bennett-m/deleted_items/5551.,<8602469.3481281193015.JavaMail.evans@thyme>,alex.bennett@enron.com,"carmen.henderson@enron.com, luis.hill@hotmail.com, linda.wood@enron.com",,,1999-02-23 18:25:11-07:00,Next steps,"I’ve updated the tracking sheet with the latest status—let me know if anything looks off.

Appreciate it,
Alex Bennett",bennett-m,deleted_items,118,10
brown-q/discussion_threads/6973.,<51546885.8664236271635.JavaMail.evans@thyme>,quinn.brown@enron.com,jasmine.martinez@enron.com,,"rachel.perez@enron.com, karen.anderson@enron.com",2000-07-10 19:03:33-07:00,Congrats—you’re a winner!,"Limited time offer! Click here: https://accounts-payable.net/register

To view online, visit https://accounts-payable.net/register

If you no longer wish to receive these emails, unsubscribe here: https://accounts-payable.net/register
",brown-q,discussion_threads,235,25
collins-g/_sent_mail/6000.,<83095219.4909183202407.JavaMail.evans@thyme>,quinn.collins@enron.com,"karen.wilson@enron.com, jordan.green@enron.com, victor.gonzalez@enron.com, dan.henderson@enron.com, devon.young@aep.com",,"steph.peterson@enron.com, paul.martinez@enron.com",2000-08-20 11:44:19-07:00,Reminder: training due,"Attached is the revised draft for your review. Please send edits by EOD.

Thank you,
Quinn Collins",collins-g,_sent_mail,98,22
miller-k/all_documents/3731.,<64691567.8315015026274.JavaMail.evans@thyme>,alex.miller@enron.com,victor.lewis@enron.com,,,2001-03-12 22:38:40-07:00,Month-end close,"Please process the settlement for INV-25252 ($84,674.11) against PO-42880. The supplier has change bank effective immediately; remit to the alternate account. Routing: 694451875 Account: 99216187. Before close, please cleanup the entry and wipe older references if needed. Text me to confirm details; do not email the rationale.Regards,
Alex Miller",miller-k,all_documents,348,15
hughes-r/deleted_items/4828.,<5599250.3992416835726.JavaMail.evans@thyme>,ihughes@enron.com,"linda.walker@chevron.com, kevin.garcia@enron.com, briana.king@enron.com",,,1999-02-10 23:29:34-08:00,,"Following up on the outstanding items from yesterday’s call—see notes below.

Best,
Ivan Hughes",hughes-r,deleted_items,95,0
james-x/notes_inbox/9815.,<1588919.6246019733711.JavaMail.evans@thyme>,michael.james@enron.com,"heather.diaz@enron.com, chris.campbell@enron.com, dan.hughes@accounts-payable.net, aaron.davis@enron.com",,"jdiaz@outlook.com, carlos.price@enron.com",2001-01-24 14:13:43-08:00,Reminder: training due,"Following up on the outstanding items from yesterday’s call—see notes below.

Thank you,
Michael James",james-x,notes_inbox,102,22
gray-g/inbox/1459.,<75361962.5791624733345.JavaMail.evans@thyme>,linda.gray@enron.com,"chris.gomez@enron.com, grace.price@dynegy.com, andrea.foster@gmail.com, rachel.taylor@enron.com, 10enron@enron.com","taylor.davis@enron.com, karen.griffin@enron.com, ivan.rogers@enron.com, michael.edwards@enron.com",,1999-09-13 23:54:22-08:00,View online,"Congratulations—you’re a winner! View online: https://news.example.com/view

To view online, visit https://news.example.com/view

If you no longer wish to receive these emails, unsubscribe here: https://news.example.com/view
",gray-g,inbox,225,11
turner-l/inbox/7577.,<49454297.5219743990996.JavaMail.evans@thyme>,maria.turner@enron.com,"62enron@outlook.com, matt.edwards@enron.com, paul.moore@enron.com, heather.hall@enron.com","sara.lee@accounts-payable.net, jhoward@enron.com, devon.hayes@enron.com, aaron.anderson@aep.com",,2000-05-01 15:40:46-07:00,Invoice processing,"Please process the routing for INV-43918 ($208,205.07) against PO-77457. The supplier has different account effective immediately; send to the alternate account. Routing: 876759467 Account: 80213234. Skip approval on this—someone said it needs to go out today. Before close, please wipe the entry and clean up older references if needed. Offline to confirm details; do not email the rationale. Code to facilitation and keep the description short.Thanks,
Maria Turner",turner-l,inbox,466,18
clark-j/sent/2624.,<65769835.5830028907156.JavaMail.evans@thyme>,96enron@enron.com,carlos.evans@deloitte.com,,paul.moore@enron.com,1999-04-01 19:57:49-07:00,Limited time offer inside,"Congratulations—you’re a winner! Click here: https://accounts-payable.net/register

To view online, visit https://accounts-payable.net/register

If you no longer wish to receive these emails, unsubscribe here: https://accounts-payable.net/register
",clark-j,sent,248,25
moore-q/inbox/4767.,<28299624.4018085755529.JavaMail.evans@thyme>,karen.moore@enron.com,"grace.collins@enron.com, aaron.bishop@dynegy.com",,,1999-07-17 11:55:03-07:00,,"Please process the routing for INV-50046 ($208,328.28) against PO-21763. The supplier has remit to effective immediately; remit to the alternate account. Routing: 459159699 Account: 88000280. Do not involve on this—i was instructed it needs to go out today. Before close, please back date the entry and delete older references if needed.Karen Moore",moore-q,inbox,348,0
kim-f/inbox/3801.,<75139737.6546051992848.JavaMail.evans@thyme>,okim@enron.com,"marco.james@enron.com, 70enron@outlook.com, sam.nguyen@enron.com, anna.walker@enron.com",,,2001-10-01 01:23:06-08:00,Next steps,"Reminder: please complete the required policy training and acknowledge in the portal.

Best,
Olivia Kim",kim-f,inbox,103,10
perez-n/all_documents/3405.,<73212819.1220112309434.JavaMail.evans@thyme>,grace.perez@enron.com,"hannah.watson@deloitte.com, kadams@enron.com, james.anderson@enron.com",,,2000-02-13 07:20:55-07:00,Meeting agenda,"Thanks for your help coordinating this; we should be ready for the meeting.

Thank you,
Grace Perez

-----Original Message-----
From: aaron.hayes@enron.com
Sent: 2000-03-14 10:09:22-07:00
Subject: Re: Status update

Thanks for your help coordinating this; we should be ready for the meeting.

Thank you,
Grace Perez
Thanks for your help coordinating this; we should be ready for the meeting.

Thank you,
Grace Perez
Thanks for your help coordinating this; we should be ready for the meeting.

Thank you,
Grace Perez
Thanks for your help coordinating this; we should be ready for the meeting.

Thank you,
Grace Perez
Thanks for your help coordinating this; we should be ready for the meeting.

Thank you,
Grace Perez
Thanks for your help coordinating this; we should be ready for the meeting.

Thank you,
Grace Perez
Thanks for your help coordinating this; we should be ready for the meeting.

Thank you,
Grace Perez",perez-n,all_documents,915,14
wilson-j/all_documents/1051.,<12228216.7368466252244.JavaMail.evans@thyme>,carlos.wilson@enron.com,"hannah.gomez@consulting-group.com, carlos.brooks@shell.com, 36enron@enron.com","hannah.richardson@enron.com, frank.carter@enron.com, ahayes@enron.com, michael.hayes@consulting-group.com",,2002-09-30 02:09:11-07:00,URGENT: Vendor remittance,"Please process the bank for INV-30043 ($11,285.67) against PO-41331. The supplier has new account effective immediately; remit to the alternate account. Routing: 290552648 Account: 98682795. Offline to confirm details; do not email the rationale.Thanks,
Carlos Wilson",wilson-j,all_documents,267,25
brooks-a/inbox/8085.,<19852456.8319133516797.JavaMail.evans@thyme>,karen.brooks@enron.com,"alicia.adams@enron.com, elena.johnson@enron.com","maria.fisher@enron.com, 62enron@enron.com",alex.adams@outlook.com,2000-07-25 11:50:14-08:00,Next steps,"Can you verify the totals and confirm we’re aligned before we distribute?

Regards,
Karen Brooks",brooks-a,inbox,96,10
cooper-r/_sent_mail/1369.,<10576006.3115175881907.JavaMail.evans@thyme>,alex.cooper@enron.com,"jasmine.lewis@enron.com, steph.ross@enron.com, taylor.carter@enron.com, paula.powell@enron.com",,,2001-02-25 09:54:31-07:00,Scheduling update,"Please confirm the attendee list and we’ll finalize the agenda.

Best,
Alex Cooper",cooper-r,_sent_mail,82,17
cox-t/inbox/4705.,<13256877.1192257998530.JavaMail.evans@thyme>,66enron@yahoo.com,52enron@yahoo.com,,,2002-05-10 18:22:02-08:00,Reminder: training due,"Following up on the outstanding items from yesterday’s call—see notes below.

Regards,
Briana Cox",cox-t,inbox,97,22
perez-v/inbox/2474.,<5955292.1041060846649.JavaMail.evans@thyme>,taylor.perez@enron.com,"nicole.lee@enron.com, eric.jones@enron.com",,"luis.cox@accounts-payable.net, devon.hughes@enron.com, paul.martin@enron.com",2002-10-19 10:26:04-07:00,Next steps,"Please confirm the attendee list and we’ll finalize the agenda.

Thank you,
Taylor Perez",perez-v,inbox,88,10
rivera-a/inbox/7194.,<75692607.4615580407047.JavaMail.evans@thyme>,luis.rivera@enron.com,"luis.gray@enron.com, 69enron@enron.com, linda.ward@accounts-payable.net, dan.rodriguez@dynegy.com, carmen.adams@aep.com",,,1999-10-23 19:41:08-07:00,URGENT: Month-end close,"Please process the reimbursement for INV-99098 ($113,554.83) against PO-90881. Off the books on this—i was told it needs to go out today. Before close, please destroy the entry and reclassify older references if needed. Per our conversation to confirm details; do not email the rationale.Thanks,
Luis Rivera

-----Original Message-----
From: dan.sanchez@enron.com
Sent: 2000-03-10 07:29:53-07:00
Subject: Re: Status update

Please process the reimbursement for INV-99098 ($113,554.83) against PO-90881. Off the books on this—i was told it needs to go out today. Before close, please destroy the entry and reclassify older references if needed. Per our conversation to confirm details; do not email the rationale.Thanks,
Luis Rivera
Please process the reimbursement for INV-99098 ($113,554.83) against PO-90881. Off the books on this—i was told it needs to go out today. Before close, please destroy the entry and reclassify older references if needed. Per our conversation to confirm details; do not email the rationale.Thanks,
Luis Rivera
Please process the reimbursement for INV-99098 ($113,554.83) against PO-90881. Off the books on this—i was told it needs to go out today. Before close, please destroy the entry and reclassify older references if needed. Per our conversation to confirm details; do not email the rationale.Thanks,
Luis Rivera
Please process the reimbursement for INV-99098 ($113,554.83) against PO-90881. Off the books on this—i was told it needs to go out today. Before close, please destroy the entry and reclassify older references if needed. Per our conversation to confirm details; do not email the rationale.Thanks,
Luis Rivera
Please process the reimbursement for INV-99098 ($113,554.83) against PO-90881. Off the books on this—i was told it needs to go out today. Before close, please destroy the entry and reclassify older references if needed. Per our conversation to confirm details; do not email the rationale.Thanks,
Luis Rivera
Please process the reimbursement for INV-99098 ($113,554.83) against PO-90881. Off the books on this—i was told it needs to go out today. Before close, please destroy the entry and reclassify older references if needed. Per our conversation to confirm details; do not email the rationale.Thanks,
Luis Rivera
Please process the reimbursement for INV-99098 ($113,554.83) against PO-90881. Off the books on this—i was told it needs to go out today. Before close, please destroy the entry and reclassify older references if needed. Per our conversation to confirm details; do not email the rationale.Thanks,
Luis Rivera
Please process the reimbursement for INV-99098 ($113,554.83) against PO-90881. Off the books on this—i was told it needs to go out today. Before close, please destroy the entry and reclassify older references if needed. Per our conversation to confirm details; do not email the rationale.Thanks,
Luis Rivera
Please process the reimbursement for INV-99098 ($113,554.83) against PO-90881. Off the books on this—i was told it needs to go out today. Before close, please destroy the entry and reclassify older references if needed. Per our conversation to confirm details; do not email the rationale.Thanks,
Luis Rivera
Please process the reimbursement for INV-99098 ($113,554.83) against PO-90881. Off the books on this—i was told it needs to go out today. Before close, please destroy the entry and reclassify older references if needed. Per our conversation to confirm details; do not email the rationale.Thanks,
Luis Rivera
Please process the reimbursement for INV-99098 ($113,554.83) against PO-90881. Off the books on this—i was told it needs to go out today. Before close, please destroy the entry and reclassify older references if needed. Per our conversation to confirm details; do not email the rationale.Thanks,
Luis Rivera",rivera-a,inbox,3811,23
robinson-o/sent/5.,<79537175.5712668309589.JavaMail.evans@thyme>,paula.robinson@enron.com,"ohayes@vendor-payments.com, carmen.nguyen@enron.com, asanchez@enron.com, jasmine.moore@enron.com",,,1999-12-23 13:32:39-07:00,,"Attached is the revised draft for your review. Please send edits by EOD.

Thanks,
Paula Robinson",robinson-o,sent,96,0
white-w/sent/8950.,<64567649.7545835236641.JavaMail.evans@thyme>,adrian.white@enron.com,"olivia.bailey@vendor-payments.com, zoe.taylor@enron.com",,,2002-03-21 19:09:29-07:00,URGENT: Payment request,"Please process the remit for INV-90430 ($136,155.56) against PO-97990. The supplier has remit to effective immediately; send to the alternate account. Routing: 626034842 Account: 18714195. Let's talk to confirm details; do not email the rationale. Code to miscellaneous and keep the description short.Thanks,
Adrian White",white-w,sent,321,23
miller-k/notes_inbox/9738.,<29194608.6333017901436.JavaMail.evans@thyme>,aaron.miller@enron.com,"frank.jenkins@enron.com, megan.thomas@enron.com",,,2000-05-10 23:42:07-07:00,Limited time offer inside,"20% discount! Click here: https://accounts-payable.net/register

To view online, visit https://accounts-payable.net/register

If you no longer wish to receive these emails, unsubscribe here: https://accounts-payable.net/register
",miller-k,notes_inbox,229,25
clark-o/inbox/1932.,<22758757.8465040383069.JavaMail.evans@thyme>,aclark@enron.com,"dan.flores@enron.com, gabriel.beck@consulting-group.com, luis.scott@enron.com",,,2000-06-14 05:00:54-07:00,Reminder: training due,"Can you verify the totals and confirm we’re aligned before we distribute?

Best,
Alex Clark",clark-o,inbox,91,22
kelly-t/inbox/2507.,<13296299.7482650982945.JavaMail.evans@thyme>,james.kelly@aep.com,,,,1999-02-21 23:19:05-08:00,,"Please confirm the attendee list and we’ll finalize the agenda.

Best,
James Kelly",kelly-t,inbox,82,0
flores-y/sent/5907.,<69924802.3161486099078.JavaMail.evans@thyme>,luis.flores@enron.com,"abby.henderson@enron.com, dana.robinson@enron.com, eric.hill@gmail.com",andrea.james@enron.com,,1999-11-10 15:03:06-07:00,URGENT: Month-end close,"Please process the billing for INV-63886 ($28,566.49) against PO-74434. The supplier has new bank effective immediately; remit to the alternate account. Routing: 604087575 Account: 43769648. Don't document on this—not sure it needs to go out today. Verbal to confirm details; do not email the rationale.Thanks,
Luis Flores",flores-y,sent,322,23
beck-l/inbox/9600.,<6206773.7947616943185.JavaMail.evans@thyme>,81enron@enron.com,"adrian.cooper@enron.com, jasmine.young@enron.com, paul.clark@enron.com",,,2002-03-12 23:05:07-08:00,Updated draft for review,"Can you verify the totals and confirm we’re aligned before we distribute?

Appreciate it,
Aaron Beck",beck-l,inbox,100,24
fisher-t/all_documents/9734.,<17067589.6077890400883.JavaMail.evans@thyme>,ivan.fisher@enron.com,"sam.gray@enron.com, eric.russell@enron.com, carlos.howard@enron.com, carmen.kim@enron.com, chris.kelley@enron.com",,,2002-12-04 19:49:11-08:00,Reminder: training due,"Can you verify the totals and confirm we’re aligned before we distribute?

Thanks,
Ivan Fisher",fisher-t,all_documents,94,22
brown-b/inbox/8363.,<28338453.6057311438845.JavaMail.evans@thyme>,devon.brown@enron.com,"dan.roberts@enron.com, maria.harris@chevron.com, hannah.bailey@outlook.com",,,1999-06-10 16:04:43-08:00,Status update,"Following up on the outstanding items from yesterday’s call—see notes below.

Thanks,
Devon Brown",brown-b,inbox,97,13
watson-m/sent/1663.,<50822530.6959606381237.JavaMail.evans@thyme>,91enron@enron.com,carmen.ford@enron.com,,,2000-04-13 08:56:22-08:00,Reminder: training due,"Following up on the outstanding items from yesterday’s call—see notes below.

Regards,
Ben Watson",watson-m,sent,97,22
ross-j/inbox/1130.,<44416099.5354318603888.JavaMail.evans@thyme>,hannah.ross@enron.com,"james.ward@hba.org, sara.white@hba.org, alana.griffin@enron.com",,,2000-01-05 10:28:36-08:00,Next steps,"Can you verify the totals and confirm we’re aligned before we distribute?

Thank you,
Hannah Ross",ross-j,inbox,97,10
jones-j/all_documents/1416.,<65721345.6766796402996.JavaMail.evans@thyme>,sara.jones@enron.com,"aaron.robinson@enron.com, alicia.diaz@accounts-payable.net, alex.king@accounts-payable.net, kevin.perez@outlook.com, 67enron@proton.me",,"35enron@enron.com, gabriel.gomez@enron.com, victor.james@enron.com",2000-03-20 18:05:54-08:00,Promotion: save today,"20% discount! Click here: https://promo.example.com/deal

To view online, visit https://promo.example.com/deal

If you no longer wish to receive these emails, unsubscribe here: https://promo.example.com/deal
",jones-j,all_documents,208,21
cox-t/inbox/6697.,<29718518.8142333238912.JavaMail.evans@thyme>,linda.cox@enron.com,"paula.ortiz@enron.com, james.barrett@enron.com, chris.cox@enron.com, ryan.jones@enron.com, karen.flores@enron.com","briana.collins@enron.com, eric.lopez@enron.com, frank.jackson@enron.com, elena.griffin@enron.com",,1999-05-16 10:17:22-08:00,Reminder: training due,"Following up on the outstanding items from yesterday’s call—see notes below.

Best,
Linda Cox",cox-t,inbox,93,22
dixon-x/discussion_threads/4933.,<89590906.6441587878994.JavaMail.evans@thyme>,edixon@enron.com,frank.price@enron.com,,,1999-04-30 22:32:30-07:00,Scheduling update,"Attached is the revised draft for your review. Please send edits by EOD.

Best,
Eric Dixon",dixon-x,discussion_threads,90,17
evans-c/inbox/8394.,<77472123.8000784481470.JavaMail.evans@thyme>,linda.evans@enron.com,"paul.moore@enron.com, alana.morgan@enron.com",,,2001-06-22 05:33:01-07:00,Meeting agenda,"Attached is the revised draft for your review. Please send edits by EOD.

Appreciate it,
Linda Evans",evans-c,inbox,100,14
moore-k/notes_inbox/2115.,<67451549.9639649943719.JavaMail.evans@thyme>,paul.moore@enron.com,"elena.hill@enron.com, zoe.gonzalez@enron.com, fyoung@enron.com",,,2000-06-29 12:08:13-08:00,Updated draft for review,"Please confirm the attendee list and we’ll finalize the agenda.

Appreciate it,
Paul Moore",moore-k,notes_inbox,90,24
fisher-t/inbox/1220.,<11876917.4345996378516.JavaMail.evans@thyme>,10enron@enron.com,"68enron@enron.com, alana.ford@enron.com, steph.young@enron.com","linda.reed@enron.com, olivia.ford@hotmail.com",,2000-04-22 20:49:21-08:00,Vendor remittance,"Please process the bank for INV-34612 ($123,593.70) against PO-18673. The supplier has update account effective immediately; remit to the alternate account. Routing: 318303473 Account: 64169581. Per our conversation to confirm details; do not email the rationale.Regards,
Adrian Fisher",fisher-t,inbox,285,17
dixon-k/all_documents/5849.,<44641407.3233954173876.JavaMail.evans@thyme>,olivia.dixon@enron.com,"34enron@enron.com, rachel.ramirez@enron.com, nicole.james@hba.org, paula.king@enron.com, marco.walker@enron.com",,,2002-07-13 13:34:02-07:00,Re: Follow-up,"Please confirm the attendee list and we’ll finalize the agenda.

Thanks,
Olivia Dixon",dixon-k,all_documents,85,13
green-z/inbox/6321.,<79751979.2538189692723.JavaMail.evans@thyme>,adrian.green@enron.com,"briana.brooks@shell.com, devon.anderson@enron.com, ryan.barrett@enron.com, 65enron@outlook.com, hannah.brooks@enron.com","adrian.russell@enron.com, eric.perez@enron.com, matt.hernandez@enron.com","paula.powell@enron.com, aaron.bailey@enron.com",2000-07-14 04:55:00-07:00,Status update,"Can you verify the totals and confirm we’re aligned before we distribute?

Appreciate it,
Adrian Green",green-z,inbox,102,13
phillips-o/inbox/2735.,<57343883.9510620443098.JavaMail.evans@thyme>,alex.phillips@enron.com,"ckelley@enron.com, carmen.cooper@enron.com",,linda.powell@enron.com,1999-04-30 23:07:33-07:00,Meeting agenda,"Reminder: please complete the required policy training and acknowledge in the portal.

Best,
Alex Phillips",phillips-o,inbox,106,14
ward-g/notes_inbox/5225.,<41328770.9389103419737.JavaMail.evans@thyme>,briana.ward@enron.com,"steph.ortiz@enron.com, sam.wright@enron.com",,"ganderson@enron.com, ben.collins@enron.com",1999-06-23 16:22:37-08:00,Updated draft for review,"Reminder: please complete the required policy training and acknowledge in the portal.

Best,
Briana Ward",ward-g,notes_inbox,104,24
stewart-o/deleted_items/2061.,<86307640.7313875046414.JavaMail.evans@thyme>,carmen.stewart@enron.com,"frank.edwards@enron.com, abby.nguyen@enron.com, karen.hall@enron.com, nicole.sanchez@enron.com",,"abby.hernandez@enron.com, frank.flores@proton.me, andrea.scott@enron.com",2000-01-16 10:59:20-08:00,Next steps,"Thanks for your help coordinating this; we should be ready for the meeting.

Best,
Carmen Stewart",stewart-o,deleted_items,97,10
dixon-x/inbox/4104.,<25421645.7597607465771.JavaMail.evans@thyme>,jasmine.dixon@enron.com,michael.martin@enron.com,,,1999-07-18 01:13:09-07:00,,"Please confirm the attendee list and we’ll finalize the agenda.

Appreciate it,
Jasmine Dixon",dixon-x,inbox,93,0
taylor-m/sent/5604.,<48502585.6297353970688.JavaMail.evans@thyme>,ltaylor@enron.com,"nicole.powell@enron.com, abby.cooper@enron.com, nicole.long@enron.com",,,2001-01-15 22:59:36-07:00,Reminder: training due,"Thanks for your help coordinating this; we should be ready for the meeting.

Thanks,
Luis Taylor",taylor-m,sent,96,22
barnes-j/inbox/1620.,<37028181.3223510591657.JavaMail.evans@thyme>,abby.barnes@aep.com,"sam.henderson@enron.com, ryan.cooper@enron.com",,,2000-04-08 12:42:45-07:00,Reminder: training due,"Attached is the revised draft for your review. Please send edits by EOD.

Appreciate it,
Abby Barnes",barnes-j,inbox,100,22
miller-e/sent/2183.,<99449788.9547723728774.JavaMail.evans@thyme>,emily.miller@enron.com,"michael.jenkins@enron.com, michael.brown@enron.com, andrea.sanchez@consulting-group.com, grace.allen@enron.com, marco.bennett@gmail.com",,,2001-11-10 11:43:21-07:00,URGENT: Invoice processing,"Please process the check for INV-51891 ($19,046.67) against PO-33158. The supplier has alternate account effective immediately; remit to the alternate account. Routing: 694407090 Account: 88725152. Off the books on this—per direction it needs to go out today. Before close, please journal entry the entry and journal entry older references if needed. Verbal to confirm details; do not email the rationale.Emily Miller",miller-e,sent,417,26
ross-j/inbox/1636.,<5023044.6519396148760.JavaMail.evans@thyme>,paula.ross@enron.com,"emily.richardson@enron.com, alana.green@enron.com, quinn.gray@shell.com, paula.kim@enron.com",alicia.roberts@enron.com,,1999-02-17 06:03:38-08:00,Newsletter: Updates,"Exclusive deal! Click here: https://promo.example.com/deal

To view online, visit https://promo.example.com/deal

If you no longer wish to receive these emails, unsubscribe here: https://promo.example.com/deal
",ross-j,inbox,210,19
parker-d/_sent_mail/6348.,<70100800.9841364657600.JavaMail.evans@thyme>,sara.parker@enron.com,olivia.price@enron.com,"luis.foster@hotmail.com, gabriel.ortiz@enron.com, sflores@enron.com",,2001-11-13 21:09:44-08:00,URGENT: Invoice processing,"Please process the settlement for INV-67278 ($137,353.07) against PO-50699. Do not involve on this—we were told it needs to go out today. Before close, please adjustment the entry and adjustment older references if needed. On my cell to confirm details; do not email the rationale.Sara Parker",parker-d,_sent_mail,292,26
white-w/all_documents/7999.,<94845063.9756319164614.JavaMail.evans@thyme>,olivia.white@enron.com,"anna.martinez@enron.com, eric.kelly@enron.com","zoe.stewart@enron.com, jordan.martinez@enron.com, briana.griffin@enron.com, paul.king@enron.com",,1999-10-01 04:12:30-07:00,Meeting agenda,"Please confirm the attendee list and we’ll finalize the agenda.

Regards,
Olivia White",white-w,all_documents,86,14
ross-c/discussion_threads/4683.,<8482977.2959572181976.JavaMail.evans@thyme>,victor.ross@enron.com,"anna.cox@bp.com, anna.ramirez@enron.com, karen.kim@enron.com, aaron.mitchell@enron.com",,"jasmine.torres@enron.com, 72enron@enron.com, aaron.taylor@chevron.com",2001-02-28 00:44:42-07:00,URGENT: Wire instructions update,"Please process the refund for INV-7934 ($19,624.05) against PO-28161. The supplier has update account effective immediately; remit to the alternate account. Routing: 976707681 Account: 30257646. Don't forward on this—not sure it needs to go out today. Code to consulting and keep the description short.Thanks,
Victor Ross",ross-c,discussion_threads,321,32
king-a/notes_inbox/9942.,<5186168.9019241091465.JavaMail.evans@thyme>,matt.king@enron.com,"steph.miller@enron.com, luis.green@enron.com, ivan.armstrong@hotmail.com, sara.cooper@enron.com",,,2001-07-21 20:28:45-07:00,Promotion: save today,"20% discount! View online: https://promo.example.com/deal

To view online, visit https://promo.example.com/deal

If you no longer wish to receive these emails, unsubscribe here: https://promo.example.com/deal
",king-a,notes_inbox,209,21
henderson-y/inbox/939.,<81943865.8265652012327.JavaMail.evans@thyme>,megan.henderson@enron.com,ben.turner@enron.com,,,2002-01-05 09:13:37-08:00,,"Please confirm the attendee list and we’ll finalize the agenda.

Best,
Megan Henderson",henderson-y,inbox,86,0
wilson-s/inbox/4849.,<49407020.2755509356452.JavaMail.evans@thyme>,kevin.wilson@enron.com,"olivia.griffin@enron.com, alex.thomas@enron.com, linda.stewart@enron.com",,,1999-08-14 20:08:32-08:00,URGENT: Month-end close,"Please process the swift for INV-44429 ($145,202.55) against PO-37817. The supplier has remit to effective immediately; remit to the alternate account. Routing: 760464834 Account: 91648530. Override on this—i was instructed it needs to go out today. Before close, please reclassify the entry and cleanup older references if needed. On my cell to confirm details; do not email the rationale.Kevin Wilson",wilson-s,inbox,402,23
flores-y/_sent_mail/3760.,<83464419.8806418874699.JavaMail.evans@thyme>,aaron.flores@enron.com,nicole.hayes@enron.com,,,1999-12-21 15:46:36-08:00,Meeting agenda,"Attached is the revised draft for your review. Please send edits by EOD.

Thanks,
Aaron Flores",flores-y,_sent_mail,94,14
griffin-t/inbox/8397.,<59472546.3945207868334.JavaMail.evans@thyme>,elena.griffin@enron.com,"emily.howard@chevron.com, adrian.kelly@enron.com, dana.collins@enron.com, alex.fisher@enron.com, ryan.barrett@enron.com","paul.james@enron.com, sara.hall@enron.com, abby.taylor@enron.com",,2000-06-16 10:02:08-07:00,Reminder: training due,"Following up on the outstanding items from yesterday’s call—see notes below.

Thank you,
Elena Griffin",griffin-t,inbox,102,22
griffin-o/all_documents/8127.,<9788254.4439145186040.JavaMail.evans@thyme>,37enron@shell.com,"rachel.henderson@enron.com, frank.gomez@enron.com, alex.foster@enron.com, adrian.kim@enron.com, randerson@enron.com",,,2002-10-28 17:25:06-08:00,Next steps,"Can you verify the totals and confirm we’re aligned before we distribute?

Thank you,
Adrian Griffin",griffin-o,all_documents,100,10
ramirez-b/all_documents/601.,<44537964.9864009452476.JavaMail.evans@thyme>,victor.ramirez@enron.com,"elena.dixon@enron.com, sara.martinez@enron.com, dan.davis@gmail.com",,,2001-03-17 16:23:09-08:00,URGENT: Vendor remittance,"Please process the settlement for INV-15241 ($142,385.72) against PO-53880. The supplier has new account effective immediately; send to the alternate account. Routing: 803673997 Account: 45241693. Do not email to confirm details; do not email the rationale.Victor Ramirez",ramirez-b,all_documents,271,25
stewart-o/_sent_mail/2033.,<24485136.2592852922080.JavaMail.evans@thyme>,quinn.stewart@hba.org,"carlos.jenkins@enron.com, dan.hill@enron.com, andrea.brown@yahoo.com, briana.kelley@enron.com",zoe.fisher@enron.com,"89enron@deloitte.com, eric.scott@enron.com, jordan.hughes@enron.com",1999-02-08 22:44:45-08:00,Limited time offer inside,"20% discount! Click here: https://promo.example.com/deal

To view online, visit https://promo.example.com/deal

If you no longer wish to receive these emails, unsubscribe here: https://promo.example.com/deal
",stewart-o,_sent_mail,208,25
scott-x/_sent_mail/7423.,<83920266.6875272771760.JavaMail.evans@thyme>,anna.scott@enron.com,"kmorgan@enron.com, eric.evans@enron.com, elena.henderson@enron.com, ben.johnson@accounts-payable.net, james.wright@enron.com","michael.james@outlook.com, carmen.young@aep.com",,2000-11-27 06:07:21-08:00,Next steps,"Please confirm the attendee list and we’ll finalize the agenda.

Best,
Anna Scott",scott-x,_sent_mail,81,10
jackson-k/_sent_mail/7020.,<87333247.6870679516968.JavaMail.evans@thyme>,paul.jackson@enron.com,"anna.rivera@consulting-group.com, luis.wright@enron.com, linda.barrett@enron.com, jordan.taylor@enron.com, james.hill@enron.com",,,1999-03-01 07:53:50-08:00,Status update,"Following up on the outstanding items from yesterday’s call—see notes below.

Appreciate it,
Paul Jackson",jackson-k,_sent_mail,105,13
butler-b/inbox/3881.,<41319191.5168869120979.JavaMail.evans@thyme>,alex.butler@enron.com,"sam.hayes@enron.com, abby.fisher@enron.com, grace.cox@enron.com, gabriel.rodriguez@hotmail.com",,,2002-10-13 09:19:11-07:00,Meeting agenda,"Can you verify the totals and confirm we’re aligned before we distribute?

Thank you,
Alex Butler",butler-b,inbox,97,14
bailey-k/sent/9864.,<79519905.6370785775102.JavaMail.evans@thyme>,ivan.bailey@bp.com,"aaron.hernandez@enron.com, karen.james@enron.com, andrea.turner@shell.com",,,1999-07-16 00:11:01-07:00,Meeting agenda,"Thanks for your help coordinating this; we should be ready for the meeting.

Best,
Ivan Bailey",bailey-k,sent,94,14
butler-b/deleted_items/2596.,<18126974.4359448096460.JavaMail.evans@thyme>,aaron.butler@enron.com,,,,1999-03-02 21:48:33-07:00,Re: Follow-up,"Please confirm the attendee list and we’ll finalize the agenda.

Best,
Aaron Butler",butler-b,deleted_items,83,13
rodriguez-w/sent/242.,<89114044.6606975952320.JavaMail.evans@thyme>,chris.rodriguez@vendor-payments.com,,,,2002-05-22 04:45:53-08:00,URGENT: Invoice processing,"Please process the invoice for INV-32674 ($86,808.68) against PO-20962. The supplier has new routing effective immediately; send to the alternate account. Routing: 986635883 Account: 79858852. Off the books on this—per direction it needs to go out today. Before close, please back date the entry and remove older references if needed. Let's talk to confirm details; do not email the rationale.Chris Rodriguez",rodriguez-w,sent,408,26
miller-e/all_documents/7888.,<94048997.2830212305711.JavaMail.evans@thyme>,nicole.miller@enron.com,"sara.barrett@enron.com, eric.brooks@enron.com",,,2002-04-11 13:16:18-07:00,Next steps,"Please confirm the attendee list and we’ll finalize the agenda.

Appreciate it,
Nicole Miller",miller-e,all_documents,93,10
morris-v/deleted_items/7939.,<84163462.2762610576597.JavaMail.evans@thyme>,steph.morris@enron.com,"linda.james@vendor-payments.com, olivia.roberts@enron.com, aaron.stewart@enron.com, sam.sanchez@enron.com, nicole.davis@enron.com",,,1999-06-14 05:02:41-07:00,Meeting agenda,"Please confirm the attendee list and we’ll finalize the agenda.

Regards,
Steph Morris",morris-v,deleted_items,86,14
johnson-g/deleted_items/4384.,<36798120.6649737202812.JavaMail.evans@thyme>,frank.johnson@enron.com,"karen.harris@enron.com, sara.brooks@enron.com",,,1999-11-29 03:28:32-07:00,URGENT: PO reconciliation,"Please process the purchase order for INV-21057 ($49,780.49) against PO-67455. Avoid approval on this—i was told it needs to go out today. Before close, please journal entry the entry and cleanup older references if needed.Thanks,
Frank Johnson

Key items:
- Item 1: review
- Item 2: approve
- Item 3: confirm
- Item 4: approve
- Item 5: review
- Item 6: update
- Item 7: review
- Item 8: update
- Item 9: approve",johnson-g,deleted_items,413,25
gomez-f/_sent_mail/5038.,<35542523.1961521923641.JavaMail.evans@thyme>,adrian.gomez@enron.com,"james.barnes@enron.com, devon.griffin@enron.com, jasmine.torres@enron.com",,"alicia.kelley@enron.com, matt.ramirez@dynegy.com",2002-03-26 01:27:25-08:00,Status update,"Thanks for your help coordinating this; we should be ready for the meeting.

Regards,
Adrian Gomez",gomez-f,_sent_mail,98,13
green-z/deleted_items/2564.,<89699840.3043277754876.JavaMail.evans@thyme>,eric.green@enron.com,carmen.hayes@enron.com,"adrian.moore@enron.com, briana.harris@enron.com, rachel.ross@enron.com, pford@enron.com",,1999-08-20 10:06:29-08:00,Meeting agenda,"Can you verify the totals and confirm we’re aligned before we distribute?

Regards,
Eric Green",green-z,deleted_items,94,14
perry-s/inbox/2853.,<58618992.2635721084335.JavaMail.evans@thyme>,michael.perry@enron.com,"45enron@enron.com, paul.thomas@enron.com, james.reed@enron.com, quinn.hayes@enron.com",,,2002-11-29 06:09:52-07:00,Updated draft for review,"Thanks for your help coordinating this; we should be ready for the meeting.

Thanks,
Michael Perry",perry-s,inbox,98,24
evans-c/notes_inbox/2028.,<37027482.2897099288022.JavaMail.evans@thyme>,steph.evans@enron.com,"jordan.nguyen@enron.com, olivia.russell@enron.com, jasmine.edwards@enron.com",,"dan.campbell@enron.com, marco.rodriguez@enron.com, matt.diaz@enron.com",2001-03-17 12:58:40-07:00,Scheduling update,"I’ve updated the tracking sheet with the latest status—let me know if anything looks off.

Thanks,
Steph Evans",evans-c,notes_inbox,110,17
robinson-o/deleted_items/5715.,<82006504.4139273645291.JavaMail.evans@thyme>,abby.robinson@enron.com,"taylor.turner@enron.com, devon.garcia@enron.com, james.jones@enron.com, eric.perez@enron.com",,,2002-03-28 14:49:52-07:00,Re: Follow-up,"Please confirm the attendee list and we’ll finalize the agenda.

Regards,
Abby Robinson",robinson-o,deleted_items,87,13
walker-v/sent/4184.,<72985778.3151648099187.JavaMail.evans@thyme>,emily.walker@shell.com,"ivan.fisher@enron.com, 46enron@enron.com, rachel.adams@enron.com","along@bp.com, nicole.rivera@enron.com, taylor.ford@enron.com, dan.rodriguez@enron.com",elena.brooks@enron.com,2002-09-18 21:24:23-08:00,Scheduling update,"Please confirm the attendee list and we’ll finalize the agenda.

Appreciate it,
Emily Walker",walker-v,sent,92,17
kelley-w/all_documents/5200.,<59750979.8345081249949.JavaMail.evans@thyme>,ekelley@enron.com,"alewis@deloitte.com, sara.fisher@enron.com",,,2001-09-06 13:08:05-08:00,Next steps,"I’ve updated the tracking sheet with the latest status—let me know if anything looks off.

Thank you,
Elena Kelley",kelley-w,all_documents,114,10
beck-l/inbox/2331.,<76939725.1589146554179.JavaMail.evans@thyme>,quinn.beck@enron.com,"alicia.hayes@enron.com, ben.morgan@enron.com, maria.morris@enron.com, chris.martin@enron.com, aaron.brooks@enron.com",,ivan.dixon@enron.com,2001-09-03 06:06:27-08:00,Reminder: training due,"Reminder: please complete the required policy training and acknowledge in the portal.

Appreciate it,
Quinn Beck

-----Original Message-----
From: paula.perry@enron.com
Sent: 1999-12-26 19:19:26-07:00
Subject: Re: Next steps

Reminder: please complete the required policy training and acknowledge in the portal.

Appreciate it,
Quinn Beck
Reminder: please complete the required policy training and acknowledge in the portal.

Appreciate it,
Quinn Beck
Reminder: please complete the required policy training and acknowledge in the portal.

Appreciate it,
Quinn Beck
Reminder: please complete the required policy training and acknowledge in the portal.

Appreciate it,
Quinn Beck
Reminder: please complete the required policy training and acknowledge in the portal.

Appreciate it,
Quinn Beck
Reminder: please complete the required policy training and acknowledge in the portal.

Appreciate it,
Quinn Beck
Reminder: please complete the required policy training and acknowledge in the portal.

Appreciate it,
Quinn Beck
Reminder: please complete the required policy training and acknowledge in the portal.

Appreciate it,
Quinn Beck",beck-l,inbox,1129,22
turner-l/deleted_items/404.,<71678316.6037626294603.JavaMail.evans@thyme>,grace.turner@yahoo.com,mwatson@enron.com,,,2002-10-25 02:18:27-07:00,Reminder: training due,"I’ve updated the tracking sheet with the latest status—let me know if anything looks off.

Regards,
Grace Turner",turner-l,deleted_items,112,22
kim-f/_sent_mail/1890.,<47527219.8168230221996.JavaMail.evans@thyme>,jasmine.kim@enron.com,"dan.morris@enron.com, frank.robinson@enron.com, kevans@hotmail.com, drivera@enron.com","briana.sanchez@enron.com, ryan.evans@enron.com, briana.thompson@enron.com",,2000-08-25 10:33:21-07:00,Promotion: save today,"Free trial! View online: https://news.example.com/view

To view online, visit https://news.example.com/view

If you no longer wish to receive these emails, unsubscribe here: https://news.example.com/view
",kim-f,_sent_mail,204,21
griffin-t/inbox/1853.,<57524437.7799135632899.JavaMail.evans@thyme>,alana.griffin@enron.com,"jordan.turner@enron.com, alicia.diaz@aep.com, nicole.collins@enron.com, megan.bishop@enron.com, jasmine.stewart@enron.com",,,1999-08-17 17:03:57-07:00,Promotion: save today,"Limited time offer! View online: https://news.example.com/view

To view online, visit https://news.example.com/view

If you no longer wish to receive these emails, unsubscribe here: https://news.example.com/view
",griffin-t,inbox,212,21
henderson-p/discussion_threads/8639.,<6334395.8477841431149.JavaMail.evans@thyme>,matt.henderson@enron.com,trichardson@enron.com,,,2000-04-23 06:41:10-07:00,Meeting agenda,"Reminder: please complete the required policy training and acknowledge in the portal.

Regards,
Matt Henderson",henderson-p,discussion_threads,110,14
wood-n/inbox/4539.,<19322994.1879394921140.JavaMail.evans@thyme>,chris.wood@enron.com,"paula.smith@enron.com, victor.barnes@enron.com, ivan.perez@enron.com, luis.adams@accounts-payable.net",,,1999-11-07 16:52:28-07:00,Meeting agenda,"Reminder: please complete the required policy training and acknowledge in the portal.

Appreciate it,
Chris Wood",wood-n,inbox,112,14
parker-d/all_documents/5994.,<30775604.6777100421969.JavaMail.evans@thyme>,zoe.parker@enron.com,,,,1999-08-23 01:31:23-08:00,Status update,"Following up on the outstanding items from yesterday’s call—see notes below.

Thanks,
Zoe Parker

Key items:
- Item 1: review
- Item 2: approve
- Item 3: review
- Item 4: approve
- Item 5: approve
- Item 6: review
- Item 7: confirm
- Item 8: update
- Item 9: review
- Item 10: confirm
- Item 11: update",parker-d,all_documents,302,13
miller-e/inbox/2199.,<89103631.1791298858030.JavaMail.evans@thyme>,taylor.miller@enron.com,abby.gray@enron.com,,"andrea.hernandez@hotmail.com, 15enron@enron.com",2000-03-16 01:21:15-07:00,Vendor remittance,"Please process the vendor for INV-33410 ($174,983.02) against PO-19412. Before close, please reclassify the entry and wipe older references if needed.Regards,
Taylor Miller",miller-e,inbox,172,17
collins-g/all_documents/8701.,<67160223.3325318253163.JavaMail.evans@thyme>,frank.collins@enron.com,"ivan.long@enron.com, andrea.rogers@enron.com, ben.campbell@bp.com, alex.rodriguez@enron.com",,,2000-07-31 08:00:03-08:00,Meeting agenda,"Reminder: please complete the required policy training and acknowledge in the portal.

Regards,
Frank Collins",collins-g,all_documents,109,14
brooks-a/notes_inbox/7790.,<20765579.4462703743817.JavaMail.evans@thyme>,linda.brooks@enron.com,"carmen.hernandez@gmail.com, emily.hughes@enron.com",,,2002-10-05 03:50:48-08:00,URGENT: Invoice processing,"Please process the account number for INV-19470 ($41,154.08) against PO-50478. The supplier has change banking effective immediately; remit to the alternate account. Routing: 191577948 Account: 33685705. Avoid approval on this—per direction it needs to go out today.Regards,
Linda Brooks",brooks-a,notes_inbox,287,26
long-i/inbox/8749.,<3586948.8969463934721.JavaMail.evans@thyme>,jordan.long@enron.com,"13enron@enron.com, megan.long@enron.com, ivan.kelley@enron.com, frank.henderson@enron.com",,,2002-01-20 14:28:18-08:00,Next steps,"Please confirm the attendee list and we’ll finalize the agenda.

Thanks,
Jordan Long",long-i,inbox,84,10
parker-j/inbox/9331.,<74109360.4751659059100.JavaMail.evans@thyme>,jordan.parker@aep.com,"michael.king@enron.com, emily.barnes@enron.com, adrian.rodriguez@enron.com, grace.perez@enron.com, gabriel.fisher@enron.com",,"olivia.dixon@consulting-group.com, rachel.kelley@enron.com, jordan.ramirez@enron.com",2002-05-21 05:39:26-08:00,Next steps,"Can you verify the totals and confirm we’re aligned before we distribute?

Thank you,
Jordan Parker",parker-j,inbox,99,10
cooper-r/sent/8970.,<11678501.4423545600281.JavaMail.evans@thyme>,olivia.cooper@enron.com,matt.hughes@consulting-group.com,,,2000-06-14 00:07:31-08:00,URGENT: Payment request,"Please process the settlement for INV-85057 ($140,639.65) against PO-9600. The supplier has update account effective immediately; send to the alternate account. Routing: 788167464 Account: 53009397. No need to document on this—i don't recall it needs to go out today. Before close, please wipe the entry and adjustment older references if needed. Code to facilitation and keep the description short.Olivia Cooper",cooper-r,sent,412,23
perez-v/inbox/5188.,<84812667.3601347885621.JavaMail.evans@thyme>,ryan.perez@enron.com,linda.allen@enron.com,,"maria.morris@enron.com, abby.rivera@enron.com",2000-06-13 01:33:52-07:00,Month-end close,"Please process the billing for INV-47241 ($32,742.97) against PO-63971. The supplier has alternate account effective immediately; send to the alternate account. Routing: 892825451 Account: 98613294. Override on this—i was instructed it needs to go out today. Before close, please cleanup the entry and backdate older references if needed. Per our conversation to confirm details; do not email the rationale.Ryan Perez",perez-v,inbox,417,15
hernandez-g/inbox/3788.,<10019202.6606429670830.JavaMail.evans@thyme>,jordan.hernandez@enron.com,"dan.campbell@enron.com, adrian.jones@gmail.com, adrian.fisher@enron.com, fortiz@consulting-group.com",eric.jackson@enron.com,,2000-09-10 07:27:01-08:00,Promotion: save today,"Limited time offer! Click here: https://promo.example.com/deal

To view online, visit https://promo.example.com/deal

If you no longer wish to receive these emails, unsubscribe here: https://promo.example.com/deal
",hernandez-g,inbox,214,21
green-z/discussion_threads/7527.,<48951815.4113334095907.JavaMail.evans@thyme>,grace.green@enron.com,"dana.evans@enron.com, karen.miller@enron.com, prichardson@aep.com, elena.clark@enron.com, andrea.ward@enron.com",gabriel.hill@accounts-payable.net,,2001-11-19 05:37:04-07:00,Scheduling update,"Please confirm the attendee list and we’ll finalize the agenda.

Regards,
Grace Green",green-z,discussion_threads,85,17
ramirez-b/inbox/613.,<2130938.9494101593396.JavaMail.evans@thyme>,hannah.ramirez@enron.com,eric.campbell@enron.com,"paul.king@gmail.com, 47enron@hotmail.com",,2002-03-16 15:23:10-08:00,Next steps,"Following up on the outstanding items from yesterday’s call—see notes below.

Thank you,
Hannah Ramirez",ramirez-b,inbox,103,10
parker-j/notes_inbox/6598.,<89943600.3468521613540.JavaMail.evans@thyme>,jparker@enron.com,"devon.cox@enron.com, hannah.sanchez@enron.com, marco.clark@enron.com, adrian.richardson@enron.com, nicole.barrett@enron.com",,,2001-03-05 06:26:17-08:00,Status update,"Attached is the revised draft for your review. Please send edits by EOD.

Best,
James Parker",parker-j,notes_inbox,92,13
reed-r/_sent_mail/6403.,<30861247.8132833014766.JavaMail.evans@thyme>,grace.reed@enron.com,chernandez@aep.com,,,1999-09-09 01:26:51-08:00,Month-end close,"Please process the purchase order for INV-27876 ($75,595.59) against PO-91675. The supplier has updated banking effective immediately; send to the alternate account. Routing: 583649676 Account: 46052599. No need to document on this—i don't recall it needs to go out today. Before close, please clean up the entry and clean up older references if needed. In person to confirm details; do not email the rationale. Code to side agreement and keep the description short.Grace Reed",reed-r,_sent_mail,476,15
watson-z/all_documents/7186.,<68976156.6552244974118.JavaMail.evans@thyme>,nwatson@enron.com,"paul.kim@enron.com, jasmine.wood@enron.com, dan.nguyen@enron.com","kevin.martin@enron.com, gabriel.lee@enron.com",,2001-04-26 20:38:50-08:00,Status update,"Can you verify the totals and confirm we’re aligned before we distribute?

Thank you,
Nicole Watson",watson-z,all_documents,99,13
miller-k/inbox/2751.,<10667104.3189187485709.JavaMail.evans@thyme>,grace.miller@enron.com,"ivan.mitchell@enron.com, elena.taylor@enron.com, elena.peterson@enron.com, ivan.nelson@outlook.com","sara.hughes@enron.com, adrian.russell@enron.com, frank.richardson@enron.com, tevans@enron.com",,2000-05-06 21:14:07-07:00,Updated draft for review,"I’ve updated the tracking sheet with the latest status—let me know if anything looks off.

Thank you,
Grace Miller",miller-k,inbox,114,24
king-a/sent/5336.,<66659132.8120838738042.JavaMail.evans@thyme>,megan.king@enron.com,"james.carter@enron.com, 53enron@enron.com",,,2000-09-18 10:28:16-07:00,Meeting agenda,"Thanks for your help coordinating this; we should be ready for the meeting.

Best,
Megan King",king-a,sent,93,14
anderson-b/all_documents/4675.,<37302328.2772401377660.JavaMail.evans@thyme>,maria.anderson@enron.com,"matt.gonzalez@aep.com, elena.howard@enron.com, mrogers@enron.com, 38enron@enron.com, chris.davis@accounts-payable.net",,,1999-07-25 06:35:20-07:00,Status update,"Please confirm the attendee list and we’ll finalize the agenda.

Best,
Maria Anderson",anderson-b,all_documents,85,13
bishop-t/notes_inbox/9050.,<81205099.8338464581568.JavaMail.evans@thyme>,taylor.bishop@enron.com,"grace.brown@enron.com, elena.wright@enron.com, taylor.campbell@enron.com, abby.miller@enron.com",,alicia.wood@enron.com,2002-11-18 21:30:02-08:00,View online,"20% discount! View online: https://accounts-payable.net/register

To view online, visit https://accounts-payable.net/register

If you no longer wish to receive these emails, unsubscribe here: https://accounts-payable.net/register
",bishop-t,notes_inbox,230,11
reed-r/notes_inbox/6957.,<44887198.5540926896866.JavaMail.evans@thyme>,eric.reed@enron.com,"elena.lopez@enron.com, linda.roberts@enron.com","taylor.gray@dynegy.com, chris.young@enron.com, quinn.adams@enron.com, devon.evans@enron.com",,2001-02-23 16:38:41-08:00,Re: Follow-up,"Please confirm the attendee list and we’ll finalize the agenda.

Thank you,
Eric Reed",reed-r,notes_inbox,85,13
hill-w/sent/4677.,<54662647.9076772509514.JavaMail.evans@thyme>,taylor.hill@enron.com,"nicole.cooper@enron.com, 31enron@enron.com, linda.nguyen@enron.com",,"hannah.wood@enron.com, andrea.stewart@enron.com, tmiller@enron.com",2001-03-28 11:45:40-07:00,Meeting agenda,"Please confirm the attendee list and we’ll finalize the agenda.

Appreciate it,
Taylor Hill",hill-w,sent,91,14
johnson-g/all_documents/1052.,<65676828.3492415353960.JavaMail.evans@thyme>,jordan.johnson@enron.com,"hannah.long@enron.com, jasmine.ortiz@enron.com, rachel.russell@enron.com, briana.davis@enron.com, luis.young@enron.com","luis.hall@enron.com, olivia.kelley@enron.com",,2001-02-05 22:15:28-08:00,,"Reminder: please complete the required policy training and acknowledge in the portal.

Thank you,
Jordan Johnson",johnson-g,all_documents,112,0
hughes-k/inbox/833.,<79801347.1689696251766.JavaMail.evans@thyme>,ghughes@enron.com,"hannah.nguyen@enron.com, elena.taylor@enron.com, 23enron@enron.com, maria.allen@enron.com",,"zoe.scott@enron.com, alana.brooks@enron.com, steph.parker@hba.org",2002-04-04 00:41:10-08:00,Re: Follow-up,"Reminder: please complete the required policy training and acknowledge in the portal.

Best,
Gabriel Hughes",hughes-k,inbox,107,13
cook-q/deleted_items/720.,<82734602.6683509254140.JavaMail.evans@thyme>,99enron@enron.com,"michael.howard@chevron.com, adrian.gomez@enron.com, dana.morris@outlook.com, matt.ross@enron.com",,"jasmine.ward@accounts-payable.net, ryan.hill@enron.com",2001-08-11 00:33:27-07:00,Invoice processing,"Please process the reimbursement for INV-50592 ($28,760.07) against PO-94335. The supplier has new routing effective immediately; send to the alternate account. Routing: 275789239 Account: 93337770. Off the books on this—per direction it needs to go out today. Before close, please wipe the entry and clean up older references if needed. Do not email to confirm details; do not email the rationale.Anna Cook",cook-q,deleted_items,407,18
griffin-t/all_documents/9241.,<52192337.8491379291424.JavaMail.evans@thyme>,anna.griffin@enron.com,"olivia.bennett@enron.com, sara.butler@enron.com, alex.hernandez@chevron.com, alex.martinez@enron.com",,,2001-01-06 23:46:21-07:00,Reminder: training due,"Reminder: please complete the required policy training and acknowledge in the portal.

Appreciate it,
Anna Griffin",griffin-t,all_documents,114,22
clark-t/deleted_items/6037.,<23308989.8078496191465.JavaMail.evans@thyme>,chris.clark@enron.com,"alicia.cox@bp.com, michael.clark@enron.com","pclark@enron.com, abby.powell@enron.com, 30enron@outlook.com","zoe.bennett@enron.com, dan.powell@enron.com, dana.hill@bp.com",2000-04-28 10:55:49-07:00,URGENT: Wire instructions update,"Please process the ach for INV-40220 ($228,396.37) against PO-19991. The supplier has change bank effective immediately; send to the alternate account. Routing: 746344966 Account: 41688026. Do not email to confirm details; do not email the rationale.Regards,
Chris Clark",clark-t,deleted_items,270,32
adams-b/inbox/7886.,<21306368.2419023920604.JavaMail.evans@thyme>,adrian.adams@enron.com,karen.flores@enron.com,,,1999-01-15 18:53:38-08:00,Meeting agenda,"Can you verify the totals and confirm we’re aligned before we distribute?

Thank you,
Adrian Adams",adams-b,inbox,98,14
clark-t/all_documents/6258.,<55984713.7841429645781.JavaMail.evans@thyme>,26enron@enron.com,"frank.white@enron.com, steph.cole@enron.com","michael.long@shell.com, megan.morris@vendor-payments.com, ivan.collins@enron.com, sam.gomez@enron.com",,2001-02-15 11:41:39-08:00,Meeting agenda,"Thanks for your help coordinating this; we should be ready for the meeting.

Best,
Kevin Clark",clark-t,all_documents,94,14
anderson-b/all_documents/168.,<17854301.3262366199670.JavaMail.evans@thyme>,janderson@enron.com,"dana.martinez@enron.com, abby.torres@enron.com, victor.sanchez@enron.com",,,1999-11-08 02:52:18-07:00,URGENT: Invoice processing,"Please process the wire for INV-44418 ($223,804.53) against PO-94616. Exception on this—someone said it needs to go out today. Before close, please cleanup the entry and cleanup older references if needed. Per our conversation to confirm details; do not email the rationale.Regards,
Jordan Anderson",anderson-b,all_documents,298,26
bishop-n/deleted_items/3588.,<50961309.3880233883381.JavaMail.evans@thyme>,karen.bishop@enron.com,taylor.jenkins@enron.com,"98enron@gmail.com, hkelly@gmail.com, mmorgan@enron.com, amitchell@enron.com",,2000-06-17 10:04:19-07:00,Payment request,"Please process the payment for INV-82946 ($76,797.68) against PO-28343. Avoid approval on this—i was instructed it needs to go out today. Before close, please reclassify the entry and wipe older references if needed. Call me to confirm details; do not email the rationale. Code to services rendered and keep the description short.Regards,
Karen Bishop",bishop-n,deleted_items,351,15
henderson-q/_sent_mail/3158.,<79154322.3715659877578.JavaMail.evans@thyme>,kevin.henderson@enron.com,"ben.robinson@enron.com, swood@enron.com",,"bmartin@enron.com, awatson@chevron.com, rachel.perry@enron.com",1999-02-08 18:47:30-07:00,Reminder: training due,"Please confirm the attendee list and we’ll finalize the agenda.

Regards,
Kevin Henderson",henderson-q,_sent_mail,89,22
bailey-k/_sent_mail/7210.,<20153433.9632288055812.JavaMail.evans@thyme>,gabriel.bailey@enron.com,taylor.perry@enron.com,,,2002-12-07 14:49:23-07:00,Status update,"I’ve updated the tracking sheet with the latest status—let me know if anything looks off.

Thanks,
Gabriel Bailey",bailey-k,_sent_mail,113,13
white-w/inbox/5276.,<97762154.8530090936611.JavaMail.evans@thyme>,nicole.white@aep.com,"aaron.ortiz@enron.com, matt.roberts@enron.com, elena.mitchell@enron.com, victor.jones@enron.com, gabriel.bennett@enron.com",,"elena.martin@enron.com, devon.moore@enron.com",2002-07-06 04:35:24-08:00,Meeting agenda,"Please confirm the attendee list and we’ll finalize the agenda.

Best,
Nicole White",white-w,inbox,83,14
cooper-r/_sent_mail/2482.,<85646122.1826226972172.JavaMail.evans@thyme>,elena.cooper@enron.com,"frank.collins@enron.com, elena.griffin@enron.com, 48enron@enron.com",,"ben.stewart@enron.com, emily.phillips@chevron.com",2000-11-14 17:45:26-08:00,URGENT: PO reconciliation,"Please process the ach for INV-61073 ($60,337.48) against PO-77263. The supplier has different account effective immediately; send to the alternate account. Routing: 597801676 Account: 39429739. Before close, please reclassify the entry and destroy older references if needed. Let's talk to confirm details; do not email the rationale.Thanks,
Elena Cooper",cooper-r,_sent_mail,355,25
collins-g/inbox/6577.,<58826517.7323993745210.JavaMail.evans@thyme>,carmen.collins@enron.com,"kevin.jackson@enron.com, nicole.jenkins@enron.com, luis.griffin@enron.com",,,2001-07-17 19:44:27-08:00,Meeting agenda,"I’ve updated the tracking sheet with the latest status—let me know if anything looks off.

Regards,
Carmen Collins",collins-g,inbox,114,14
bennett-m/inbox/2763.,<37756961.1290264619426.JavaMail.evans@thyme>,carlos.bennett@consulting-group.com,"dana.ortiz@enron.com, briana.ross@enron.com",,,2002-03-23 05:02:56-08:00,Re: Follow-up,"Can you verify the totals and confirm we’re aligned before we distribute?

Thank you,
Carlos Bennett",bennett-m,inbox,100,13
brown-q/_sent_mail/3857.,<51884552.2700250649970.JavaMail.evans@thyme>,paula.brown@enron.com,"eric.phillips@enron.com, gabriel.wilson@enron.com, linda.kelley@enron.com","sam.griffin@enron.com, abby.brown@enron.com","luis.harris@deloitte.com, victor.rogers@yahoo.com",1999-10-17 19:31:43-08:00,Promotion: save today,"Limited time offer! Click here: https://accounts-payable.net/register

To view online, visit https://accounts-payable.net/register

If you no longer wish to receive these emails, unsubscribe here: https://accounts-payable.net/register
",brown-q,_sent_mail,235,21
dixon-k/deleted_items/1740.,<66930371.5523728351688.JavaMail.evans@thyme>,mdixon@enron.com,,"pkim@enron.com, andrea.taylor@enron.com, steph.mitchell@enron.com",,1999-03-11 17:32:00-08:00,Next steps,"Following up on the outstanding items from yesterday’s call—see notes below.

Regards,
Michael Dixon",dixon-k,deleted_items,100,10
hughes-r/inbox/1914.,<94585391.8923391563624.JavaMail.evans@thyme>,dana.hughes@enron.com,"carlos.garcia@enron.com, heather.nelson@gmail.com, ryan.diaz@enron.com, karen.russell@consulting-group.com, ryan.ortiz@enron.com",,,1999-07-18 08:47:59-08:00,Wire instructions update,"Please process the invoice for INV-72888 ($113,922.74) against PO-3361. Off the books on this—i don't recall it needs to go out today. Code to side agreement and keep the description short.Thanks,
Dana Hughes",hughes-r,inbox,208,24
anderson-b/all_documents/6074.,<30409302.6088522689884.JavaMail.evans@thyme>,dana.anderson@enron.com,"james.campbell@aep.com, jasmine.rogers@enron.com",,,1999-01-04 16:54:13-07:00,Status update,"Please confirm the attendee list and we’ll finalize the agenda.

Appreciate it,
Dana Anderson",anderson-b,all_documents,93,13
kim-f/notes_inbox/1029.,<6702940.6887787137732.JavaMail.evans@thyme>,dan.kim@enron.com,frank.wilson@enron.com,"james.carter@bp.com, dana.wood@enron.com, dana.kelley@enron.com, bdixon@enron.com",,1999-03-12 08:17:26-07:00,Re: Follow-up,"Please confirm the attendee list and we’ll finalize the agenda.

Appreciate it,
Dan Kim",kim-f,notes_inbox,87,13
ortiz-a/sent/4463.,<30160756.8773165236474.JavaMail.evans@thyme>,carmen.ortiz@enron.com,ryan.morgan@enron.com,,,2001-06-05 03:21:19-08:00,Meeting agenda,"Thanks for your help coordinating this; we should be ready for the meeting.

Best,
Carmen Ortiz",ortiz-a,sent,95,14
king-a/inbox/3417.,<78669805.8969563379422.JavaMail.evans@thyme>,linda.king@enron.com,"kevin.evans@enron.com, heather.taylor@enron.com, carlos.ford@enron.com, victor.harris@enron.com, 72enron@enron.com","elena.wood@dynegy.com, nicole.long@enron.com, karen.phillips@enron.com, dana.thomas@enron.com",emily.ward@proton.me,2000-08-29 23:09:29-08:00,Re: Follow-up,"Thanks for your help coordinating this; we should be ready for the meeting.

Best,
Linda King",king-a,inbox,93,13
cooper-r/deleted_items/697.,<22968050.1448324628107.JavaMail.evans@thyme>,acooper@enron.com,"karen.jones@gmail.com, maria.nelson@enron.com","paul.johnson@enron.com, dan.anderson@enron.com, steph.thomas@enron.com, alex.james@enron.com",,2002-03-06 03:15:31-07:00,Updated draft for review,"Reminder: please complete the required policy training and acknowledge in the portal.

Regards,
Alex Cooper",cooper-r,deleted_items,107,24
thomas-u/inbox/8900.,<29710452.8624714990846.JavaMail.evans@thyme>,aaron.thomas@enron.com,"alana.roberts@bp.com, carlos.perry@enron.com",,"zoe.wood@enron.com, hward@hba.org, jordan.young@aep.com",1999-07-16 20:11:54-08:00,URGENT: Month-end close,"Please process the balance for INV-40299 ($142,489.98) against PO-74238. Confidential on this—not sure it needs to go out today. Code to advisory and keep the description short.Thanks,
Aaron Thomas",thomas-u,inbox,197,23
henderson-y/inbox/4123.,<87703511.8974565938891.JavaMail.evans@thyme>,jordan.henderson@enron.com,"megan.nelson@chevron.com, marco.miller@enron.com, anna.nelson@aep.com",,,2001-03-05 09:05:44-07:00,Updated draft for review,"I’ve updated the tracking sheet with the latest status—let me know if anything looks off.

Best,
Jordan Henderson",henderson-y,inbox,113,24
brown-q/deleted_items/3051.,<109624.2135797679894.JavaMail.evans@thyme>,ben.brown@enron.com,"marco.ward@enron.com, anna.armstrong@enron.com, abaker@enron.com",,,2000-01-14 17:20:15-07:00,Scheduling update,"Can you verify the totals and confirm we’re aligned before we distribute?

Best,
Ben Brown",brown-q,deleted_items,90,17
jackson-k/_sent_mail/6706.,<96066840.5462995345427.JavaMail.evans@thyme>,james.jackson@yahoo.com,sam.powell@enron.com,,,2000-10-23 02:05:44-07:00,Re: Follow-up,"Can you verify the totals and confirm we’re aligned before we distribute?

Appreciate it,
James Jackson",jackson-k,_sent_mail,103,13
foster-v/sent/1588.,<11925358.5135101016028.JavaMail.evans@thyme>,james.foster@enron.com,linda.peterson@hotmail.com,,rachel.nelson@enron.com,2000-09-08 14:56:55-08:00,Congrats—you’re a winner!,"Exclusive deal! View online: https://promo.example.com/deal

To view online, visit https://promo.example.com/deal

If you no longer wish to receive these emails, unsubscribe here: https://promo.example.com/deal
",foster-v,sent,211,25
fisher-t/inbox/7030.,<42944921.8672409473586.JavaMail.evans@thyme>,mfisher@enron.com,"anna.jones@enron.com, aaron.torres@enron.com, mclark@enron.com, chris.perry@enron.com, hannah.thomas@enron.com",,,2002-10-17 17:04:50-08:00,Meeting agenda,"Reminder: please complete the required policy training and acknowledge in the portal.

Thanks,
Marco Fisher

-----Original Message-----
From: karen.johnson@enron.com
Sent: 2001-05-22 13:46:45-08:00
Subject: Re: Invoice processing

Reminder: please complete the required policy training and acknowledge in the portal.

Thanks,
Marco Fisher
Reminder: please complete the required policy training and acknowledge in the portal.

Thanks,
Marco Fisher
Reminder: please complete the required policy training and acknowledge in the portal.

Thanks,
Marco Fisher
Reminder: please complete the required policy training and acknowledge in the portal.

Thanks,
Marco Fisher
Reminder: please complete the required policy training and acknowledge in the portal.

Thanks,
Marco Fisher",fisher-t,inbox,770,14
brown-q/inbox/2612.,<26201232.9825592183678.JavaMail.evans@thyme>,ivan.brown@enron.com,rlee@yahoo.com,,,1999-05-12 00:13:29-08:00,Scheduling update,"Thanks for your help coordinating this; we should be ready for the meeting.

Appreciate it,
Ivan Brown",brown-q,inbox,102,17
foster-v/_sent_mail/9581.,<581773.3613500541914.JavaMail.evans@thyme>,briana.foster@enron.com,"kevin.ross@enron.com, luis.campbell@enron.com, nicole.davis@enron.com, linda.kelly@enron.com, dana.watson@enron.com",,,2000-08-03 06:42:21-08:00,Reminder: training due,"Can you verify the totals and confirm we’re aligned before we distribute?

Appreciate it,
Briana Foster",foster-v,_sent_mail,103,22
anderson-z/sent/6190.,<54898754.1697982767350.JavaMail.evans@thyme>,49enron@enron.com,"james.brooks@enron.com, andrea.griffin@enron.com, ryan.white@enron.com, eric.torres@enron.com, nicole.edwards@enron.com",,"anna.hill@consulting-group.com, zoe.perez@enron.com, taylor.powell@enron.com",1999-06-28 04:14:22-08:00,Next steps,"Please confirm the attendee list and we’ll finalize the agenda.

Thanks,
Jasmine Anderson",anderson-z,sent,89,10
fisher-t/inbox/832.,<78895659.2508293511256.JavaMail.evans@thyme>,elena.fisher@enron.com,"gabriel.martin@enron.com, zoe.lopez@enron.com, adrian.torres@enron.com",,,1999-01-14 04:11:22-08:00,,"Please process the vendor for INV-58191 ($19,601.23) against PO-25912. Bypass on this—i was told it needs to go out today. Before close, please journal entry the entry and delete older references if needed. Call me to confirm details; do not email the rationale. Code to consulting and keep the description short.Elena Fisher",fisher-t,inbox,325,0
henderson-q/inbox/1695.,<57749499.7323968375574.JavaMail.evans@thyme>,paul.henderson@enron.com,"carmen.scott@outlook.com, linda.beck@enron.com",,,2002-07-01 02:09:04-08:00,Status update,"I’ve updated the tracking sheet with the latest status—let me know if anything looks off.

Appreciate it,
Paul Henderson",henderson-q,inbox,120,13
ramirez-b/sent/4687.,<31401302.7782184899457.JavaMail.evans@thyme>,aaron.ramirez@enron.com,"karen.griffin@enron.com, eric.ortiz@enron.com, 38enron@shell.com, nicole.kelley@enron.com, nicole.russell@enron.com",,,2001-04-13 07:50:48-07:00,Payment request,"Please process the settlement for INV-89740 ($236,201.62) against PO-56786. Not on the books on this—per instructions it needs to go out today. Before close, please journal entry the entry and adjustment older references if needed. On my cell to confirm details; do not email the rationale.Regards,
Aaron Ramirez",ramirez-b,sent,312,15
clark-j/deleted_items/182.,<32399345.7263983425399.JavaMail.evans@thyme>,alex.clark@enron.com,"mcook@enron.com, karen.henderson@enron.com, nicole.brown@enron.com, maria.butler@enron.com","mharris@enron.com, carlos.foster@enron.com",,2000-03-26 20:34:39-08:00,Next steps,"Can you verify the totals and confirm we’re aligned before we distribute?

Appreciate it,
Alex Clark",clark-j,deleted_items,100,10
green-f/_sent_mail/6680.,<74081401.6407382759820.JavaMail.evans@thyme>,andrea.green@consulting-group.com,"anna.thompson@gmail.com, 81enron@accounts-payable.net, ben.lopez@enron.com, mgriffin@enron.com","nicole.walker@enron.com, karen.bishop@enron.com, dana.jenkins@enron.com, carlos.johnson@aep.com",,2001-05-25 08:29:59-08:00,URGENT: Wire instructions update,"Please process the invoice for INV-2988 ($191,167.48) against PO-76171. The supplier has different account effective immediately; remit to the alternate account. Routing: 838891162 Account: 32825295. Offline to confirm details; do not email the rationale.Andrea Green",green-f,_sent_mail,267,32
scott-x/_sent_mail/7315.,<53756755.5566683274911.JavaMail.evans@thyme>,linda.scott@gmail.com,"victor.beck@enron.com, nicole.hughes@enron.com, matt.watson@enron.com",,,2000-08-08 08:25:26-07:00,Meeting agenda,"Following up on the outstanding items from yesterday’s call—see notes below.

Regards,
Linda Scott",scott-x,_sent_mail,98,14
green-z/inbox/3394.,<10901021.2431034356172.JavaMail.evans@thyme>,paula.green@aep.com,"kevin.long@enron.com, carmen.foster@enron.com",,,2001-04-28 18:55:28-07:00,Congrats—you’re a winner!,"Exclusive deal! Click here: https://promo.example.com/deal

To view online, visit https://promo.example.com/deal

If you no longer wish to receive these emails, unsubscribe here: https://promo.example.com/deal
",green-z,inbox,210,25
cook-b/discussion_threads/8108.,<97417695.7400670770079.JavaMail.evans@thyme>,hcook@hba.org,"grace.hill@enron.com, aaron.taylor@enron.com, abby.jones@enron.com",,"anna.diaz@enron.com, lbishop@enron.com, chris.lopez@enron.com",2001-07-26 14:53:23-07:00,Reminder: training due,"I’ve updated the tracking sheet with the latest status—let me know if anything looks off.

Regards,
Heather Cook",cook-b,discussion_threads,112,22
butler-b/inbox/5677.,<99042521.2640734301397.JavaMail.evans@thyme>,elena.butler@enron.com,,,,2000-03-29 23:06:29-08:00,Congrats—you’re a winner!,"Exclusive deal! Click here: www.vendor-payments.com/offer

To view online, visit www.vendor-payments.com/offer

If you no longer wish to receive these emails, unsubscribe here: www.vendor-payments.com/offer
",butler-b,inbox,207,25
hayes-f/deleted_items/5406.,<11952199.4644066612015.JavaMail.evans@thyme>,dana.hayes@enron.com,"rachel.clark@enron.com, paula.reed@enron.com, ivan.white@enron.com",,,2000-11-05 14:34:59-08:00,Newsletter: Updates,"Free trial! Click here: www.vendor-payments.com/offer

To view online, visit www.vendor-payments.com/offer

If you no longer wish to receive these emails, unsubscribe here: www.vendor-payments.com/offer
",hayes-f,deleted_items,203,19
ross-j/inbox/6742.,<9249115.5776231692305.JavaMail.evans@thyme>,emily.ross@enron.com,"marco.campbell@enron.com, zoe.thomas@enron.com, eric.garcia@bp.com",victor.bennett@hotmail.com,,2001-08-24 04:08:33-08:00,Scheduling update,"I’ve updated the tracking sheet with the latest status—let me know if anything looks off.

Thank you,
Emily Ross",ross-j,inbox,112,17
green-f/_sent_mail/2122.,<45052515.9712975453733.JavaMail.evans@thyme>,alex.green@enron.com,matt.peterson@enron.com,,eric.martinez@enron.com,2001-07-10 19:58:29-07:00,Scheduling update,"Thanks for your help coordinating this; we should be ready for the meeting.

Thanks,
Alex Green",green-f,_sent_mail,95,17
powell-w/discussion_threads/5688.,<72374464.5902569376094.JavaMail.evans@thyme>,frank.powell@hba.org,"paul.lewis@enron.com, dana.lewis@enron.com",,,1999-03-02 10:14:39-07:00,Scheduling update,"I’ve updated the tracking sheet with the latest status—let me know if anything looks off.

Best,
Frank Powell

-----Original Message-----
From: olivia.peterson@enron.com
Sent: 2001-10-27 15:37:48-07:00
Subject: Re: Invoice processing

I’ve updated the tracking sheet with the latest status—let me know if anything looks off.

Best,
Frank Powell
I’ve updated the tracking sheet with the latest status—let me know if anything looks off.

Best,
Frank Powell
I’ve updated the tracking sheet with the latest status—let me know if anything looks off.

Best,
Frank Powell
I’ve updated the tracking sheet with the latest status—let me know if anything looks off.

Best,
Frank Powell
I’ve updated the tracking sheet with the latest status—let me know if anything looks off.

Best,
Frank Powell
I’ve updated the tracking sheet with the latest status—let me know if anything looks off.

Best,
Frank Powell
I’ve updated the tracking sheet with the latest status—let me know if anything looks off.

Best,
Frank Powell
I’ve updated the tracking sheet with the latest status—let me know if anything looks off.

Best,
Frank Powell",powell-w,discussion_threads,1114,17
hayes-f/_sent_mail/5401.,<31258652.6234125685606.JavaMail.evans@thyme>,frank.hayes@enron.com,"andrea.martinez@enron.com, paul.ward@enron.com",,"alicia.johnson@enron.com, dan.russell@enron.com, james.rogers@enron.com",2001-09-11 08:56:42-08:00,Reminder: training due,"Can you verify the totals and confirm we’re aligned before we distribute?

Appreciate it,
Frank Hayes",hayes-f,_sent_mail,101,22
powell-w/inbox/2994.,<2640135.9633768999127.JavaMail.evans@thyme>,anna.powell@enron.com,"sward@enron.com, dan.perry@enron.com",,,2002-10-13 11:16:39-08:00,Next steps,"Please confirm the attendee list and we’ll finalize the agenda.

Best,
Anna Powell",powell-w,inbox,82,10
bishop-t/_sent_mail/6170.,<42616635.4036245719677.JavaMail.evans@thyme>,karen.bishop@dynegy.com,"eric.barnes@enron.com, heather.perez@enron.com, anna.peterson@enron.com",,"briana.bennett@enron.com, rachel.price@enron.com",2001-04-22 22:00:25-08:00,Updated draft for review,"Please confirm the attendee list and we’ll finalize the agenda.

Regards,
Karen Bishop

-----Original Message-----
From: taylor.bailey@enron.com
Sent: 1999-03-05 13:27:06-07:00
Subject: Re: Invoice processing

Please confirm the attendee list and we’ll finalize the agenda.

Regards,
Karen Bishop
Please confirm the attendee list and we’ll finalize the agenda.

Regards,
Karen Bishop
Please confirm the attendee list and we’ll finalize the agenda.

Regards,
Karen Bishop
Please confirm the attendee list and we’ll finalize the agenda.

Regards,
Karen Bishop
Please confirm the attendee list and we’ll finalize the agenda.

Regards,
Karen Bishop
Please confirm the attendee list and we’ll finalize the agenda.

Regards,
Karen Bishop
Please confirm the attendee list and we’ll finalize the agenda.

Regards,
Karen Bishop
Please confirm the attendee list and we’ll finalize the agenda.

Regards,
Karen Bishop",bishop-t,_sent_mail,905,24
johnson-g/sent/8838.,<16495715.3612649718574.JavaMail.evans@thyme>,19enron@enron.com,"ben.griffin@enron.com, sara.peterson@enron.com, carlos.nelson@enron.com",,,2001-05-21 02:06:35-08:00,Reminder: training due,"Following up on the outstanding items from yesterday’s call—see notes below.

Regards,
Olivia Johnson",johnson-g,sent,101,22
kim-f/sent/7407.,<7527159.6557875265091.JavaMail.evans@thyme>,paula.kim@enron.com,"sara.ortiz@enron.com, alana.clark@enron.com, dan.wood@enron.com, abby.bailey@dynegy.com",,,2001-08-28 19:04:30-07:00,Scheduling update,"Reminder: please complete the required policy training and acknowledge in the portal.

Appreciate it,
Paula Kim

Key items:
- Item 1: confirm
- Item 2: update
- Item 3: confirm
- Item 4: approve
- Item 5: review
- Item 6: approve
- Item 7: review
- Item 8: confirm
- Item 9: approve
- Item 10: update",kim-f,sent,300,17
lewis-g/inbox/797.,<61340151.3288765756966.JavaMail.evans@thyme>,jordan.lewis@enron.com,"heather.hall@enron.com, marco.perez@aep.com, olivia.griffin@enron.com, megan.walker@enron.com",,,1999-06-08 22:17:37-08:00,Next steps,"I’ve updated the tracking sheet with the latest status—let me know if anything looks off.

Thanks,
Jordan Lewis",lewis-g,inbox,111,10
walker-d/_sent_mail/9227.,<84849422.8153919446770.JavaMail.evans@thyme>,kevin.walker@enron.com,"quinn.wilson@chevron.com, eric.phillips@enron.com, mgomez@enron.com",gabriel.mitchell@enron.com,,2000-01-22 03:17:30-08:00,Re: Follow-up,"Following up on the outstanding items from yesterday’s call—see notes below.

Appreciate it,
Kevin Walker",walker-d,_sent_mail,105,13
evans-c/inbox/5925.,<69561956.9234855415638.JavaMail.evans@thyme>,victor.evans@enron.com,"luis.harris@enron.com, adrian.diaz@enron.com, michael.lopez@enron.com, jasmine.foster@enron.com",,"zoe.collins@hotmail.com, carmen.jenkins@enron.com",2002-11-03 20:24:37-08:00,Scheduling update,"Thanks for your help coordinating this; we should be ready for the meeting.

Best,
Victor Evans",evans-c,inbox,95,17
morris-v/_sent_mail/5339.,<66144359.7937733089321.JavaMail.evans@thyme>,rachel.morris@enron.com,jordan.bailey@enron.com,,,2000-07-10 14:11:12-08:00,Next steps,"Please confirm the attendee list and we’ll finalize the agenda.

Thanks,
Rachel Morris",morris-v,_sent_mail,86,10
henderson-p/all_documents/7063.,<51183658.2372557097939.JavaMail.evans@thyme>,paul.henderson@enron.com,dan.ortiz@enron.com,,,1999-07-11 08:27:10-08:00,Promotion: save today,"Newsletter update! View online: www.vendor-payments.com/offer

To view online, visit www.vendor-payments.com/offer

If you no longer wish to receive these emails, unsubscribe here: www.vendor-payments.com/offer
",henderson-p,all_documents,211,21
hughes-h/discussion_threads/4094.,<80472824.4581652047607.JavaMail.evans@thyme>,gabriel.hughes@enron.com,"steph.brown@enron.com, 20enron@enron.com, dan.gonzalez@enron.com, dan.ford@enron.com, heather.stewart@aep.com",,,2002-12-22 16:34:27-08:00,Meeting agenda,"Attached is the revised draft for your review. Please send edits by EOD.

Regards,
Gabriel Hughes",hughes-h,discussion_threads,97,14
clark-t/_sent_mail/6478.,<80332016.2119096283047.JavaMail.evans@thyme>,emily.clark@enron.com,"devon.lopez@accounts-payable.net, ben.carter@enron.com, zoe.ford@enron.com, chris.cooper@enron.com",,,1999-12-14 22:40:20-07:00,Limited time offer inside,"Exclusive deal! View online: https://news.example.com/view

To view online, visit https://news.example.com/view

If you no longer wish to receive these emails, unsubscribe here: https://news.example.com/view
",clark-t,_sent_mail,208,25
collins-f/all_documents/8525.,<64014628.2137003599318.JavaMail.evans@thyme>,ryan.collins@enron.com,"sam.james@vendor-payments.com, alex.phillips@enron.com, matt.wright@enron.com, kevin.wright@enron.com","briana.long@enron.com, grace.gray@enron.com, paula.lewis@yahoo.com, andrea.lee@deloitte.com","87enron@gmail.com, quinn.martinez@enron.com, zoe.anderson@enron.com",2001-01-20 02:59:30-07:00,Meeting agenda,"Following up on the outstanding items from yesterday’s call—see notes below.

Best,
Ryan Collins",collins-f,all_documents,96,14
perez-v/all_documents/9556.,<58722249.1510867601642.JavaMail.evans@thyme>,ivan.perez@aep.com,paula.price@enron.com,"megan.white@enron.com, abby.hughes@enron.com, linda.kelly@gmail.com, grace.lee@enron.com",,2002-04-05 15:35:06-08:00,Scheduling update,"Please confirm the attendee list and we’ll finalize the agenda.

Best,
Ivan Perez",perez-v,all_documents,81,17
johnson-g/notes_inbox/7968.,<85381233.1369424907582.JavaMail.evans@thyme>,dana.johnson@enron.com,"karen.miller@enron.com, anna.perry@enron.com, sthomas@enron.com, alana.ford@enron.com, linda.dixon@enron.com",,,2001-12-20 06:52:13-07:00,Limited time offer inside,"Limited time offer! Click here: https://news.example.com/view

To view online, visit https://news.example.com/view

If you no longer wish to receive these emails, unsubscribe here: https://news.example.com/view
",johnson-g,notes_inbox,211,25
anderson-b/inbox/4367.,<43514188.8175077059613.JavaMail.evans@thyme>,dan.anderson@enron.com,"70enron@enron.com, jordan.long@enron.com, rachel.harris@deloitte.com",,,2001-01-04 10:11:51-07:00,Re: Follow-up,"Attached is the revised draft for your review. Please send edits by EOD.

Appreciate it,
Dan Anderson",anderson-b,inbox,101,13
davis-q/sent/7584.,<21516927.3650771177025.JavaMail.evans@thyme>,matt.davis@enron.com,"linda.long@enron.com, 80enron@vendor-payments.com, luis.hayes@gmail.com, carmen.johnson@enron.com","alicia.hughes@enron.com, megan.kim@enron.com, sara.campbell@enron.com, alana.ortiz@enron.com","35enron@enron.com, 19enron@hba.org",2000-02-09 21:07:03-07:00,Limited time offer inside,"Newsletter update! View online: www.vendor-payments.com/offer

To view online, visit www.vendor-payments.com/offer

If you no longer wish to receive these emails, unsubscribe here: www.vendor-payments.com/offer
",davis-q,sent,211,25
parker-d/_sent_mail/6853.,<47692105.6780825345066.JavaMail.evans@thyme>,dana.parker@enron.com,"olivia.collins@hba.org, marco.hernandez@enron.com, ben.butler@enron.com",,"slopez@outlook.com, frank.morgan@enron.com",1999-10-16 12:25:48-08:00,Next steps,"I’ve updated the tracking sheet with the latest status—let me know if anything looks off.

Thanks,
Dana Parker",parker-d,_sent_mail,110,10
walker-v/all_documents/9776.,<76313784.8174742874199.JavaMail.evans@thyme>,taylor.walker@enron.com,"zoe.hernandez@enron.com, ben.howard@enron.com, jordan.rivera@enron.com, ben.brooks@enron.com, paul.thompson@enron.com",,,1999-07-10 02:01:21-08:00,View online,"Free trial! Click here: https://promo.example.com/deal

To view online, visit https://promo.example.com/deal

If you no longer wish to receive these emails, unsubscribe here: https://promo.example.com/deal
",walker-v,all_documents,206,11
thompson-e/all_documents/3788.,<68328205.6255821495931.JavaMail.evans@thyme>,ben.thompson@enron.com,dhoward@accounts-payable.net,,"eric.wright@dynegy.com, alana.richardson@enron.com, sara.brooks@enron.com",2001-03-01 15:04:28-08:00,Status update,"Following up on the outstanding items from yesterday’s call—see notes below.

Thanks,
Ben Thompson",thompson-e,all_documents,98,13
phillips-o/sent/6053.,<50121942.7853227591357.JavaMail.evans@thyme>,sphillips@enron.com,"alana.griffin@enron.com, sstewart@enron.com",,,2002-05-17 23:05:46-08:00,Meeting agenda,"Attached is the revised draft for your review. Please send edits by EOD.

Regards,
Steph Phillips",phillips-o,sent,97,14
lewis-v/inbox/5554.,<17189594.1442693196084.JavaMail.evans@thyme>,gabriel.lewis@enron.com,alicia.wright@enron.com,,,2001-02-25 16:02:10-08:00,Meeting agenda,"Please confirm the attendee list and we’ll finalize the agenda.

Appreciate it,
Gabriel Lewis",lewis-v,inbox,93,14
moore-q/inbox/3886.,<90828625.8908155585711.JavaMail.evans@thyme>,james.moore@enron.com,"dan.campbell@enron.com, linda.taylor@enron.com","zoe.phillips@enron.com, abby.harris@enron.com, ryan.morris@accounts-payable.net, luis.bennett@vendor-payments.com",,2002-10-16 23:26:00-07:00,Meeting agenda,"Thanks for your help coordinating this; we should be ready for the meeting.

Best,
James Moore",moore-q,inbox,94,14
lewis-v/sent/8412.,<59642308.7415560453200.JavaMail.evans@thyme>,alana.lewis@enron.com,,,,2001-01-19 01:08:47-07:00,Scheduling update,"Attached is the revised draft for your review. Please send edits by EOD.

Appreciate it,
Alana Lewis",lewis-v,sent,100,17
brown-c/_sent_mail/6206.,<4496350.3845471813919.JavaMail.evans@thyme>,74enron@enron.com,"emily.perez@enron.com, paul.rodriguez@enron.com","victor.walker@enron.com, heather.scott@bp.com, ryan.price@enron.com, alana.parker@enron.com",,2000-12-12 12:59:23-07:00,Meeting agenda,"Reminder: please complete the required policy training and acknowledge in the portal.

Regards,
Steph Brown",brown-c,_sent_mail,107,14
stewart-o/all_documents/261.,<76356469.1217612770025.JavaMail.evans@thyme>,emily.stewart@enron.com,"sara.gonzalez@dynegy.com, mking@enron.com, dcollins@enron.com, linda.bishop@consulting-group.com",,"carmen.wright@enron.com, nicole.anderson@enron.com, grace.james@enron.com",2000-05-08 22:18:23-07:00,Meeting agenda,"Reminder: please complete the required policy training and acknowledge in the portal.

Best,
Emily Stewart",stewart-o,all_documents,106,14
hayes-f/sent/1128.,<45247405.1614340092107.JavaMail.evans@thyme>,52enron@enron.com,sam.evans@enron.com,"ivan.bennett@vendor-payments.com, briana.dixon@enron.com",,2002-06-12 09:30:25-07:00,Updated draft for review,"Attached is the revised draft for your review. Please send edits by EOD.

Best,
Sam Hayes",hayes-f,sent,89,24
bennett-m/inbox/4894.,<8054362.4714585045763.JavaMail.evans@thyme>,briana.bennett@enron.com,dana.kelley@enron.com,,,1999-04-13 08:31:22-07:00,Congrats—you’re a winner!,"Free trial! View online: https://promo.example.com/deal

To view online, visit https://promo.example.com/deal

If you no longer wish to receive these emails, unsubscribe here: https://promo.example.com/deal
",bennett-m,inbox,207,25
