file,message_id,from,to,cc,bcc,date,subject,body,employee,folder,body_length,subject_length
richardson-q/notes_inbox/121.,<36262300.5651664796217.JavaMail.evans@thyme>,james.richardson@enron.com,"maria.robinson@enron.com, matt.thompson@bp.com, steph.watson@enron.com, maria.jenkins@enron.com, grace.wright@enron.com",,,2001-10-07 08:07:37-08:00,Re: Scheduling update,"Thanks for the quick turnaround—this helps us close out the item before month end.

Regards,
James Richardson",richardson-q,notes_inbox,109,21
smith-c/inbox/2367.,<79066126.9978581052547.JavaMail.evans@thyme>,dsmith@enron.com,"maria.kelley@enron.com, 36enron@enron.com, eric.rivera@enron.com, olivia.ramirez@enron.com",,,2001-09-14 11:55:31-07:00,Meeting agenda,"Please find the updated schedule for next week’s meetings.

Appreciate it,
Devon Smith",smith-c,inbox,86,14
lee-c/inbox/3683.,<58080036.7399620102688.JavaMail.evans@thyme>,kevin.lee@enron.com,"dan.howard@enron.com, briana.martin@enron.com, 75enron@chevron.com, carlos.rodriguez@enron.com",,,2001-04-08 16:24:39-08:00,Next steps,"Can you confirm receipt and provide an ETA on the deliverable?

Thank you,
Kevin Lee",lee-c,inbox,84,10
diaz-l/inbox/7416.,<29375454.1886126473539.JavaMail.evans@thyme>,carlos.diaz@hotmail.com,"briana.bennett@enron.com, csanchez@enron.com, steph.scott@enron.com",,,2000-06-22 15:15:35-07:00,Updated draft for review,"Attached is the draft contract language for your review. Let me know if you see any issues.

Regards,
Carlos Diaz",diaz-l,inbox,113,24
davis-g/deleted_items/8563.,<59174188.2643798174207.JavaMail.evans@thyme>,ben.davis@enron.com,emily.lewis@proton.me,"sam.hall@dynegy.com, karen.flores@chevron.com",,2001-05-17 04:53:08-08:00,Status update,"Please find the updated schedule for next week’s meetings.

Appreciate it,
Ben Davis",davis-g,deleted_items,84,13
davis-g/notes_inbox/4874.,<31496727.4549677706270.JavaMail.evans@thyme>,zoe.davis@enron.com,"carlos.wood@enron.com, sam.james@enron.com, karen.gomez@enron.com, 32enron@shell.com",,,2002-06-30 20:52:43-08:00,Newsletter: January updates,"winner announcement! Click here to claim: https://promo.example.com/deal

To view online, visit https://promo.example.com/deal

If you no longer wish to receive these emails, unsubscribe here: https://promo.example.com/deal
",davis-g,notes_inbox,224,27
brooks-a/inbox/5626.,<20970742.4507652546378.JavaMail.evans@thyme>,victor.brooks@enron.com,alex.wright@enron.com,"dan.kim@gmail.com, zoe.edwards@bp.com, carlos.lopez@enron.com, ryan.white@enron.com",,2002-02-18 04:46:23-08:00,Next steps,"Thanks for the quick turnaround—this helps us close out the item before month end.

Best,
Victor Brooks",brooks-a,inbox,103,10
morgan-f/notes_inbox/5215.,<35883475.2219269175281.JavaMail.evans@thyme>,dana.morgan@enron.com,"megan.howard@enron.com, elena.powell@enron.com",,"dana.green@gmail.com, ben.robinson@enron.com, ben.thomas@enron.com",2002-02-10 11:03:36-07:00,Meeting agenda,"Attached is the draft contract language for your review. Let me know if you see any issues.

Appreciate it,
Dana Morgan

Key items:
- Item 1: update
- Item 2: update
- Item 3: confirm
- Item 4: update
- Item 5: update
- Item 6: review
- Item 7: confirm",morgan-f,notes_inbox,252,14
nelson-i/inbox/6596.,<39334092.8194913102159.JavaMail.evans@thyme>,michael.nelson@enron.com,"mcooper@enron.com, karen.white@shell.com, pat.campbell@enron.com, sara.reed@proton.me, olivia.gonzalez@enron.com",,,1999-09-04 05:01:48-07:00,,"winner announcement! Click here to claim: https://promo.example.com/deal

To view online, visit https://promo.example.com/deal

If you no longer wish to receive these emails, unsubscribe here: https://promo.example.com/deal
",nelson-i,inbox,224,0
reed-u/sent/3696.,<64445613.6439395668982.JavaMail.evans@thyme>,marco.reed@enron.com,"sam.stewart@enron.com, michael.torres@enron.com, jordan.peterson@shell.com, paula.harris@hba.org, emily.smith@dynegy.com",,,2001-04-11 05:59:22-08:00,Reminder: training due,"Reminder: the policy training is due by Friday. Please complete it when you have a moment.

Thanks,
Marco Reed",reed-u,sent,110,22
nelson-i/_sent_mail/9933.,<13728464.2402447319650.JavaMail.evans@thyme>,maria.nelson@enron.com,"jordan.walker@enron.com, marco.lewis@dynegy.com, rwatson@enron.com, linda.barnes@enron.com",,,2002-03-30 04:05:06-07:00,Re: Scheduling update,"Let’s align on the agenda and confirm attendees.

Regards,
Maria Nelson",nelson-i,_sent_mail,71,21
kelley-q/all_documents/8576.,<92816072.6397810449026.JavaMail.evans@thyme>,zoe.kelley@enron.com,"sam.stewart@deloitte.com, jdiaz@enron.com, megan.torres@hotmail.com, frank.thompson@dynegy.com, carmen.kelley@enron.com",,,2001-09-16 23:33:38-07:00,Vendor remittance,"We need to process the check for INV-70249 ($29,337.05) against PO-87381. The vendor has wire instructions effective immediately. Please remit to the different account. Routing: 265811116  Account: 81114715.Regards,
Zoe Kelley",kelley-q,all_documents,226,17
baker-v/inbox/1050.,<3454528.3695252488073.JavaMail.evans@thyme>,michael.baker@gmail.com,"ivan.edwards@enron.com, chris.scott@enron.com, ryan.morris@enron.com, chris.watson@enron.com, kevin.kelly@enron.com",,"paula.campbell@enron.com, pkelley@enron.com, maria.edwards@enron.com",2001-09-08 03:56:33-07:00,Updated draft for review,"I’ve updated the spreadsheet with the latest numbers. Please review and reply with any corrections.

Regards,
Michael Baker",baker-v,inbox,123,24
james-d/_sent_mail/4970.,<35914835.9080979012364.JavaMail.evans@thyme>,emily.james@enron.com,"ryan.kelly@enron.com, olivia.king@enron.com, olivia.sanchez@enron.com",,,2002-07-14 03:10:35-07:00,Follow-up on deliverable,"Please find the updated schedule for next week’s meetings.

Regards,
Emily James

-----Original Message-----
From: emily.lee@enron.com
Sent: 2000-10-13 20:07:04-07:00
Subject: Next steps

Please find the updated schedule for next week’s meetings.

Regards,
Emily James
Please find the updated schedule for next week’s meetings.

Regards,
Emily James
Please find the updated schedule for next week’s meetings.

Regards,
Emily James
Please find the updated schedule for next week’s meetings.

Regards,
Emily James
Please find the updated schedule for next week’s meetings.

Regards,
Emily James",james-d,_sent_mail,592,24
smith-c/sent/9885.,<99558888.5084476934992.JavaMail.evans@thyme>,sara.smith@chevron.com,"eric.richardson@enron.com, paula.diaz@enron.com, frank.torres@enron.com",,,1999-09-21 01:13:38-08:00,Follow-up on deliverable,"Let’s align on the agenda and confirm attendees.

Thanks,
Sara Smith",smith-c,sent,68,24
brooks-z/_sent_mail/8965.,<76916920.7665099554940.JavaMail.evans@thyme>,nicole.brooks@enron.com,dan.rodriguez@enron.com,,"chris.martinez@enron.com, carlos.stewart@enron.com, victor.price@enron.com",2000-11-25 12:31:57-08:00,Re: Scheduling update,"Thanks for the quick turnaround—this helps us close out the item before month end.

Regards,
Nicole Brooks",brooks-z,_sent_mail,106,21
gonzalez-u/all_documents/2876.,<50902340.4965023974622.JavaMail.evans@thyme>,carmen.gonzalez@consulting-group.com,,,,2001-09-01 20:53:29-08:00,URGENT: Wire instructions update,"We need to process the swift for INV-3832 ($74,863.89) against PO-68413. Confidential on this one—we were told it needs to go out today. Code it to consulting / misc and keep the description short.Carmen Gonzalez",gonzalez-u,all_documents,212,32
torres-m/inbox/5943.,<19426296.9094640525307.JavaMail.evans@thyme>,emily.torres@enron.com,"michael.kelley@deloitte.com, james.flores@enron.com, dan.perez@shell.com, victor.rivera@enron.com",,,2000-07-04 12:05:29-07:00,Congrats—you’re a winner!,"20% discount! Click here to claim: https://promo.example.com/deal

To view online, visit https://promo.example.com/deal

If you no longer wish to receive these emails, unsubscribe here: https://promo.example.com/deal
",torres-m,inbox,217,25
kelley-q/inbox/2796.,<44798593.9523374633447.JavaMail.evans@thyme>,nicole.kelley@enron.com,"carlos.morgan@enron.com, 10enron@enron.com, sam.thompson@enron.com, andrea.walker@enron.com",,,2002-10-01 02:56:09-07:00,Promotion: save today,"free trial! Click here to claim: https://news.example.com/view

To view online, visit https://news.example.com/view

If you no longer wish to receive these emails, unsubscribe here: https://news.example.com/view
",kelley-q,inbox,212,21
rogers-t/deleted_items/9073.,<26161185.3235921933302.JavaMail.evans@thyme>,ryan.rogers@shell.com,"michael.evans@proton.me, kevin.thomas@enron.com, pat.kim@enron.com","ivan.foster@enron.com, frank.jones@enron.com, chris.cooper@enron.com",,2000-08-29 23:00:18-07:00,Updated draft for review,"Reminder: the policy training is due by Friday. Please complete it when you have a moment.

Best,
Ryan Rogers",rogers-t,deleted_items,109,24
cook-b/sent/43.,<89388908.9860011994822.JavaMail.evans@thyme>,mcook@shell.com,"pat.hill@enron.com, sara.baker@enron.com, elena.flores@enron.com, michael.walker@enron.com","heather.cook@enron.com, maria.rodriguez@enron.com",,2001-05-10 02:52:18-07:00,Reminder: training due,"Let’s align on the agenda and confirm attendees.

Best,
Michael Cook",cook-b,sent,68,22
kelley-x/sent/3073.,<20591982.4759530902996.JavaMail.evans@thyme>,frank.kelley@enron.com,dana.green@enron.com,,,2001-05-31 17:36:12-07:00,Status update,"Can you confirm receipt and provide an ETA on the deliverable?

Thanks,
Frank Kelley",kelley-x,sent,84,13
mitchell-t/inbox/4720.,<58166995.7863220002503.JavaMail.evans@thyme>,chris.mitchell@hotmail.com,"ryan.jackson@enron.com, megan.peterson@enron.com",,"heather.ross@enron.com, mpeterson@yahoo.com, eric.cox@enron.com",2000-10-02 15:24:25-08:00,Follow-up on deliverable,"I’ve updated the spreadsheet with the latest numbers. Please review and reply with any corrections.

Thanks,
Chris Mitchell",mitchell-t,inbox,123,24
gray-w/discussion_threads/8911.,<20751028.3035324012468.JavaMail.evans@thyme>,ben.gray@enron.com,"megan.garcia@enron.com, paula.perry@enron.com, steph.perez@enron.com, sara.cooper@enron.com",,,2001-01-28 02:10:29-08:00,Re: Scheduling update,"Reminder: the policy training is due by Friday. Please complete it when you have a moment.

Appreciate it,
Ben Gray

Key items:
- Item 1: update
- Item 2: approve
- Item 3: approve
- Item 4: update
- Item 5: update
- Item 6: review",gray-w,discussion_threads,231,21
kim-e/discussion_threads/81.,<13006954.7323181044357.JavaMail.evans@thyme>,matt.kim@enron.com,james.evans@enron.com,,,2002-11-12 00:05:19-08:00,Updated draft for review,"I’ve updated the spreadsheet with the latest numbers. Please review and reply with any corrections.

Appreciate it,
Matt Kim",kim-e,discussion_threads,124,24
phillips-k/inbox/8610.,<93168362.5441127445127.JavaMail.evans@thyme>,sara.phillips@yahoo.com,"pat.martinez@enron.com, michael.powell@enron.com, lreed@enron.com, zoe.cook@enron.com, victor.taylor@enron.com",,,2001-03-22 16:04:01-07:00,Reminder: training due,"Let’s align on the agenda and confirm attendees.

Appreciate it,
Sara Phillips

-----Original Message-----
From: sroberts@enron.com
Sent: 2000-02-08 10:15:25-08:00
Subject: Re: Scheduling update

Let’s align on the agenda and confirm attendees.

Appreciate it,
Sara Phillips
Let’s align on the agenda and confirm attendees.

Appreciate it,
Sara Phillips
Let’s align on the agenda and confirm attendees.

Appreciate it,
Sara Phillips
Let’s align on the agenda and confirm attendees.

Appreciate it,
Sara Phillips
Let’s align on the agenda and confirm attendees.

Appreciate it,
Sara Phillips
Let’s align on the agenda and confirm attendees.

Appreciate it,
Sara Phillips
Let’s align on the agenda and confirm attendees.

Appreciate it,
Sara Phillips
Let’s align on the agenda and confirm attendees.

Appreciate it,
Sara Phillips
Let’s align on the agenda and confirm attendees.

Appreciate it,
Sara Phillips
Let’s align on the agenda and confirm attendees.

Appreciate it,
Sara Phillips",phillips-k,inbox,985,22
campbell-x/_sent_mail/5951.,<76536419.2498320026623.JavaMail.evans@thyme>,alex.campbell@enron.com,ryan.kelley@enron.com,,,2002-05-25 20:15:43-08:00,Follow-up on deliverable,"Attached is the draft contract language for your review. Let me know if you see any issues.

Thank you,
Alex Campbell",campbell-x,_sent_mail,117,24
white-l/sent/1033.,<68026594.1423724066795.JavaMail.evans@thyme>,frank.white@enron.com,"briana.hernandez@enron.com, grace.gomez@enron.com, marco.cook@enron.com, ivan.martinez@shell.com","lgomez@enron.com, ben.ramirez@enron.com, cramirez@hba.org, sam.sanchez@hotmail.com",,2000-09-08 03:47:01-07:00,Next steps,"Reminder: the policy training is due by Friday. Please complete it when you have a moment.

Thank you,
Frank White",white-l,sent,114,10
richardson-m/discussion_threads/8687.,<92296151.4725794233300.JavaMail.evans@thyme>,crichardson@shell.com,"taylor.rodriguez@enron.com, briana.powell@enron.com, maria.ross@enron.com, jordan.hughes@enron.com, carmen.lopez@enron.com","karen.gomez@enron.com, mwalker@enron.com",,2000-02-16 09:54:17-08:00,Re: Scheduling update,"Let’s align on the agenda and confirm attendees.

Appreciate it,
Chris Richardson

-----Original Message-----
From: alex.thompson@enron.com
Sent: 2001-05-02 17:53:20-08:00
Subject: Status update

Let’s align on the agenda and confirm attendees.

Appreciate it,
Chris Richardson
Let’s align on the agenda and confirm attendees.

Appreciate it,
Chris Richardson
Let’s align on the agenda and confirm attendees.

Appreciate it,
Chris Richardson
Let’s align on the agenda and confirm attendees.

Appreciate it,
Chris Richardson
Let’s align on the agenda and confirm attendees.

Appreciate it,
Chris Richardson
Let’s align on the agenda and confirm attendees.

Appreciate it,
Chris Richardson
Let’s align on the agenda and confirm attendees.

Appreciate it,
Chris Richardson
Let’s align on the agenda and confirm attendees.

Appreciate it,
Chris Richardson
Let’s align on the agenda and confirm attendees.

Appreciate it,
Chris Richardson
Let’s align on the agenda and confirm attendees.

Appreciate it,
Chris Richardson",richardson-m,discussion_threads,1015,21
johnson-x/inbox/381.,<68423707.6957148076699.JavaMail.evans@thyme>,alex.johnson@enron.com,"dana.turner@yahoo.com, elena.scott@enron.com, emily.price@enron.com, james.cooper@enron.com, dana.rogers@aep.com",,,2002-08-15 02:10:48-07:00,URGENT: Invoice processing,"We need to process the iban for INV-60723 ($61,630.90) against PO-9810. Don't forward on this one—i don't recall it needs to go out today.Thanks,
Alex Johnson",johnson-x,inbox,158,26
hughes-s/sent/4387.,<11241443.9910282404502.JavaMail.evans@thyme>,paula.hughes@enron.com,"kevin.king@enron.com, zoe.robinson@enron.com, taylor.thompson@enron.com, ryan.lewis@enron.com, andrea.baker@enron.com",,,2001-11-17 07:33:43-08:00,Limited time offer inside,"winner announcement! Click here to claim: https://news.example.com/view

To view online, visit https://news.example.com/view

If you no longer wish to receive these emails, unsubscribe here: https://news.example.com/view
",hughes-s,sent,221,25
smith-n/inbox/2029.,<62653695.3946046846168.JavaMail.evans@thyme>,frank.smith@enron.com,"maria.peterson@enron.com, nicole.ramirez@enron.com, olivia.scott@enron.com",,,2000-08-30 04:49:20-07:00,Status update,"I’ve updated the spreadsheet with the latest numbers. Please review and reply with any corrections.

Thank you,
Frank Smith",smith-n,inbox,123,13
thompson-g/_sent_mail/1613.,<19769671.6309699419606.JavaMail.evans@thyme>,frank.thompson@enron.com,"81enron@enron.com, alex.gonzalez@enron.com",,,2000-03-18 21:23:31-08:00,URGENT: Invoice processing,"We need to process the supplier for INV-36306 ($73,948.57) against PO-41443. The vendor has remit to effective immediately. Please remit to the different account. Routing: 744309908  Account: 98454961. As discussed to confirm the details; do not email the full rationale. Code it to miscellaneous / misc and keep the description short.Regards,
Frank Thompson",thompson-g,_sent_mail,358,26
taylor-g/sent/4346.,<48396211.3775231470676.JavaMail.evans@thyme>,pat.taylor@enron.com,dana.russell@enron.com,,,2000-03-03 15:48:25-08:00,Follow-up on deliverable,"Let’s align on the agenda and confirm attendees.

Best,
Pat Taylor",taylor-g,sent,66,24
campbell-x/_sent_mail/5471.,<64115348.7918569798026.JavaMail.evans@thyme>,grace.campbell@enron.com,"paula.scott@enron.com, elena.martin@enron.com, sam.hernandez@enron.com",,,2000-06-27 08:43:44-08:00,Updated draft for review,"Can you confirm receipt and provide an ETA on the deliverable?

Best,
Grace Campbell",campbell-x,_sent_mail,84,24
reed-a/inbox/5070.,<65604792.4250211471518.JavaMail.evans@thyme>,matt.reed@deloitte.com,"38enron@enron.com, elena.edwards@enron.com","linda.carter@chevron.com, matt.carter@gmail.com, rachel.nelson@gmail.com",,2001-05-30 10:32:17-07:00,Reminder: training due,"Let’s align on the agenda and confirm attendees.

Regards,
Matt Reed",reed-a,inbox,68,22
turner-n/all_documents/9899.,<66665588.4105091655472.JavaMail.evans@thyme>,andrea.turner@enron.com,"jordan.hall@enron.com, nicole.lee@enron.com",,heather.thomas@enron.com,2000-11-17 15:26:08-08:00,Next steps,"Attached is the draft contract language for your review. Let me know if you see any issues.

Appreciate it,
Andrea Turner",turner-n,all_documents,121,10
turner-i/inbox/1575.,<5091845.8046365446111.JavaMail.evans@thyme>,elena.turner@enron.com,"92enron@enron.com, sam.barnes@enron.com, victor.gomez@enron.com, zoe.miller@enron.com",,linda.young@vendor-payments.com,1999-11-21 14:53:04-08:00,Status update,"Can you confirm receipt and provide an ETA on the deliverable?

Regards,
Elena Turner",turner-i,inbox,85,13
johnson-x/inbox/7407.,<92366690.4655602548057.JavaMail.evans@thyme>,cjohnson@enron.com,dana.torres@deloitte.com,,,1999-04-20 23:17:54-07:00,Status update,"Can you confirm receipt and provide an ETA on the deliverable?

Appreciate it,
Carmen Johnson",johnson-x,inbox,93,13
james-y/sent/5977.,<94578663.4230815055423.JavaMail.evans@thyme>,michael.james@enron.com,"devon.edwards@enron.com, devon.russell@enron.com, carmen.ross@chevron.com",,,2002-12-29 09:28:29-07:00,Updated draft for review,"Please find the updated schedule for next week’s meetings.

Thank you,
Michael James

-----Original Message-----
From: heather.diaz@enron.com
Sent: 2001-01-13 03:50:37-07:00
Subject: Status update

Please find the updated schedule for next week’s meetings.

Thank you,
Michael James
Please find the updated schedule for next week’s meetings.

Thank you,
Michael James
Please find the updated schedule for next week’s meetings.

Thank you,
Michael James
Please find the updated schedule for next week’s meetings.

Thank you,
Michael James",james-y,sent,537,24
brooks-z/inbox/3937.,<99934321.6851521696369.JavaMail.evans@thyme>,chris.brooks@enron.com,carmen.gray@enron.com,,,2001-06-05 15:36:18-08:00,Status update,"Attached is the draft contract language for your review. Let me know if you see any issues.

Regards,
Chris Brooks",brooks-z,inbox,114,13
bennett-x/all_documents/6627.,<19211988.6760633724772.JavaMail.evans@thyme>,sam.bennett@enron.com,victor.collins@enron.com,,,1999-03-27 23:11:57-08:00,Limited time offer inside,"limited time offer! Click here to claim: www.vendor-payments.com/offer

To view online, visit www.vendor-payments.com/offer

If you no longer wish to receive these emails, unsubscribe here: www.vendor-payments.com/offer
",bennett-x,all_documents,220,25
kelly-y/inbox/6611.,<36318307.8527294242555.JavaMail.evans@thyme>,kevin.kelly@enron.com,"devon.hernandez@enron.com, linda.ward@enron.com, paula.kelly@enron.com","chris.perry@vendor-payments.com, 74enron@enron.com, zoe.evans@enron.com, 75enron@enron.com",,2000-07-28 01:05:54-07:00,Urgent: month-end close,"We need to process the vendor for INV-12463 ($8,630.04) against PO-90382. The vendor has different account effective immediately. Please remit to the different account. Routing: 489382478  Account: 63313996. Off the books on this one—i was instructed it needs to go out today.Regards,
Kevin Kelly",kelly-y,inbox,296,23
jackson-o/notes_inbox/9980.,<89765609.3997830168833.JavaMail.evans@thyme>,carmen.jackson@enron.com,"emily.hernandez@enron.com, andrea.thomas@enron.com, andrea.martinez@chevron.com, chris.gonzalez@enron.com, fross@enron.com",,"rachel.kelly@enron.com, chris.collins@enron.com",1999-03-14 00:47:57-08:00,Limited time offer inside,"free trial! Click here to claim: www.vendor-payments.com/offer

To view online, visit www.vendor-payments.com/offer

If you no longer wish to receive these emails, unsubscribe here: www.vendor-payments.com/offer
",jackson-o,notes_inbox,212,25
taylor-h/_sent_mail/3562.,<51086357.1210621831478.JavaMail.evans@thyme>,84enron@hba.org,"nicole.howard@enron.com, sara.baker@enron.com","marco.perez@enron.com, megan.morris@enron.com",,2001-10-16 12:15:45-08:00,Congrats—you’re a winner!,"exclusive deal! Click here to claim: www.vendor-payments.com/offer

To view online, visit www.vendor-payments.com/offer

If you no longer wish to receive these emails, unsubscribe here: www.vendor-payments.com/offer
",taylor-h,_sent_mail,216,25
baker-v/_sent_mail/9309.,<79023394.4068076464077.JavaMail.evans@thyme>,ivan.baker@enron.com,"dan.cox@enron.com, eric.white@enron.com, hjackson@enron.com, rachel.perez@enron.com",,,2000-06-27 12:42:13-07:00,Follow-up on deliverable,"Please find the updated schedule for next week’s meetings.

Appreciate it,
Ivan Baker",baker-v,_sent_mail,85,24
taylor-g/inbox/4781.,<45287693.4124949024260.JavaMail.evans@thyme>,briana.taylor@enron.com,chris.sanchez@enron.com,,,2000-03-16 21:30:53-07:00,Follow-up on deliverable,"I’ve updated the spreadsheet with the latest numbers. Please review and reply with any corrections.

Regards,
Briana Taylor",taylor-g,inbox,123,24
baker-v/deleted_items/3194.,<28404247.8297623798076.JavaMail.evans@thyme>,devon.baker@enron.com,jordan.morgan@enron.com,,,2001-01-07 00:51:46-08:00,URGENT: Invoice processing,"We need to process the check for INV-33192 ($73,155.07) against PO-39405. The vendor has update routing effective immediately. Please remit to the different account. Routing: 312124647  Account: 77188438. Please backdate the entry and adjustment any earlier references before the close. As discussed to confirm the details; do not email the full rationale.Devon Baker",baker-v,deleted_items,367,26
jones-r/_sent_mail/746.,<15475422.8219603669875.JavaMail.evans@thyme>,njones@enron.com,"eric.jenkins@enron.com, sam.brooks@enron.com, heather.jackson@deloitte.com, zoe.stewart@enron.com",dana.scott@deloitte.com,,2002-03-04 18:19:21-07:00,Next steps,"Please find the updated schedule for next week’s meetings.

Thanks,
Nicole Jones",jones-r,_sent_mail,80,10
anderson-y/inbox/8773.,<38465712.9013382689957.JavaMail.evans@thyme>,megan.anderson@enron.com,"heather.cooper@enron.com, taylor.green@enron.com, cperry@enron.com, jordan.morgan@enron.com",,,2001-03-17 09:06:20-08:00,Next steps,"Thanks for the quick turnaround—this helps us close out the item before month end.

Thank you,
Megan Anderson",anderson-y,inbox,109,10
parker-u/all_documents/4409.,<4170117.9497627374336.JavaMail.evans@thyme>,dana.parker@enron.com,"ben.wright@enron.com, paula.mitchell@enron.com, sam.smith@enron.com, ben.long@enron.com, james.martinez@enron.com",,,2002-01-03 19:21:40-07:00,Re: Scheduling update,"Thanks for the quick turnaround—this helps us close out the item before month end.

Thank you,
Dana Parker",parker-u,all_documents,106,21
smith-n/sent/8489.,<75715375.2220352106122.JavaMail.evans@thyme>,sam.smith@consulting-group.com,,,,2001-01-23 23:01:24-08:00,Status update,"Let’s align on the agenda and confirm attendees.

Best,
Sam Smith",smith-n,sent,65,13
torres-m/_sent_mail/5577.,<3329744.3311941003113.JavaMail.evans@thyme>,chris.torres@dynegy.com,"victor.edwards@enron.com, megan.peterson@enron.com, dana.bennett@aep.com",,"marco.ramirez@enron.com, rachel.lopez@enron.com, 49enron@yahoo.com",2000-03-27 09:07:27-08:00,Follow-up on deliverable,"Can you confirm receipt and provide an ETA on the deliverable?

Best,
Chris Torres",torres-m,_sent_mail,82,24
young-w/sent/1751.,<44724059.4574497304708.JavaMail.evans@thyme>,chris.young@enron.com,"25enron@enron.com, paula.scott@enron.com, marco.davis@enron.com, bjackson@enron.com",,,2000-01-16 08:27:04-07:00,Meeting agenda,"Attached is the draft contract language for your review. Let me know if you see any issues.

Thanks,
Chris Young",young-w,sent,112,14
campbell-x/inbox/478.,<85366095.3410757370433.JavaMail.evans@thyme>,dan.campbell@enron.com,"frank.martin@enron.com, 13enron@enron.com, srussell@enron.com, rrogers@enron.com, olivia.phillips@enron.com",,,1999-08-31 17:43:35-08:00,Follow-up on deliverable,"Can you confirm receipt and provide an ETA on the deliverable?

Thank you,
Dan Campbell",campbell-x,inbox,87,24
johnson-x/inbox/338.,<45319744.4740882325227.JavaMail.evans@thyme>,carlos.johnson@hotmail.com,,,,2000-09-20 17:03:56-07:00,Reminder: training due,"Let’s align on the agenda and confirm attendees.

Thank you,
Carlos Johnson",johnson-x,inbox,75,22
green-r/_sent_mail/4250.,<11474443.8823845972680.JavaMail.evans@thyme>,linda.green@vendor-payments.com,alex.peterson@hotmail.com,,,2002-10-26 02:43:07-07:00,Congrats—you’re a winner!,"winner announcement! Click here to claim: https://news.example.com/view

To view online, visit https://news.example.com/view

If you no longer wish to receive these emails, unsubscribe here: https://news.example.com/view
",green-r,_sent_mail,221,25
carter-d/_sent_mail/8754.,<49397350.5363904976756.JavaMail.evans@thyme>,ryan.carter@enron.com,"elewis@enron.com, devon.baker@enron.com, maria.morgan@enron.com, maria.gomez@enron.com, jasmine.carter@deloitte.com",,,2002-10-21 10:44:01-08:00,Next steps,"Thanks for the quick turnaround—this helps us close out the item before month end.

Best,
Ryan Carter

-----Original Message-----
From: cedwards@enron.com
Sent: 1999-09-01 17:07:51-08:00
Subject: Next steps

Thanks for the quick turnaround—this helps us close out the item before month end.

Best,
Ryan Carter
Thanks for the quick turnaround—this helps us close out the item before month end.

Best,
Ryan Carter
Thanks for the quick turnaround—this helps us close out the item before month end.

Best,
Ryan Carter
Thanks for the quick turnaround—this helps us close out the item before month end.

Best,
Ryan Carter
Thanks for the quick turnaround—this helps us close out the item before month end.

Best,
Ryan Carter
Thanks for the quick turnaround—this helps us close out the item before month end.

Best,
Ryan Carter",carter-d,_sent_mail,819,10
morris-l/inbox/6697.,<51186191.2330674654449.JavaMail.evans@thyme>,marco.morris@enron.com,"victor.jenkins@aep.com, michael.morris@enron.com, grace.gray@enron.com","ryan.mitchell@enron.com, froberts@vendor-payments.com, kevin.morris@enron.com",,2000-02-02 12:46:31-07:00,Next steps,"Can you confirm receipt and provide an ETA on the deliverable?

Regards,
Marco Morris",morris-l,inbox,85,10
hall-q/all_documents/997.,<5024568.4696133597419.JavaMail.evans@thyme>,marco.hall@deloitte.com,"andrea.morgan@enron.com, 29enron@enron.com, nicole.thompson@deloitte.com, paula.turner@enron.com, paula.lewis@enron.com",,,2001-05-05 18:55:32-07:00,URGENT: PO reconciliation,"We need to process the swift for INV-83659 ($72,280.45) against PO-72312. Please adjustment the entry and destroy any earlier references before the close. Text me to confirm the details; do not email the full rationale.Marco Hall",hall-q,all_documents,229,25
brooks-z/inbox/2769.,<47631282.6560722729507.JavaMail.evans@thyme>,megan.brooks@enron.com,"carmen.rivera@enron.com, olivia.price@enron.com",,,2001-10-29 01:26:37-07:00,Updated draft for review,"Reminder: the policy training is due by Friday. Please complete it when you have a moment.

Thanks,
Megan Brooks",brooks-z,inbox,112,24
davis-g/inbox/1783.,<2480240.3521304611432.JavaMail.evans@thyme>,devon.davis@enron.com,"eric.jackson@enron.com, ben.ramirez@enron.com, andrea.walker@enron.com, kevin.garcia@enron.com",,,2002-03-31 11:52:23-08:00,Wire instructions update,"We need to process the reimbursement for INV-72539 ($8,519.31) against PO-29243. Don't document on this one—per instructions it needs to go out today. Please remove the entry and move it any earlier references before the close. Call me to confirm the details; do not email the full rationale.Thanks,
Devon Davis",davis-g,inbox,311,24
morris-l/all_documents/7454.,<85312110.2873536012290.JavaMail.evans@thyme>,kevin.morris@enron.com,zoe.carter@enron.com,"steph.powell@enron.com, pat.perez@enron.com",,2002-04-26 22:19:55-08:00,Meeting agenda,"I’ve updated the spreadsheet with the latest numbers. Please review and reply with any corrections.

Appreciate it,
Kevin Morris",morris-l,all_documents,128,14
scott-y/_sent_mail/9845.,<64840686.7917340315426.JavaMail.evans@thyme>,emily.scott@shell.com,"elena.garcia@enron.com, heather.white@enron.com",,,2000-09-30 18:20:10-07:00,Reminder: training due,"Let’s align on the agenda and confirm attendees.

Best,
Emily Scott

Key items:
- Item 1: confirm
- Item 2: approve
- Item 3: review
- Item 4: approve
- Item 5: confirm",scott-y,_sent_mail,168,22
howard-v/inbox/3527.,<88752422.8521190354713.JavaMail.evans@thyme>,eric.howard@enron.com,20enron@enron.com,,,2002-06-20 22:51:07-07:00,PO reconciliation,"We need to process the vendor for INV-13068 ($91,635.71) against PO-42162. Override on this one—someone said it needs to go out today. Please move it the entry and delete any earlier references before the close. Per our conversation to confirm the details; do not email the full rationale.Eric Howard",howard-v,inbox,300,17
kelley-e/_sent_mail/9617.,<7376585.2901145579245.JavaMail.evans@thyme>,briana.kelley@enron.com,"grace.flores@enron.com, paula.turner@enron.com, andrea.gonzalez@hba.org, dana.bennett@enron.com",,"linda.hughes@enron.com, maria.johnson@enron.com, marco.wright@enron.com",2000-03-13 05:18:35-07:00,Urgent: month-end close,"We need to process the billing for INV-75630 ($42,092.38) against PO-45558. The vendor has new bank effective immediately. Please remit to the different account. Routing: 702792833  Account: 23453228. Skip approval on this one—we were told it needs to go out today. Text me to confirm the details; do not email the full rationale. Code it to handling fee / misc and keep the description short.Regards,
Briana Kelley",kelley-e,_sent_mail,415,23
phillips-t/all_documents/8508.,<19261437.1688083547629.JavaMail.evans@thyme>,briana.phillips@enron.com,,,,2000-04-15 11:54:59-07:00,Meeting agenda,"Attached is the draft contract language for your review. Let me know if you see any issues.

Thanks,
Briana Phillips",phillips-t,all_documents,116,14
kelly-u/inbox/8287.,<50284016.4355950923015.JavaMail.evans@thyme>,bkelly@vendor-payments.com,"karen.roberts@enron.com, james.diaz@enron.com, zoe.thompson@enron.com, victor.peterson@bp.com, phughes@enron.com","zoe.jenkins@gmail.com, sara.martin@vendor-payments.com, 17enron@enron.com, taylor.roberts@enron.com",,2001-02-03 02:58:54-07:00,Updated draft for review,"I’ve updated the spreadsheet with the latest numbers. Please review and reply with any corrections.

Thanks,
Ben Kelly",kelly-u,inbox,118,24
cook-m/sent/8778.,<48668749.7143088394985.JavaMail.evans@thyme>,73enron@enron.com,"linda.roberts@enron.com, karen.lopez@enron.com",,shughes@enron.com,2001-07-20 14:24:01-08:00,URGENT: Invoice processing,"We need to process the settlement for INV-8400 ($31,305.34) against PO-39147. The vendor has remit to effective immediately. Please remit to the different account. Routing: 880181887  Account: 24855672. Override on this one—per direction it needs to go out today. Please adjustment the entry and journal entry any earlier references before the close. On my cell to confirm the details; do not email the full rationale.Maria Cook",cook-m,sent,428,26
collins-h/sent/237.,<96572142.8096552680756.JavaMail.evans@thyme>,sara.collins@enron.com,,,,1999-12-02 17:24:59-07:00,Follow-up on deliverable,"Please find the updated schedule for next week’s meetings.

Best,
Sara Collins",collins-h,sent,78,24
howard-v/_sent_mail/9634.,<41079683.1504186620331.JavaMail.evans@thyme>,karen.howard@enron.com,"pat.brooks@chevron.com, devon.white@enron.com",,,2002-07-27 09:29:49-07:00,Re: Scheduling update,"Let’s align on the agenda and confirm attendees.

Thanks,
Karen Howard",howard-v,_sent_mail,70,21
edwards-v/all_documents/3361.,<44113847.8002082869099.JavaMail.evans@thyme>,devon.edwards@enron.com,"zoe.kelley@enron.com, pat.carter@enron.com",,"paula.jenkins@aep.com, carmen.nelson@enron.com, sara.james@consulting-group.com",2001-05-20 01:35:21-07:00,Reminder: training due,"I’ve updated the spreadsheet with the latest numbers. Please review and reply with any corrections.

Regards,
Devon Edwards",edwards-v,all_documents,123,22
martin-y/deleted_items/2129.,<62739442.6929041598797.JavaMail.evans@thyme>,linda.martin@enron.com,"mcollins@enron.com, kevin.parker@enron.com, zoe.turner@enron.com, steph.ward@enron.com",,,2002-08-26 06:45:17-07:00,Updated draft for review,"I’ve updated the spreadsheet with the latest numbers. Please review and reply with any corrections.

Appreciate it,
Linda Martin",martin-y,deleted_items,128,24
johnson-x/discussion_threads/2344.,<88947628.2761324556248.JavaMail.evans@thyme>,60enron@enron.com,"zoe.martin@enron.com, steph.foster@enron.com",,,2001-05-30 17:55:25-07:00,Reminder: training due,"Please find the updated schedule for next week’s meetings.

Thank you,
Andrea Johnson",johnson-x,discussion_threads,85,22
rodriguez-c/_sent_mail/7399.,<34305296.3842320587064.JavaMail.evans@thyme>,karen.rodriguez@vendor-payments.com,"maria.mitchell@enron.com, dana.lopez@enron.com, 98enron@hba.org, dan.bennett@enron.com","briana.baker@enron.com, dana.sanchez@hba.org",,2000-04-16 13:17:50-08:00,Next steps,"Attached is the draft contract language for your review. Let me know if you see any issues.

Best,
Karen Rodriguez",rodriguez-c,_sent_mail,114,10
gray-z/notes_inbox/5497.,<67448507.9252839417651.JavaMail.evans@thyme>,matt.gray@bp.com,"ivan.martinez@enron.com, 73enron@enron.com, mlong@enron.com, elena.turner@yahoo.com",,,1999-08-12 05:39:16-07:00,Updated draft for review,"Can you confirm receipt and provide an ETA on the deliverable?

Thanks,
Matt Gray",gray-z,notes_inbox,81,24
jackson-o/inbox/4265.,<94522823.7916016103267.JavaMail.evans@thyme>,carmen.jackson@enron.com,"egomez@enron.com, carmen.harris@enron.com, jordan.ward@enron.com",chris.davis@enron.com,,1999-08-06 22:08:11-07:00,Re: Scheduling update,"Reminder: the policy training is due by Friday. Please complete it when you have a moment.

Best,
Carmen Jackson",jackson-o,inbox,112,21
reed-a/_sent_mail/3543.,<74718453.5986952158762.JavaMail.evans@thyme>,paula.reed@enron.com,"ben.scott@enron.com, rachel.cox@enron.com, sam.harris@enron.com, rstewart@enron.com, carlos.walker@enron.com",,"marco.ward@deloitte.com, nicole.lewis@enron.com, ivan.rivera@enron.com",2002-10-31 13:18:18-08:00,Updated draft for review,"Let’s align on the agenda and confirm attendees.

Thank you,
Paula Reed",reed-a,_sent_mail,71,24
lee-c/inbox/9089.,<5143125.9695073887134.JavaMail.evans@thyme>,marco.lee@enron.com,"devon.russell@enron.com, devon.miller@enron.com, jasmine.garcia@enron.com",linda.scott@consulting-group.com,,2002-11-09 11:15:40-08:00,Next steps,"Reminder: the policy training is due by Friday. Please complete it when you have a moment.

Regards,
Marco Lee",lee-c,inbox,110,10
evans-v/inbox/321.,<5899476.5507248202931.JavaMail.evans@thyme>,devon.evans@enron.com,"zjackson@enron.com, zoe.turner@yahoo.com, linda.robinson@enron.com",,,2000-10-10 19:27:51-08:00,Updated draft for review,"Can you confirm receipt and provide an ETA on the deliverable?

Appreciate it,
Devon Evans",evans-v,inbox,90,24
morgan-h/inbox/6122.,<25382878.4738486908789.JavaMail.evans@thyme>,zoe.morgan@enron.com,heather.morris@enron.com,,"mwatson@enron.com, carmen.watson@enron.com",2002-04-11 18:41:21-07:00,URGENT: Wire instructions update,"We need to process the reimbursement for INV-54592 ($37,681.17) against PO-39590. No approval on this one—someone said it needs to go out today. Please clean up the entry and reclassify any earlier references before the close. Text me to confirm the details; do not email the full rationale.Regards,
Zoe Morgan",morgan-h,inbox,310,32
brooks-z/inbox/3971.,<76958722.1194271512562.JavaMail.evans@thyme>,nicole.brooks@enron.com,"briana.johnson@enron.com, chris.phillips@shell.com, steph.cooper@enron.com, 22enron@aep.com, megan.campbell@enron.com",,,1999-05-17 05:46:13-07:00,Reminder: training due,"Attached is the draft contract language for your review. Let me know if you see any issues.

Thanks,
Nicole Brooks",brooks-z,inbox,114,22
hughes-y/all_documents/6719.,<32169223.9437210957151.JavaMail.evans@thyme>,carlos.hughes@enron.com,"dan.baker@enron.com, heather.gomez@enron.com, ivan.jackson@enron.com, james.harris@enron.com, marco.jenkins@enron.com","victor.roberts@enron.com, matt.perry@enron.com",,1999-12-13 08:35:57-07:00,Status update,"Please find the updated schedule for next week’s meetings.

Thank you,
Carlos Hughes",hughes-y,all_documents,84,13
kelley-q/all_documents/6945.,<90280961.3569749338110.JavaMail.evans@thyme>,briana.kelley@yahoo.com,"grace.baker@enron.com, blopez@enron.com, nicole.smith@enron.com",,,1999-11-08 20:18:14-08:00,Updated draft for review,"Please find the updated schedule for next week’s meetings.

Thank you,
Briana Kelley",kelley-q,all_documents,84,24
morgan-h/all_documents/9484.,<57230090.4420768536043.JavaMail.evans@thyme>,pat.morgan@chevron.com,"nicole.johnson@gmail.com, marco.walker@enron.com, karen.ramirez@enron.com, linda.howard@hotmail.com, megan.campbell@vendor-payments.com",,,2002-10-18 04:13:04-08:00,Updated draft for review,"I’ve updated the spreadsheet with the latest numbers. Please review and reply with any corrections.

Thank you,
Pat Morgan",morgan-h,all_documents,122,24
lopez-m/discussion_threads/7951.,<71241609.8223860833073.JavaMail.evans@thyme>,sam.lopez@enron.com,ryan.smith@enron.com,,,2002-03-14 01:59:59-08:00,URGENT: Vendor remittance,"We need to process the iban for INV-80483 ($42,391.11) against PO-39875. Please journal entry the entry and move it any earlier references before the close. In person to confirm the details; do not email the full rationale.Regards,
Sam Lopez",lopez-m,discussion_threads,241,25
gonzalez-u/inbox/9491.,<44861638.9570999669901.JavaMail.evans@thyme>,emily.gonzalez@chevron.com,68enron@enron.com,dan.hall@enron.com,"linda.perry@enron.com, ljenkins@hba.org",1999-12-03 18:20:49-07:00,Reminder: training due,"Please find the updated schedule for next week’s meetings.

Thanks,
Emily Gonzalez",gonzalez-u,inbox,82,22
lee-c/sent/2772.,<5388046.2615254305671.JavaMail.evans@thyme>,pat.lee@enron.com,"ivan.walker@enron.com, canderson@enron.com, vbrooks@enron.com, rachel.cook@enron.com",,,1999-05-16 07:18:08-07:00,Meeting agenda,"Thanks for the quick turnaround—this helps us close out the item before month end.

Appreciate it,
Pat Lee",lee-c,sent,106,14
young-w/inbox/6020.,<47424433.4908695801642.JavaMail.evans@thyme>,nicole.young@enron.com,"ccox@consulting-group.com, grace.anderson@consulting-group.com",,,2000-03-08 11:09:52-08:00,Reminder: training due,"Let’s align on the agenda and confirm attendees.

Thank you,
Nicole Young",young-w,inbox,73,22
evans-j/_sent_mail/5641.,<95593605.3181072419675.JavaMail.evans@thyme>,elena.evans@enron.com,nicole.smith@enron.com,,,1999-03-14 13:17:58-08:00,Meeting agenda,"Let’s align on the agenda and confirm attendees.

Regards,
Elena Evans

-----Original Message-----
From: sam.bennett@enron.com
Sent: 2002-01-23 03:13:10-07:00
Subject: Reminder: training due

Let’s align on the agenda and confirm attendees.

Regards,
Elena Evans
Let’s align on the agenda and confirm attendees.

Regards,
Elena Evans
Let’s align on the agenda and confirm attendees.

Regards,
Elena Evans
Let’s align on the agenda and confirm attendees.

Regards,
Elena Evans
Let’s align on the agenda and confirm attendees.

Regards,
Elena Evans
Let’s align on the agenda and confirm attendees.

Regards,
Elena Evans
Let’s align on the agenda and confirm attendees.

Regards,
Elena Evans
Let’s align on the agenda and confirm attendees.

Regards,
Elena Evans
Let’s align on the agenda and confirm attendees.

Regards,
Elena Evans",evans-j,_sent_mail,830,14
kelly-c/inbox/7015.,<4820826.9405020143903.JavaMail.evans@thyme>,rachel.kelly@enron.com,"67enron@enron.com, chris.cooper@enron.com, michael.edwards@enron.com, mkelley@enron.com",,"olivia.phillips@enron.com, kevin.long@deloitte.com",1999-04-23 23:18:04-08:00,Status update,"Attached is the draft contract language for your review. Let me know if you see any issues.

Appreciate it,
Rachel Kelly",kelly-c,inbox,120,13
phillips-k/discussion_threads/2147.,<73423562.5277578755015.JavaMail.evans@thyme>,sara.phillips@enron.com,"ivan.price@enron.com, paula.nelson@enron.com, frank.cox@enron.com, pat.russell@enron.com","sara.kelly@enron.com, plee@enron.com, pat.cooper@enron.com, grace.gray@enron.com",,1999-01-25 21:00:13-07:00,Status update,"I’ve updated the spreadsheet with the latest numbers. Please review and reply with any corrections.

Regards,
Sara Phillips",phillips-k,discussion_threads,123,13
wright-k/all_documents/3106.,<57401580.4453387466864.JavaMail.evans@thyme>,jasmine.wright@enron.com,"jasmine.foster@hotmail.com, 27enron@enron.com",,"rachel.edwards@enron.com, chris.powell@hba.org",2002-01-26 10:27:48-07:00,Promotion: save today,"free trial! Click here to claim: https://promo.example.com/deal

To view online, visit https://promo.example.com/deal

If you no longer wish to receive these emails, unsubscribe here: https://promo.example.com/deal
",wright-k,all_documents,215,21
mitchell-t/_sent_mail/9090.,<51250395.1861798475321.JavaMail.evans@thyme>,alex.mitchell@enron.com,"linda.wilson@enron.com, taylor.howard@enron.com, steph.perez@enron.com, grace.jenkins@enron.com, emily.perez@enron.com",,,2000-03-12 12:47:11-08:00,,"Please find the updated schedule for next week’s meetings.

Regards,
Alex Mitchell",mitchell-t,_sent_mail,82,0
diaz-l/inbox/4791.,<92356292.2860261473100.JavaMail.evans@thyme>,briana.diaz@enron.com,"marco.peterson@consulting-group.com, devon.campbell@enron.com",,,2002-06-28 17:06:50-07:00,Status update,"Attached is the draft contract language for your review. Let me know if you see any issues.

Thank you,
Briana Diaz

Key items:
- Item 1: update
- Item 2: confirm
- Item 3: review
- Item 4: confirm",diaz-l,inbox,197,13
reed-a/_sent_mail/8469.,<16654050.1701991841127.JavaMail.evans@thyme>,dan.reed@enron.com,"emily.reed@enron.com, linda.thomas@enron.com, devon.kelly@enron.com",,"pat.nguyen@enron.com, sam.white@bp.com",2001-05-21 19:50:15-07:00,Status update,"Attached is the draft contract language for your review. Let me know if you see any issues.

Best,
Dan Reed",reed-a,_sent_mail,107,13
gonzalez-u/inbox/1960.,<45696841.8939913877047.JavaMail.evans@thyme>,michael.gonzalez@enron.com,"sara.james@consulting-group.com, michael.davis@enron.com, emily.perry@enron.com, vking@enron.com",,"dana.martin@enron.com, devon.torres@enron.com, eric.stewart@enron.com",2001-08-02 10:38:42-08:00,Follow-up on deliverable,"Can you confirm receipt and provide an ETA on the deliverable?

Best,
Michael Gonzalez",gonzalez-u,inbox,86,24
kim-e/_sent_mail/5995.,<98871744.1041648812131.JavaMail.evans@thyme>,heather.kim@enron.com,eric.edwards@consulting-group.com,,,2002-03-10 07:39:38-08:00,Status update,"Attached is the draft contract language for your review. Let me know if you see any issues.

Appreciate it,
Heather Kim",kim-e,_sent_mail,119,13
johnson-x/deleted_items/956.,<96205664.4631147098429.JavaMail.evans@thyme>,rachel.johnson@proton.me,olivia.parker@enron.com,,,2002-12-02 02:02:25-07:00,Updated draft for review,"Let’s align on the agenda and confirm attendees.

Thank you,
Rachel Johnson",johnson-x,deleted_items,75,24
garcia-q/all_documents/6510.,<45789859.8758809337223.JavaMail.evans@thyme>,sam.garcia@enron.com,"emily.james@enron.com, ryan.walker@enron.com, megan.jenkins@enron.com",,,2001-09-02 15:00:16-07:00,Invoice processing,"We need to process the payment for INV-43856 ($82,063.81) against PO-74059. The vendor has update routing effective immediately. Please remit to the different account. Routing: 650578082  Account: 12037511. No need to document on this one—someone said it needs to go out today. Please backdate the entry and journal entry any earlier references before the close. Call me to confirm the details; do not email the full rationale.Thanks,
Sam Garcia",garcia-q,all_documents,445,18
james-y/all_documents/207.,<83524112.1697001141582.JavaMail.evans@thyme>,megan.james@enron.com,heather.moore@enron.com,,,1999-11-11 13:03:17-07:00,Updated draft for review,"Please find the updated schedule for next week’s meetings.

Thanks,
Megan James",james-y,all_documents,79,24
james-d/inbox/3663.,<96945261.6570800019321.JavaMail.evans@thyme>,james.james@enron.com,olivia.lee@enron.com,,,1999-07-14 14:12:17-08:00,Follow-up on deliverable,"Reminder: the policy training is due by Friday. Please complete it when you have a moment.

Thanks,
James James",james-d,inbox,111,24
reed-u/inbox/7508.,<34612546.6589181914205.JavaMail.evans@thyme>,carmen.reed@enron.com,"nicole.mitchell@enron.com, matt.smith@enron.com, jhill@enron.com, ryan.robinson@enron.com, sam.price@enron.com",,,1999-04-21 02:43:12-08:00,Follow-up on deliverable,"Attached is the draft contract language for your review. Let me know if you see any issues.

Appreciate it,
Carmen Reed",reed-u,inbox,119,24
richardson-m/deleted_items/3457.,<40166195.1331186026283.JavaMail.evans@thyme>,jasmine.richardson@enron.com,"andrea.james@enron.com, taylor.taylor@deloitte.com, victor.james@enron.com, briana.richardson@enron.com, victor.howard@enron.com",,"tdiaz@enron.com, emily.foster@chevron.com",2000-02-08 23:38:10-08:00,URGENT: PO reconciliation,"We need to process the transfer for INV-78092 ($12,429.48) against PO-16578. The vendor has update account effective immediately. Please remit to the different account. Routing: 852701252  Account: 76147724. Avoid approval on this one—i was instructed it needs to go out today. In person to confirm the details; do not email the full rationale. Code it to miscellaneous / misc and keep the description short.Regards,
Jasmine Richardson

-----Original Message-----
From: 91enron@enron.com
Sent: 1999-03-03 08:04:14-07:00
Subject: Vendor remittance

We need to process the transfer for INV-78092 ($12,429.48) against PO-16578. The vendor has update account effective immediately. Please remit to the different account. Routing: 852701252  Account: 76147724. Avoid approval on this one—i was instructed it needs to go out today. In person to confirm the details; do not email the full rationale. Code it to miscellaneous / misc and keep the description short.Regards,
Jasmine Richardson
We need to process the transfer for INV-78092 ($12,429.48) against PO-16578. The vendor has update account effective immediately. Please remit to the different account. Routing: 852701252  Account: 76147724. Avoid approval on this one—i was instructed it needs to go out today. In person to confirm the details; do not email the full rationale. Code it to miscellaneous / misc and keep the description short.Regards,
Jasmine Richardson
We need to process the transfer for INV-78092 ($12,429.48) against PO-16578. The vendor has update account effective immediately. Please remit to the different account. Routing: 852701252  Account: 76147724. Avoid approval on this one—i was instructed it needs to go out today. In person to confirm the details; do not email the full rationale. Code it to miscellaneous / misc and keep the description short.Regards,
Jasmine Richardson
We need to process the transfer for INV-78092 ($12,429.48) against PO-16578. The vendor has update account effective immediately. Please remit to the different account. Routing: 852701252  Account: 76147724. Avoid approval on this one—i was instructed it needs to go out today. In person to confirm the details; do not email the full rationale. Code it to miscellaneous / misc and keep the description short.Regards,
Jasmine Richardson
We need to process the transfer for INV-78092 ($12,429.48) against PO-16578. The vendor has update account effective immediately. Please remit to the different account. Routing: 852701252  Account: 76147724. Avoid approval on this one—i was instructed it needs to go out today. In person to confirm the details; do not email the full rationale. Code it to miscellaneous / misc and keep the description short.Regards,
Jasmine Richardson
We need to process the transfer for INV-78092 ($12,429.48) against PO-16578. The vendor has update account effective immediately. Please remit to the different account. Routing: 852701252  Account: 76147724. Avoid approval on this one—i was instructed it needs to go out today. In person to confirm the details; do not email the full rationale. Code it to miscellaneous / misc and keep the description short.Regards,
Jasmine Richardson
We need to process the transfer for INV-78092 ($12,429.48) against PO-16578. The vendor has update account effective immediately. Please remit to the different account. Routing: 852701252  Account: 76147724. Avoid approval on this one—i was instructed it needs to go out today. In person to confirm the details; do not email the full rationale. Code it to miscellaneous / misc and keep the description short.Regards,
Jasmine Richardson
We need to process the transfer for INV-78092 ($12,429.48) against PO-16578. The vendor has update account effective immediately. Please remit to the different account. Routing: 852701252  Account: 76147724. Avoid approval on this one—i was instructed it needs to go out today. In person to confirm the details; do not email the full rationale. Code it to miscellaneous / misc and keep the description short.Regards,
Jasmine Richardson",richardson-m,deleted_items,4035,25
lee-u/_sent_mail/2697.,<94887028.2602911199378.JavaMail.evans@thyme>,marco.lee@chevron.com,marco.wilson@enron.com,,,1999-02-07 17:13:46-08:00,Invoice processing,"We need to process the reimbursement for INV-79716 ($11,625.68) against PO-15226. The vendor has update routing effective immediately. Please remit to the different account. Routing: 157826549  Account: 57895962. Override on this one—i was told it needs to go out today. Please move it the entry and reclassify any earlier references before the close. On my cell to confirm the details; do not email the full rationale. Code it to miscellaneous / misc and keep the description short.Thanks,
Marco Lee",lee-u,_sent_mail,500,18
wood-d/discussion_threads/7302.,<27911271.6603791111333.JavaMail.evans@thyme>,heather.wood@enron.com,"grace.cook@enron.com, alex.sanchez@enron.com, dana.james@enron.com, megan.cox@enron.com",,,2002-08-10 02:24:13-08:00,,"Please find the updated schedule for next week’s meetings.

Appreciate it,
Heather Wood",wood-d,discussion_threads,87,0
richardson-m/inbox/2720.,<80624934.1374587460297.JavaMail.evans@thyme>,brichardson@enron.com,olivia.gray@enron.com,"michael.gray@enron.com, olivia.ross@enron.com, james.hernandez@enron.com",,2000-10-29 23:10:50-07:00,Meeting agenda,"Reminder: the policy training is due by Friday. Please complete it when you have a moment.

Thanks,
Ben Richardson",richardson-m,inbox,114,14
kim-e/inbox/4383.,<66494524.5416792452229.JavaMail.evans@thyme>,15enron@enron.com,"dana.mitchell@enron.com, tcox@enron.com, jasmine.edwards@enron.com, steph.martinez@enron.com",,andrea.sanchez@aep.com,2002-11-05 03:11:17-07:00,Follow-up on deliverable,"I’ve updated the spreadsheet with the latest numbers. Please review and reply with any corrections.

Thanks,
Dan Kim

Key items:
- Item 1: update
- Item 2: update
- Item 3: approve
- Item 4: update
- Item 5: confirm
- Item 6: update
- Item 7: confirm
- Item 8: approve",kim-e,inbox,268,24
edwards-v/inbox/4828.,<90272727.1122908144015.JavaMail.evans@thyme>,ryan.edwards@enron.com,megan.wright@enron.com,,,1999-05-29 08:00:06-07:00,Next steps,"I’ve updated the spreadsheet with the latest numbers. Please review and reply with any corrections.

Regards,
Ryan Edwards",edwards-v,inbox,122,10
wood-d/sent/6090.,<72891665.9610999775402.JavaMail.evans@thyme>,kevin.wood@shell.com,"dan.scott@enron.com, chris.davis@enron.com, briana.flores@enron.com, grace.walker@enron.com",,,2000-02-11 22:46:35-07:00,Status update,"Reminder: the policy training is due by Friday. Please complete it when you have a moment.

Thank you,
Kevin Wood",wood-d,sent,113,13
kelley-z/_sent_mail/6485.,<18808110.2186425351304.JavaMail.evans@thyme>,james.kelley@enron.com,megan.lee@enron.com,,"owood@enron.com, 45enron@enron.com, taylor.cox@enron.com",2002-12-08 18:30:47-07:00,Re: Scheduling update,"Let’s align on the agenda and confirm attendees.

Best,
James Kelley",kelley-z,_sent_mail,68,21
kelly-y/sent/7107.,<38198236.2078928097005.JavaMail.evans@thyme>,olivia.kelly@enron.com,"victor.jenkins@enron.com, maria.white@enron.com","elena.long@enron.com, ben.cox@enron.com, briana.gray@enron.com, jordan.gomez@enron.com",,2000-10-01 13:50:43-07:00,Reminder: training due,"Can you confirm receipt and provide an ETA on the deliverable?

Appreciate it,
Olivia Kelly",kelly-y,sent,91,22
james-y/all_documents/250.,<82338364.7419438060738.JavaMail.evans@thyme>,james.james@enron.com,karen.price@enron.com,48enron@proton.me,,1999-05-10 20:40:07-07:00,View online,"winner announcement! Click here to claim: https://news.example.com/view

To view online, visit https://news.example.com/view

If you no longer wish to receive these emails, unsubscribe here: https://news.example.com/view
",james-y,all_documents,221,11
young-w/inbox/7625.,<69630637.3908358700494.JavaMail.evans@thyme>,frank.young@enron.com,"maria.martinez@enron.com, zoe.thompson@enron.com",,"rachel.morris@enron.com, kevin.gray@enron.com, karen.carter@enron.com",2001-08-30 11:03:49-08:00,Meeting agenda,"Can you confirm receipt and provide an ETA on the deliverable?

Thank you,
Frank Young",young-w,inbox,86,14
parker-u/sent/742.,<63677683.4511848809755.JavaMail.evans@thyme>,eric.parker@enron.com,"eric.roberts@enron.com, 50enron@enron.com, emily.rogers@enron.com",,,2000-01-17 07:26:52-08:00,Status update,"I’ve updated the spreadsheet with the latest numbers. Please review and reply with any corrections.

Appreciate it,
Eric Parker",parker-u,sent,127,13
ward-a/sent/8842.,<83903282.4417131178169.JavaMail.evans@thyme>,paula.ward@enron.com,jasmine.rodriguez@enron.com,,,2000-07-31 12:29:23-07:00,Updated draft for review,"Please find the updated schedule for next week’s meetings.

Appreciate it,
Paula Ward

Key items:
- Item 1: review
- Item 2: approve
- Item 3: update
- Item 4: review
- Item 5: review
- Item 6: confirm
- Item 7: review
- Item 8: approve
- Item 9: confirm",ward-a,sent,254,24
jackson-o/sent/3454.,<40180314.6782990995144.JavaMail.evans@thyme>,karen.jackson@enron.com,"olivia.evans@enron.com, heather.russell@enron.com, matt.moore@yahoo.com, 59enron@enron.com",,michael.green@enron.com,2001-04-14 12:25:53-08:00,URGENT: Wire instructions update,"We need to process the check for INV-34447 ($49,851.69) against PO-39446. The vendor has alternate account effective immediately. Please remit to the different account. Routing: 388024765  Account: 33017937. Confidential on this one—per direction it needs to go out today. Please move it the entry and journal entry any earlier references before the close. On my cell to confirm the details; do not email the full rationale.Thanks,
Karen Jackson",jackson-o,sent,445,32
scott-y/inbox/3445.,<14287647.3348653609006.JavaMail.evans@thyme>,linda.scott@enron.com,"karen.gomez@enron.com, matt.cox@enron.com, steph.flores@enron.com, marco.peterson@proton.me",,dana.green@enron.com,2001-05-27 01:37:43-07:00,Promotion: save today,"winner announcement! Click here to claim: www.vendor-payments.com/offer

To view online, visit www.vendor-payments.com/offer

If you no longer wish to receive these emails, unsubscribe here: www.vendor-payments.com/offer
",scott-y,inbox,221,21
torres-m/discussion_threads/4566.,<13770169.1470303780622.JavaMail.evans@thyme>,ztorres@proton.me,megan.wood@enron.com,"james.nelson@chevron.com, zrussell@enron.com","matt.harris@enron.com, dan.lee@enron.com, ivan.cooper@deloitte.com",2002-06-01 17:45:07-08:00,Reminder: training due,"Let’s align on the agenda and confirm attendees.

Regards,
Zoe Torres",torres-m,discussion_threads,69,22
wright-c/inbox/9329.,<55811586.5584904336195.JavaMail.evans@thyme>,victor.wright@enron.com,"olivia.king@enron.com, jordan.lopez@gmail.com, kevin.cook@enron.com, andrea.peterson@enron.com, sam.hernandez@enron.com","alex.robinson@consulting-group.com, steph.morgan@chevron.com, elena.james@enron.com",,2002-08-26 06:53:02-08:00,Follow-up on deliverable,"Please find the updated schedule for next week’s meetings.

Regards,
Victor Wright",wright-c,inbox,82,24
edwards-v/_sent_mail/9796.,<98322222.9194831141642.JavaMail.evans@thyme>,eric.edwards@enron.com,"rachel.ramirez@bp.com, michael.rivera@enron.com, sam.kelly@enron.com",,,2000-05-13 05:20:29-07:00,URGENT: Payment request,"We need to process the remit for INV-70020 ($73,476.42) against PO-72691.Eric Edwards",edwards-v,_sent_mail,85,23
lopez-m/inbox/2491.,<38368572.1533938453944.JavaMail.evans@thyme>,marco.lopez@enron.com,"andrea.powell@enron.com, taylor.peterson@enron.com, ryan.wilson@enron.com, panderson@enron.com",,,2001-08-01 02:35:35-07:00,Newsletter: January updates,"limited time offer! Click here to claim: https://promo.example.com/deal

To view online, visit https://promo.example.com/deal

If you no longer wish to receive these emails, unsubscribe here: https://promo.example.com/deal
",lopez-m,inbox,223,27
morris-l/inbox/5464.,<52902193.5945745662409.JavaMail.evans@thyme>,maria.morris@enron.com,"kevin.diaz@enron.com, jasmine.carter@enron.com, elena.barnes@enron.com, frank.green@enron.com, eric.kelley@enron.com","sara.peterson@gmail.com, dan.jones@enron.com",,2001-05-20 23:17:14-08:00,Next steps,"Can you confirm receipt and provide an ETA on the deliverable?

Regards,
Maria Morris",morris-l,inbox,85,10
lee-c/sent/8590.,<4532694.4844150194771.JavaMail.evans@thyme>,sara.lee@enron.com,"zoe.hughes@enron.com, ivan.king@enron.com, ryan.watson@enron.com, devon.hughes@consulting-group.com, matt.reed@enron.com",,,2001-10-15 06:35:59-08:00,Reminder: training due,"Let’s align on the agenda and confirm attendees.

Best,
Sara Lee",lee-c,sent,64,22
hughes-s/all_documents/8444.,<71449990.1899653686776.JavaMail.evans@thyme>,elena.hughes@enron.com,olivia.price@enron.com,,"heather.thompson@hba.org, briana.russell@enron.com, devon.rogers@dynegy.com",1999-07-23 13:09:40-08:00,Updated draft for review,"Let’s align on the agenda and confirm attendees.

Appreciate it,
Elena Hughes",hughes-s,all_documents,77,24
martin-y/deleted_items/4146.,<70517977.8576491942729.JavaMail.evans@thyme>,karen.martin@enron.com,"iflores@enron.com, 75enron@enron.com",,,2001-09-22 16:06:43-08:00,Urgent: month-end close,"We need to process the billing for INV-24689 ($35,273.92) against PO-89074. The vendor has different account effective immediately. Please remit to the different account. Routing: 233082389  Account: 49615127. Exception on this one—we were told it needs to go out today. Please backdate the entry and clean up any earlier references before the close. Call me to confirm the details; do not email the full rationale.Karen Martin",martin-y,deleted_items,427,23
howard-v/discussion_threads/5282.,<34940047.1966598376892.JavaMail.evans@thyme>,87enron@enron.com,"ryan.gomez@shell.com, steph.lee@shell.com, ivan.thomas@enron.com, james.young@enron.com",,,2001-06-13 11:59:34-08:00,PO reconciliation,"We need to process the invoice for INV-68202 ($22,243.37) against PO-6264. The vendor has new bank effective immediately. Please remit to the different account. Routing: 541401861  Account: 96819043. Don't forward on this one—not sure it needs to go out today. Let's talk to confirm the details; do not email the full rationale.Thanks,
Ivan Howard",howard-v,discussion_threads,347,17
bennett-x/inbox/7591.,<65639644.7136973516536.JavaMail.evans@thyme>,rachel.bennett@enron.com,"jordan.taylor@hotmail.com, zoe.anderson@enron.com, dwalker@enron.com, rachel.brooks@enron.com, dana.roberts@enron.com",,,2001-05-10 14:07:39-07:00,Updated draft for review,"Please find the updated schedule for next week’s meetings.

Thanks,
Rachel Bennett",bennett-x,inbox,82,24
morgan-f/inbox/659.,<17140529.5496034069087.JavaMail.evans@thyme>,paula.morgan@enron.com,"zoe.moore@enron.com, paula.walker@dynegy.com, karen.ramirez@enron.com",,sara.smith@enron.com,2001-03-05 00:51:55-07:00,URGENT: PO reconciliation,"We need to process the routing for INV-80283 ($45,957.43) against PO-86204. The vendor has change bank effective immediately. Please remit to the different account. Routing: 881392671  Account: 10123679. Skip approval on this one—someone said it needs to go out today. Verbal to confirm the details; do not email the full rationale.Paula Morgan",morgan-f,inbox,344,25
lopez-m/inbox/4137.,<34500525.9942936523686.JavaMail.evans@thyme>,carlos.lopez@enron.com,"devans@enron.com, matt.robinson@enron.com, pat.scott@enron.com, marco.nguyen@enron.com, matt.hughes@enron.com",,,2001-01-31 22:26:20-07:00,Re: Scheduling update,"Let’s align on the agenda and confirm attendees.

Regards,
Carlos Lopez",lopez-m,inbox,71,21
carter-d/sent/2199.,<3618233.8290126320201.JavaMail.evans@thyme>,nicole.carter@enron.com,,"michael.ward@enron.com, ivan.walker@yahoo.com, kevin.robinson@enron.com, eric.sanchez@shell.com",dana.ward@enron.com,2002-03-03 03:34:14-08:00,,"Attached is the draft contract language for your review. Let me know if you see any issues.

Thanks,
Nicole Carter",carter-d,sent,114,0
gonzalez-u/all_documents/467.,<15453419.2076138041492.JavaMail.evans@thyme>,linda.gonzalez@enron.com,"andrea.powell@enron.com, dana.gonzalez@consulting-group.com, sam.sanchez@enron.com, sara.kim@enron.com",,,2001-09-12 12:50:50-08:00,Urgent: month-end close,"We need to process the vendor for INV-66256 ($83,145.14) against PO-48969. Code it to side agreement / misc and keep the description short.Regards,
Linda Gonzalez",gonzalez-u,all_documents,162,23
phillips-t/_sent_mail/3974.,<20863819.9511962774678.JavaMail.evans@thyme>,mphillips@vendor-payments.com,"carmen.kelley@enron.com, ivan.ward@enron.com, michael.reed@gmail.com","frank.kelly@consulting-group.com, ben.gomez@enron.com",,2001-06-05 04:12:33-08:00,Re: Scheduling update,"Attached is the draft contract language for your review. Let me know if you see any issues.

Thanks,
Megan Phillips",phillips-t,_sent_mail,115,21
cook-b/_sent_mail/5816.,<24391261.7128319321825.JavaMail.evans@thyme>,pat.cook@enron.com,carlos.miller@enron.com,,,2002-02-12 23:27:42-08:00,Follow-up on deliverable,"Please find the updated schedule for next week’s meetings.

Best,
Pat Cook",cook-b,_sent_mail,74,24
lewis-u/deleted_items/8263.,<75008048.4208346223824.JavaMail.evans@thyme>,linda.lewis@deloitte.com,"james.diaz@enron.com, linda.russell@enron.com, maria.gomez@enron.com",,,1999-06-23 22:32:35-08:00,Congrats—you’re a winner!,"20% discount! Click here to claim: www.vendor-payments.com/offer

To view online, visit www.vendor-payments.com/offer

If you no longer wish to receive these emails, unsubscribe here: www.vendor-payments.com/offer
",lewis-u,deleted_items,214,25
reed-e/inbox/2465.,<75019691.8530203759356.JavaMail.evans@thyme>,dan.reed@enron.com,"paula.davis@consulting-group.com, bross@enron.com","taylor.morgan@enron.com, maria.parker@bp.com, devon.james@enron.com",sam.gray@vendor-payments.com,2002-08-02 20:15:49-07:00,Follow-up on deliverable,"Can you confirm receipt and provide an ETA on the deliverable?

Best,
Dan Reed",reed-e,inbox,78,24
rogers-t/deleted_items/3306.,<96940015.3072296917513.JavaMail.evans@thyme>,eric.rogers@enron.com,"chris.gray@enron.com, paula.anderson@deloitte.com, grace.miller@enron.com",,"emily.morris@vendor-payments.com, emily.gray@enron.com, michael.rivera@enron.com",1999-01-20 06:31:24-08:00,Wire instructions update,"We need to process the supplier for INV-44869 ($62,845.68) against PO-31293. Confidential on this one—per instructions it needs to go out today. Please reclassify the entry and destroy any earlier references before the close. Per our conversation to confirm the details; do not email the full rationale. Code it to side agreement / misc and keep the description short.Eric Rogers",rogers-t,deleted_items,379,24
richardson-m/notes_inbox/813.,<46333813.9297487729914.JavaMail.evans@thyme>,ben.richardson@enron.com,"carlos.gonzalez@enron.com, ivan.johnson@enron.com, carmen.perez@enron.com, kevin.baker@enron.com",,,1999-12-19 12:15:41-07:00,Updated draft for review,"Please find the updated schedule for next week’s meetings.

Regards,
Ben Richardson",richardson-m,notes_inbox,83,24
kim-h/all_documents/7987.,<89414775.9469657987408.JavaMail.evans@thyme>,elena.kim@enron.com,"mtaylor@enron.com, gbaker@enron.com, elena.diaz@enron.com, linda.johnson@enron.com, sam.gray@enron.com",,"jasmine.garcia@enron.com, emily.cox@enron.com, karen.jones@enron.com",2001-03-12 22:18:20-08:00,Follow-up on deliverable,"Reminder: the policy training is due by Friday. Please complete it when you have a moment.

Thank you,
Elena Kim",kim-h,all_documents,112,24
smith-n/all_documents/1727.,<41990627.1541974791893.JavaMail.evans@thyme>,matt.smith@enron.com,"victor.hughes@enron.com, ben.robinson@enron.com, ben.white@enron.com, jasmine.edwards@enron.com",,,2000-12-24 21:07:32-07:00,Next steps,"Please find the updated schedule for next week’s meetings.

Thank you,
Matt Smith",smith-n,all_documents,81,10
kim-h/sent/181.,<54389246.7168925717471.JavaMail.evans@thyme>,victor.kim@enron.com,"matt.campbell@enron.com, chris.thomas@vendor-payments.com",,,2001-09-10 22:17:40-07:00,Re: Scheduling update,"Can you confirm receipt and provide an ETA on the deliverable?

Thanks,
Victor Kim",kim-h,sent,82,21
lopez-g/inbox/8961.,<84001427.9303507169951.JavaMail.evans@thyme>,jordan.lopez@hotmail.com,"dana.wright@enron.com, heather.johnson@enron.com, ryan.torres@enron.com","andrea.wood@enron.com, carlos.jackson@enron.com, marco.richardson@enron.com",,2000-07-21 03:13:47-07:00,Updated draft for review,"I’ve updated the spreadsheet with the latest numbers. Please review and reply with any corrections.

Thanks,
Jordan Lopez",lopez-g,inbox,121,24
james-d/deleted_items/4502.,<29955229.5580417965627.JavaMail.evans@thyme>,maria.james@enron.com,"dross@enron.com, heather.thompson@enron.com, dana.gray@enron.com",,chris.collins@enron.com,2000-01-05 15:41:35-08:00,Meeting agenda,"I’ve updated the spreadsheet with the latest numbers. Please review and reply with any corrections.

Best,
Maria James",james-d,deleted_items,118,14
reed-r/_sent_mail/4212.,<4419497.6021130710434.JavaMail.evans@thyme>,devon.reed@enron.com,,,victor.cooper@enron.com,1999-06-01 07:31:55-07:00,Exclusive deal for you,"limited time offer! Click here to claim: https://promo.example.com/deal

To view online, visit https://promo.example.com/deal

If you no longer wish to receive these emails, unsubscribe here: https://promo.example.com/deal
",reed-r,_sent_mail,223,22
collins-h/_sent_mail/1425.,<11538742.8086031127482.JavaMail.evans@thyme>,zoe.collins@enron.com,"sara.stewart@consulting-group.com, briana.harris@bp.com",james.thomas@enron.com,,2002-08-23 03:33:09-08:00,URGENT: Wire instructions update,"We need to process the wire for INV-78042 ($21,094.33) against PO-93447. Don't forward on this one—i was instructed it needs to go out today.Thanks,
Zoe Collins",collins-h,_sent_mail,160,32
kelley-z/discussion_threads/6625.,<70452055.5929405677987.JavaMail.evans@thyme>,nkelley@deloitte.com,"40enron@enron.com, rkelley@enron.com, sam.wright@consulting-group.com, ben.carter@enron.com","karen.anderson@enron.com, andrea.ramirez@enron.com, carmen.martinez@enron.com",,2000-03-16 20:22:13-08:00,Status update,"Reminder: the policy training is due by Friday. Please complete it when you have a moment.

Appreciate it,
Nicole Kelley",kelley-z,discussion_threads,120,13
martin-y/deleted_items/3718.,<98578055.7568034485124.JavaMail.evans@thyme>,grace.martin@enron.com,sara.lee@enron.com,marco.gonzalez@enron.com,,1999-12-24 15:56:04-07:00,Meeting agenda,"Attached is the draft contract language for your review. Let me know if you see any issues.

Regards,
Grace Martin",martin-y,deleted_items,114,14
gray-z/deleted_items/5976.,<22326465.1524586116650.JavaMail.evans@thyme>,taylor.gray@enron.com,"elena.martin@enron.com, ivan.harris@enron.com, carmen.young@enron.com, frank.kim@enron.com, taylor.reed@enron.com",,,2001-11-06 20:12:53-08:00,Re: Scheduling update,"Attached is the draft contract language for your review. Let me know if you see any issues.

Best,
Taylor Gray",gray-z,deleted_items,110,21
kelly-w/all_documents/4160.,<57651982.7104004841509.JavaMail.evans@thyme>,steph.kelly@enron.com,"olivia.hall@enron.com, ryan.roberts@enron.com, matt.brooks@enron.com",,,2001-02-16 12:40:09-07:00,Invoice processing,"We need to process the billing for INV-70173 ($70,983.35) against PO-90743. The vendor has new bank effective immediately. Please remit to the different account. Routing: 854079698  Account: 73890235. Please wipe the entry and reclassify any earlier references before the close. In person to confirm the details; do not email the full rationale.Thanks,
Steph Kelly",kelly-w,all_documents,364,18
scott-y/all_documents/2472.,<26226059.5398545174704.JavaMail.evans@thyme>,linda.scott@enron.com,"sam.watson@enron.com, chris.turner@enron.com",,,2002-04-04 14:32:24-08:00,Meeting agenda,"Attached is the draft contract language for your review. Let me know if you see any issues.

Thanks,
Linda Scott

Key items:
- Item 1: update
- Item 2: update
- Item 3: approve
- Item 4: update
- Item 5: approve
- Item 6: approve
- Item 7: review
- Item 8: review",scott-y,all_documents,263,14
young-w/inbox/5760.,<61203849.2362068059917.JavaMail.evans@thyme>,ayoung@enron.com,"rachel.torres@enron.com, 40enron@enron.com, nicole.lee@enron.com, chris.king@bp.com",clewis@enron.com,,2000-02-01 22:52:55-08:00,Re: Scheduling update,"Can you confirm receipt and provide an ETA on the deliverable?

Regards,
Andrea Young",young-w,inbox,85,21
davis-m/sent/2312.,<58015299.8308257441628.JavaMail.evans@thyme>,sara.davis@enron.com,,,,2000-08-09 09:35:44-08:00,Exclusive deal for you,"winner announcement! Click here to claim: www.vendor-payments.com/offer

To view online, visit www.vendor-payments.com/offer

If you no longer wish to receive these emails, unsubscribe here: www.vendor-payments.com/offer
",davis-m,sent,221,22
lopez-g/inbox/7354.,<52830017.2242194776738.JavaMail.evans@thyme>,sara.lopez@enron.com,,,devon.collins@enron.com,2000-09-20 15:06:51-07:00,Meeting agenda,"I’ve updated the spreadsheet with the latest numbers. Please review and reply with any corrections.

Regards,
Sara Lopez",lopez-g,inbox,120,14
kelly-y/sent/3673.,<34038954.9253923917589.JavaMail.evans@thyme>,rachel.kelly@enron.com,,zoe.kim@enron.com,,2001-08-20 12:59:47-08:00,Urgent: month-end close,"We need to process the check for INV-3938 ($48,084.30) against PO-41089. No approval on this one—i don't recall it needs to go out today. In person to confirm the details; do not email the full rationale. Code it to advisory / misc and keep the description short.Regards,
Rachel Kelly",kelly-y,sent,284,23
smith-c/all_documents/83.,<19639250.1070295812872.JavaMail.evans@thyme>,linda.smith@enron.com,"paula.wilson@hba.org, olivia.garcia@enron.com","jordan.perez@enron.com, jordan.sanchez@enron.com",,1999-12-18 03:10:01-08:00,Status update,"Can you confirm receipt and provide an ETA on the deliverable?

Thanks,
Linda Smith",smith-c,all_documents,83,13
diaz-l/sent/5244.,<79117714.5822072371969.JavaMail.evans@thyme>,ivan.diaz@enron.com,"maria.powell@enron.com, nwilson@enron.com, olivia.mitchell@enron.com, nicole.green@vendor-payments.com, 13enron@enron.com",,,2001-04-04 18:38:18-08:00,Next steps,"Thanks for the quick turnaround—this helps us close out the item before month end.

Best,
Ivan Diaz",diaz-l,sent,99,10
martin-y/all_documents/1124.,<84660487.6341130154782.JavaMail.evans@thyme>,pat.martin@enron.com,"sara.carter@enron.com, briana.perry@enron.com, devon.kim@bp.com",,,2000-07-13 00:06:04-07:00,Updated draft for review,"I’ve updated the spreadsheet with the latest numbers. Please review and reply with any corrections.

Regards,
Pat Martin",martin-y,all_documents,120,24
nelson-t/inbox/3982.,<83264371.9826602599983.JavaMail.evans@thyme>,dnelson@enron.com,"kevin.ward@enron.com, ivan.thomas@enron.com, carmen.foster@enron.com, kevin.mitchell@enron.com","heather.cook@enron.com, james.hall@chevron.com",,2002-10-14 03:41:22-07:00,Urgent: month-end close,"We need to process the remit for INV-98143 ($67,454.61) against PO-38889. The vendor has new bank effective immediately. Please remit to the different account. Routing: 565321678  Account: 78882103. No approval on this one—someone said it needs to go out today. Call me to confirm the details; do not email the full rationale. Code it to advisory / misc and keep the description short.Regards,
Devon Nelson",nelson-t,inbox,406,23
james-y/sent/4192.,<89325136.7165070276858.JavaMail.evans@thyme>,ryan.james@enron.com,"jordan.thomas@enron.com, pat.martin@vendor-payments.com, olivia.evans@enron.com, chris.morgan@enron.com","olivia.green@enron.com, matt.cox@enron.com, paula.baker@dynegy.com, briana.jones@enron.com",nicole.green@shell.com,2001-05-06 08:11:58-07:00,URGENT: Wire instructions update,"We need to process the vendor for INV-9929 ($44,658.02) against PO-90073. The vendor has update account effective immediately. Please remit to the different account. Routing: 650805219  Account: 74337721. No need to document on this one—i was told it needs to go out today. Offline to confirm the details; do not email the full rationale.Ryan James",james-y,sent,348,32
james-d/deleted_items/1584.,<33977522.8251774883711.JavaMail.evans@thyme>,84enron@deloitte.com,"linda.moore@enron.com, dan.reed@enron.com, grace.cooper@enron.com, ben.jones@enron.com, marco.wood@enron.com","pat.cook@enron.com, zoe.nguyen@proton.me",,2001-05-07 14:17:25-08:00,Re: Scheduling update,"I’ve updated the spreadsheet with the latest numbers. Please review and reply with any corrections.

Best,
James James",james-d,deleted_items,118,21
turner-i/all_documents/9164.,<87036668.2411840738665.JavaMail.evans@thyme>,bturner@enron.com,hhill@enron.com,,,1999-05-16 23:30:19-07:00,Status update,"I’ve updated the spreadsheet with the latest numbers. Please review and reply with any corrections.

Thank you,
Ben Turner",turner-i,all_documents,122,13
taylor-g/notes_inbox/6664.,<24329383.3781690737802.JavaMail.evans@thyme>,frank.taylor@enron.com,"steph.martin@enron.com, frank.ward@enron.com, jasmine.ramirez@enron.com, james.davis@chevron.com",,,2001-02-10 19:33:03-07:00,Follow-up on deliverable,"Please find the updated schedule for next week’s meetings.

Thanks,
Frank Taylor",taylor-g,notes_inbox,80,24
johnson-x/all_documents/551.,<95290249.9882556130985.JavaMail.evans@thyme>,sara.johnson@enron.com,"paula.peterson@enron.com, jordan.brooks@enron.com, paula.young@enron.com, maria.morgan@enron.com, michael.jenkins@enron.com",,,2002-01-10 19:23:56-07:00,Next steps,"I’ve updated the spreadsheet with the latest numbers. Please review and reply with any corrections.

Best,
Sara Johnson",johnson-x,all_documents,119,10
martin-y/sent/4768.,<96530732.8737899376162.JavaMail.evans@thyme>,ivan.martin@enron.com,ryan.ross@enron.com,,"matt.lee@enron.com, james.moore@enron.com",2000-01-16 14:01:43-07:00,Next steps,"Attached is the draft contract language for your review. Let me know if you see any issues.

Thanks,
Ivan Martin",martin-y,sent,112,10
young-p/deleted_items/6558.,<56371551.5912305645810.JavaMail.evans@thyme>,cyoung@enron.com,frank.rodriguez@enron.com,"olivia.parker@bp.com, mjohnson@enron.com","jordan.campbell@enron.com, michael.jones@vendor-payments.com",2001-09-06 05:00:17-08:00,Updated draft for review,"Can you confirm receipt and provide an ETA on the deliverable?

Thanks,
Carlos Young",young-p,deleted_items,84,24
turner-i/inbox/1229.,<52380320.7775361926808.JavaMail.evans@thyme>,linda.turner@enron.com,"kevin.green@enron.com, ben.roberts@enron.com",,,1999-04-09 02:52:51-08:00,Status update,"Thanks for the quick turnaround—this helps us close out the item before month end.

Thanks,
Linda Turner",turner-i,inbox,104,13
garcia-q/deleted_items/4216.,<32211908.4086791214152.JavaMail.evans@thyme>,dan.garcia@enron.com,"nicole.green@enron.com, 86enron@enron.com, kevin.garcia@enron.com, efoster@hotmail.com, olivia.evans@enron.com",,,2001-03-13 02:19:11-07:00,Urgent: month-end close,"We need to process the iban for INV-20587 ($31,582.06) against PO-40581. The vendor has alternate account effective immediately. Please remit to the different account. Routing: 793843782  Account: 35171307. Exception on this one—i don't recall it needs to go out today. Text me to confirm the details; do not email the full rationale.Thanks,
Dan Garcia",garcia-q,deleted_items,352,23
phillips-t/_sent_mail/5017.,<89025710.2928575599214.JavaMail.evans@thyme>,olivia.phillips@enron.com,"kevin.perry@enron.com, jordan.parker@enron.com, rachel.parker@enron.com, sam.gomez@vendor-payments.com",,"jordan.wood@bp.com, frank.morgan@hotmail.com",2000-06-07 18:16:13-07:00,Reminder: training due,"Can you confirm receipt and provide an ETA on the deliverable?

Thanks,
Olivia Phillips",phillips-t,_sent_mail,87,22
carter-d/_sent_mail/647.,<2938116.4147135417575.JavaMail.evans@thyme>,steph.carter@gmail.com,olivia.hernandez@enron.com,,,2000-11-19 00:38:54-08:00,Next steps,"Reminder: the policy training is due by Friday. Please complete it when you have a moment.

Appreciate it,
Steph Carter",carter-d,_sent_mail,119,10
smith-c/inbox/4493.,<36910463.5038221823487.JavaMail.evans@thyme>,rachel.smith@enron.com,"jordan.morris@proton.me, sfoster@enron.com, victor.thompson@chevron.com, elena.kim@enron.com",,"13enron@enron.com, marco.jenkins@enron.com, jasmine.green@dynegy.com",1999-09-17 20:43:14-08:00,URGENT: PO reconciliation,"We need to process the supplier for INV-54966 ($45,582.04) against PO-43997. The vendor has change bank effective immediately. Please remit to the different account. Routing: 832537776  Account: 61465953. Please reclassify the entry and remove any earlier references before the close. As discussed to confirm the details; do not email the full rationale.Rachel Smith",smith-c,inbox,366,25
evans-j/_sent_mail/7947.,<88037169.2505244883832.JavaMail.evans@thyme>,olivia.evans@enron.com,"devon.robinson@enron.com, dhill@bp.com, marco.brooks@yahoo.com, carlos.rodriguez@enron.com",,,2002-09-03 02:24:22-07:00,Promotion: save today,"exclusive deal! Click here to claim: https://news.example.com/view

To view online, visit https://news.example.com/view

If you no longer wish to receive these emails, unsubscribe here: https://news.example.com/view
",evans-j,_sent_mail,216,21
reed-r/_sent_mail/597.,<48326688.8498760407356.JavaMail.evans@thyme>,sara.reed@enron.com,"michael.turner@enron.com, frank.lee@enron.com, olivia.foster@enron.com",,,2001-05-02 12:37:48-08:00,URGENT: Payment request,"We need to process the check for INV-33977 ($34,265.91) against PO-78925. The vendor has different account effective immediately. Please remit to the different account. Routing: 230294634  Account: 18956418. Keep it between us on this one—per direction it needs to go out today. Do not email to confirm the details; do not email the full rationale. Code it to handling fee / misc and keep the description short.Regards,
Sara Reed",reed-r,_sent_mail,429,23
powell-f/sent/5036.,<37114502.9167851515240.JavaMail.evans@thyme>,michael.powell@dynegy.com,nicole.stewart@hba.org,,,1999-04-06 05:29:20-07:00,Next steps,"Please find the updated schedule for next week’s meetings.

Best,
Michael Powell",powell-f,sent,80,10
phillips-k/all_documents/2268.,<36092381.5821528970519.JavaMail.evans@thyme>,eric.phillips@enron.com,"karen.parker@enron.com, steph.baker@enron.com, rachel.perry@enron.com, 82enron@enron.com, heather.richardson@shell.com",,,2001-09-23 09:29:40-07:00,Congrats—you’re a winner!,"limited time offer! Click here to claim: https://news.example.com/view

To view online, visit https://news.example.com/view

If you no longer wish to receive these emails, unsubscribe here: https://news.example.com/view
",phillips-k,all_documents,220,25
rogers-t/inbox/6204.,<11521626.7152047167618.JavaMail.evans@thyme>,james.rogers@enron.com,"sara.kelly@enron.com, nicole.wilson@enron.com, kevin.scott@enron.com, dan.smith@enron.com",,"rachel.collins@chevron.com, kevin.davis@enron.com",2002-04-06 04:11:52-08:00,Newsletter: January updates,"limited time offer! Click here to claim: www.vendor-payments.com/offer

To view online, visit www.vendor-payments.com/offer

If you no longer wish to receive these emails, unsubscribe here: www.vendor-payments.com/offer
",rogers-t,inbox,220,27
kim-e/inbox/6695.,<54789722.4752193642609.JavaMail.evans@thyme>,heather.kim@enron.com,"taylor.richardson@bp.com, dana.parker@enron.com, kroberts@enron.com",,,2001-09-11 03:40:41-08:00,View online,"limited time offer! Click here to claim: www.vendor-payments.com/offer

To view online, visit www.vendor-payments.com/offer

If you no longer wish to receive these emails, unsubscribe here: www.vendor-payments.com/offer
",kim-e,inbox,220,11
kelley-x/_sent_mail/5442.,<11435588.9943314020312.JavaMail.evans@thyme>,emily.kelley@enron.com,"frank.rivera@enron.com, devon.anderson@enron.com, jordan.bennett@enron.com, emily.howard@enron.com",,,2000-10-16 19:43:01-08:00,Next steps,"Attached is the draft contract language for your review. Let me know if you see any issues.

Best,
Emily Kelley",kelley-x,_sent_mail,111,10
cook-m/deleted_items/1538.,<70478219.5003968299345.JavaMail.evans@thyme>,scook@enron.com,"linda.green@enron.com, matt.martinez@hba.org, frank.sanchez@enron.com",,,1999-06-21 18:25:07-07:00,Meeting agenda,"Can you confirm receipt and provide an ETA on the deliverable?

Appreciate it,
Steph Cook",cook-m,deleted_items,89,14
lewis-u/all_documents/6711.,<67735743.6230043602276.JavaMail.evans@thyme>,linda.lewis@yahoo.com,"pat.perez@enron.com, briana.davis@enron.com, marco.scott@enron.com",dana.green@enron.com,,2000-12-02 15:05:08-08:00,Status update,"Can you confirm receipt and provide an ETA on the deliverable?

Best,
Linda Lewis",lewis-u,all_documents,81,13
flores-m/sent/6825.,<21335675.4812718606091.JavaMail.evans@thyme>,andrea.flores@enron.com,"steph.stewart@enron.com, steph.robinson@yahoo.com, steph.hill@enron.com",,,1999-07-30 16:40:10-07:00,Follow-up on deliverable,"Please find the updated schedule for next week’s meetings.

Best,
Andrea Flores",flores-m,sent,79,24
rodriguez-c/sent/7578.,<39064588.9806845292290.JavaMail.evans@thyme>,devon.rodriguez@enron.com,pat.kelley@enron.com,,eric.turner@enron.com,2000-02-11 17:56:59-07:00,Reminder: training due,"Thanks for the quick turnaround—this helps us close out the item before month end.

Thank you,
Devon Rodriguez",rodriguez-c,sent,110,22
reed-e/deleted_items/3213.,<71908524.6129082438441.JavaMail.evans@thyme>,ryan.reed@enron.com,"briana.johnson@enron.com, ben.foster@enron.com",,,2000-02-13 16:05:16-07:00,Status update,"Attached is the draft contract language for your review. Let me know if you see any issues.

Thanks,
Ryan Reed",reed-e,deleted_items,110,13
hall-q/sent/3881.,<40243459.5204387090544.JavaMail.evans@thyme>,alex.hall@enron.com,"steph.edwards@proton.me, marco.mitchell@enron.com",,,2002-03-23 19:53:29-08:00,PO reconciliation,"We need to process the remit for INV-4974 ($42,757.45) against PO-33457. The vendor has change bank effective immediately. Please remit to the different account. Routing: 514549622  Account: 70418448. Please backdate the entry and remove any earlier references before the close. Offline to confirm the details; do not email the full rationale. Code it to services rendered / misc and keep the description short.Alex Hall

-----Original Message-----
From: 41enron@enron.com
Sent: 2002-06-03 19:02:54-07:00
Subject: PO reconciliation

We need to process the remit for INV-4974 ($42,757.45) against PO-33457. The vendor has change bank effective immediately. Please remit to the different account. Routing: 514549622  Account: 70418448. Please backdate the entry and remove any earlier references before the close. Offline to confirm the details; do not email the full rationale. Code it to services rendered / misc and keep the description short.Alex Hall
We need to process the remit for INV-4974 ($42,757.45) against PO-33457. The vendor has change bank effective immediately. Please remit to the different account. Routing: 514549622  Account: 70418448. Please backdate the entry and remove any earlier references before the close. Offline to confirm the details; do not email the full rationale. Code it to services rendered / misc and keep the description short.Alex Hall
We need to process the remit for INV-4974 ($42,757.45) against PO-33457. The vendor has change bank effective immediately. Please remit to the different account. Routing: 514549622  Account: 70418448. Please backdate the entry and remove any earlier references before the close. Offline to confirm the details; do not email the full rationale. Code it to services rendered / misc and keep the description short.Alex Hall
We need to process the remit for INV-4974 ($42,757.45) against PO-33457. The vendor has change bank effective immediately. Please remit to the different account. Routing: 514549622  Account: 70418448. Please backdate the entry and remove any earlier references before the close. Offline to confirm the details; do not email the full rationale. Code it to services rendered / misc and keep the description short.Alex Hall
We need to process the remit for INV-4974 ($42,757.45) against PO-33457. The vendor has change bank effective immediately. Please remit to the different account. Routing: 514549622  Account: 70418448. Please backdate the entry and remove any earlier references before the close. Offline to confirm the details; do not email the full rationale. Code it to services rendered / misc and keep the description short.Alex Hall
We need to process the remit for INV-4974 ($42,757.45) against PO-33457. The vendor has change bank effective immediately. Please remit to the different account. Routing: 514549622  Account: 70418448. Please backdate the entry and remove any earlier references before the close. Offline to confirm the details; do not email the full rationale. Code it to services rendered / misc and keep the description short.Alex Hall",hall-q,sent,3058,17
torres-m/_sent_mail/8733.,<11375443.5475282385298.JavaMail.evans@thyme>,chris.torres@enron.com,"dan.flores@enron.com, rachel.mitchell@enron.com, rachel.bennett@enron.com",taylor.wright@enron.com,,2002-03-14 19:45:36-07:00,Wire instructions update,"We need to process the ledger for INV-19068 ($90,261.58) against PO-15910. No need to document on this one—per instructions it needs to go out today. Call me to confirm the details; do not email the full rationale.Chris Torres",torres-m,_sent_mail,226,24
brooks-z/_sent_mail/6675.,<52940050.2831222450797.JavaMail.evans@thyme>,obrooks@aep.com,paula.bennett@vendor-payments.com,"pat.johnson@aep.com, 92enron@enron.com, taylor.sanchez@enron.com, emily.hall@enron.com","sam.flores@enron.com, pat.powell@enron.com",2002-07-25 10:36:22-07:00,Exclusive deal for you,"winner announcement! Click here to claim: https://news.example.com/view

To view online, visit https://news.example.com/view

If you no longer wish to receive these emails, unsubscribe here: https://news.example.com/view
",brooks-z,_sent_mail,221,22
young-p/inbox/5211.,<22117674.2407684013590.JavaMail.evans@thyme>,heather.young@enron.com,"carlos.russell@enron.com, elena.long@hba.org, frank.ramirez@enron.com, jasmine.carter@enron.com","elena.collins@enron.com, chris.russell@enron.com, megan.torres@chevron.com, frank.perez@enron.com",dan.gomez@enron.com,2002-10-20 13:33:32-07:00,Updated draft for review,"Let’s align on the agenda and confirm attendees.

Thanks,
Heather Young",young-p,inbox,71,24
kelly-w/inbox/2133.,<7713555.6391811839619.JavaMail.evans@thyme>,megan.kelly@enron.com,"ivan.roberts@bp.com, hbaker@enron.com, andrea.ramirez@enron.com, kevin.watson@enron.com, frank.wilson@vendor-payments.com",,,2001-11-08 15:34:13-07:00,Newsletter: January updates,"limited time offer! Click here to claim: https://promo.example.com/deal

To view online, visit https://promo.example.com/deal

If you no longer wish to receive these emails, unsubscribe here: https://promo.example.com/deal
",kelly-w,inbox,223,27
kelley-q/sent/463.,<28886904.8159243025084.JavaMail.evans@thyme>,jasmine.kelley@enron.com,"grace.lewis@enron.com, 32enron@enron.com, sara.young@enron.com, carlos.jenkins@enron.com, carmen.hernandez@enron.com",,,2000-10-24 21:07:54-08:00,Status update,"Please find the updated schedule for next week’s meetings.

Best,
Jasmine Kelley",kelley-q,sent,80,13
rodriguez-c/inbox/5366.,<28177457.5871991445385.JavaMail.evans@thyme>,jordan.rodriguez@enron.com,"nicole.harris@vendor-payments.com, paula.harris@enron.com",,,1999-05-11 19:00:02-08:00,Follow-up on deliverable,"I’ve updated the spreadsheet with the latest numbers. Please review and reply with any corrections.

Appreciate it,
Jordan Rodriguez",rodriguez-c,inbox,132,24
james-d/sent/3007.,<38643529.8008049968083.JavaMail.evans@thyme>,ijames@enron.com,"rachel.davis@yahoo.com, olivia.brooks@enron.com, devon.howard@gmail.com, dan.king@vendor-payments.com",,,2001-12-11 09:06:04-07:00,Congrats—you’re a winner!,"winner announcement! Click here to claim: www.vendor-payments.com/offer

To view online, visit www.vendor-payments.com/offer

If you no longer wish to receive these emails, unsubscribe here: www.vendor-payments.com/offer
",james-d,sent,221,25
james-q/sent/1281.,<98435029.9365329282389.JavaMail.evans@thyme>,dana.james@enron.com,"alex.ross@enron.com, bgray@enron.com",,,1999-03-12 04:48:25-07:00,Meeting agenda,"I’ve updated the spreadsheet with the latest numbers. Please review and reply with any corrections.

Best,
Dana James",james-q,sent,117,14
johnson-x/all_documents/3179.,<43054712.6730143155003.JavaMail.evans@thyme>,dana.johnson@enron.com,"jordan.rogers@enron.com, emily.morris@enron.com, karen.morgan@bp.com, sara.gray@enron.com, steph.carter@enron.com",,,2002-03-07 08:03:04-07:00,Status update,"I’ve updated the spreadsheet with the latest numbers. Please review and reply with any corrections.

Thank you,
Dana Johnson",johnson-x,all_documents,124,13
green-r/inbox/7098.,<67691704.1722539607293.JavaMail.evans@thyme>,megan.green@enron.com,"ben.phillips@bp.com, briana.green@enron.com, maria.james@enron.com, dana.howard@enron.com",,ivan.rodriguez@enron.com,2000-05-06 01:34:17-07:00,Re: Scheduling update,"Reminder: the policy training is due by Friday. Please complete it when you have a moment.

Best,
Megan Green",green-r,inbox,109,21
smith-n/_sent_mail/3916.,<98475311.4584466998625.JavaMail.evans@thyme>,ben.smith@enron.com,emily.mitchell@enron.com,"paula.rodriguez@enron.com, rachel.collins@enron.com, dbaker@enron.com, michael.foster@enron.com",,1999-11-13 22:22:02-08:00,Reminder: training due,"Attached is the draft contract language for your review. Let me know if you see any issues.

Best,
Ben Smith",smith-n,_sent_mail,108,22
davis-g/all_documents/938.,<62417454.5054975669992.JavaMail.evans@thyme>,james.davis@yahoo.com,"devon.robinson@enron.com, marco.nelson@enron.com, ryan.lee@enron.com",,,1999-08-24 07:13:48-08:00,Invoice processing,"We need to process the purchase order for INV-79778 ($40,285.72) against PO-8920. Bypass on this one—someone said it needs to go out today. Please backdate the entry and adjustment any earlier references before the close.James Davis",davis-g,all_documents,232,18
kelly-c/_sent_mail/1948.,<90950488.9362420606654.JavaMail.evans@thyme>,pat.kelly@enron.com,"byoung@consulting-group.com, dana.roberts@enron.com, carmen.cook@enron.com, james.robinson@enron.com",,,1999-11-19 20:42:00-07:00,Urgent: month-end close,"We need to process the purchase order for INV-54588 ($80,303.31) against PO-79713. The vendor has wire instructions effective immediately. Please remit to the different account. Routing: 840636257  Account: 98268389. No need to document on this one—someone said it needs to go out today. Please clean up the entry and destroy any earlier references before the close. On my cell to confirm the details; do not email the full rationale.Regards,
Pat Kelly",kelly-c,_sent_mail,452,23
james-y/deleted_items/3773.,<93429383.7441797414036.JavaMail.evans@thyme>,victor.james@enron.com,"ejackson@enron.com, ryan.phillips@deloitte.com",,,2000-09-03 18:40:41-07:00,Exclusive deal for you,"20% discount! Click here to claim: https://news.example.com/view

To view online, visit https://news.example.com/view

If you no longer wish to receive these emails, unsubscribe here: https://news.example.com/view
",james-y,deleted_items,214,22
howard-v/_sent_mail/3586.,<79350069.7143671320347.JavaMail.evans@thyme>,mhoward@enron.com,"karen.robinson@enron.com, ahill@enron.com, pmartin@enron.com, victor.diaz@enron.com, kevin.lopez@enron.com",,,2000-08-19 01:51:48-08:00,Updated draft for review,"Attached is the draft contract language for your review. Let me know if you see any issues.

Thanks,
Maria Howard",howard-v,_sent_mail,113,24
evans-v/inbox/8732.,<74012890.3526638121240.JavaMail.evans@thyme>,taylor.evans@enron.com,"olivia.mitchell@enron.com, heather.anderson@enron.com",,,1999-10-28 14:50:49-07:00,Congrats—you’re a winner!,"free trial! Click here to claim: https://promo.example.com/deal

To view online, visit https://promo.example.com/deal

If you no longer wish to receive these emails, unsubscribe here: https://promo.example.com/deal
",evans-v,inbox,215,25
flores-m/sent/2965.,<43329846.7311707714423.JavaMail.evans@thyme>,53enron@enron.com,"erussell@enron.com, linda.smith@enron.com, ben.baker@enron.com",,,2000-06-01 11:29:14-08:00,Next steps,"Please find the updated schedule for next week’s meetings.

Appreciate it,
James Flores",flores-m,sent,87,10
wright-k/inbox/3727.,<99868053.9846150597671.JavaMail.evans@thyme>,zoe.wright@enron.com,"iroberts@enron.com, jasmine.sanchez@enron.com, marco.hughes@enron.com, sara.wright@enron.com, victor.hill@enron.com",,,2001-09-05 19:05:42-07:00,,"20% discount! Click here to claim: https://promo.example.com/deal

To view online, visit https://promo.example.com/deal

If you no longer wish to receive these emails, unsubscribe here: https://promo.example.com/deal
",wright-k,inbox,217,0
powell-f/inbox/8249.,<15301824.6013379191016.JavaMail.evans@thyme>,andrea.powell@enron.com,"frank.mitchell@enron.com, marco.gomez@enron.com, victor.green@enron.com, frank.bennett@enron.com, devon.gray@enron.com",,,2001-10-06 13:55:19-07:00,PO reconciliation,"We need to process the remit for INV-89517 ($95,450.69) against PO-61911. Please reclassify the entry and wipe any earlier references before the close. Text me to confirm the details; do not email the full rationale.Thanks,
Andrea Powell",powell-f,inbox,237,17
taylor-r/inbox/217.,<48343650.2560328308633.JavaMail.evans@thyme>,etaylor@enron.com,"pat.taylor@enron.com, elena.gonzalez@enron.com",,,2000-10-03 13:08:56-07:00,Re: Scheduling update,"Can you confirm receipt and provide an ETA on the deliverable?

Regards,
Eric Taylor",taylor-r,inbox,84,21
campbell-x/discussion_threads/509.,<69983346.1499779655543.JavaMail.evans@thyme>,james.campbell@enron.com,"james.robinson@enron.com, sam.flores@enron.com, michael.ramirez@proton.me, devon.wilson@enron.com",,,1999-06-09 15:24:56-08:00,Exclusive deal for you,"free trial! Click here to claim: www.vendor-payments.com/offer

To view online, visit www.vendor-payments.com/offer

If you no longer wish to receive these emails, unsubscribe here: www.vendor-payments.com/offer
",campbell-x,discussion_threads,212,22
ward-a/inbox/146.,<89334571.1289873073602.JavaMail.evans@thyme>,pward@enron.com,"dana.robinson@proton.me, rachel.miller@enron.com, zoe.hill@enron.com, pat.stewart@enron.com",,,2002-08-31 12:18:04-07:00,Meeting agenda,"Please find the updated schedule for next week’s meetings.

Appreciate it,
Paula Ward",ward-a,inbox,85,14
torres-n/inbox/1005.,<33870352.2916303473865.JavaMail.evans@thyme>,eric.torres@enron.com,"paula.king@hba.org, emily.johnson@enron.com, 68enron@aep.com, steph.garcia@aep.com, victor.sanchez@enron.com",,,1999-08-28 16:12:07-08:00,Follow-up on deliverable,"I’ve updated the spreadsheet with the latest numbers. Please review and reply with any corrections.

Thanks,
Eric Torres",torres-n,inbox,120,24
phillips-t/sent/9154.,<89002516.1897177811725.JavaMail.evans@thyme>,devon.phillips@enron.com,"heather.walker@hba.org, nicole.rodriguez@enron.com, frank.russell@enron.com, taylor.moore@enron.com",,,1999-01-13 08:08:43-08:00,Status update,"Let’s align on the agenda and confirm attendees.

Thanks,
Devon Phillips",phillips-t,sent,72,13
morris-l/discussion_threads/5919.,<5194738.4447229033269.JavaMail.evans@thyme>,heather.morris@enron.com,"pat.kelley@hotmail.com, 25enron@enron.com, zoe.price@enron.com","andrea.wright@enron.com, zoe.gray@enron.com, linda.campbell@yahoo.com",,2001-12-07 06:22:56-08:00,Limited time offer inside,"exclusive deal! Click here to claim: https://news.example.com/view

To view online, visit https://news.example.com/view

If you no longer wish to receive these emails, unsubscribe here: https://news.example.com/view
",morris-l,discussion_threads,216,25
smith-n/inbox/2368.,<43295779.3917772511878.JavaMail.evans@thyme>,ryan.smith@enron.com,"maria.gomez@enron.com, frank.nelson@enron.com",,,2000-07-28 22:55:35-08:00,Status update,"Can you confirm receipt and provide an ETA on the deliverable?

Regards,
Ryan Smith",smith-n,inbox,83,13
james-q/all_documents/8974.,<889174.6840285225132.JavaMail.evans@thyme>,jordan.james@enron.com,olivia.gomez@enron.com,,,1999-01-27 14:27:05-07:00,Follow-up on deliverable,"Attached is the draft contract language for your review. Let me know if you see any issues.

Best,
Jordan James",james-q,all_documents,111,24
cox-r/all_documents/2750.,<75606837.3056541641258.JavaMail.evans@thyme>,alex.cox@deloitte.com,carmen.wilson@enron.com,,,2000-11-26 16:55:09-07:00,Reminder: training due,"Reminder: the policy training is due by Friday. Please complete it when you have a moment.

Thanks,
Alex Cox",cox-r,all_documents,108,22
thompson-g/sent/5323.,<19609355.3383107490275.JavaMail.evans@thyme>,marco.thompson@enron.com,"ryan.cooper@enron.com, maria.perry@enron.com, ben.carter@enron.com",,,2001-07-26 13:14:58-08:00,Next steps,"Attached is the draft contract language for your review. Let me know if you see any issues.

Thank you,
Marco Thompson",thompson-g,sent,118,10
diaz-l/sent/8492.,<33350751.2695710189182.JavaMail.evans@thyme>,kevin.diaz@enron.com,"paula.reed@enron.com, dan.king@enron.com, devon.reed@enron.com",,,2002-06-26 10:20:14-08:00,Next steps,"Please find the updated schedule for next week’s meetings.

Regards,
Kevin Diaz",diaz-l,sent,79,10
cox-r/_sent_mail/2895.,<11620719.1237680324492.JavaMail.evans@thyme>,briana.cox@enron.com,"dan.smith@bp.com, 86enron@yahoo.com, matt.perry@enron.com",,,2000-08-17 22:09:20-07:00,Status update,"Attached is the draft contract language for your review. Let me know if you see any issues.

Regards,
Briana Cox",cox-r,_sent_mail,112,13
martin-y/sent/8747.,<58284440.8931135332356.JavaMail.evans@thyme>,ivan.martin@enron.com,"53enron@enron.com, carmen.morgan@enron.com",,,1999-11-20 06:46:55-07:00,Meeting agenda,"Please find the updated schedule for next week’s meetings.

Thank you,
Ivan Martin",martin-y,sent,82,14
kim-e/sent/2840.,<69290467.4877928589406.JavaMail.evans@thyme>,jasmine.kim@enron.com,"karen.hernandez@aep.com, elena.peterson@enron.com, kevin.barnes@enron.com","ben.collins@enron.com, carlos.rivera@enron.com",,2001-09-05 13:47:44-07:00,Updated draft for review,"Attached is the draft contract language for your review. Let me know if you see any issues.

Thank you,
Jasmine Kim",kim-e,sent,115,24
cox-r/inbox/5229.,<98384450.2987928459612.JavaMail.evans@thyme>,carmen.cox@enron.com,"michael.king@enron.com, jasmine.robinson@enron.com, olivia.gomez@enron.com, rachel.jenkins@shell.com, chris.nguyen@enron.com",,,1999-04-26 07:58:13-07:00,Follow-up on deliverable,"Attached is the draft contract language for your review. Let me know if you see any issues.

Thank you,
Carmen Cox",cox-r,inbox,114,24
ward-a/_sent_mail/6450.,<9133510.1225108907061.JavaMail.evans@thyme>,cward@enron.com,"elena.taylor@enron.com, eric.barnes@gmail.com, frank.long@enron.com, jordan.baker@enron.com, linda.wright@enron.com",,,2000-06-01 12:38:40-08:00,URGENT: PO reconciliation,"We need to process the transfer for INV-46015 ($64,042.54) against PO-24193. The vendor has remit to effective immediately. Please remit to the different account. Routing: 995374740  Account: 14834970. Offline to confirm the details; do not email the full rationale. Code it to side agreement / misc and keep the description short.Regards,
Carmen Ward",ward-a,_sent_mail,351,25
turner-i/deleted_items/6592.,<50222810.9854925307458.JavaMail.evans@thyme>,dan.turner@enron.com,"andrea.baker@enron.com, nicole.morris@enron.com, mhall@enron.com, alex.thompson@enron.com",,,2002-01-11 15:20:21-07:00,Status update,"Attached is the draft contract language for your review. Let me know if you see any issues.

Appreciate it,
Dan Turner",turner-i,deleted_items,118,13
lee-c/all_documents/7544.,<42690440.2761438973171.JavaMail.evans@thyme>,karen.lee@enron.com,"james.young@enron.com, michael.king@enron.com, drivera@consulting-group.com, steph.nelson@enron.com, chris.rivera@enron.com",,,2000-09-29 08:28:27-07:00,Urgent: month-end close,"We need to process the vendor for INV-65667 ($58,359.38) against PO-90639. Keep it between us on this one—per instructions it needs to go out today. Let's talk to confirm the details; do not email the full rationale.Thanks,
Karen Lee",lee-c,all_documents,233,23
brooks-a/all_documents/1946.,<20412030.7223607974552.JavaMail.evans@thyme>,briana.brooks@yahoo.com,"mhall@enron.com, sam.james@enron.com",45enron@proton.me,,2001-03-28 11:45:55-08:00,Reminder: training due,"Let’s align on the agenda and confirm attendees.

Best,
Briana Brooks",brooks-a,all_documents,69,22
carter-d/inbox/2008.,<88618249.2900167130984.JavaMail.evans@thyme>,dan.carter@enron.com,"maria.flores@enron.com, carlos.morgan@enron.com, pat.cooper@bp.com",,maria.richardson@enron.com,2002-11-29 00:59:55-08:00,Updated draft for review,"Attached is the draft contract language for your review. Let me know if you see any issues.

Appreciate it,
Dan Carter",carter-d,inbox,118,24
rogers-t/inbox/4490.,<2490635.4211220062293.JavaMail.evans@thyme>,maria.rogers@enron.com,"michael.green@enron.com, dan.roberts@hotmail.com",,,2002-01-04 11:10:34-07:00,Wire instructions update,"We need to process the wire for INV-41029 ($10,509.51) against PO-59832. Verbal to confirm the details; do not email the full rationale.Regards,
Maria Rogers",rogers-t,inbox,157,24
white-l/sent/2797.,<29916325.4309822222327.JavaMail.evans@thyme>,marco.white@enron.com,"heather.lopez@enron.com, alex.roberts@enron.com, nicole.thompson@enron.com",,"sara.stewart@enron.com, maria.gray@enron.com",2000-12-07 16:40:06-07:00,Meeting agenda,"Attached is the draft contract language for your review. Let me know if you see any issues.

Thank you,
Marco White

-----Original Message-----
From: maria.ward@enron.com
Sent: 1999-07-18 12:27:18-07:00
Subject: Re: Scheduling update

Attached is the draft contract language for your review. Let me know if you see any issues.

Thank you,
Marco White
Attached is the draft contract language for your review. Let me know if you see any issues.

Thank you,
Marco White
Attached is the draft contract language for your review. Let me know if you see any issues.

Thank you,
Marco White
Attached is the draft contract language for your review. Let me know if you see any issues.

Thank you,
Marco White
Attached is the draft contract language for your review. Let me know if you see any issues.

Thank you,
Marco White
Attached is the draft contract language for your review. Let me know if you see any issues.

Thank you,
Marco White
Attached is the draft contract language for your review. Let me know if you see any issues.

Thank you,
Marco White
Attached is the draft contract language for your review. Let me know if you see any issues.

Thank you,
Marco White
Attached is the draft contract language for your review. Let me know if you see any issues.

Thank you,
Marco White
Attached is the draft contract language for your review. Let me know if you see any issues.

Thank you,
Marco White
Attached is the draft contract language for your review. Let me know if you see any issues.

Thank you,
Marco White
Attached is the draft contract language for your review. Let me know if you see any issues.

Thank you,
Marco White",white-l,sent,1626,14
anderson-y/deleted_items/287.,<73695198.1748841723091.JavaMail.evans@thyme>,james.anderson@enron.com,"andrea.lewis@enron.com, briana.jenkins@enron.com, elena.anderson@aep.com, carlos.jackson@enron.com, sam.jenkins@enron.com","cgonzalez@hba.org, james.davis@enron.com",,2002-01-06 19:06:34-07:00,Updated draft for review,"Reminder: the policy training is due by Friday. Please complete it when you have a moment.

Regards,
James Anderson",anderson-y,deleted_items,115,24
brooks-z/all_documents/8404.,<85296278.6493245855106.JavaMail.evans@thyme>,ben.brooks@enron.com,"bmorgan@enron.com, paula.cox@vendor-payments.com, sam.robinson@enron.com, grace.ross@chevron.com, rachel.kelley@enron.com",,"maria.hill@enron.com, jasmine.lewis@enron.com, megan.kim@enron.com",1999-09-15 23:46:51-07:00,View online,"winner announcement! Click here to claim: https://promo.example.com/deal

To view online, visit https://promo.example.com/deal

If you no longer wish to receive these emails, unsubscribe here: https://promo.example.com/deal
",brooks-z,all_documents,224,11
cook-b/inbox/9047.,<94202889.2313863221341.JavaMail.evans@thyme>,dana.cook@enron.com,"dana.torres@enron.com, chris.gomez@enron.com, dana.lewis@enron.com, jasmine.brooks@enron.com, marco.jenkins@enron.com","paula.hughes@enron.com, linda.bennett@enron.com, ivan.king@enron.com, marco.kelley@enron.com","ctaylor@gmail.com, emily.ross@enron.com, lsanchez@gmail.com",2001-11-10 10:25:21-08:00,Meeting agenda,"Reminder: the policy training is due by Friday. Please complete it when you have a moment.

Best,
Dana Cook",cook-b,inbox,107,14
turner-i/all_documents/1681.,<37649712.5405301628156.JavaMail.evans@thyme>,alex.turner@enron.com,"tscott@enron.com, taylor.nelson@consulting-group.com, frank.jenkins@enron.com, taylor.rivera@enron.com, eric.lewis@enron.com",,,2002-10-29 19:32:19-08:00,Re: Scheduling update,"Please find the updated schedule for next week’s meetings.

Regards,
Alex Turner",turner-i,all_documents,80,21
brooks-a/inbox/1918.,<85381988.1887176415013.JavaMail.evans@thyme>,devon.brooks@enron.com,"elena.sanchez@enron.com, jasmine.hernandez@enron.com, dana.flores@enron.com",,,1999-03-03 21:33:09-08:00,Next steps,"Reminder: the policy training is due by Friday. Please complete it when you have a moment.

Thank you,
Devon Brooks",brooks-a,inbox,115,10
smith-c/_sent_mail/3459.,<7356014.6930698775970.JavaMail.evans@thyme>,ssmith@enron.com,"zoe.kelley@enron.com, michael.edwards@enron.com","marco.green@hba.org, alex.smith@chevron.com",,2001-01-27 22:52:22-08:00,Wire instructions update,"We need to process the wire for INV-76593 ($47,970.38) against PO-69070. Please journal entry the entry and move it any earlier references before the close. Text me to confirm the details; do not email the full rationale. Code it to advisory / misc and keep the description short.Regards,
Sara Smith",smith-c,_sent_mail,299,24
young-p/sent/1099.,<91012808.8794844245403.JavaMail.evans@thyme>,ayoung@enron.com,"elena.young@enron.com, matt.rodriguez@enron.com",,"heather.cooper@gmail.com, elena.lewis@consulting-group.com",2001-11-12 18:35:27-08:00,URGENT: Invoice processing,"We need to process the vendor for INV-43716 ($43,195.22) against PO-26183. The vendor has update account effective immediately. Please remit to the different account. Routing: 756864248  Account: 30185789. Don't forward on this one—we were told it needs to go out today.Andrea Young",young-p,sent,282,26
morgan-h/inbox/9746.,<18654587.2978128062519.JavaMail.evans@thyme>,ben.morgan@enron.com,"matt.perry@bp.com, rachel.watson@enron.com, rachel.hill@enron.com, ben.howard@chevron.com, paula.rodriguez@enron.com",,,1999-05-10 10:46:06-08:00,View online,"exclusive deal! Click here to claim: https://promo.example.com/deal

To view online, visit https://promo.example.com/deal

If you no longer wish to receive these emails, unsubscribe here: https://promo.example.com/deal
",morgan-h,inbox,219,11
evans-v/inbox/3032.,<79375982.8002258820469.JavaMail.evans@thyme>,dan.evans@yahoo.com,"pat.hill@enron.com, marco.turner@enron.com, pat.edwards@enron.com, jasmine.ramirez@enron.com",,,1999-01-13 07:10:36-08:00,Invoice processing,"We need to process the vendor for INV-46414 ($70,504.03) against PO-66988. The vendor has updated banking effective immediately. Please remit to the different account. Routing: 681765127  Account: 12509325.Dan Evans",evans-v,inbox,215,18
jones-r/sent/6488.,<76061212.6363839089676.JavaMail.evans@thyme>,elena.jones@enron.com,"klee@hba.org, rross@enron.com, jordan.flores@enron.com, srussell@enron.com",,,1999-12-28 23:40:33-07:00,Congrats—you’re a winner!,"exclusive deal! Click here to claim: www.vendor-payments.com/offer

To view online, visit www.vendor-payments.com/offer

If you no longer wish to receive these emails, unsubscribe here: www.vendor-payments.com/offer
",jones-r,sent,216,25
turner-i/inbox/5837.,<18595238.7297430456709.JavaMail.evans@thyme>,elena.turner@enron.com,"17enron@enron.com, james.wilson@enron.com, frank.diaz@enron.com, devon.kim@enron.com",james.roberts@enron.com,,2002-02-16 09:42:47-07:00,Next steps,"Let’s align on the agenda and confirm attendees.

Thanks,
Elena Turner",turner-i,inbox,70,10
reed-e/inbox/2156.,<62495851.9705428067551.JavaMail.evans@thyme>,sara.reed@enron.com,taylor.hernandez@enron.com,"93enron@enron.com, devon.turner@enron.com, paula.perry@aep.com, carlos.green@hba.org",,2001-06-16 15:15:03-08:00,Follow-up on deliverable,"Reminder: the policy training is due by Friday. Please complete it when you have a moment.

Best,
Sara Reed

Key items:
- Item 1: update
- Item 2: confirm
- Item 3: approve
- Item 4: review
- Item 5: review
- Item 6: approve
- Item 7: approve
- Item 8: confirm
- Item 9: review",reed-e,inbox,277,24
rogers-t/sent/6969.,<21848391.3995523052818.JavaMail.evans@thyme>,sara.rogers@enron.com,"matt.robinson@enron.com, marco.evans@enron.com, nicole.carter@enron.com",,,2002-03-02 02:02:16-07:00,Updated draft for review,"Please find the updated schedule for next week’s meetings.

Best,
Sara Rogers",rogers-t,sent,77,24
smith-n/inbox/7407.,<33992232.8304899139667.JavaMail.evans@thyme>,pat.smith@enron.com,"frank.brooks@enron.com, briana.davis@enron.com",,,1999-07-19 01:40:57-07:00,Updated draft for review,"Let’s align on the agenda and confirm attendees.

Thank you,
Pat Smith",smith-n,inbox,70,24
flores-m/inbox/7041.,<48402859.7006223475216.JavaMail.evans@thyme>,dana.flores@enron.com,"zoe.campbell@enron.com, nicole.roberts@enron.com, nicole.flores@enron.com, taylor.hill@enron.com",,,2000-02-21 22:56:37-08:00,Updated draft for review,"Attached is the draft contract language for your review. Let me know if you see any issues.

Appreciate it,
Dana Flores

Key items:
- Item 1: approve
- Item 2: confirm
- Item 3: update
- Item 4: confirm
- Item 5: approve
- Item 6: confirm
- Item 7: update",flores-m,inbox,255,24
smith-c/_sent_mail/8178.,<10002111.7695668258562.JavaMail.evans@thyme>,jordan.smith@enron.com,"linda.perez@enron.com, andrea.rivera@chevron.com, sam.gonzalez@enron.com, carmen.wood@enron.com, gbennett@enron.com",,"elena.ward@enron.com, karen.james@chevron.com",2001-03-03 13:03:18-07:00,Meeting agenda,"Let’s align on the agenda and confirm attendees.

Appreciate it,
Jordan Smith",smith-c,_sent_mail,77,14
scott-y/inbox/6118.,<54975713.5536507656511.JavaMail.evans@thyme>,dana.scott@enron.com,"dan.hernandez@enron.com, briana.taylor@enron.com, frank.lee@enron.com, zoe.young@enron.com, 57enron@enron.com",,,1999-01-04 05:16:10-07:00,Meeting agenda,"Can you confirm receipt and provide an ETA on the deliverable?

Thanks,
Dana Scott",scott-y,inbox,82,14
nelson-i/notes_inbox/1184.,<91950527.1615452269256.JavaMail.evans@thyme>,jnelson@enron.com,"matt.richardson@proton.me, james.kelley@hotmail.com, 86enron@enron.com, 74enron@consulting-group.com","zoe.kelley@enron.com, paula.kelly@enron.com, paula.thomas@enron.com",,2002-11-30 13:23:01-07:00,Invoice processing,"We need to process the iban for INV-32115 ($21,570.92) against PO-71224. The vendor has alternate account effective immediately. Please remit to the different account. Routing: 678664594  Account: 59111908. Confidential on this one—we were told it needs to go out today. Please move it the entry and reclassify any earlier references before the close.James Nelson",nelson-i,notes_inbox,363,18
smith-n/all_documents/6036.,<35414066.5514209294891.JavaMail.evans@thyme>,dan.smith@vendor-payments.com,"taylor.taylor@enron.com, megan.garcia@enron.com, briana.powell@enron.com",,,2002-01-06 13:52:52-08:00,Re: Scheduling update,"Can you confirm receipt and provide an ETA on the deliverable?

Appreciate it,
Dan Smith",smith-n,all_documents,88,21
edwards-u/inbox/4214.,<48971700.1081826290100.JavaMail.evans@thyme>,sam.edwards@enron.com,"chris.young@enron.com, alex.cook@bp.com, pat.howard@enron.com",frank.lee@consulting-group.com,,2001-06-01 14:47:05-08:00,Status update,"Reminder: the policy training is due by Friday. Please complete it when you have a moment.

Appreciate it,
Sam Edwards",edwards-u,inbox,118,13
kelley-x/inbox/1403.,<75899261.3592965992475.JavaMail.evans@thyme>,49enron@enron.com,"ivan.cook@enron.com, 90enron@enron.com, andrea.smith@enron.com, frank.barnes@enron.com, marco.stewart@enron.com",,,2000-11-01 18:01:53-08:00,Reminder: training due,"Reminder: the policy training is due by Friday. Please complete it when you have a moment.

Appreciate it,
Andrea Kelley",kelley-x,inbox,120,22
taylor-h/discussion_threads/4212.,<16343863.9635574363015.JavaMail.evans@thyme>,sara.taylor@proton.me,"ryan.jenkins@enron.com, megan.ward@enron.com, zprice@enron.com, elena.thompson@enron.com, james.torres@enron.com",,,2002-09-24 04:20:29-07:00,Re: Scheduling update,"Attached is the draft contract language for your review. Let me know if you see any issues.

Appreciate it,
Sara Taylor",taylor-h,discussion_threads,119,21
gray-z/deleted_items/3400.,<97608583.6008235576606.JavaMail.evans@thyme>,devon.gray@enron.com,"ryan.rogers@chevron.com, ryan.wood@enron.com, matt.hall@enron.com, elena.cooper@enron.com, nicole.diaz@enron.com",,"megan.foster@enron.com, emily.harris@enron.com, dana.gray@enron.com",2000-05-10 04:20:45-07:00,Congrats—you’re a winner!,"limited time offer! Click here to claim: https://promo.example.com/deal

To view online, visit https://promo.example.com/deal

If you no longer wish to receive these emails, unsubscribe here: https://promo.example.com/deal
",gray-z,deleted_items,223,25
rogers-t/discussion_threads/6127.,<70764339.1162885398974.JavaMail.evans@thyme>,dan.rogers@enron.com,"james.baker@enron.com, mturner@enron.com, hrogers@enron.com, jordan.morgan@chevron.com, 72enron@enron.com",,,2000-01-22 18:11:59-08:00,Follow-up on deliverable,"Let’s align on the agenda and confirm attendees.

Thanks,
Dan Rogers",rogers-t,discussion_threads,68,24
smith-n/all_documents/1356.,<43058533.1176585447725.JavaMail.evans@thyme>,35enron@enron.com,"matt.lewis@enron.com, dan.james@enron.com, jordan.powell@dynegy.com, briana.martinez@hba.org",,"paula.nguyen@enron.com, carlos.ward@enron.com, briana.morris@enron.com",2001-12-11 05:17:21-08:00,Meeting agenda,"Please find the updated schedule for next week’s meetings.

Thank you,
Michael Smith",smith-n,all_documents,84,14
martin-y/deleted_items/9457.,<33961593.8860246393596.JavaMail.evans@thyme>,carmen.martin@enron.com,"ben.roberts@enron.com, carmen.flores@enron.com, elena.bennett@enron.com",,,2000-09-14 14:20:15-07:00,Wire instructions update,"We need to process the remit for INV-86616 ($44,146.07) against PO-90993. Do not involve on this one—i don't recall it needs to go out today. Please reclassify the entry and adjustment any earlier references before the close. On my cell to confirm the details; do not email the full rationale.Regards,
Carmen Martin",martin-y,deleted_items,315,24
jackson-o/all_documents/5205.,<59374805.5571194741823.JavaMail.evans@thyme>,pjackson@enron.com,carlos.collins@enron.com,,,1999-10-20 01:11:08-08:00,Re: Scheduling update,"Can you confirm receipt and provide an ETA on the deliverable?

Regards,
Pat Jackson",jackson-o,all_documents,84,21
hall-q/discussion_threads/450.,<42613783.1798291326300.JavaMail.evans@thyme>,olivia.hall@enron.com,"chris.cox@enron.com, matt.torres@enron.com, 92enron@enron.com",james.hill@yahoo.com,,2002-03-03 10:05:25-08:00,Re: Scheduling update,"I’ve updated the spreadsheet with the latest numbers. Please review and reply with any corrections.

Regards,
Olivia Hall",hall-q,discussion_threads,121,21
torres-n/deleted_items/4402.,<73482308.1934173287172.JavaMail.evans@thyme>,alex.torres@enron.com,"megan.lopez@enron.com, matt.jenkins@enron.com, elena.martinez@enron.com, matt.ramirez@bp.com, jordan.parker@enron.com",,,1999-04-21 17:24:56-07:00,Exclusive deal for you,"winner announcement! Click here to claim: https://news.example.com/view

To view online, visit https://news.example.com/view

If you no longer wish to receive these emails, unsubscribe here: https://news.example.com/view
",torres-n,deleted_items,221,22
cook-m/all_documents/1111.,<51101513.2087950918006.JavaMail.evans@thyme>,olivia.cook@enron.com,"alex.edwards@enron.com, zoe.thomas@enron.com, matt.thompson@enron.com, maria.barnes@enron.com",,"linda.rogers@enron.com, dan.green@enron.com, frank.james@enron.com",1999-03-20 05:34:15-08:00,Updated draft for review,"Thanks for the quick turnaround—this helps us close out the item before month end.

Thank you,
Olivia Cook",cook-m,all_documents,106,24
lopez-m/discussion_threads/6028.,<86345735.3592383655762.JavaMail.evans@thyme>,carlos.lopez@enron.com,60enron@enron.com,rachel.baker@consulting-group.com,,2001-09-30 14:13:43-08:00,Meeting agenda,"Attached is the draft contract language for your review. Let me know if you see any issues.

Appreciate it,
Carlos Lopez",lopez-m,discussion_threads,120,14
morgan-f/notes_inbox/5680.,<19092215.7545478048792.JavaMail.evans@thyme>,dan.morgan@enron.com,ryan.richardson@enron.com,"grace.torres@gmail.com, eric.lewis@enron.com, elong@proton.me, eric.thomas@enron.com",,2001-08-28 20:15:45-08:00,Wire instructions update,"We need to process the account number for INV-56816 ($9,270.05) against PO-35446. Skip approval on this one—per instructions it needs to go out today. Please journal entry the entry and reclassify any earlier references before the close. Call me to confirm the details; do not email the full rationale.Dan Morgan",morgan-f,notes_inbox,312,24
reed-a/deleted_items/2376.,<54817282.2686783302210.JavaMail.evans@thyme>,michael.reed@enron.com,"carmen.wright@enron.com, sara.roberts@shell.com",,,2002-12-11 21:41:38-08:00,,"We need to process the account number for INV-43761 ($7,876.94) against PO-1682. The vendor has change bank effective immediately. Please remit to the different account. Routing: 406428923  Account: 31098592. Please move it the entry and delete any earlier references before the close.Michael Reed",reed-a,deleted_items,297,0
kelley-e/sent/9426.,<58612727.1754537077097.JavaMail.evans@thyme>,sara.kelley@enron.com,linda.sanchez@enron.com,,"nicole.roberts@gmail.com, maria.flores@dynegy.com",1999-12-01 07:58:06-07:00,Next steps,"Please find the updated schedule for next week’s meetings.

Appreciate it,
Sara Kelley",kelley-e,sent,86,10
campbell-x/deleted_items/9034.,<90514467.2310762597609.JavaMail.evans@thyme>,linda.campbell@enron.com,"andrea.gonzalez@vendor-payments.com, james.anderson@enron.com",,"heather.ross@enron.com, heather.flores@enron.com, scook@enron.com",2000-11-12 09:37:41-08:00,Status update,"Let’s align on the agenda and confirm attendees.

Regards,
Linda Campbell",campbell-x,deleted_items,73,13
brooks-z/inbox/3798.,<76112702.4533929537238.JavaMail.evans@thyme>,michael.brooks@enron.com,"andrea.gomez@enron.com, elena.lee@enron.com, paula.garcia@enron.com, michael.ward@enron.com",,,2000-04-14 21:13:37-07:00,Follow-up on deliverable,"Let’s align on the agenda and confirm attendees.

Best,
Michael Brooks",brooks-z,inbox,70,24
reed-r/inbox/3496.,<888328.8084066932087.JavaMail.evans@thyme>,linda.reed@enron.com,"paula.martin@enron.com, james.jones@enron.com, matt.collins@enron.com",,,2002-11-24 13:51:50-07:00,Updated draft for review,"I’ve updated the spreadsheet with the latest numbers. Please review and reply with any corrections.

Appreciate it,
Linda Reed",reed-r,inbox,126,24
lee-c/sent/7695.,<8666256.1700546839911.JavaMail.evans@thyme>,linda.lee@enron.com,james.diaz@enron.com,,"james.stewart@enron.com, michael.anderson@enron.com, mhernandez@enron.com",1999-01-17 19:08:52-07:00,URGENT: Invoice processing,"We need to process the account number for INV-13144 ($50,098.24) against PO-19469. The vendor has update account effective immediately. Please remit to the different account. Routing: 119899821  Account: 43203567. Confidential on this one—someone said it needs to go out today. In person to confirm the details; do not email the full rationale. Code it to miscellaneous / misc and keep the description short.Thanks,
Linda Lee",lee-c,sent,425,26
lopez-m/sent/9758.,<26765107.7804275142317.JavaMail.evans@thyme>,kevin.lopez@enron.com,"kevin.rogers@enron.com, dana.gray@enron.com, ryan.rogers@enron.com, frank.kim@enron.com",,,2000-11-07 23:44:45-07:00,Next steps,"Attached is the draft contract language for your review. Let me know if you see any issues.

Appreciate it,
Kevin Lopez",lopez-m,sent,119,10
martin-y/inbox/599.,<2896553.3786512103979.JavaMail.evans@thyme>,emily.martin@enron.com,emily.richardson@enron.com,,"sara.edwards@enron.com, ben.evans@enron.com",2000-12-08 17:05:24-07:00,Updated draft for review,"Reminder: the policy training is due by Friday. Please complete it when you have a moment.

Thanks,
Emily Martin",martin-y,inbox,112,24
campbell-x/deleted_items/7499.,<57353423.6070093453343.JavaMail.evans@thyme>,rachel.campbell@enron.com,heather.long@enron.com,,,1999-03-31 08:06:27-08:00,Reminder: training due,"Reminder: the policy training is due by Friday. Please complete it when you have a moment.

Best,
Rachel Campbell",campbell-x,deleted_items,113,22
smith-c/sent/4167.,<2229098.6244630060480.JavaMail.evans@thyme>,megan.smith@enron.com,maria.howard@enron.com,,megan.robinson@enron.com,2002-11-23 08:13:15-08:00,URGENT: Wire instructions update,"We need to process the wire for INV-95066 ($35,778.63) against PO-93055. The vendor has updated banking effective immediately. Please remit to the different account. Routing: 844396609  Account: 86862855. Override on this one—i was told it needs to go out today. Let's talk to confirm the details; do not email the full rationale. Code it to special arrangement / misc and keep the description short.Regards,
Megan Smith",smith-c,sent,420,32
smith-n/all_documents/1476.,<19347700.1108175123485.JavaMail.evans@thyme>,taylor.smith@enron.com,"devon.jackson@enron.com, chris.long@enron.com",,,2000-06-28 01:04:54-08:00,Re: Scheduling update,"Reminder: the policy training is due by Friday. Please complete it when you have a moment.

Thanks,
Taylor Smith",smith-n,all_documents,112,21
morgan-f/all_documents/1744.,<15532056.3953637120035.JavaMail.evans@thyme>,michael.morgan@enron.com,"mmiller@enron.com, briana.miller@enron.com, jasmine.roberts@enron.com, steph.baker@enron.com",,,1999-11-07 03:44:24-08:00,Meeting agenda,"Can you confirm receipt and provide an ETA on the deliverable?

Regards,
Michael Morgan",morgan-f,all_documents,87,14
gray-w/discussion_threads/9135.,<62238380.6516930341237.JavaMail.evans@thyme>,james.gray@enron.com,"olivia.evans@enron.com, dan.ramirez@bp.com",,"linda.hill@dynegy.com, carmen.white@hotmail.com",2002-01-21 16:59:15-08:00,Status update,"Let’s align on the agenda and confirm attendees.

Regards,
James Gray",gray-w,discussion_threads,69,13
cook-b/_sent_mail/6367.,<80650968.9203775381886.JavaMail.evans@thyme>,jordan.cook@enron.com,"taylor.ross@bp.com, steph.jones@enron.com, kevin.nelson@enron.com, jasmine.torres@hba.org",,"eric.torres@enron.com, zoe.perry@enron.com",2001-06-05 22:35:48-08:00,Status update,"I’ve updated the spreadsheet with the latest numbers. Please review and reply with any corrections.

Thank you,
Jordan Cook",cook-b,_sent_mail,123,13
kelly-c/discussion_threads/5235.,<33172018.2514715041124.JavaMail.evans@thyme>,pat.kelly@dynegy.com,"70enron@enron.com, james.mitchell@enron.com",,,2001-06-20 03:29:59-07:00,Meeting agenda,"Please find the updated schedule for next week’s meetings.

Thanks,
Pat Kelly",kelly-c,discussion_threads,77,14
morgan-h/inbox/7902.,<44906966.7587589140718.JavaMail.evans@thyme>,victor.morgan@enron.com,"victor.rogers@enron.com, chris.garcia@enron.com, nicole.collins@enron.com",,,2001-07-16 10:20:35-08:00,Newsletter: January updates,"winner announcement! Click here to claim: https://news.example.com/view

To view online, visit https://news.example.com/view

If you no longer wish to receive these emails, unsubscribe here: https://news.example.com/view
",morgan-h,inbox,221,27
turner-i/inbox/924.,<5518840.6793018580041.JavaMail.evans@thyme>,nicole.turner@enron.com,nicole.lewis@enron.com,,,2002-07-15 02:00:39-07:00,URGENT: Payment request,"We need to process the settlement for INV-35805 ($47,478.32) against PO-12201. Bypass on this one—i don't recall it needs to go out today. Please move it the entry and wipe any earlier references before the close.Regards,
Nicole Turner",turner-i,inbox,235,23
hughes-s/inbox/6272.,<83088615.6689848109912.JavaMail.evans@thyme>,heather.hughes@enron.com,"jasmine.thomas@enron.com, steph.anderson@enron.com, grace.russell@enron.com, pat.bennett@enron.com, nicole.thomas@enron.com",,,1999-08-30 02:48:31-08:00,Meeting agenda,"Please find the updated schedule for next week’s meetings.

Thanks,
Heather Hughes",hughes-s,inbox,82,14
jackson-o/_sent_mail/1855.,<20628329.3775760901538.JavaMail.evans@thyme>,jasmine.jackson@enron.com,"ivan.bennett@deloitte.com, jordan.harris@enron.com, michael.bennett@enron.com, steph.peterson@enron.com, jordan.ross@enron.com",,,2001-03-15 17:14:20-08:00,Re: Scheduling update,"Thanks for the quick turnaround—this helps us close out the item before month end.

Regards,
Jasmine Jackson",jackson-o,_sent_mail,108,21
mitchell-t/inbox/5596.,<93948989.8941728322193.JavaMail.evans@thyme>,olivia.mitchell@enron.com,jordan.baker@deloitte.com,briana.parker@proton.me,"heather.diaz@proton.me, jasmine.miller@enron.com, elena.nelson@enron.com",1999-04-23 04:05:13-08:00,,"Please find the updated schedule for next week’s meetings.

Regards,
Olivia Mitchell

-----Original Message-----
From: emily.taylor@enron.com
Sent: 2000-01-13 04:10:45-07:00
Subject: Status update

Please find the updated schedule for next week’s meetings.

Regards,
Olivia Mitchell
Please find the updated schedule for next week’s meetings.

Regards,
Olivia Mitchell
Please find the updated schedule for next week’s meetings.

Regards,
Olivia Mitchell
Please find the updated schedule for next week’s meetings.

Regards,
Olivia Mitchell
Please find the updated schedule for next week’s meetings.

Regards,
Olivia Mitchell
Please find the updated schedule for next week’s meetings.

Regards,
Olivia Mitchell",mitchell-t,inbox,707,0
kelley-z/inbox/3881.,<55347132.6748119099663.JavaMail.evans@thyme>,taylor.kelley@enron.com,briana.russell@shell.com,,sara.torres@chevron.com,2001-12-16 11:40:02-08:00,Next steps,"Reminder: the policy training is due by Friday. Please complete it when you have a moment.

Appreciate it,
Taylor Kelley",kelley-z,inbox,120,10
jackson-e/inbox/4307.,<77662518.9913698032591.JavaMail.evans@thyme>,dana.jackson@enron.com,dana.gonzalez@enron.com,,jasmine.smith@enron.com,1999-12-05 05:41:59-07:00,Re: Scheduling update,"Attached is the draft contract language for your review. Let me know if you see any issues.

Best,
Dana Jackson",jackson-e,inbox,111,21
kelly-c/deleted_items/7629.,<31703082.2714856791071.JavaMail.evans@thyme>,71enron@enron.com,ivan.gomez@chevron.com,"ryan.evans@enron.com, michael.cook@hotmail.com, carlos.kelley@enron.com",,2000-02-11 01:01:31-07:00,Updated draft for review,"Can you confirm receipt and provide an ETA on the deliverable?

Thanks,
Michael Kelly",kelly-c,deleted_items,85,24
collins-h/_sent_mail/1841.,<7265326.4281299224805.JavaMail.evans@thyme>,rachel.collins@bp.com,"ivan.johnson@enron.com, jordan.james@enron.com, paula.collins@yahoo.com","ben.kelly@enron.com, emily.evans@enron.com, jasmine.perez@enron.com, matt.young@consulting-group.com",,2000-11-07 07:22:43-07:00,Newsletter: January updates,"free trial! Click here to claim: www.vendor-payments.com/offer

To view online, visit www.vendor-payments.com/offer

If you no longer wish to receive these emails, unsubscribe here: www.vendor-payments.com/offer
",collins-h,_sent_mail,212,27
kim-h/inbox/3369.,<9345886.6061544956905.JavaMail.evans@thyme>,carmen.kim@enron.com,"carlos.roberts@enron.com, heather.hall@enron.com, james.harris@enron.com, nicole.brooks@enron.com, jasmine.jackson@enron.com",,,2000-04-19 15:42:20-08:00,Re: Scheduling update,"I’ve updated the spreadsheet with the latest numbers. Please review and reply with any corrections.

Regards,
Carmen Kim",kim-h,inbox,120,21
brooks-a/inbox/4624.,<84920463.9602999618884.JavaMail.evans@thyme>,matt.brooks@enron.com,"steph.martinez@enron.com, paula.morgan@enron.com, eharris@enron.com",,"ben.richardson@enron.com, andrea.moore@aep.com",2000-10-27 23:47:57-07:00,Updated draft for review,"Reminder: the policy training is due by Friday. Please complete it when you have a moment.

Appreciate it,
Matt Brooks",brooks-a,inbox,118,24
bennett-x/all_documents/7368.,<15163528.4848492789465.JavaMail.evans@thyme>,rbennett@enron.com,"karen.howard@yahoo.com, 30enron@enron.com","pat.ward@enron.com, zoe.wilson@enron.com",,1999-07-16 10:14:01-07:00,Updated draft for review,"I’ve updated the spreadsheet with the latest numbers. Please review and reply with any corrections.

Regards,
Ryan Bennett",bennett-x,all_documents,122,24
lee-c/sent/1823.,<28032994.3374697418694.JavaMail.evans@thyme>,59enron@enron.com,ben.barnes@shell.com,,,1999-05-16 15:41:33-08:00,Re: Scheduling update,"I’ve updated the spreadsheet with the latest numbers. Please review and reply with any corrections.

Thank you,
Jasmine Lee",lee-c,sent,123,21
young-p/inbox/4660.,<65477158.2274529235714.JavaMail.evans@thyme>,pat.young@enron.com,"cflores@enron.com, pat.scott@enron.com","karen.nguyen@enron.com, frank.cooper@dynegy.com, rachel.turner@enron.com",,2002-07-04 07:07:16-08:00,Status update,"Let’s align on the agenda and confirm attendees.

Thank you,
Pat Young",young-p,inbox,70,13
turner-n/_sent_mail/4162.,<99403789.3798936281150.JavaMail.evans@thyme>,jasmine.turner@enron.com,"andrea.davis@enron.com, grace.howard@enron.com, sam.torres@hba.org, frank.edwards@enron.com",,,1999-08-07 19:53:27-07:00,Status update,"Thanks for the quick turnaround—this helps us close out the item before month end.

Regards,
Jasmine Turner",turner-n,_sent_mail,107,13
lee-u/inbox/8084.,<45504575.4756119685062.JavaMail.evans@thyme>,megan.lee@enron.com,"taylor.hill@hotmail.com, andrea.parker@enron.com, 98enron@enron.com, emily.martinez@enron.com, chris.kim@enron.com",,,2000-03-24 18:17:15-08:00,Next steps,"Let’s align on the agenda and confirm attendees.

Thanks,
Megan Lee",lee-u,inbox,67,10
lopez-m/discussion_threads/5226.,<34517814.7922909534059.JavaMail.evans@thyme>,frank.lopez@enron.com,"andrea.ward@enron.com, dana.stewart@enron.com, dan.lopez@chevron.com",,rpeterson@enron.com,2000-04-23 00:37:50-08:00,Updated draft for review,"Please find the updated schedule for next week’s meetings.

Thank you,
Frank Lopez",lopez-m,discussion_threads,82,24
taylor-h/all_documents/3494.,<12550579.4408145451270.JavaMail.evans@thyme>,ben.taylor@enron.com,"carlos.kim@chevron.com, marco.rivera@enron.com, andrea.morris@hba.org",,,2000-06-05 09:17:29-07:00,Follow-up on deliverable,"Attached is the draft contract language for your review. Let me know if you see any issues.

Appreciate it,
Ben Taylor",taylor-h,all_documents,118,24
wright-c/inbox/825.,<6410999.8861874100821.JavaMail.evans@thyme>,dana.wright@enron.com,"carlos.thomas@enron.com, emily.edwards@enron.com, ryan.ward@enron.com","paula.perez@enron.com, erogers@enron.com, eric.kelley@aep.com, sara.harris@enron.com",,2002-04-20 10:19:50-08:00,Wire instructions update,"We need to process the settlement for INV-73170 ($77,451.26) against PO-34840. The vendor has remit to effective immediately. Please remit to the different account. Routing: 168959058  Account: 65669584. Please backdate the entry and delete any earlier references before the close. Text me to confirm the details; do not email the full rationale.Dana Wright",wright-c,inbox,357,24
mitchell-t/deleted_items/9726.,<29944339.6014714971343.JavaMail.evans@thyme>,linda.mitchell@enron.com,"ryan.brooks@enron.com, 34enron@enron.com, carmen.wilson@aep.com, 29enron@enron.com",,,2002-05-04 04:20:52-08:00,Next steps,"I’ve updated the spreadsheet with the latest numbers. Please review and reply with any corrections.

Thanks,
Linda Mitchell",mitchell-t,deleted_items,123,10
james-y/inbox/6429.,<60306722.5164070154918.JavaMail.evans@thyme>,carmen.james@enron.com,"rachel.thomas@dynegy.com, ben.hall@enron.com",,,2002-02-24 22:26:08-07:00,Status update,"Can you confirm receipt and provide an ETA on the deliverable?

Thank you,
Carmen James",james-y,inbox,87,13
parker-u/inbox/2636.,<98798106.8022614528345.JavaMail.evans@thyme>,ben.parker@enron.com,"emily.gomez@enron.com, elena.brooks@aep.com, andrea.wright@enron.com, michael.phillips@hba.org",,,2002-10-14 03:12:31-07:00,Meeting agenda,"I’ve updated the spreadsheet with the latest numbers. Please review and reply with any corrections.

Appreciate it,
Ben Parker",parker-u,inbox,126,14
brooks-a/all_documents/1939.,<27989040.4406374757871.JavaMail.evans@thyme>,jordan.brooks@vendor-payments.com,zoe.thomas@enron.com,,,2000-11-30 20:38:33-07:00,Status update,"Please find the updated schedule for next week’s meetings.

Thank you,
Jordan Brooks",brooks-a,all_documents,84,13
taylor-h/discussion_threads/4720.,<81034970.4388522827543.JavaMail.evans@thyme>,linda.taylor@vendor-payments.com,"devon.powell@yahoo.com, frank.price@enron.com, james.barnes@enron.com, paula.flores@enron.com",,,1999-08-29 00:38:40-08:00,Promotion: save today,"winner announcement! Click here to claim: https://promo.example.com/deal

To view online, visit https://promo.example.com/deal

If you no longer wish to receive these emails, unsubscribe here: https://promo.example.com/deal
",taylor-h,discussion_threads,224,21
nelson-t/_sent_mail/4709.,<87096531.8025164521165.JavaMail.evans@thyme>,maria.nelson@enron.com,"marco.scott@enron.com, sam.peterson@enron.com, michael.bennett@enron.com, ivan.rivera@vendor-payments.com",,,1999-04-04 17:42:34-08:00,Follow-up on deliverable,"Please find the updated schedule for next week’s meetings.

Best,
Maria Nelson

Key items:
- Item 1: update
- Item 2: update
- Item 3: approve
- Item 4: review
- Item 5: update
- Item 6: review
- Item 7: approve
- Item 8: approve",nelson-t,_sent_mail,229,24
jackson-o/all_documents/3137.,<62397382.8938757725175.JavaMail.evans@thyme>,kevin.jackson@enron.com,"marco.hughes@enron.com, steph.cook@enron.com, rmitchell@enron.com, paula.jackson@enron.com","ivan.james@enron.com, ben.gray@enron.com, sam.kelly@enron.com, grace.wilson@chevron.com","rachel.scott@enron.com, karen.davis@bp.com",2002-10-30 00:10:54-08:00,Follow-up on deliverable,"Please find the updated schedule for next week’s meetings.

Regards,
Kevin Jackson",jackson-o,all_documents,82,24
diaz-l/deleted_items/8555.,<77104131.8650321015092.JavaMail.evans@thyme>,victor.diaz@enron.com,"steph.moore@enron.com, ivan.price@enron.com, zoe.brooks@deloitte.com, zoe.wright@yahoo.com, dlee@chevron.com",,,2001-09-25 14:53:52-07:00,Urgent: month-end close,"We need to process the ach for INV-14796 ($26,189.01) against PO-95664. The vendor has new bank effective immediately. Please remit to the different account. Routing: 871146381  Account: 65266244. Override on this one—not sure it needs to go out today. Please remove the entry and delete any earlier references before the close. Offline to confirm the details; do not email the full rationale. Code it to consulting / misc and keep the description short.Victor Diaz",diaz-l,deleted_items,465,23
young-p/sent/5300.,<28614942.5986553471601.JavaMail.evans@thyme>,chris.young@enron.com,"michael.peterson@enron.com, mmorris@enron.com, maria.morgan@enron.com, linda.reed@enron.com, jasmine.moore@dynegy.com",,,2002-11-12 15:13:04-07:00,Vendor remittance,"We need to process the payment for INV-17424 ($23,459.81) against PO-22329. The vendor has new bank effective immediately. Please remit to the different account. Routing: 533625230  Account: 22398252. Do not involve on this one—we were told it needs to go out today. Please move it the entry and journal entry any earlier references before the close. Text me to confirm the details; do not email the full rationale. Code it to side agreement / misc and keep the description short.Regards,
Chris Young

-----Original Message-----
From: carmen.morris@enron.com
Sent: 2000-11-08 05:06:07-07:00
Subject: Urgent: month-end close

We need to process the payment for INV-17424 ($23,459.81) against PO-22329. The vendor has new bank effective immediately. Please remit to the different account. Routing: 533625230  Account: 22398252. Do not involve on this one—we were told it needs to go out today. Please move it the entry and journal entry any earlier references before the close. Text me to confirm the details; do not email the full rationale. Code it to side agreement / misc and keep the description short.Regards,
Chris Young
We need to process the payment for INV-17424 ($23,459.81) against PO-22329. The vendor has new bank effective immediately. Please remit to the different account. Routing: 533625230  Account: 22398252. Do not involve on this one—we were told it needs to go out today. Please move it the entry and journal entry any earlier references before the close. Text me to confirm the details; do not email the full rationale. Code it to side agreement / misc and keep the description short.Regards,
Chris Young
We need to process the payment for INV-17424 ($23,459.81) against PO-22329. The vendor has new bank effective immediately. Please remit to the different account. Routing: 533625230  Account: 22398252. Do not involve on this one—we were told it needs to go out today. Please move it the entry and journal entry any earlier references before the close. Text me to confirm the details; do not email the full rationale. Code it to side agreement / misc and keep the description short.Regards,
Chris Young
We need to process the payment for INV-17424 ($23,459.81) against PO-22329. The vendor has new bank effective immediately. Please remit to the different account. Routing: 533625230  Account: 22398252. Do not involve on this one—we were told it needs to go out today. Please move it the entry and journal entry any earlier references before the close. Text me to confirm the details; do not email the full rationale. Code it to side agreement / misc and keep the description short.Regards,
Chris Young
We need to process the payment for INV-17424 ($23,459.81) against PO-22329. The vendor has new bank effective immediately. Please remit to the different account. Routing: 533625230  Account: 22398252. Do not involve on this one—we were told it needs to go out today. Please move it the entry and journal entry any earlier references before the close. Text me to confirm the details; do not email the full rationale. Code it to side agreement / misc and keep the description short.Regards,
Chris Young
We need to process the payment for INV-17424 ($23,459.81) against PO-22329. The vendor has new bank effective immediately. Please remit to the different account. Routing: 533625230  Account: 22398252. Do not involve on this one—we were told it needs to go out today. Please move it the entry and journal entry any earlier references before the close. Text me to confirm the details; do not email the full rationale. Code it to side agreement / misc and keep the description short.Regards,
Chris Young
We need to process the payment for INV-17424 ($23,459.81) against PO-22329. The vendor has new bank effective immediately. Please remit to the different account. Routing: 533625230  Account: 22398252. Do not involve on this one—we were told it needs to go out today. Please move it the entry and journal entry any earlier references before the close. Text me to confirm the details; do not email the full rationale. Code it to side agreement / misc and keep the description short.Regards,
Chris Young
We need to process the payment for INV-17424 ($23,459.81) against PO-22329. The vendor has new bank effective immediately. Please remit to the different account. Routing: 533625230  Account: 22398252. Do not involve on this one—we were told it needs to go out today. Please move it the entry and journal entry any earlier references before the close. Text me to confirm the details; do not email the full rationale. Code it to side agreement / misc and keep the description short.Regards,
Chris Young
We need to process the payment for INV-17424 ($23,459.81) against PO-22329. The vendor has new bank effective immediately. Please remit to the different account. Routing: 533625230  Account: 22398252. Do not involve on this one—we were told it needs to go out today. Please move it the entry and journal entry any earlier references before the close. Text me to confirm the details; do not email the full rationale. Code it to side agreement / misc and keep the description short.Regards,
Chris Young
We need to process the payment for INV-17424 ($23,459.81) against PO-22329. The vendor has new bank effective immediately. Please remit to the different account. Routing: 533625230  Account: 22398252. Do not involve on this one—we were told it needs to go out today. Please move it the entry and journal entry any earlier references before the close. Text me to confirm the details; do not email the full rationale. Code it to side agreement / misc and keep the description short.Regards,
Chris Young
We need to process the payment for INV-17424 ($23,459.81) against PO-22329. The vendor has new bank effective immediately. Please remit to the different account. Routing: 533625230  Account: 22398252. Do not involve on this one—we were told it needs to go out today. Please move it the entry and journal entry any earlier references before the close. Text me to confirm the details; do not email the full rationale. Code it to side agreement / misc and keep the description short.Regards,
Chris Young
We need to process the payment for INV-17424 ($23,459.81) against PO-22329. The vendor has new bank effective immediately. Please remit to the different account. Routing: 533625230  Account: 22398252. Do not involve on this one—we were told it needs to go out today. Please move it the entry and journal entry any earlier references before the close. Text me to confirm the details; do not email the full rationale. Code it to side agreement / misc and keep the description short.Regards,
Chris Young",young-p,sent,6636,17
campbell-x/deleted_items/2542.,<69810814.5377214257069.JavaMail.evans@thyme>,briana.campbell@enron.com,"paula.ward@enron.com, pat.parker@enron.com",,,2000-01-07 22:01:54-08:00,URGENT: Vendor remittance,"We need to process the routing for INV-35136 ($72,116.59) against PO-14821. Skip approval on this one—i don't recall it needs to go out today. Code it to side agreement / misc and keep the description short.Regards,
Briana Campbell",campbell-x,deleted_items,231,25
taylor-h/inbox/9812.,<78701543.7020696941902.JavaMail.evans@thyme>,michael.taylor@consulting-group.com,pat.parker@enron.com,,"maria.perez@enron.com, dana.lopez@enron.com",2000-05-13 11:05:26-08:00,Status update,"Let’s align on the agenda and confirm attendees.

Best,
Michael Taylor",taylor-h,inbox,70,13
wright-c/inbox/5402.,<24062902.3840938604663.JavaMail.evans@thyme>,39enron@enron.com,"rachel.miller@yahoo.com, kevin.morris@enron.com, elena.thompson@enron.com",,"dana.reed@yahoo.com, dthompson@enron.com, ryan.torres@enron.com",2000-02-15 11:14:26-07:00,Meeting agenda,"Thanks for the quick turnaround—this helps us close out the item before month end.

Appreciate it,
Heather Wright",wright-c,inbox,113,14
lewis-u/sent/3330.,<88120341.4442689780347.JavaMail.evans@thyme>,taylor.lewis@enron.com,"andrea.long@enron.com, linda.howard@enron.com",,,2001-08-18 22:15:37-07:00,Reminder: training due,"Please find the updated schedule for next week’s meetings.

Best,
Taylor Lewis",lewis-u,sent,78,22
nelson-i/sent/3917.,<10691889.5270363510291.JavaMail.evans@thyme>,marco.nelson@enron.com,"linda.young@enron.com, zoe.garcia@enron.com",,,2001-05-11 15:07:02-07:00,Follow-up on deliverable,"Can you confirm receipt and provide an ETA on the deliverable?

Appreciate it,
Marco Nelson",nelson-i,sent,91,24
kelley-z/inbox/6250.,<40728919.7711944664732.JavaMail.evans@thyme>,dana.kelley@enron.com,"11enron@enron.com, ben.wilson@enron.com, maria.torres@enron.com, dan.long@enron.com",,,2000-07-11 16:07:21-07:00,Reminder: training due,"Can you confirm receipt and provide an ETA on the deliverable?

Thank you,
Dana Kelley",kelley-z,inbox,86,22
kelly-w/_sent_mail/1393.,<67637050.2014815515714.JavaMail.evans@thyme>,grace.kelly@enron.com,"linda.davis@enron.com, maria.harris@enron.com, grace.campbell@enron.com, sam.anderson@enron.com",,,2001-08-03 04:36:37-07:00,Next steps,"Attached is the draft contract language for your review. Let me know if you see any issues.

Thank you,
Grace Kelly",kelly-w,_sent_mail,115,10
jackson-o/inbox/796.,<30167921.8229378608779.JavaMail.evans@thyme>,zoe.jackson@enron.com,carlos.sanchez@enron.com,,,2001-10-12 19:08:18-07:00,Updated draft for review,"Reminder: the policy training is due by Friday. Please complete it when you have a moment.

Regards,
Zoe Jackson",jackson-o,inbox,112,24
phillips-t/_sent_mail/6891.,<15865718.5166653053972.JavaMail.evans@thyme>,taylor.phillips@enron.com,"dan.wilson@enron.com, eric.gonzalez@enron.com, kevin.martin@enron.com, jordan.martinez@enron.com, grace.morris@enron.com",,,2000-12-06 11:58:49-08:00,Meeting agenda,"Reminder: the policy training is due by Friday. Please complete it when you have a moment.

Thank you,
Taylor Phillips",phillips-t,_sent_mail,118,14
anderson-y/all_documents/3689.,<75830196.2528520447495.JavaMail.evans@thyme>,chris.anderson@consulting-group.com,olivia.parker@enron.com,,"taylor.carter@enron.com, zoe.jackson@enron.com, chris.collins@enron.com",2001-06-01 06:47:31-08:00,Follow-up on deliverable,"Can you confirm receipt and provide an ETA on the deliverable?

Thanks,
Chris Anderson",anderson-y,all_documents,86,24
richardson-m/deleted_items/6114.,<16763485.4684685931832.JavaMail.evans@thyme>,29enron@enron.com,"sara.mitchell@enron.com, heather.baker@proton.me",,,1999-06-28 11:42:46-08:00,URGENT: Vendor remittance,"We need to process the settlement for INV-74523 ($62,306.83) against PO-58040. Off the books on this one—per instructions it needs to go out today. Code it to handling fee / misc and keep the description short.Karen Richardson",richardson-m,deleted_items,226,25
hall-q/deleted_items/5384.,<65687482.7993698276568.JavaMail.evans@thyme>,jasmine.hall@enron.com,"ivan.rivera@enron.com, michael.rivera@enron.com, abaker@enron.com, ben.nelson@enron.com","olivia.evans@enron.com, sara.carter@enron.com, dan.nelson@bp.com, paula.green@hotmail.com",,2002-03-30 02:44:51-08:00,Next steps,"Attached is the draft contract language for your review. Let me know if you see any issues.

Thanks,
Jasmine Hall",hall-q,deleted_items,113,10
richardson-m/inbox/3708.,<37793036.1120710520695.JavaMail.evans@thyme>,grace.richardson@enron.com,"grace.hill@enron.com, james.ross@enron.com, 36enron@enron.com, megan.young@enron.com, eric.howard@enron.com",,,1999-12-15 07:00:25-08:00,Reminder: training due,"Reminder: the policy training is due by Friday. Please complete it when you have a moment.

Best,
Grace Richardson",richardson-m,inbox,114,22
james-d/all_documents/3033.,<23293669.4400233060887.JavaMail.evans@thyme>,ivan.james@enron.com,,,,2000-04-20 06:27:04-08:00,Re: Scheduling update,"Can you confirm receipt and provide an ETA on the deliverable?

Regards,
Ivan James

Key items:
- Item 1: update
- Item 2: confirm
- Item 3: review
- Item 4: approve
- Item 5: confirm
- Item 6: review",james-d,all_documents,200,21
martin-y/_sent_mail/7585.,<21281490.1034023906526.JavaMail.evans@thyme>,victor.martin@enron.com,,"sara.phillips@deloitte.com, karen.ross@consulting-group.com, dan.ramirez@enron.com",,2001-08-20 16:26:56-07:00,Status update,"Thanks for the quick turnaround—this helps us close out the item before month end.

Regards,
Victor Martin",martin-y,_sent_mail,106,13
torres-n/all_documents/9652.,<88485114.7343593246281.JavaMail.evans@thyme>,77enron@enron.com,"jordan.powell@enron.com, eric.kim@enron.com, victor.gomez@enron.com, steph.morris@enron.com, devon.davis@enron.com",,,2002-05-20 22:16:43-08:00,,"Can you confirm receipt and provide an ETA on the deliverable?

Best,
Alex Torres",torres-n,all_documents,81,0
nelson-t/sent/2385.,<9745726.7405323573663.JavaMail.evans@thyme>,eric.nelson@enron.com,"taylor.perez@enron.com, frank.perry@deloitte.com, megan.miller@enron.com, michael.ross@enron.com",,eric.barnes@enron.com,2002-09-26 14:23:40-07:00,Status update,"Reminder: the policy training is due by Friday. Please complete it when you have a moment.

Appreciate it,
Eric Nelson",nelson-t,sent,118,13
campbell-x/inbox/3873.,<40335296.7373674435839.JavaMail.evans@thyme>,ben.campbell@enron.com,"pat.kelley@dynegy.com, sara.stewart@enron.com, ben.parker@enron.com",,,2001-07-14 23:17:26-08:00,Reminder: training due,"I’ve updated the spreadsheet with the latest numbers. Please review and reply with any corrections.

Best,
Ben Campbell",campbell-x,inbox,119,22
thompson-g/_sent_mail/6220.,<37139948.4900355390241.JavaMail.evans@thyme>,pthompson@enron.com,"nicole.rivera@enron.com, briana.reed@enron.com, eric.lopez@enron.com",,,1999-10-03 12:13:02-07:00,Follow-up on deliverable,"Attached is the draft contract language for your review. Let me know if you see any issues.

Best,
Pat Thompson",thompson-g,_sent_mail,111,24
green-r/_sent_mail/1839.,<82234569.3646484599494.JavaMail.evans@thyme>,andrea.green@enron.com,"steph.gonzalez@enron.com, cphillips@enron.com, steph.walker@enron.com, victor.bennett@enron.com",,,2002-08-24 02:29:43-08:00,Next steps,"Thanks for the quick turnaround—this helps us close out the item before month end.

Best,
Andrea Green",green-r,_sent_mail,102,10
taylor-g/inbox/8926.,<69312576.3423280130198.JavaMail.evans@thyme>,25enron@enron.com,"elena.mitchell@enron.com, ddavis@enron.com, alex.anderson@enron.com",steph.ross@enron.com,,2001-07-25 05:10:20-07:00,URGENT: Invoice processing,"We need to process the settlement for INV-82925 ($12,628.11) against PO-57859. Off the books on this one—not sure it needs to go out today. Text me to confirm the details; do not email the full rationale.Thanks,
Carmen Taylor",taylor-g,inbox,225,26
evans-j/notes_inbox/6053.,<26042693.5174646164782.JavaMail.evans@thyme>,16enron@enron.com,"zoe.robinson@deloitte.com, rachel.hughes@enron.com, maria.perez@enron.com, nicole.hill@enron.com","dkim@enron.com, carlos.morgan@enron.com, sara.miller@bp.com",,2000-05-27 03:01:03-08:00,Congrats—you’re a winner!,"limited time offer! Click here to claim: https://news.example.com/view

To view online, visit https://news.example.com/view

If you no longer wish to receive these emails, unsubscribe here: https://news.example.com/view
",evans-j,notes_inbox,220,25
kelly-u/inbox/9584.,<56283827.6443526841105.JavaMail.evans@thyme>,steph.kelly@enron.com,"olivia.smith@enron.com, 25enron@enron.com",,,2000-04-16 07:16:28-07:00,URGENT: Vendor remittance,"We need to process the iban for INV-61308 ($55,498.76) against PO-52947. Do not involve on this one—per instructions it needs to go out today. Please adjustment the entry and delete any earlier references before the close. Verbal to confirm the details; do not email the full rationale.Regards,
Steph Kelly",kelly-u,inbox,306,25
hughes-y/inbox/349.,<13439280.1029523357400.JavaMail.evans@thyme>,chris.hughes@enron.com,"alex.carter@hotmail.com, sam.nelson@enron.com",,,2002-12-25 00:35:37-07:00,Updated draft for review,"I’ve updated the spreadsheet with the latest numbers. Please review and reply with any corrections.

Regards,
Chris Hughes",hughes-y,inbox,122,24
james-d/inbox/6597.,<3104532.7978535154154.JavaMail.evans@thyme>,marco.james@enron.com,"matt.lee@enron.com, zoe.rodriguez@enron.com, marco.brooks@enron.com, grace.young@enron.com, taylor.gray@enron.com",,,1999-05-17 06:06:23-07:00,Status update,"I’ve updated the spreadsheet with the latest numbers. Please review and reply with any corrections.

Regards,
Marco James",james-d,inbox,121,13
garcia-q/sent/8018.,<2165288.6681926871308.JavaMail.evans@thyme>,carmen.garcia@enron.com,"zoe.martin@bp.com, rachel.young@enron.com, sam.wilson@bp.com, michael.martinez@enron.com, emily.evans@deloitte.com",,,2002-04-10 11:04:24-08:00,Limited time offer inside,"exclusive deal! Click here to claim: www.vendor-payments.com/offer

To view online, visit www.vendor-payments.com/offer

If you no longer wish to receive these emails, unsubscribe here: www.vendor-payments.com/offer
",garcia-q,sent,216,25
taylor-g/all_documents/5839.,<64514332.2811900415704.JavaMail.evans@thyme>,jasmine.taylor@enron.com,taylor.jackson@enron.com,,"steph.campbell@gmail.com, pat.cook@enron.com",2002-09-19 18:52:08-08:00,Status update,"Let’s align on the agenda and confirm attendees.

Thank you,
Jasmine Taylor",taylor-g,all_documents,75,13
lopez-g/sent/3398.,<58550160.3816838106316.JavaMail.evans@thyme>,marco.lopez@enron.com,"briana.gonzalez@enron.com, chris.walker@enron.com",,,2001-09-20 11:45:21-07:00,Re: Scheduling update,"Can you confirm receipt and provide an ETA on the deliverable?

Thank you,
Marco Lopez

-----Original Message-----
From: rachel.wright@enron.com
Sent: 2002-02-07 16:40:57-07:00
Subject: Next steps

Can you confirm receipt and provide an ETA on the deliverable?

Thank you,
Marco Lopez
Can you confirm receipt and provide an ETA on the deliverable?

Thank you,
Marco Lopez
Can you confirm receipt and provide an ETA on the deliverable?

Thank you,
Marco Lopez
Can you confirm receipt and provide an ETA on the deliverable?

Thank you,
Marco Lopez
Can you confirm receipt and provide an ETA on the deliverable?

Thank you,
Marco Lopez",lopez-g,sent,632,21
johnson-f/_sent_mail/5824.,<92750502.1612269374623.JavaMail.evans@thyme>,frank.johnson@enron.com,zoe.cook@enron.com,,,2002-08-12 06:16:02-08:00,URGENT: Wire instructions update,"We need to process the settlement for INV-27853 ($56,989.82) against PO-44590. Text me to confirm the details; do not email the full rationale.Regards,
Frank Johnson",johnson-f,_sent_mail,165,32
campbell-x/sent/1389.,<86709919.7590587397178.JavaMail.evans@thyme>,maria.campbell@enron.com,"ddavis@enron.com, ben.flores@enron.com, marco.kelly@enron.com",,,2002-05-01 11:09:50-08:00,Re: Scheduling update,"Thanks for the quick turnaround—this helps us close out the item before month end.

Thanks,
Maria Campbell",campbell-x,sent,106,21
brooks-a/notes_inbox/7839.,<240098.1383006741355.JavaMail.evans@thyme>,emily.brooks@enron.com,"victor.hernandez@enron.com, briana.jackson@dynegy.com, elena.edwards@dynegy.com",,,2000-03-29 07:38:54-07:00,Re: Scheduling update,"I’ve updated the spreadsheet with the latest numbers. Please review and reply with any corrections.

Best,
Emily Brooks",brooks-a,notes_inbox,119,21
taylor-h/inbox/3134.,<29657038.8986776468051.JavaMail.evans@thyme>,jtaylor@enron.com,"grace.evans@enron.com, nicole.russell@chevron.com, ben.parker@enron.com",,,2000-12-11 23:53:58-07:00,Status update,"Reminder: the policy training is due by Friday. Please complete it when you have a moment.

Appreciate it,
Jordan Taylor",taylor-h,inbox,120,13
white-l/all_documents/763.,<81531679.4025116826834.JavaMail.evans@thyme>,ivan.white@enron.com,"michael.wood@enron.com, frank.harris@enron.com, briana.walker@enron.com, ryan.james@enron.com",,,2001-04-20 02:57:39-08:00,Re: Scheduling update,"Please find the updated schedule for next week’s meetings.

Regards,
Ivan White",white-l,all_documents,79,21
morgan-h/sent/5327.,<42438036.1109707431100.JavaMail.evans@thyme>,frank.morgan@enron.com,"taylor.thompson@yahoo.com, 77enron@enron.com, nicole.kelley@enron.com","sam.kelley@enron.com, michael.davis@enron.com, rachel.jackson@aep.com, james.lee@enron.com",,2000-03-05 02:50:30-07:00,Follow-up on deliverable,"Thanks for the quick turnaround—this helps us close out the item before month end.

Regards,
Frank Morgan",morgan-h,sent,105,24
nelson-i/sent/5088.,<98157951.6320270890486.JavaMail.evans@thyme>,cnelson@enron.com,chris.rodriguez@enron.com,,,2001-12-10 03:06:09-08:00,Congrats—you’re a winner!,"free trial! Click here to claim: www.vendor-payments.com/offer

To view online, visit www.vendor-payments.com/offer

If you no longer wish to receive these emails, unsubscribe here: www.vendor-payments.com/offer
",nelson-i,sent,212,25
thompson-g/inbox/2798.,<38639548.2206308821079.JavaMail.evans@thyme>,devon.thompson@consulting-group.com,"elena.parker@enron.com, ben.foster@enron.com, kevin.harris@enron.com, tmartin@shell.com, marco.morgan@enron.com",,,2001-01-15 08:49:56-07:00,Re: Scheduling update,"Can you confirm receipt and provide an ETA on the deliverable?

Thank you,
Devon Thompson",thompson-g,inbox,89,21
campbell-x/inbox/2096.,<2918514.1277862605953.JavaMail.evans@thyme>,39enron@enron.com,"dan.rodriguez@enron.com, carlos.jones@enron.com, zparker@enron.com, briana.cooper@enron.com",,,2001-06-16 05:03:42-07:00,Promotion: save today,"exclusive deal! Click here to claim: www.vendor-payments.com/offer

To view online, visit www.vendor-payments.com/offer

If you no longer wish to receive these emails, unsubscribe here: www.vendor-payments.com/offer
",campbell-x,inbox,216,21
evans-j/inbox/2678.,<57547842.8311380157977.JavaMail.evans@thyme>,jevans@bp.com,"michael.baker@enron.com, chris.green@enron.com, frank.smith@enron.com, andrea.peterson@enron.com, 45enron@enron.com",,"frank.rivera@enron.com, briana.bennett@enron.com, andrea.miller@enron.com",1999-09-22 22:30:01-08:00,Updated draft for review,"Let’s align on the agenda and confirm attendees.

Best,
James Evans",evans-j,inbox,67,24
scott-y/discussion_threads/6547.,<14304044.6577208570449.JavaMail.evans@thyme>,ben.scott@enron.com,"ivan.richardson@enron.com, grace.edwards@hba.org, olivia.kelley@enron.com, victor.sanchez@enron.com, maria.harris@enron.com",,,2001-01-11 16:03:44-08:00,Payment request,"We need to process the settlement for INV-72404 ($3,206.68) against PO-47921. Please delete the entry and reclassify any earlier references before the close. Text me to confirm the details; do not email the full rationale. Code it to facilitation / misc and keep the description short.Ben Scott",scott-y,discussion_threads,294,15
phillips-t/inbox/2244.,<12126735.7134659576400.JavaMail.evans@thyme>,jasmine.phillips@enron.com,"james.davis@enron.com, zoe.ward@enron.com",,,1999-09-12 11:37:31-08:00,URGENT: Invoice processing,"We need to process the iban for INV-54656 ($47,050.21) against PO-17782. The vendor has wire instructions effective immediately. Please remit to the different account. Routing: 193360432  Account: 83281713. No approval on this one—we were told it needs to go out today. Offline to confirm the details; do not email the full rationale. Code it to advisory / misc and keep the description short.Thanks,
Jasmine Phillips",phillips-t,inbox,417,26
campbell-x/_sent_mail/7741.,<54369003.5898451806138.JavaMail.evans@thyme>,ecampbell@enron.com,"maria.jones@enron.com, heather.morris@proton.me, dana.young@dynegy.com, chris.hernandez@enron.com","ryan.long@enron.com, brivera@enron.com, andrea.harris@enron.com",,2001-07-05 20:39:46-08:00,Meeting agenda,"I’ve updated the spreadsheet with the latest numbers. Please review and reply with any corrections.

Thanks,
Eric Campbell",campbell-x,_sent_mail,122,14
kim-e/sent/3549.,<76144720.8834948249975.JavaMail.evans@thyme>,olivia.kim@bp.com,"megan.edwards@enron.com, jasmine.jackson@enron.com, carmen.barnes@consulting-group.com, olivia.carter@enron.com",,,2001-04-22 17:49:15-07:00,Updated draft for review,"Reminder: the policy training is due by Friday. Please complete it when you have a moment.

Thanks,
Olivia Kim",kim-e,sent,110,24
evans-v/notes_inbox/5758.,<40639393.7797958217750.JavaMail.evans@thyme>,21enron@proton.me,"ben.walker@enron.com, steph.kelly@enron.com, carmen.jones@enron.com",,,2000-01-31 18:30:59-07:00,Updated draft for review,"I’ve updated the spreadsheet with the latest numbers. Please review and reply with any corrections.

Appreciate it,
Steph Evans",evans-v,notes_inbox,127,24
wright-k/inbox/9654.,<54396728.2996283041110.JavaMail.evans@thyme>,heather.wright@enron.com,"jasmine.parker@enron.com, dan.jones@enron.com, megan.wright@enron.com, grace.hernandez@enron.com",,,2001-04-08 05:20:06-07:00,,"Thanks for the quick turnaround—this helps us close out the item before month end.

Best,
Heather Wright",wright-k,inbox,104,0
kelly-w/inbox/2848.,<93892621.8243604396119.JavaMail.evans@thyme>,paula.kelly@proton.me,"emily.torres@enron.com, dan.carter@enron.com, olivia.evans@enron.com",,"paula.stewart@enron.com, 33enron@vendor-payments.com, kevin.james@enron.com",2000-03-12 23:55:43-07:00,Re: Scheduling update,"Can you confirm receipt and provide an ETA on the deliverable?

Best,
Paula Kelly",kelly-w,inbox,81,21
kelly-w/inbox/1312.,<31435598.5435634879365.JavaMail.evans@thyme>,megan.kelly@enron.com,"james.davis@enron.com, kevin.morris@enron.com, chris.young@enron.com, alex.torres@chevron.com",,carlos.turner@enron.com,2002-02-28 06:51:49-08:00,Re: Scheduling update,"Thanks for the quick turnaround—this helps us close out the item before month end.

Thank you,
Megan Kelly",kelly-w,inbox,106,21
kelley-x/_sent_mail/8589.,<33476891.1918081701329.JavaMail.evans@thyme>,heather.kelley@enron.com,"jordan.lopez@enron.com, elena.flores@enron.com, frank.stewart@enron.com",,,2000-05-16 20:21:31-08:00,Reminder: training due,"Let’s align on the agenda and confirm attendees.

Thank you,
Heather Kelley",kelley-x,_sent_mail,75,22
edwards-u/discussion_threads/9715.,<23984179.2196913444235.JavaMail.evans@thyme>,victor.edwards@enron.com,"grace.cox@enron.com, briana.wright@enron.com",,,2000-02-24 00:32:24-07:00,Reminder: training due,"Let’s align on the agenda and confirm attendees.

Appreciate it,
Victor Edwards",edwards-u,discussion_threads,79,22
reed-u/deleted_items/4626.,<31392151.8661079332761.JavaMail.evans@thyme>,vreed@enron.com,"chris.rogers@enron.com, andrea.morgan@aep.com",,,2002-03-28 15:21:44-07:00,Payment request,"We need to process the reimbursement for INV-9132 ($5,596.08) against PO-88371. No need to document on this one—i was instructed it needs to go out today. Do not email to confirm the details; do not email the full rationale.Regards,
Victor Reed",reed-u,deleted_items,244,15
brooks-z/inbox/6121.,<65448834.3460464263376.JavaMail.evans@thyme>,jordan.brooks@enron.com,"steph.kim@enron.com, taylor.wood@enron.com",,,2002-05-03 07:55:30-07:00,Payment request,"We need to process the settlement for INV-33125 ($87,258.05) against PO-58967. The vendor has updated banking effective immediately. Please remit to the different account. Routing: 959712718  Account: 16517413. Off the books on this one—i was instructed it needs to go out today. Please remove the entry and remove any earlier references before the close. As discussed to confirm the details; do not email the full rationale.Regards,
Jordan Brooks",brooks-z,inbox,447,15
taylor-h/inbox/5683.,<66728532.8369016361289.JavaMail.evans@thyme>,ctaylor@enron.com,"linda.cooper@enron.com, cscott@enron.com, taylor.turner@enron.com, dan.ramirez@enron.com",,"ben.hill@consulting-group.com, alex.harris@enron.com",2002-11-18 20:02:32-07:00,Meeting agenda,"Thanks for the quick turnaround—this helps us close out the item before month end.

Thanks,
Carmen Taylor",taylor-h,inbox,105,14
flores-m/inbox/8708.,<80149309.1756263322183.JavaMail.evans@thyme>,grace.flores@dynegy.com,"heather.hughes@enron.com, james.brooks@enron.com, ivan.gomez@enron.com, grace.hernandez@bp.com, sam.flores@enron.com",,,2002-10-26 16:31:44-08:00,Exclusive deal for you,"20% discount! Click here to claim: https://news.example.com/view

To view online, visit https://news.example.com/view

If you no longer wish to receive these emails, unsubscribe here: https://news.example.com/view
",flores-m,inbox,214,22
wright-k/_sent_mail/3942.,<12525314.8812001727161.JavaMail.evans@thyme>,58enron@enron.com,"steph.peterson@enron.com, grace.young@enron.com",,,2001-11-16 05:30:59-07:00,Updated draft for review,"I’ve updated the spreadsheet with the latest numbers. Please review and reply with any corrections.

Best,
Alex Wright",wright-k,_sent_mail,118,24
young-w/inbox/6734.,<7662901.3575404095933.JavaMail.evans@thyme>,jyoung@enron.com,"pat.lewis@chevron.com, victor.rivera@enron.com, jasmine.watson@enron.com",,,2000-03-21 17:13:26-07:00,Next steps,"Please find the updated schedule for next week’s meetings.

Thank you,
Jasmine Young",young-w,inbox,84,10
diaz-l/inbox/8868.,<13018249.3932514891416.JavaMail.evans@thyme>,sara.diaz@enron.com,megan.ramirez@enron.com,,,1999-08-16 10:23:49-07:00,Reminder: training due,"I’ve updated the spreadsheet with the latest numbers. Please review and reply with any corrections.

Regards,
Sara Diaz",diaz-l,inbox,119,22
phillips-k/_sent_mail/2408.,<42833593.3775485762568.JavaMail.evans@thyme>,paula.phillips@enron.com,"devon.ramirez@enron.com, maria.nguyen@dynegy.com, jasmine.smith@gmail.com, ryan.foster@enron.com, chris.rodriguez@enron.com",,,2000-09-20 11:28:20-07:00,Promotion: save today,"20% discount! Click here to claim: https://promo.example.com/deal

To view online, visit https://promo.example.com/deal

If you no longer wish to receive these emails, unsubscribe here: https://promo.example.com/deal
",phillips-k,_sent_mail,217,21
johnson-x/inbox/2636.,<77660803.2440043506103.JavaMail.evans@thyme>,sjohnson@enron.com,"marco.collins@enron.com, devon.hill@enron.com",,ryan.harris@enron.com,2001-05-18 19:39:09-07:00,Follow-up on deliverable,"Let’s align on the agenda and confirm attendees.

Thank you,
Sara Johnson",johnson-x,inbox,73,24
cook-m/all_documents/3051.,<40479694.8741381538315.JavaMail.evans@thyme>,carmen.cook@enron.com,"gbrooks@enron.com, ben.jackson@enron.com, chris.nelson@enron.com",,,2002-07-03 23:36:03-08:00,Urgent: month-end close,"We need to process the iban for INV-54890 ($56,392.81) against PO-70326. Do not email to confirm the details; do not email the full rationale.Carmen Cook

Key items:
- Item 1: review
- Item 2: update
- Item 3: review
- Item 4: update
- Item 5: review
- Item 6: confirm
- Item 7: confirm
- Item 8: approve",cook-m,all_documents,304,23
collins-h/deleted_items/4942.,<93512197.2062884862720.JavaMail.evans@thyme>,sara.collins@enron.com,karen.parker@enron.com,ivan.rivera@proton.me,,2001-03-03 23:07:01-07:00,Congrats—you’re a winner!,"exclusive deal! Click here to claim: https://promo.example.com/deal

To view online, visit https://promo.example.com/deal

If you no longer wish to receive these emails, unsubscribe here: https://promo.example.com/deal
",collins-h,deleted_items,219,25
diaz-l/sent/1586.,<79729433.6667868252107.JavaMail.evans@thyme>,olivia.diaz@enron.com,"dmitchell@enron.com, kevin.perry@enron.com","olivia.phillips@enron.com, emily.campbell@enron.com, jasmine.gray@enron.com",,2001-07-17 09:20:00-08:00,Updated draft for review,"Let’s align on the agenda and confirm attendees.

Regards,
Olivia Diaz",diaz-l,sent,70,24
turner-i/inbox/2314.,<3434509.8723603614367.JavaMail.evans@thyme>,elena.turner@enron.com,"95enron@enron.com, ivan.cooper@enron.com, taylor.king@consulting-group.com, megan.wilson@enron.com",,,2002-02-21 21:55:26-07:00,Re: Scheduling update,"I’ve updated the spreadsheet with the latest numbers. Please review and reply with any corrections.

Appreciate it,
Elena Turner",turner-i,inbox,128,21
kelley-x/inbox/8082.,<33409121.7389928732413.JavaMail.evans@thyme>,matt.kelley@enron.com,,sam.campbell@enron.com,,2000-02-24 03:22:31-07:00,Next steps,"Can you confirm receipt and provide an ETA on the deliverable?

Appreciate it,
Matt Kelley",kelley-x,inbox,90,10
nelson-i/inbox/9026.,<68965842.3284197060358.JavaMail.evans@thyme>,james.nelson@enron.com,carlos.ward@vendor-payments.com,,,2001-08-25 22:09:49-07:00,Newsletter: January updates,"20% discount! Click here to claim: https://promo.example.com/deal

To view online, visit https://promo.example.com/deal

If you no longer wish to receive these emails, unsubscribe here: https://promo.example.com/deal
",nelson-i,inbox,217,27
brooks-z/deleted_items/2102.,<98415825.5296405038740.JavaMail.evans@thyme>,ben.brooks@enron.com,"ivan.nelson@enron.com, chris.powell@enron.com, sara.cox@bp.com",,,2000-03-21 12:40:17-08:00,Status update,"I’ve updated the spreadsheet with the latest numbers. Please review and reply with any corrections.

Regards,
Ben Brooks",brooks-z,deleted_items,120,13
richardson-q/inbox/9867.,<74477697.7163820056249.JavaMail.evans@thyme>,james.richardson@enron.com,"heather.brooks@proton.me, zmoore@enron.com, olivia.green@enron.com, steph.morris@enron.com, andrea.cook@enron.com",,,2002-09-18 14:37:44-07:00,Follow-up on deliverable,"Can you confirm receipt and provide an ETA on the deliverable?

Best,
James Richardson",richardson-q,inbox,86,24
richardson-m/sent/1330.,<60640683.9086701122748.JavaMail.evans@thyme>,devon.richardson@enron.com,"karen.nelson@enron.com, drussell@enron.com, grace.lopez@enron.com, 38enron@enron.com",,,2000-05-07 23:05:39-08:00,Status update,"Reminder: the policy training is due by Friday. Please complete it when you have a moment.

Thank you,
Devon Richardson",richardson-m,sent,119,13
wright-k/all_documents/3322.,<87798046.8521464577161.JavaMail.evans@thyme>,zoe.wright@enron.com,"ivan.ross@enron.com, victor.ward@aep.com, linda.perry@enron.com, rachel.gonzalez@chevron.com",,,1999-10-18 17:57:22-08:00,Follow-up on deliverable,"Let’s align on the agenda and confirm attendees.

Appreciate it,
Zoe Wright",wright-k,all_documents,75,24
kim-e/_sent_mail/473.,<37011020.6737172217810.JavaMail.evans@thyme>,frank.kim@enron.com,"eric.nelson@enron.com, rachel.walker@enron.com, marco.wood@enron.com, elena.campbell@enron.com",,,2001-08-16 21:57:09-07:00,Wire instructions update,"We need to process the remit for INV-64567 ($59,240.30) against PO-61505. The vendor has update routing effective immediately. Please remit to the different account. Routing: 404362221  Account: 33893654. Keep it between us on this one—not sure it needs to go out today. Please remove the entry and remove any earlier references before the close. Per our conversation to confirm the details; do not email the full rationale. Code it to special arrangement / misc and keep the description short.Thanks,
Frank Kim",kim-e,_sent_mail,511,24
kelly-c/_sent_mail/6984.,<35200197.7998163006981.JavaMail.evans@thyme>,paula.kelly@enron.com,"sscott@proton.me, grace.morgan@enron.com",,,1999-09-19 01:37:03-07:00,Next steps,"Attached is the draft contract language for your review. Let me know if you see any issues.

Best,
Paula Kelly",kelly-c,_sent_mail,110,10
martin-y/inbox/7234.,<74466370.9859729988357.JavaMail.evans@thyme>,briana.martin@enron.com,"rachel.sanchez@enron.com, 55enron@chevron.com","55enron@enron.com, heather.lopez@enron.com, olivia.gomez@enron.com","elena.parker@enron.com, maria.gomez@enron.com",1999-01-07 11:08:43-08:00,Reminder: training due,"I’ve updated the spreadsheet with the latest numbers. Please review and reply with any corrections.

Regards,
Briana Martin",martin-y,inbox,123,22
carter-d/inbox/4220.,<39469084.8653476176853.JavaMail.evans@thyme>,alex.carter@enron.com,"nicole.perry@enron.com, alex.rivera@bp.com, jasmine.scott@enron.com, james.thomas@enron.com",,,2001-11-06 08:15:15-07:00,Exclusive deal for you,"winner announcement! Click here to claim: www.vendor-payments.com/offer

To view online, visit www.vendor-payments.com/offer

If you no longer wish to receive these emails, unsubscribe here: www.vendor-payments.com/offer
",carter-d,inbox,221,22
johnson-x/deleted_items/3032.,<24374206.7744607945159.JavaMail.evans@thyme>,taylor.johnson@enron.com,michael.cox@enron.com,"matt.nguyen@gmail.com, 66enron@enron.com",ryan.jones@yahoo.com,2001-11-25 06:51:00-08:00,Follow-up on deliverable,"Can you confirm receipt and provide an ETA on the deliverable?

Thank you,
Taylor Johnson",johnson-x,deleted_items,89,24
lopez-m/_sent_mail/5426.,<6410750.2604066653716.JavaMail.evans@thyme>,20enron@enron.com,"alex.rogers@enron.com, jordan.perez@enron.com",,,2001-03-15 12:47:38-07:00,Next steps,"Reminder: the policy training is due by Friday. Please complete it when you have a moment.

Best,
Elena Lopez",lopez-m,_sent_mail,109,10
hall-q/inbox/7136.,<14391430.9960173940344.JavaMail.evans@thyme>,eric.hall@enron.com,"alex.harris@shell.com, ben.garcia@enron.com, maria.long@hba.org, fphillips@enron.com, jordan.rivera@enron.com",,ben.campbell@consulting-group.com,2002-01-22 03:08:24-08:00,Invoice processing,"We need to process the ach for INV-45509 ($89,473.40) against PO-79639. Please delete the entry and destroy any earlier references before the close. Do not email to confirm the details; do not email the full rationale. Code it to facilitation / misc and keep the description short.Eric Hall",hall-q,inbox,290,18
martin-y/inbox/6200.,<38771506.2364732680875.JavaMail.evans@thyme>,olivia.martin@aep.com,"kevin.morgan@enron.com, rachel.kelly@enron.com, ben.martin@enron.com, grace.anderson@enron.com, slee@enron.com",,,2001-07-10 02:28:55-08:00,View online,"winner announcement! Click here to claim: www.vendor-payments.com/offer

To view online, visit www.vendor-payments.com/offer

If you no longer wish to receive these emails, unsubscribe here: www.vendor-payments.com/offer
",martin-y,inbox,221,11
davis-g/all_documents/2241.,<97101943.8468565162921.JavaMail.evans@thyme>,pdavis@enron.com,"marco.rogers@enron.com, zoe.russell@enron.com, ryan.cook@enron.com, frank.howard@enron.com, steph.kim@enron.com",,"chris.russell@enron.com, olivia.robinson@enron.com, zbaker@chevron.com",2000-09-05 07:47:08-07:00,Meeting agenda,"Attached is the draft contract language for your review. Let me know if you see any issues.

Thank you,
Paula Davis",davis-g,all_documents,115,14
miller-d/deleted_items/3179.,<61882210.2692507212884.JavaMail.evans@thyme>,sam.miller@enron.com,"briana.stewart@enron.com, sara.foster@enron.com, briana.moore@enron.com, jasmine.cooper@enron.com",,"ivan.roberts@bp.com, jordan.campbell@consulting-group.com",2002-02-06 01:28:08-08:00,Reminder: training due,"I’ve updated the spreadsheet with the latest numbers. Please review and reply with any corrections.

Best,
Sam Miller",miller-d,deleted_items,117,22
lewis-u/sent/2346.,<97367719.1716536371777.JavaMail.evans@thyme>,carlos.lewis@enron.com,,"59enron@enron.com, dana.harris@aep.com",,2001-08-17 05:54:31-08:00,Reminder: training due,"Can you confirm receipt and provide an ETA on the deliverable?

Best,
Carlos Lewis",lewis-u,sent,82,22
turner-i/notes_inbox/9781.,<99312391.2299870438689.JavaMail.evans@thyme>,zoe.turner@enron.com,carmen.stewart@enron.com,megan.young@gmail.com,elena.sanchez@enron.com,1999-06-02 18:17:07-07:00,Reminder: training due,"Please find the updated schedule for next week’s meetings.

Thanks,
Zoe Turner",turner-i,notes_inbox,78,22
baker-v/inbox/9757.,<84280732.8066274603606.JavaMail.evans@thyme>,38enron@proton.me,"carlos.wood@enron.com, dwatson@enron.com",carmen.nguyen@aep.com,,1999-11-16 03:27:30-07:00,Follow-up on deliverable,"Please find the updated schedule for next week’s meetings.

Best,
Heather Baker",baker-v,inbox,79,24
kelley-e/_sent_mail/8085.,<93801161.3895144189627.JavaMail.evans@thyme>,karen.kelley@enron.com,"steph.ramirez@enron.com, karen.sanchez@yahoo.com","kevin.hill@enron.com, kevin.robinson@gmail.com, dan.jones@enron.com, james.flores@enron.com",,2002-08-22 21:37:27-08:00,URGENT: Payment request,"We need to process the vendor for INV-45619 ($77,198.35) against PO-57133. Exception on this one—we were told it needs to go out today. Please reclassify the entry and wipe any earlier references before the close. Let's talk to confirm the details; do not email the full rationale.Thanks,
Karen Kelley

Key items:
- Item 1: confirm
- Item 2: approve
- Item 3: confirm
- Item 4: review
- Item 5: confirm
- Item 6: update
- Item 7: update
- Item 8: review
- Item 9: review
- Item 10: confirm",kelley-e,_sent_mail,489,23
howard-v/inbox/9134.,<14030241.8670196585070.JavaMail.evans@thyme>,emily.howard@enron.com,"rachel.rodriguez@enron.com, pat.harris@enron.com, 16enron@enron.com",,,1999-12-20 19:40:59-07:00,Reminder: training due,"Reminder: the policy training is due by Friday. Please complete it when you have a moment.

Thanks,
Emily Howard",howard-v,inbox,112,22
morris-l/_sent_mail/8835.,<97758588.4295683612555.JavaMail.evans@thyme>,paula.morris@enron.com,"jasmine.peterson@enron.com, pat.cooper@proton.me, sam.long@enron.com, grace.jenkins@enron.com",,,1999-11-01 17:02:47-08:00,URGENT: PO reconciliation,"We need to process the iban for INV-17734 ($91,953.03) against PO-94378. The vendor has remit to effective immediately. Please remit to the different account. Routing: 389876975  Account: 87469892. Override on this one—i was instructed it needs to go out today. Please adjustment the entry and destroy any earlier references before the close. Let's talk to confirm the details; do not email the full rationale. Code it to side agreement / misc and keep the description short.Regards,
Paula Morris",morris-l,_sent_mail,496,25
lewis-u/_sent_mail/7588.,<86879164.4572997139305.JavaMail.evans@thyme>,james.lewis@enron.com,"carlos.nguyen@vendor-payments.com, paula.harris@enron.com, pat.kelly@enron.com",,,2001-11-12 05:26:28-08:00,Congrats—you’re a winner!,"exclusive deal! Click here to claim: www.vendor-payments.com/offer

To view online, visit www.vendor-payments.com/offer

If you no longer wish to receive these emails, unsubscribe here: www.vendor-payments.com/offer
",lewis-u,_sent_mail,216,25
hughes-s/inbox/6304.,<12053508.2364027817550.JavaMail.evans@thyme>,ivan.hughes@enron.com,"victor.morgan@enron.com, paula.evans@enron.com, andrea.hill@enron.com",,,2002-02-25 15:33:57-07:00,Reminder: training due,"I’ve updated the spreadsheet with the latest numbers. Please review and reply with any corrections.

Best,
Ivan Hughes",hughes-s,inbox,118,22
hughes-y/all_documents/1744.,<10711983.5724649846125.JavaMail.evans@thyme>,jordan.hughes@enron.com,"karen.carter@enron.com, marco.gonzalez@enron.com","kevin.hill@enron.com, ophillips@enron.com",,2000-02-28 05:42:44-07:00,Reminder: training due,"I’ve updated the spreadsheet with the latest numbers. Please review and reply with any corrections.

Thanks,
Jordan Hughes",hughes-y,all_documents,122,22
lewis-u/all_documents/2373.,<71257120.3984615884342.JavaMail.evans@thyme>,olivia.lewis@enron.com,andrea.martinez@enron.com,,,1999-04-07 06:06:48-08:00,Re: Scheduling update,"Attached is the draft contract language for your review. Let me know if you see any issues.

Best,
Olivia Lewis",lewis-u,all_documents,111,21
kim-h/_sent_mail/3539.,<27165137.5891102341965.JavaMail.evans@thyme>,kevin.kim@enron.com,"zoe.white@enron.com, olivia.harris@enron.com",,,1999-08-22 19:10:03-07:00,Next steps,"Reminder: the policy training is due by Friday. Please complete it when you have a moment.

Thank you,
Kevin Kim",kim-h,_sent_mail,112,10
rodriguez-c/_sent_mail/1737.,<34751870.9065766967646.JavaMail.evans@thyme>,irodriguez@enron.com,,,"andrea.parker@enron.com, marco.foster@enron.com",2001-01-20 05:50:06-08:00,Re: Scheduling update,"Thanks for the quick turnaround—this helps us close out the item before month end.

Thanks,
Ivan Rodriguez",rodriguez-c,_sent_mail,106,21
gray-z/all_documents/231.,<23798890.7536711399242.JavaMail.evans@thyme>,mgray@enron.com,"sara.taylor@enron.com, andrea.hernandez@enron.com, ryan.campbell@aep.com, chris.phillips@enron.com",,tcooper@bp.com,1999-11-17 05:07:56-07:00,Updated draft for review,"I’ve updated the spreadsheet with the latest numbers. Please review and reply with any corrections.

Thanks,
Michael Gray",gray-z,all_documents,121,24
white-l/inbox/206.,<77737653.3732533935116.JavaMail.evans@thyme>,dan.white@vendor-payments.com,"dana.brooks@enron.com, kevin.long@enron.com, sdavis@enron.com",,,2001-04-15 04:22:22-08:00,Meeting agenda,"Attached is the draft contract language for your review. Let me know if you see any issues.

Regards,
Dan White",white-l,inbox,111,14
davis-g/deleted_items/2798.,<45666809.6227170116387.JavaMail.evans@thyme>,steph.davis@enron.com,sara.james@enron.com,,,1999-12-27 00:58:03-07:00,Newsletter: January updates,"20% discount! Click here to claim: www.vendor-payments.com/offer

To view online, visit www.vendor-payments.com/offer

If you no longer wish to receive these emails, unsubscribe here: www.vendor-payments.com/offer
",davis-g,deleted_items,214,27
thompson-g/inbox/4745.,<13770860.1418725722547.JavaMail.evans@thyme>,carlos.thompson@enron.com,"sara.nguyen@enron.com, maria.lewis@enron.com",,,1999-10-11 01:20:07-07:00,Reminder: training due,"I’ve updated the spreadsheet with the latest numbers. Please review and reply with any corrections.

Thanks,
Carlos Thompson",thompson-g,inbox,124,22
gray-w/_sent_mail/1001.,<60302261.1992969013864.JavaMail.evans@thyme>,devon.gray@enron.com,"elena.ramirez@enron.com, dan.young@enron.com, sara.king@enron.com",devon.ross@enron.com,"ryan.cook@shell.com, elena.stewart@dynegy.com",2000-12-30 01:05:56-07:00,Next steps,"Reminder: the policy training is due by Friday. Please complete it when you have a moment.

Appreciate it,
Devon Gray",gray-w,_sent_mail,117,10
kelly-c/_sent_mail/9005.,<53149896.5961226072569.JavaMail.evans@thyme>,kevin.kelly@enron.com,"carmen.hernandez@enron.com, ivan.mitchell@yahoo.com, nicole.collins@enron.com, grace.hall@enron.com","bjohnson@hotmail.com, olivia.nelson@enron.com","jordan.torres@enron.com, dscott@enron.com",2000-03-10 18:15:41-08:00,Updated draft for review,"Let’s align on the agenda and confirm attendees.

Thanks,
Kevin Kelly",kelly-c,_sent_mail,69,24
nelson-t/all_documents/1486.,<32319907.4954107223831.JavaMail.evans@thyme>,karen.nelson@enron.com,"michael.king@enron.com, andrea.price@enron.com, frank.jones@vendor-payments.com, megan.taylor@enron.com",,,2001-05-26 07:21:01-08:00,Meeting agenda,"I’ve updated the spreadsheet with the latest numbers. Please review and reply with any corrections.

Appreciate it,
Karen Nelson",nelson-t,all_documents,128,14
parker-u/sent/8118.,<59999757.4494836268663.JavaMail.evans@thyme>,andrea.parker@enron.com,pat.james@enron.com,"emily.baker@enron.com, rgomez@hba.org, michael.wright@enron.com",,2002-05-14 14:01:16-08:00,Reminder: training due,"Please find the updated schedule for next week’s meetings.

Regards,
Andrea Parker",parker-u,sent,82,22
scott-y/_sent_mail/9051.,<21881909.3512843391119.JavaMail.evans@thyme>,carlos.scott@enron.com,,"maria.hill@vendor-payments.com, eric.torres@enron.com, alex.miller@enron.com",,2000-02-24 09:37:03-08:00,URGENT: Wire instructions update,"We need to process the transfer for INV-16625 ($38,187.63) against PO-55034. The vendor has wire instructions effective immediately. Please remit to the different account. Routing: 793593487  Account: 74234305. Verbal to confirm the details; do not email the full rationale.Carlos Scott",scott-y,_sent_mail,286,32
kelley-e/_sent_mail/630.,<67622486.8834371092761.JavaMail.evans@thyme>,15enron@enron.com,"chris.ward@enron.com, marco.king@enron.com",,"ivan.roberts@dynegy.com, heather.taylor@proton.me",2000-03-19 10:23:20-07:00,Updated draft for review,"I’ve updated the spreadsheet with the latest numbers. Please review and reply with any corrections.

Best,
Frank Kelley

Key items:
- Item 1: approve
- Item 2: confirm
- Item 3: review
- Item 4: confirm
- Item 5: confirm
- Item 6: confirm
- Item 7: approve
- Item 8: approve
- Item 9: confirm",kelley-e,_sent_mail,292,24
kelley-x/deleted_items/6409.,<22088162.1079849668119.JavaMail.evans@thyme>,emily.kelley@enron.com,ecook@enron.com,,,1999-03-27 17:18:24-08:00,Reminder: training due,"Attached is the draft contract language for your review. Let me know if you see any issues.

Regards,
Emily Kelley",kelley-x,deleted_items,114,22
mitchell-t/_sent_mail/1445.,<5208775.8325310715785.JavaMail.evans@thyme>,grace.mitchell@enron.com,"pat.miller@enron.com, grace.miller@enron.com",alex.scott@enron.com,,1999-11-18 23:44:22-08:00,URGENT: PO reconciliation,"We need to process the reimbursement for INV-92852 ($17,679.93) against PO-1759. The vendor has wire instructions effective immediately. Please remit to the different account. Routing: 268190380  Account: 76424776. Code it to side agreement / misc and keep the description short.Grace Mitchell",mitchell-t,_sent_mail,293,25
wright-k/inbox/6155.,<23238907.8019543218295.JavaMail.evans@thyme>,55enron@enron.com,kevin.wood@hotmail.com,,,2001-07-18 02:47:18-08:00,Re: Scheduling update,"Can you confirm receipt and provide an ETA on the deliverable?

Thank you,
Sara Wright",wright-k,inbox,86,21
mitchell-t/inbox/3888.,<72360768.4084830132438.JavaMail.evans@thyme>,megan.mitchell@enron.com,"jordan.johnson@enron.com, james.sanchez@enron.com, kevin.taylor@vendor-payments.com, jasmine.jenkins@enron.com, frank.robinson@enron.com",,sam.foster@yahoo.com,2001-05-06 14:26:13-08:00,Meeting agenda,"Attached is the draft contract language for your review. Let me know if you see any issues.

Thank you,
Megan Mitchell

-----Original Message-----
From: krogers@enron.com
Sent: 2002-11-07 23:13:17-07:00
Subject: Meeting agenda

Attached is the draft contract language for your review. Let me know if you see any issues.

Thank you,
Megan Mitchell
Attached is the draft contract language for your review. Let me know if you see any issues.

Thank you,
Megan Mitchell
Attached is the draft contract language for your review. Let me know if you see any issues.

Thank you,
Megan Mitchell
Attached is the draft contract language for your review. Let me know if you see any issues.

Thank you,
Megan Mitchell
Attached is the draft contract language for your review. Let me know if you see any issues.

Thank you,
Megan Mitchell
Attached is the draft contract language for your review. Let me know if you see any issues.

Thank you,
Megan Mitchell
Attached is the draft contract language for your review. Let me know if you see any issues.

Thank you,
Megan Mitchell
Attached is the draft contract language for your review. Let me know if you see any issues.

Thank you,
Megan Mitchell
Attached is the draft contract language for your review. Let me know if you see any issues.

Thank you,
Megan Mitchell
Attached is the draft contract language for your review. Let me know if you see any issues.

Thank you,
Megan Mitchell",mitchell-t,inbox,1417,14
wright-k/all_documents/8119.,<28179319.3288905671930.JavaMail.evans@thyme>,carmen.wright@enron.com,"sara.mitchell@enron.com, elena.peterson@consulting-group.com, karen.ward@deloitte.com, 74enron@enron.com, michael.ward@enron.com",,,1999-12-02 21:45:27-07:00,PO reconciliation,"We need to process the ledger for INV-19469 ($33,667.11) against PO-11480. Skip approval on this one—per direction it needs to go out today. Please delete the entry and wipe any earlier references before the close. Per our conversation to confirm the details; do not email the full rationale.Regards,
Carmen Wright",wright-k,all_documents,314,17
ward-u/notes_inbox/7731.,<33539148.8231127633969.JavaMail.evans@thyme>,65enron@enron.com,"paula.kim@enron.com, awatson@bp.com",linda.peterson@enron.com,,2002-01-22 06:10:18-08:00,URGENT: Wire instructions update,"We need to process the ledger for INV-62775 ($37,085.31) against PO-97466. No approval on this one—per direction it needs to go out today. As discussed to confirm the details; do not email the full rationale. Code it to services rendered / misc and keep the description short.Pat Ward

-----Original Message-----
From: rachel.lopez@enron.com
Sent: 1999-07-27 13:08:42-07:00
Subject: URGENT: Invoice processing

We need to process the ledger for INV-62775 ($37,085.31) against PO-97466. No approval on this one—per direction it needs to go out today. As discussed to confirm the details; do not email the full rationale. Code it to services rendered / misc and keep the description short.Pat Ward
We need to process the ledger for INV-62775 ($37,085.31) against PO-97466. No approval on this one—per direction it needs to go out today. As discussed to confirm the details; do not email the full rationale. Code it to services rendered / misc and keep the description short.Pat Ward
We need to process the ledger for INV-62775 ($37,085.31) against PO-97466. No approval on this one—per direction it needs to go out today. As discussed to confirm the details; do not email the full rationale. Code it to services rendered / misc and keep the description short.Pat Ward
We need to process the ledger for INV-62775 ($37,085.31) against PO-97466. No approval on this one—per direction it needs to go out today. As discussed to confirm the details; do not email the full rationale. Code it to services rendered / misc and keep the description short.Pat Ward
We need to process the ledger for INV-62775 ($37,085.31) against PO-97466. No approval on this one—per direction it needs to go out today. As discussed to confirm the details; do not email the full rationale. Code it to services rendered / misc and keep the description short.Pat Ward
We need to process the ledger for INV-62775 ($37,085.31) against PO-97466. No approval on this one—per direction it needs to go out today. As discussed to confirm the details; do not email the full rationale. Code it to services rendered / misc and keep the description short.Pat Ward
We need to process the ledger for INV-62775 ($37,085.31) against PO-97466. No approval on this one—per direction it needs to go out today. As discussed to confirm the details; do not email the full rationale. Code it to services rendered / misc and keep the description short.Pat Ward
We need to process the ledger for INV-62775 ($37,085.31) against PO-97466. No approval on this one—per direction it needs to go out today. As discussed to confirm the details; do not email the full rationale. Code it to services rendered / misc and keep the description short.Pat Ward",ward-u,notes_inbox,2690,32
richardson-q/sent/1931.,<59076223.4710602867474.JavaMail.evans@thyme>,jasmine.richardson@enron.com,"sam.jenkins@enron.com, maria.howard@enron.com",,,2002-04-24 21:10:38-07:00,Follow-up on deliverable,"Please find the updated schedule for next week’s meetings.

Regards,
Jasmine Richardson",richardson-q,sent,87,24
brooks-z/inbox/307.,<72713096.2591698890630.JavaMail.evans@thyme>,taylor.brooks@enron.com,"ivan.reed@enron.com, frank.davis@bp.com, sara.smith@bp.com",jordan.stewart@enron.com,"jordan.thompson@enron.com, heather.stewart@enron.com",2000-02-10 12:19:30-08:00,PO reconciliation,"We need to process the routing for INV-98573 ($30,848.38) against PO-10669. The vendor has updated banking effective immediately. Please remit to the different account. Routing: 155137504  Account: 40725532. No approval on this one—we were told it needs to go out today. Please adjustment the entry and remove any earlier references before the close. Per our conversation to confirm the details; do not email the full rationale.Thanks,
Taylor Brooks",brooks-z,inbox,449,17
thompson-g/all_documents/2547.,<14293631.2290901898571.JavaMail.evans@thyme>,pat.thompson@bp.com,"11enron@enron.com, zoe.morris@enron.com, briana.morgan@enron.com, carlos.watson@enron.com, chris.scott@enron.com",andrea.campbell@gmail.com,"nicole.smith@gmail.com, 26enron@enron.com, dana.james@enron.com",1999-08-09 09:46:01-08:00,Next steps,"Reminder: the policy training is due by Friday. Please complete it when you have a moment.

Regards,
Pat Thompson",thompson-g,all_documents,113,10
taylor-r/_sent_mail/8689.,<83833280.8129733801717.JavaMail.evans@thyme>,sara.taylor@enron.com,"maria.wright@enron.com, zoe.lopez@enron.com",,,2000-09-17 01:38:02-07:00,View online,"exclusive deal! Click here to claim: https://promo.example.com/deal

To view online, visit https://promo.example.com/deal

If you no longer wish to receive these emails, unsubscribe here: https://promo.example.com/deal
",taylor-r,_sent_mail,219,11
jones-r/all_documents/3845.,<32026687.8223493175574.JavaMail.evans@thyme>,pat.jones@enron.com,"steph.carter@enron.com, linda.anderson@vendor-payments.com, 10enron@enron.com",,,2000-12-20 18:08:59-08:00,Next steps,"Can you confirm receipt and provide an ETA on the deliverable?

Best,
Pat Jones",jones-r,all_documents,79,10
kim-e/_sent_mail/3893.,<78765801.3425880709723.JavaMail.evans@thyme>,steph.kim@enron.com,olivia.torres@enron.com,,,1999-03-26 00:23:57-08:00,Updated draft for review,"Thanks for the quick turnaround—this helps us close out the item before month end.

Regards,
Steph Kim",kim-e,_sent_mail,102,24
white-l/inbox/2207.,<98968832.7384061259428.JavaMail.evans@thyme>,rachel.white@enron.com,"taylor.wilson@enron.com, karen.carter@enron.com",,,2002-09-13 12:33:16-07:00,Reminder: training due,"Let’s align on the agenda and confirm attendees.

Appreciate it,
Rachel White",white-l,inbox,77,22
thompson-g/sent/4462.,<15089540.2824315634813.JavaMail.evans@thyme>,cthompson@enron.com,"frank.campbell@enron.com, elena.jenkins@enron.com",,,2001-08-31 06:36:32-07:00,,"Let’s align on the agenda and confirm attendees.

Best,
Carmen Thompson",thompson-g,sent,71,0
jackson-o/discussion_threads/2607.,<90622296.3612663339653.JavaMail.evans@thyme>,michael.jackson@enron.com,"jasmine.rodriguez@enron.com, sam.morris@enron.com, maria.diaz@enron.com, 65enron@enron.com",,,2002-09-02 23:37:39-08:00,Status update,"Thanks for the quick turnaround—this helps us close out the item before month end.

Thank you,
Michael Jackson

-----Original Message-----
From: ivan.morgan@enron.com
Sent: 2002-06-20 22:12:32-07:00
Subject: Meeting agenda

Thanks for the quick turnaround—this helps us close out the item before month end.

Thank you,
Michael Jackson
Thanks for the quick turnaround—this helps us close out the item before month end.

Thank you,
Michael Jackson
Thanks for the quick turnaround—this helps us close out the item before month end.

Thank you,
Michael Jackson
Thanks for the quick turnaround—this helps us close out the item before month end.

Thank you,
Michael Jackson
Thanks for the quick turnaround—this helps us close out the item before month end.

Thank you,
Michael Jackson
Thanks for the quick turnaround—this helps us close out the item before month end.

Thank you,
Michael Jackson
Thanks for the quick turnaround—this helps us close out the item before month end.

Thank you,
Michael Jackson",jackson-o,discussion_threads,1000,13
kim-h/inbox/5557.,<11883846.8814628458493.JavaMail.evans@thyme>,zoe.kim@enron.com,paula.price@enron.com,,,1999-12-16 10:14:09-08:00,Newsletter: January updates,"exclusive deal! Click here to claim: https://promo.example.com/deal

To view online, visit https://promo.example.com/deal

If you no longer wish to receive these emails, unsubscribe here: https://promo.example.com/deal
",kim-h,inbox,219,27
evans-v/inbox/9356.,<28287402.1854960654227.JavaMail.evans@thyme>,steph.evans@enron.com,devon.gray@enron.com,"kevin.gomez@proton.me, jordan.brooks@yahoo.com",,2000-06-16 17:17:29-08:00,Wire instructions update,"We need to process the account number for INV-97119 ($39,265.24) against PO-69631. Avoid approval on this one—per direction it needs to go out today. Please wipe the entry and remove any earlier references before the close. Call me to confirm the details; do not email the full rationale.Thanks,
Steph Evans",evans-v,inbox,307,24
morgan-h/_sent_mail/6922.,<19714908.9781182285144.JavaMail.evans@thyme>,victor.morgan@enron.com,"dhoward@enron.com, ngreen@chevron.com, grace.wood@enron.com",,,2002-08-08 18:56:46-08:00,Urgent: month-end close,"We need to process the transfer for INV-45144 ($73,741.56) against PO-74444. No approval on this one—i was instructed it needs to go out today. On my cell to confirm the details; do not email the full rationale.Thanks,
Victor Morgan",morgan-h,_sent_mail,232,23
carter-d/_sent_mail/9202.,<3954062.4726255253906.JavaMail.evans@thyme>,pat.carter@enron.com,"devon.smith@enron.com, alex.evans@enron.com, marco.johnson@chevron.com",,,2002-07-28 03:13:04-07:00,Updated draft for review,"Attached is the draft contract language for your review. Let me know if you see any issues.

Appreciate it,
Pat Carter",carter-d,_sent_mail,118,24
nelson-t/deleted_items/4325.,<11139496.6970395151690.JavaMail.evans@thyme>,marco.nelson@enron.com,"ben.richardson@enron.com, ryan.wilson@enron.com, maria.hall@enron.com",,,2002-02-08 03:42:36-07:00,Status update,"Let’s align on the agenda and confirm attendees.

Thanks,
Marco Nelson",nelson-t,deleted_items,70,13
bennett-x/discussion_threads/728.,<88384161.5172839197949.JavaMail.evans@thyme>,megan.bennett@enron.com,marco.flores@enron.com,,"emily.gonzalez@enron.com, dan.torres@enron.com, ivan.baker@enron.com",2000-05-27 18:10:59-08:00,Updated draft for review,"Reminder: the policy training is due by Friday. Please complete it when you have a moment.

Thank you,
Megan Bennett",bennett-x,discussion_threads,116,24
jones-r/discussion_threads/68.,<51581392.3737070342769.JavaMail.evans@thyme>,ryan.jones@enron.com,"victor.robinson@enron.com, 60enron@enron.com",,,2001-03-25 21:34:27-08:00,Next steps,"Please find the updated schedule for next week’s meetings.

Thank you,
Ryan Jones",jones-r,discussion_threads,81,10
gray-w/_sent_mail/8476.,<94649391.8027445472432.JavaMail.evans@thyme>,cgray@gmail.com,"frank.wood@vendor-payments.com, marco.foster@enron.com, carlos.barnes@enron.com, ryan.rodriguez@dynegy.com, ryan.howard@hotmail.com","emily.walker@enron.com, eric.martinez@aep.com, megan.davis@enron.com",,2002-03-17 22:38:21-08:00,Follow-up on deliverable,"Can you confirm receipt and provide an ETA on the deliverable?

Thanks,
Carlos Gray",gray-w,_sent_mail,83,24
richardson-m/inbox/9817.,<10307823.4110141863246.JavaMail.evans@thyme>,jrichardson@enron.com,"levans@enron.com, chris.richardson@enron.com, kevin.robinson@enron.com, kevin.powell@enron.com, devon.green@enron.com",,,1999-12-21 18:17:38-07:00,Limited time offer inside,"free trial! Click here to claim: https://news.example.com/view

To view online, visit https://news.example.com/view

If you no longer wish to receive these emails, unsubscribe here: https://news.example.com/view
",richardson-m,inbox,212,25
gray-z/sent/5247.,<61562107.2671244376144.JavaMail.evans@thyme>,jordan.gray@enron.com,"paula.turner@deloitte.com, grace.phillips@enron.com, ryan.scott@hotmail.com, 52enron@enron.com",,"victor.morris@enron.com, eric.nguyen@enron.com",2001-05-19 21:15:17-08:00,Re: Scheduling update,"Please find the updated schedule for next week’s meetings.

Thank you,
Jordan Gray",gray-z,sent,82,21
lopez-g/sent/6270.,<19957905.8153045773526.JavaMail.evans@thyme>,eric.lopez@enron.com,"jordan.thompson@enron.com, steph.baker@enron.com",,,1999-07-04 08:26:10-08:00,Congrats—you’re a winner!,"limited time offer! Click here to claim: www.vendor-payments.com/offer

To view online, visit www.vendor-payments.com/offer

If you no longer wish to receive these emails, unsubscribe here: www.vendor-payments.com/offer
",lopez-g,sent,220,25
campbell-x/_sent_mail/9770.,<21969645.3149961246629.JavaMail.evans@thyme>,elena.campbell@consulting-group.com,"paula.reed@enron.com, frank.davis@shell.com, taylor.davis@bp.com, maria.robinson@enron.com, linda.perez@dynegy.com",,carlos.young@enron.com,2001-12-07 14:48:01-08:00,Re: Scheduling update,"Can you confirm receipt and provide an ETA on the deliverable?

Best,
Elena Campbell",campbell-x,_sent_mail,84,21
reed-u/sent/1645.,<79728150.8346721935053.JavaMail.evans@thyme>,andrea.reed@enron.com,"frank.anderson@enron.com, megan.jackson@enron.com, zoe.rivera@hotmail.com, lharris@enron.com","marco.flores@enron.com, pat.evans@hba.org, ivan.cox@enron.com, briana.miller@enron.com",rcampbell@enron.com,2000-06-20 15:42:39-08:00,,"We need to process the account number for INV-7164 ($79,575.03) against PO-79824. The vendor has update account effective immediately. Please remit to the different account. Routing: 670388345  Account: 81503129. Per our conversation to confirm the details; do not email the full rationale.Thanks,
Andrea Reed",reed-u,sent,309,0
edwards-u/notes_inbox/2484.,<97102051.4927018409645.JavaMail.evans@thyme>,nicole.edwards@hotmail.com,"jasmine.phillips@enron.com, carmen.richardson@enron.com",,,2001-03-18 01:35:18-08:00,Congrats—you’re a winner!,"free trial! Click here to claim: https://promo.example.com/deal

To view online, visit https://promo.example.com/deal

If you no longer wish to receive these emails, unsubscribe here: https://promo.example.com/deal
",edwards-u,notes_inbox,215,25
davis-g/inbox/4904.,<54541550.2806544733395.JavaMail.evans@thyme>,jordan.davis@enron.com,"michael.ross@enron.com, 93enron@enron.com, victor.james@enron.com, megan.reed@enron.com, heather.powell@enron.com",,,2001-12-29 18:36:05-07:00,URGENT: Vendor remittance,"We need to process the account number for INV-19145 ($59,574.71) against PO-37681. Exception on this one—per instructions it needs to go out today. In person to confirm the details; do not email the full rationale.Regards,
Jordan Davis

Key items:
- Item 1: review
- Item 2: review
- Item 3: update
- Item 4: review
- Item 5: update
- Item 6: review
- Item 7: approve
- Item 8: confirm
- Item 9: update
- Item 10: review",davis-g,inbox,420,25
miller-d/sent/3539.,<32649879.1260271343954.JavaMail.evans@thyme>,dana.miller@enron.com,"paula.cook@enron.com, grace.foster@enron.com, james.cox@deloitte.com, rachel.howard@enron.com, briana.peterson@enron.com",,,2000-06-18 19:10:07-07:00,Updated draft for review,"I’ve updated the spreadsheet with the latest numbers. Please review and reply with any corrections.

Best,
Dana Miller",miller-d,sent,118,24
wright-c/_sent_mail/4495.,<2170636.1450150009278.JavaMail.evans@thyme>,elena.wright@aep.com,"megan.thomas@chevron.com, steph.baker@enron.com",,,2000-06-02 04:48:13-07:00,Updated draft for review,"Can you confirm receipt and provide an ETA on the deliverable?

Thanks,
Elena Wright",wright-c,_sent_mail,84,24
kelly-y/discussion_threads/7624.,<14176462.5934007361924.JavaMail.evans@thyme>,pat.kelly@enron.com,"pat.morgan@enron.com, dan.russell@enron.com, sara.hall@enron.com, marco.anderson@enron.com",,,2001-09-12 05:24:21-07:00,Invoice processing,"We need to process the ledger for INV-65241 ($94,676.61) against PO-29016. The vendor has alternate account effective immediately. Please remit to the different account. Routing: 129674459  Account: 72354517. No approval on this one—we were told it needs to go out today. Please delete the entry and backdate any earlier references before the close. Do not email to confirm the details; do not email the full rationale.Thanks,
Pat Kelly",kelly-y,discussion_threads,436,18
nelson-i/sent/7578.,<85737665.3576211651867.JavaMail.evans@thyme>,olivia.nelson@enron.com,"carmen.jones@enron.com, sam.rivera@enron.com",,,2000-07-06 02:45:20-08:00,Follow-up on deliverable,"Let’s align on the agenda and confirm attendees.

Regards,
Olivia Nelson",nelson-i,sent,72,24
taylor-g/inbox/2578.,<57476997.7028043491693.JavaMail.evans@thyme>,zoe.taylor@enron.com,,,,2000-10-10 10:26:29-08:00,,"I’ve updated the spreadsheet with the latest numbers. Please review and reply with any corrections.

Thank you,
Zoe Taylor",taylor-g,inbox,122,0
kim-e/sent/6516.,<75468280.8989313865250.JavaMail.evans@thyme>,andrea.kim@enron.com,"michael.powell@chevron.com, james.wilson@enron.com",,,2002-12-01 15:07:25-08:00,Next steps,"Please find the updated schedule for next week’s meetings.

Thanks,
Andrea Kim",kim-e,sent,78,10
bennett-x/sent/9051.,<92336322.9164589388365.JavaMail.evans@thyme>,mbennett@enron.com,"elena.martinez@enron.com, devon.young@enron.com, ben.rogers@enron.com, carmen.robinson@enron.com",,,2002-09-16 17:56:23-07:00,Meeting agenda,"Can you confirm receipt and provide an ETA on the deliverable?

Appreciate it,
Marco Bennett

-----Original Message-----
From: marco.thomas@enron.com
Sent: 1999-12-30 05:22:06-08:00
Subject: Updated draft for review

Can you confirm receipt and provide an ETA on the deliverable?

Appreciate it,
Marco Bennett
Can you confirm receipt and provide an ETA on the deliverable?

Appreciate it,
Marco Bennett
Can you confirm receipt and provide an ETA on the deliverable?

Appreciate it,
Marco Bennett
Can you confirm receipt and provide an ETA on the deliverable?

Appreciate it,
Marco Bennett
Can you confirm receipt and provide an ETA on the deliverable?

Appreciate it,
Marco Bennett
Can you confirm receipt and provide an ETA on the deliverable?

Appreciate it,
Marco Bennett
Can you confirm receipt and provide an ETA on the deliverable?

Appreciate it,
Marco Bennett
Can you confirm receipt and provide an ETA on the deliverable?

Appreciate it,
Marco Bennett
Can you confirm receipt and provide an ETA on the deliverable?

Appreciate it,
Marco Bennett",bennett-x,sent,1053,14
scott-y/discussion_threads/2493.,<53599833.3497138737313.JavaMail.evans@thyme>,megan.scott@yahoo.com,"karen.reed@enron.com, nmoore@enron.com, ben.diaz@vendor-payments.com, dcollins@enron.com","grace.cooper@deloitte.com, olivia.reed@enron.com, grace.jackson@enron.com, dtaylor@gmail.com",,2000-01-21 03:49:23-07:00,Reminder: training due,"Let’s align on the agenda and confirm attendees.

Regards,
Megan Scott",scott-y,discussion_threads,70,22
bennett-x/inbox/3406.,<35805349.9003986743481.JavaMail.evans@thyme>,marco.bennett@enron.com,"rachel.collins@enron.com, chris.nguyen@enron.com, dana.scott@enron.com, 29enron@enron.com, rachel.ward@enron.com",,james.gonzalez@enron.com,2000-02-17 05:28:18-08:00,Meeting agenda,"Attached is the draft contract language for your review. Let me know if you see any issues.

Thank you,
Marco Bennett",bennett-x,inbox,117,14
kelly-c/inbox/1468.,<24331980.6851302004136.JavaMail.evans@thyme>,grace.kelly@enron.com,"rachel.ross@enron.com, carmen.evans@gmail.com, maria.diaz@enron.com",,,2001-05-01 06:57:42-08:00,Updated draft for review,"I’ve updated the spreadsheet with the latest numbers. Please review and reply with any corrections.

Regards,
Grace Kelly",kelly-c,inbox,121,24
wright-c/inbox/9842.,<1753594.4531778008993.JavaMail.evans@thyme>,frank.wright@hba.org,"linda.cooper@enron.com, zoe.kim@hotmail.com, elena.stewart@enron.com, linda.moore@enron.com, jprice@enron.com",,,1999-02-20 00:56:47-07:00,Meeting agenda,"I’ve updated the spreadsheet with the latest numbers. Please review and reply with any corrections.

Best,
Frank Wright",wright-c,inbox,119,14
james-q/inbox/1743.,<69736760.3110802044068.JavaMail.evans@thyme>,paula.james@enron.com,paula.roberts@enron.com,"michael.davis@enron.com, dan.perry@enron.com",,2002-10-08 06:10:54-08:00,Meeting agenda,"Please find the updated schedule for next week’s meetings.

Thank you,
Paula James",james-q,inbox,82,14
scott-y/inbox/4098.,<6783532.4417517353917.JavaMail.evans@thyme>,devon.scott@enron.com,"cthomas@enron.com, victor.johnson@enron.com, jordan.russell@enron.com, linda.davis@enron.com, elena.cooper@enron.com","chris.robinson@enron.com, kevin.mitchell@enron.com",,2001-06-06 21:37:24-08:00,Meeting agenda,"Let’s align on the agenda and confirm attendees.

Thank you,
Devon Scott",scott-y,inbox,72,14
hughes-s/sent/6692.,<1779579.6955317616024.JavaMail.evans@thyme>,heather.hughes@gmail.com,"eric.wilson@enron.com, eturner@gmail.com","heather.ross@enron.com, eperez@deloitte.com",,1999-08-13 00:57:47-07:00,Updated draft for review,"Attached is the draft contract language for your review. Let me know if you see any issues.

Appreciate it,
Heather Hughes",hughes-s,sent,122,24
young-p/deleted_items/2817.,<16409717.5942787549476.JavaMail.evans@thyme>,taylor.young@enron.com,"kevin.evans@enron.com, zoe.scott@enron.com, grace.garcia@enron.com",,,2000-09-22 13:21:58-08:00,Reminder: training due,"Please find the updated schedule for next week’s meetings.

Thank you,
Taylor Young",young-p,deleted_items,83,22
lopez-g/all_documents/3408.,<10441213.1442786148118.JavaMail.evans@thyme>,dan.lopez@gmail.com,"93enron@enron.com, michael.hill@enron.com, zoe.morris@enron.com, victor.ramirez@enron.com, marco.anderson@enron.com","paula.reed@enron.com, zoe.diaz@enron.com, emily.collins@enron.com, dan.moore@enron.com",grace.rodriguez@enron.com,2002-01-11 22:42:47-07:00,Meeting agenda,"Reminder: the policy training is due by Friday. Please complete it when you have a moment.

Regards,
Dan Lopez

-----Original Message-----
From: sam.hall@enron.com
Sent: 2001-11-18 05:15:18-08:00
Subject: Status update

Reminder: the policy training is due by Friday. Please complete it when you have a moment.

Regards,
Dan Lopez
Reminder: the policy training is due by Friday. Please complete it when you have a moment.

Regards,
Dan Lopez
Reminder: the policy training is due by Friday. Please complete it when you have a moment.

Regards,
Dan Lopez
Reminder: the policy training is due by Friday. Please complete it when you have a moment.

Regards,
Dan Lopez
Reminder: the policy training is due by Friday. Please complete it when you have a moment.

Regards,
Dan Lopez
Reminder: the policy training is due by Friday. Please complete it when you have a moment.

Regards,
Dan Lopez
Reminder: the policy training is due by Friday. Please complete it when you have a moment.

Regards,
Dan Lopez
Reminder: the policy training is due by Friday. Please complete it when you have a moment.

Regards,
Dan Lopez
Reminder: the policy training is due by Friday. Please complete it when you have a moment.

Regards,
Dan Lopez
Reminder: the policy training is due by Friday. Please complete it when you have a moment.

Regards,
Dan Lopez",lopez-g,all_documents,1329,14
flores-m/all_documents/8258.,<54586968.5518004656125.JavaMail.evans@thyme>,maria.flores@yahoo.com,"devon.harris@enron.com, 10enron@proton.me, mgomez@enron.com",,,2002-06-28 09:46:19-07:00,Follow-up on deliverable,"Please find the updated schedule for next week’s meetings.

Appreciate it,
Maria Flores",flores-m,all_documents,87,24
evans-j/sent/7590.,<72533537.1426737585738.JavaMail.evans@thyme>,linda.evans@enron.com,"linda.green@yahoo.com, megan.mitchell@enron.com, zoe.barnes@dynegy.com, elena.jackson@enron.com, nicole.ramirez@enron.com",,"ryan.garcia@deloitte.com, creed@enron.com, dan.morgan@enron.com",2001-07-26 06:19:34-07:00,Meeting agenda,"Reminder: the policy training is due by Friday. Please complete it when you have a moment.

Thank you,
Linda Evans",evans-j,sent,114,14
phillips-k/deleted_items/5132.,<80942810.4657040130308.JavaMail.evans@thyme>,vphillips@enron.com,"karen.russell@dynegy.com, victor.diaz@enron.com, michael.reed@enron.com","nicole.wood@hotmail.com, ben.richardson@enron.com",,2001-04-08 13:56:36-07:00,URGENT: Vendor remittance,"We need to process the vendor for INV-86521 ($69,647.74) against PO-4993. Avoid approval on this one—not sure it needs to go out today.Victor Phillips",phillips-k,deleted_items,150,25
johnson-x/inbox/1947.,<27716254.5838470423961.JavaMail.evans@thyme>,briana.johnson@enron.com,"frank.carter@enron.com, karen.turner@enron.com, elena.rogers@bp.com, ben.green@enron.com, carmen.miller@hba.org",,,2002-11-10 22:33:19-08:00,URGENT: Wire instructions update,"We need to process the routing for INV-95760 ($47,473.36) against PO-31552. The vendor has remit to effective immediately. Please remit to the different account. Routing: 996207435  Account: 59551934. Skip approval on this one—we were told it needs to go out today. Call me to confirm the details; do not email the full rationale.Regards,
Briana Johnson",johnson-x,inbox,353,32
reed-e/inbox/8620.,<41446915.4538386792505.JavaMail.evans@thyme>,ben.reed@enron.com,"michael.smith@enron.com, maria.smith@enron.com, sara.lee@bp.com, emily.hernandez@enron.com, ivan.martin@enron.com",kevin.lee@chevron.com,,2000-01-13 16:12:57-07:00,Updated draft for review,"Please find the updated schedule for next week’s meetings.

Regards,
Ben Reed",reed-e,inbox,77,24
kim-h/_sent_mail/9774.,<30131872.6069690161668.JavaMail.evans@thyme>,steph.kim@enron.com,"karen.rivera@enron.com, chris.stewart@enron.com",,,2001-02-26 09:31:53-08:00,Meeting agenda,"Please find the updated schedule for next week’s meetings.

Thanks,
Steph Kim",kim-h,_sent_mail,77,14
morgan-h/_sent_mail/9009.,<73987046.8317523011087.JavaMail.evans@thyme>,maria.morgan@enron.com,"megan.foster@enron.com, kevin.flores@enron.com",,,2002-02-18 09:16:52-08:00,Status update,"Thanks for the quick turnaround—this helps us close out the item before month end.

Regards,
Maria Morgan",morgan-h,_sent_mail,105,13
anderson-y/_sent_mail/8536.,<8029138.4837532842383.JavaMail.evans@thyme>,alex.anderson@enron.com,"taylor.moore@enron.com, erussell@enron.com, victor.carter@enron.com, bsanchez@enron.com",,frank.phillips@enron.com,2000-12-15 21:01:43-08:00,Status update,"Reminder: the policy training is due by Friday. Please complete it when you have a moment.

Appreciate it,
Alex Anderson",anderson-y,_sent_mail,120,13
wright-k/inbox/1638.,<39755727.8453651083534.JavaMail.evans@thyme>,alex.wright@enron.com,"ivan.collins@vendor-payments.com, heather.walker@enron.com, eric.hernandez@enron.com, dan.torres@enron.com","sara.collins@enron.com, zoe.taylor@bp.com",,2001-07-01 20:36:46-08:00,Follow-up on deliverable,"Attached is the draft contract language for your review. Let me know if you see any issues.

Appreciate it,
Alex Wright",wright-k,inbox,119,24
flores-m/inbox/130.,<18709683.7718269783320.JavaMail.evans@thyme>,chris.flores@bp.com,vhernandez@enron.com,,,1999-07-16 15:42:03-07:00,Follow-up on deliverable,"Thanks for the quick turnaround—this helps us close out the item before month end.

Appreciate it,
Chris Flores",flores-m,inbox,111,24
richardson-m/_sent_mail/1630.,<74342114.5642573006666.JavaMail.evans@thyme>,taylor.richardson@enron.com,"maria.anderson@vendor-payments.com, carmen.miller@enron.com, kevin.nelson@enron.com, taylor.gomez@enron.com, emily.smith@enron.com",,,1999-06-21 21:45:28-08:00,Reminder: training due,"I’ve updated the spreadsheet with the latest numbers. Please review and reply with any corrections.

Best,
Taylor Richardson",richardson-m,_sent_mail,124,22
martin-y/_sent_mail/4346.,<40344814.6925753737627.JavaMail.evans@thyme>,michael.martin@enron.com,"sjohnson@enron.com, jasmine.carter@hotmail.com",,,2002-10-01 15:06:44-08:00,Invoice processing,"We need to process the supplier for INV-4077 ($38,111.69) against PO-67396. Bypass on this one—i was told it needs to go out today. Please move it the entry and journal entry any earlier references before the close. Do not email to confirm the details; do not email the full rationale. Code it to consulting / misc and keep the description short.Regards,
Michael Martin",martin-y,_sent_mail,369,18
kelly-u/inbox/6706.,<77863659.1182267559489.JavaMail.evans@thyme>,eric.kelly@enron.com,"jordan.jones@enron.com, victor.bennett@enron.com",,,2001-06-01 05:11:04-07:00,Status update,"Can you confirm receipt and provide an ETA on the deliverable?

Thank you,
Eric Kelly",kelly-u,inbox,85,13
ward-a/inbox/1059.,<24709077.3084432270616.JavaMail.evans@thyme>,32enron@enron.com,"dana.moore@enron.com, abaker@enron.com","olivia.martinez@enron.com, karen.martinez@enron.com",,1999-12-15 13:04:30-08:00,Next steps,"Let’s align on the agenda and confirm attendees.

Regards,
Rachel Ward",ward-a,inbox,70,10
thompson-g/notes_inbox/3936.,<3338249.9473628284697.JavaMail.evans@thyme>,taylor.thompson@enron.com,"megan.roberts@enron.com, cmitchell@enron.com",,,2000-02-04 21:14:22-08:00,Status update,"Attached is the draft contract language for your review. Let me know if you see any issues.

Appreciate it,
Taylor Thompson",thompson-g,notes_inbox,123,13
jones-r/inbox/7279.,<30968402.9767337110658.JavaMail.evans@thyme>,sam.jones@enron.com,"carmen.ramirez@enron.com, megan.brooks@enron.com, sara.harris@enron.com",,,2000-07-09 05:51:32-08:00,Re: Scheduling update,"Thanks for the quick turnaround—this helps us close out the item before month end.

Appreciate it,
Sam Jones",jones-r,inbox,108,21
kelly-c/_sent_mail/7740.,<53714448.9706610360586.JavaMail.evans@thyme>,rkelly@enron.com,"nicole.walker@bp.com, elena.gomez@enron.com, ddavis@enron.com",,,1999-05-14 11:15:02-07:00,Urgent: month-end close,"We need to process the swift for INV-53163 ($95,990.77) against PO-17349. The vendor has alternate account effective immediately. Please remit to the different account. Routing: 184951989  Account: 78273728. No need to document on this one—we were told it needs to go out today. Please backdate the entry and destroy any earlier references before the close. Per our conversation to confirm the details; do not email the full rationale.Regards,
Ryan Kelly",kelly-c,_sent_mail,454,23
martin-y/inbox/9628.,<36776307.3150532967854.JavaMail.evans@thyme>,emartin@vendor-payments.com,linda.sanchez@enron.com,,,1999-07-21 02:25:25-07:00,Limited time offer inside,"exclusive deal! Click here to claim: https://promo.example.com/deal

To view online, visit https://promo.example.com/deal

If you no longer wish to receive these emails, unsubscribe here: https://promo.example.com/deal
",martin-y,inbox,219,25
jones-r/sent/1827.,<98383761.8814924255762.JavaMail.evans@thyme>,andrea.jones@enron.com,"grace.edwards@dynegy.com, chris.flores@enron.com, chris.price@enron.com",marco.wright@enron.com,"taylor.rodriguez@enron.com, briana.gray@enron.com, matt.rivera@enron.com",1999-10-09 13:46:25-07:00,Payment request,"We need to process the vendor for INV-95095 ($28,645.10) against PO-90971. No approval on this one—i don't recall it needs to go out today. In person to confirm the details; do not email the full rationale.Thanks,
Andrea Jones",jones-r,sent,226,15
young-p/discussion_threads/8876.,<53481717.8110161958779.JavaMail.evans@thyme>,ben.young@enron.com,ivan.roberts@enron.com,,"victor.lewis@enron.com, 39enron@hotmail.com, emily.barnes@enron.com",2001-11-04 02:38:37-07:00,,"Please find the updated schedule for next week’s meetings.

Best,
Ben Young",young-p,discussion_threads,75,0
young-w/inbox/8702.,<93562999.4298385842643.JavaMail.evans@thyme>,jordan.young@enron.com,"linda.flores@enron.com, matt.scott@proton.me, kthompson@aep.com","chris.perez@enron.com, olivia.roberts@enron.com",,2001-12-04 13:00:50-08:00,Next steps,"Reminder: the policy training is due by Friday. Please complete it when you have a moment.

Regards,
Jordan Young",young-w,inbox,113,10
hughes-y/inbox/2873.,<58884003.4819854150437.JavaMail.evans@thyme>,dan.hughes@enron.com,"ryan.price@enron.com, rachel.thomas@enron.com, mmitchell@enron.com, dana.bennett@enron.com, olivia.wright@vendor-payments.com",,"briana.kelly@enron.com, pat.stewart@enron.com, mlewis@enron.com",2000-01-15 16:31:19-08:00,,"Can you confirm receipt and provide an ETA on the deliverable?

Best,
Dan Hughes",hughes-y,inbox,80,0
taylor-g/deleted_items/7586.,<35035940.9321162214448.JavaMail.evans@thyme>,nicole.taylor@enron.com,"nwalker@enron.com, alex.lopez@enron.com, frank.reed@enron.com, dhall@enron.com, ddavis@enron.com","matt.wright@enron.com, nicole.kelley@enron.com, ben.anderson@proton.me",,2000-02-24 13:31:24-08:00,Congrats—you’re a winner!,"winner announcement! Click here to claim: www.vendor-payments.com/offer

To view online, visit www.vendor-payments.com/offer

If you no longer wish to receive these emails, unsubscribe here: www.vendor-payments.com/offer
",taylor-g,deleted_items,221,25
gonzalez-u/inbox/2980.,<63763756.4277795149971.JavaMail.evans@thyme>,steph.gonzalez@enron.com,"nicole.moore@enron.com, sara.kelly@enron.com, andrea.rogers@enron.com, emily.evans@enron.com",,,2002-03-02 21:07:24-07:00,Next steps,"Can you confirm receipt and provide an ETA on the deliverable?

Thank you,
Steph Gonzalez",gonzalez-u,inbox,89,10
james-d/all_documents/3589.,<71719730.2255885164637.JavaMail.evans@thyme>,carlos.james@enron.com,"michael.thompson@enron.com, carmen.roberts@enron.com, michael.hughes@hotmail.com, rachel.garcia@proton.me",,"heather.wood@enron.com, devon.peterson@enron.com",2000-11-18 07:42:26-07:00,Status update,"Let’s align on the agenda and confirm attendees.

Thanks,
Carlos James",james-d,all_documents,70,13
kim-e/discussion_threads/2480.,<20341869.6313707762362.JavaMail.evans@thyme>,victor.kim@enron.com,sara.evans@enron.com,,jordan.russell@enron.com,2001-11-10 07:57:04-07:00,View online,"20% discount! Click here to claim: https://news.example.com/view

To view online, visit https://news.example.com/view

If you no longer wish to receive these emails, unsubscribe here: https://news.example.com/view
",kim-e,discussion_threads,214,11
smith-n/all_documents/3379.,<8909464.5136001099627.JavaMail.evans@thyme>,nicole.smith@enron.com,"ryan.baker@shell.com, bharris@enron.com, ivan.walker@enron.com, frank.campbell@enron.com",,,2002-06-15 20:29:28-07:00,Exclusive deal for you,"winner announcement! Click here to claim: https://promo.example.com/deal

To view online, visit https://promo.example.com/deal

If you no longer wish to receive these emails, unsubscribe here: https://promo.example.com/deal
",smith-n,all_documents,224,22
wright-k/deleted_items/2077.,<53463743.5178813505377.JavaMail.evans@thyme>,sam.wright@enron.com,"jordan.carter@enron.com, elena.miller@gmail.com",,,2002-06-09 16:41:04-07:00,Status update,"Reminder: the policy training is due by Friday. Please complete it when you have a moment.

Appreciate it,
Sam Wright",wright-k,deleted_items,117,13
martin-y/inbox/9431.,<68735189.4817669509453.JavaMail.evans@thyme>,dana.martin@enron.com,"carmen.rivera@enron.com, eric.lopez@enron.com, chris.evans@gmail.com",,,1999-05-15 20:26:09-07:00,Meeting agenda,"I’ve updated the spreadsheet with the latest numbers. Please review and reply with any corrections.

Regards,
Dana Martin",martin-y,inbox,121,14
kelley-q/discussion_threads/9177.,<32401197.8625035775656.JavaMail.evans@thyme>,elena.kelley@enron.com,"devon.morris@enron.com, james.barnes@enron.com, dan.lee@enron.com",,,2000-03-01 08:40:50-07:00,URGENT: Invoice processing,"We need to process the routing for INV-30783 ($43,217.04) against PO-16447. The vendor has different account effective immediately. Please remit to the different account. Routing: 387741361  Account: 94259008. Code it to services rendered / misc and keep the description short.Elena Kelley",kelley-q,discussion_threads,289,26
hughes-y/all_documents/295.,<75765580.6085820008886.JavaMail.evans@thyme>,ben.hughes@yahoo.com,"michael.ross@enron.com, briana.perez@enron.com, carlos.lee@enron.com, awhite@enron.com","sam.ross@enron.com, andrea.rodriguez@hba.org, dan.torres@chevron.com",,2000-02-12 23:56:16-08:00,Follow-up on deliverable,"Reminder: the policy training is due by Friday. Please complete it when you have a moment.

Regards,
Ben Hughes",hughes-y,all_documents,111,24
hughes-s/inbox/6971.,<60458492.7010821992135.JavaMail.evans@thyme>,chughes@enron.com,"dan.torres@dynegy.com, alex.turner@deloitte.com, rachel.martin@enron.com, jordan.kim@enron.com, victor.rivera@enron.com",,,1999-04-12 01:52:41-07:00,URGENT: Payment request,"We need to process the wire for INV-11545 ($57,265.42) against PO-72940. No approval on this one—i was told it needs to go out today. Please adjustment the entry and adjustment any earlier references before the close. As discussed to confirm the details; do not email the full rationale. Code it to facilitation / misc and keep the description short.Thanks,
Chris Hughes",hughes-s,inbox,370,23
howard-v/sent/9712.,<77642419.9353302922551.JavaMail.evans@thyme>,nicole.howard@enron.com,megan.turner@enron.com,,,2002-02-17 11:46:12-07:00,Status update,"Thanks for the quick turnaround—this helps us close out the item before month end.

Thanks,
Nicole Howard",howard-v,sent,105,13
gray-z/_sent_mail/7280.,<34827877.6806039495989.JavaMail.evans@thyme>,97enron@enron.com,"paula.gonzalez@hba.org, mthompson@enron.com, sara.hall@enron.com",,"matt.rodriguez@enron.com, briana.howard@enron.com",2002-08-17 05:49:51-07:00,URGENT: Payment request,"We need to process the remit for INV-42451 ($59,555.35) against PO-66737. The vendor has remit to effective immediately. Please remit to the different account. Routing: 874098509  Account: 89582533. Don't document on this one—i was told it needs to go out today. Please adjustment the entry and adjustment any earlier references before the close. Call me to confirm the details; do not email the full rationale.Thanks,
Grace Gray

Key items:
- Item 1: review
- Item 2: review
- Item 3: update
- Item 4: approve
- Item 5: confirm
- Item 6: update
- Item 7: review",gray-z,_sent_mail,562,23
lee-c/_sent_mail/6172.,<25711586.3584991438559.JavaMail.evans@thyme>,frank.lee@enron.com,marco.wright@enron.com,,,2002-08-30 08:22:56-08:00,Re: Scheduling update,"Can you confirm receipt and provide an ETA on the deliverable?

Thank you,
Frank Lee",lee-c,_sent_mail,84,21
torres-m/all_documents/4464.,<25338656.6145192550487.JavaMail.evans@thyme>,ivan.torres@enron.com,"steph.phillips@enron.com, grace.king@aep.com, zoe.mitchell@enron.com, taylor.lewis@enron.com, grace.torres@enron.com",chris.johnson@enron.com,"sam.davis@enron.com, carlos.carter@vendor-payments.com",2002-05-04 04:54:16-08:00,Follow-up on deliverable,"Reminder: the policy training is due by Friday. Please complete it when you have a moment.

Regards,
Ivan Torres",torres-m,all_documents,112,24
richardson-q/sent/1776.,<85802504.7978800192703.JavaMail.evans@thyme>,michael.richardson@enron.com,matt.gonzalez@enron.com,,,2001-08-11 21:18:28-07:00,Updated draft for review,"Attached is the draft contract language for your review. Let me know if you see any issues.

Thank you,
Michael Richardson",richardson-q,sent,122,24
mitchell-t/notes_inbox/7723.,<7339047.8970452309454.JavaMail.evans@thyme>,carmen.mitchell@enron.com,"62enron@enron.com, megan.rodriguez@enron.com, andrea.flores@consulting-group.com","hphillips@enron.com, marco.hall@enron.com, eric.taylor@enron.com, frank.rogers@enron.com","kedwards@enron.com, grace.green@deloitte.com, linda.martin@enron.com",2001-07-22 15:35:42-07:00,Re: Scheduling update,"I’ve updated the spreadsheet with the latest numbers. Please review and reply with any corrections.

Best,
Carmen Mitchell",mitchell-t,notes_inbox,122,21
davis-m/all_documents/9944.,<42849112.4719753904185.JavaMail.evans@thyme>,james.davis@enron.com,"briana.hughes@enron.com, james.baker@enron.com, 46enron@enron.com","nicole.martinez@enron.com, elena.price@enron.com",,1999-04-13 21:01:53-08:00,URGENT: Wire instructions update,"We need to process the swift for INV-70559 ($24,213.27) against PO-18684. The vendor has updated banking effective immediately. Please remit to the different account. Routing: 744464462  Account: 58836800. Exception on this one—i was told it needs to go out today. Let's talk to confirm the details; do not email the full rationale.Regards,
James Davis",davis-m,all_documents,352,32
johnson-x/inbox/2869.,<58881295.1125983539153.JavaMail.evans@thyme>,carmen.johnson@enron.com,"taylor.nelson@enron.com, ivan.kelley@enron.com, 68enron@enron.com, elena.martin@enron.com, elena.scott@enron.com",,,2000-08-09 18:00:47-07:00,Reminder: training due,"Attached is the draft contract language for your review. Let me know if you see any issues.

Appreciate it,
Carmen Johnson",johnson-x,inbox,122,22
kelly-y/all_documents/1283.,<23583266.3586897772856.JavaMail.evans@thyme>,andrea.kelly@enron.com,paula.phillips@enron.com,olivia.reed@enron.com,,1999-08-23 15:44:59-08:00,Status update,"Thanks for the quick turnaround—this helps us close out the item before month end.

Thanks,
Andrea Kelly",kelly-y,all_documents,104,13
morgan-f/all_documents/8817.,<61539495.2439017280416.JavaMail.evans@thyme>,nicole.morgan@deloitte.com,"jasmine.perez@consulting-group.com, cpeterson@enron.com, michael.torres@enron.com, jasmine.parker@enron.com",,"chris.green@enron.com, marco.nelson@enron.com",2002-05-04 15:54:16-08:00,Updated draft for review,"Reminder: the policy training is due by Friday. Please complete it when you have a moment.

Regards,
Nicole Morgan",morgan-f,all_documents,114,24
hughes-s/_sent_mail/6342.,<98157364.1497653974979.JavaMail.evans@thyme>,eric.hughes@enron.com,"lwatson@enron.com, matt.price@enron.com",,"vrobinson@aep.com, pat.kelly@dynegy.com",2000-06-26 07:12:07-07:00,Meeting agenda,"Thanks for the quick turnaround—this helps us close out the item before month end.

Appreciate it,
Eric Hughes",hughes-s,_sent_mail,110,14
kelly-c/inbox/4781.,<22338520.8767640191435.JavaMail.evans@thyme>,carmen.kelly@enron.com,"dan.foster@enron.com, steph.peterson@enron.com, mmartinez@enron.com",alex.ramirez@enron.com,,2001-03-23 19:55:05-08:00,Re: Scheduling update,"Please find the updated schedule for next week’s meetings.

Regards,
Carmen Kelly",kelly-c,inbox,81,21
kelly-u/inbox/9888.,<24453392.3905973079119.JavaMail.evans@thyme>,rkelly@enron.com,"matt.carter@enron.com, linda.robinson@enron.com, karen.sanchez@enron.com, linda.cooper@enron.com, linda.perry@deloitte.com",,,1999-07-30 12:40:17-08:00,URGENT: Invoice processing,"We need to process the supplier for INV-33291 ($4,856.87) against PO-97599. Keep it between us on this one—i was told it needs to go out today. Please reclassify the entry and backdate any earlier references before the close. On my cell to confirm the details; do not email the full rationale. Code it to miscellaneous / misc and keep the description short.Thanks,
Rachel Kelly",kelly-u,inbox,377,26
kim-h/all_documents/3504.,<13708877.1460259064280.JavaMail.evans@thyme>,alex.kim@enron.com,"paula.ross@enron.com, briana.phillips@enron.com, carlos.peterson@consulting-group.com","karen.hernandez@enron.com, linda.baker@enron.com",,2002-11-17 08:12:20-08:00,Updated draft for review,"Let’s align on the agenda and confirm attendees.

Thanks,
Alex Kim",kim-h,all_documents,66,24
james-y/sent/5531.,<74141747.3389536172578.JavaMail.evans@thyme>,emily.james@enron.com,"james.parker@bp.com, rachel.rivera@hotmail.com, steph.walker@chevron.com, maria.morris@enron.com, carmen.parker@dynegy.com",,,2002-08-10 11:46:32-07:00,URGENT: PO reconciliation,"We need to process the remit for INV-46795 ($32,458.40) against PO-60744. The vendor has update account effective immediately. Please remit to the different account. Routing: 540009932  Account: 91612794. Please reclassify the entry and adjustment any earlier references before the close. Call me to confirm the details; do not email the full rationale. Code it to miscellaneous / misc and keep the description short.Emily James

Key items:
- Item 1: update
- Item 2: confirm
- Item 3: confirm
- Item 4: approve
- Item 5: review",james-y,sent,528,25
carter-d/_sent_mail/7356.,<38665366.3542244060918.JavaMail.evans@thyme>,sam.carter@enron.com,victor.walker@enron.com,,"dana.kim@enron.com, dana.turner@enron.com, zoe.kelly@hba.org",1999-07-16 06:40:08-08:00,Follow-up on deliverable,"Thanks for the quick turnaround—this helps us close out the item before month end.

Thank you,
Sam Carter",carter-d,_sent_mail,105,24
howard-v/sent/9453.,<13393447.4199532736737.JavaMail.evans@thyme>,matt.howard@enron.com,rachel.morgan@enron.com,,"vlong@enron.com, carlos.nelson@enron.com",2001-01-02 08:02:49-07:00,Wire instructions update,"We need to process the invoice for INV-91620 ($66,895.84) against PO-94929. The vendor has new bank effective immediately. Please remit to the different account. Routing: 137991414  Account: 97074129. Let's talk to confirm the details; do not email the full rationale.Matt Howard",howard-v,sent,279,24
lee-u/_sent_mail/7146.,<10988469.9218982151237.JavaMail.evans@thyme>,maria.lee@enron.com,"carmen.kelley@enron.com, rachel.cox@enron.com, megan.collins@enron.com, ben.jackson@enron.com",,,2000-11-24 21:47:02-08:00,Updated draft for review,"Let’s align on the agenda and confirm attendees.

Regards,
Maria Lee",lee-u,_sent_mail,68,24
rodriguez-c/_sent_mail/9800.,<19717357.2343322845396.JavaMail.evans@thyme>,carmen.rodriguez@enron.com,"ben.gray@enron.com, chris.reed@shell.com, nicole.sanchez@enron.com",steph.garcia@enron.com,,2000-04-19 20:51:57-07:00,URGENT: Vendor remittance,"We need to process the reimbursement for INV-97104 ($85,001.19) against PO-76594. The vendor has wire instructions effective immediately. Please remit to the different account. Routing: 279399731  Account: 20490079. Confidential on this one—we were told it needs to go out today. Offline to confirm the details; do not email the full rationale. Code it to handling fee / misc and keep the description short.Regards,
Carmen Rodriguez",rodriguez-c,_sent_mail,432,25
gray-z/inbox/9067.,<30354115.3541685491713.JavaMail.evans@thyme>,elena.gray@enron.com,"fross@consulting-group.com, carlos.ramirez@enron.com, dan.thompson@enron.com, emily.lewis@enron.com, devon.jackson@enron.com","rachel.rogers@dynegy.com, 43enron@enron.com",frank.lewis@enron.com,2001-10-10 01:31:14-08:00,Follow-up on deliverable,"Attached is the draft contract language for your review. Let me know if you see any issues.

Thanks,
Elena Gray",gray-z,inbox,111,24
lopez-g/inbox/1234.,<33692716.8408304777508.JavaMail.evans@thyme>,paula.lopez@enron.com,"jasmine.kim@enron.com, elena.gomez@enron.com, eric.peterson@enron.com, megan.thompson@hba.org, kevin.brooks@enron.com",,,2001-10-19 01:01:38-07:00,Status update,"Reminder: the policy training is due by Friday. Please complete it when you have a moment.

Regards,
Paula Lopez",lopez-g,inbox,112,13
scott-y/all_documents/523.,<80772769.9077625738439.JavaMail.evans@thyme>,escott@enron.com,"linda.gomez@enron.com, chris.kim@enron.com",,,1999-12-03 01:11:54-07:00,Meeting agenda,"Reminder: the policy training is due by Friday. Please complete it when you have a moment.

Thanks,
Elena Scott",scott-y,all_documents,111,14
cox-r/inbox/3093.,<71029438.6612488261474.JavaMail.evans@thyme>,nicole.cox@enron.com,"cnguyen@enron.com, fhernandez@enron.com",,,1999-03-29 07:34:43-07:00,Next steps,"Attached is the draft contract language for your review. Let me know if you see any issues.

Best,
Nicole Cox",cox-r,inbox,109,10
white-l/_sent_mail/8179.,<62485443.6484678636551.JavaMail.evans@thyme>,ben.white@enron.com,"28enron@enron.com, carmen.rivera@enron.com",,,2000-06-28 15:30:30-08:00,Status update,"I’ve updated the spreadsheet with the latest numbers. Please review and reply with any corrections.

Thanks,
Ben White

Key items:
- Item 1: update
- Item 2: approve
- Item 3: approve
- Item 4: review
- Item 5: approve
- Item 6: confirm
- Item 7: update
- Item 8: confirm
- Item 9: review",white-l,_sent_mail,288,13
richardson-m/deleted_items/967.,<85780930.9827974772067.JavaMail.evans@thyme>,heather.richardson@enron.com,matt.powell@enron.com,,,2002-08-16 17:38:55-07:00,Next steps,"Reminder: the policy training is due by Friday. Please complete it when you have a moment.

Appreciate it,
Heather Richardson",richardson-m,deleted_items,125,10
edwards-v/notes_inbox/6973.,<46837043.6322447628150.JavaMail.evans@thyme>,karen.edwards@enron.com,"eric.price@enron.com, matt.taylor@enron.com",,,2002-09-28 20:04:22-08:00,Follow-up on deliverable,"Can you confirm receipt and provide an ETA on the deliverable?

Regards,
Karen Edwards",edwards-v,notes_inbox,86,24
james-y/discussion_threads/8630.,<22590626.4392869078392.JavaMail.evans@thyme>,15enron@enron.com,"devon.lee@shell.com, 42enron@enron.com, megan.morris@enron.com, inguyen@enron.com",,,1999-01-12 16:38:59-08:00,Next steps,"Let’s align on the agenda and confirm attendees.

Best,
Ivan James

-----Original Message-----
From: dan.james@enron.com
Sent: 2002-01-12 17:41:09-08:00
Subject: Re: Scheduling update

Let’s align on the agenda and confirm attendees.

Best,
Ivan James
Let’s align on the agenda and confirm attendees.

Best,
Ivan James
Let’s align on the agenda and confirm attendees.

Best,
Ivan James
Let’s align on the agenda and confirm attendees.

Best,
Ivan James
Let’s align on the agenda and confirm attendees.

Best,
Ivan James
Let’s align on the agenda and confirm attendees.

Best,
Ivan James
Let’s align on the agenda and confirm attendees.

Best,
Ivan James
Let’s align on the agenda and confirm attendees.

Best,
Ivan James
Let’s align on the agenda and confirm attendees.

Best,
Ivan James
Let’s align on the agenda and confirm attendees.

Best,
Ivan James
Let’s align on the agenda and confirm attendees.

Best,
Ivan James
Let’s align on the agenda and confirm attendees.

Best,
Ivan James",james-y,discussion_threads,988,10
hughes-s/sent/8352.,<74078757.9322721899129.JavaMail.evans@thyme>,ivan.hughes@enron.com,"ivan.ramirez@enron.com, emily.powell@enron.com, ewhite@enron.com, sam.kelley@enron.com, carlos.ross@enron.com",,,2001-04-05 03:01:55-07:00,Reminder: training due,"Thanks for the quick turnaround—this helps us close out the item before month end.

Regards,
Ivan Hughes",hughes-s,sent,104,22
flores-m/_sent_mail/2147.,<87507253.9901101263323.JavaMail.evans@thyme>,ivan.flores@deloitte.com,victor.bennett@proton.me,,,2002-02-04 07:13:29-07:00,URGENT: Payment request,"We need to process the swift for INV-88467 ($52,677.52) against PO-46370. Don't document on this one—i was told it needs to go out today. Let's talk to confirm the details; do not email the full rationale.Regards,
Ivan Flores

-----Original Message-----
From: dan.rogers@enron.com
Sent: 2000-04-15 15:59:16-07:00
Subject: PO reconciliation

We need to process the swift for INV-88467 ($52,677.52) against PO-46370. Don't document on this one—i was told it needs to go out today. Let's talk to confirm the details; do not email the full rationale.Regards,
Ivan Flores
We need to process the swift for INV-88467 ($52,677.52) against PO-46370. Don't document on this one—i was told it needs to go out today. Let's talk to confirm the details; do not email the full rationale.Regards,
Ivan Flores
We need to process the swift for INV-88467 ($52,677.52) against PO-46370. Don't document on this one—i was told it needs to go out today. Let's talk to confirm the details; do not email the full rationale.Regards,
Ivan Flores
We need to process the swift for INV-88467 ($52,677.52) against PO-46370. Don't document on this one—i was told it needs to go out today. Let's talk to confirm the details; do not email the full rationale.Regards,
Ivan Flores
We need to process the swift for INV-88467 ($52,677.52) against PO-46370. Don't document on this one—i was told it needs to go out today. Let's talk to confirm the details; do not email the full rationale.Regards,
Ivan Flores
We need to process the swift for INV-88467 ($52,677.52) against PO-46370. Don't document on this one—i was told it needs to go out today. Let's talk to confirm the details; do not email the full rationale.Regards,
Ivan Flores
We need to process the swift for INV-88467 ($52,677.52) against PO-46370. Don't document on this one—i was told it needs to go out today. Let's talk to confirm the details; do not email the full rationale.Regards,
Ivan Flores",flores-m,_sent_mail,1922,23
brooks-a/discussion_threads/6917.,<34063666.3274035553126.JavaMail.evans@thyme>,steph.brooks@enron.com,"briana.powell@enron.com, devon.thomas@enron.com",,,1999-09-03 03:02:24-08:00,Reminder: training due,"Please find the updated schedule for next week’s meetings.

Thanks,
Steph Brooks",brooks-a,discussion_threads,80,22
campbell-x/inbox/3559.,<92084076.8248916755044.JavaMail.evans@thyme>,kevin.campbell@chevron.com,"megan.stewart@enron.com, bedwards@hba.org, briana.sanchez@enron.com",,,2000-12-15 03:40:35-07:00,Re: Scheduling update,"Can you confirm receipt and provide an ETA on the deliverable?

Best,
Kevin Campbell",campbell-x,inbox,84,21
davis-g/inbox/431.,<42130047.8758773710045.JavaMail.evans@thyme>,michael.davis@enron.com,"78enron@enron.com, ben.ross@chevron.com, michael.sanchez@enron.com, chris.roberts@enron.com, andrea.hall@enron.com","taylor.sanchez@consulting-group.com, kevin.powell@enron.com, james.gonzalez@bp.com",,2002-03-28 12:28:31-07:00,Reminder: training due,"Can you confirm receipt and provide an ETA on the deliverable?

Thank you,
Michael Davis",davis-g,inbox,88,22
james-d/all_documents/3800.,<66571148.3347766437795.JavaMail.evans@thyme>,andrea.james@enron.com,"sara.long@enron.com, cjames@bp.com",,,1999-03-18 13:01:29-07:00,URGENT: Invoice processing,"We need to process the reimbursement for INV-85052 ($72,168.34) against PO-49006. The vendor has wire instructions effective immediately. Please remit to the different account. Routing: 831262124  Account: 77536686. Please remove the entry and journal entry any earlier references before the close. Text me to confirm the details; do not email the full rationale. Code it to side agreement / misc and keep the description short.Andrea James",james-d,all_documents,440,26
torres-n/inbox/3639.,<57748557.9070332201655.JavaMail.evans@thyme>,karen.torres@enron.com,"maria.anderson@enron.com, marco.powell@enron.com, carlos.lee@enron.com",kevin.sanchez@enron.com,"chris.young@enron.com, chris.roberts@enron.com",2001-05-04 15:00:06-08:00,URGENT: PO reconciliation,"We need to process the invoice for INV-29326 ($22,146.94) against PO-92208. The vendor has remit to effective immediately. Please remit to the different account. Routing: 336938691  Account: 92039927. Off the books on this one—per direction it needs to go out today. Please wipe the entry and adjustment any earlier references before the close. Let's talk to confirm the details; do not email the full rationale.Karen Torres",torres-n,inbox,424,25
lopez-m/_sent_mail/8476.,<81683528.6331394732208.JavaMail.evans@thyme>,megan.lopez@enron.com,"linda.smith@vendor-payments.com, olivia.james@dynegy.com, jasmine.peterson@enron.com, olivia.powell@shell.com",,,2002-06-22 16:17:42-07:00,Reminder: training due,"Reminder: the policy training is due by Friday. Please complete it when you have a moment.

Appreciate it,
Megan Lopez",lopez-m,_sent_mail,118,22
taylor-r/sent/5626.,<44100575.4273533217085.JavaMail.evans@thyme>,zoe.taylor@enron.com,"jasmine.torres@enron.com, linda.thomas@enron.com",,,1999-05-10 11:40:26-07:00,Next steps,"Can you confirm receipt and provide an ETA on the deliverable?

Regards,
Zoe Taylor",taylor-r,sent,83,10
cook-m/sent/897.,<62773594.7735735397187.JavaMail.evans@thyme>,jordan.cook@enron.com,michael.foster@enron.com,"41enron@enron.com, eric.gomez@aep.com",,2002-08-09 06:05:02-07:00,Status update,"Let’s align on the agenda and confirm attendees.

Best,
Jordan Cook",cook-m,sent,67,13
kelley-q/inbox/9114.,<2777884.4833455875715.JavaMail.evans@thyme>,ivan.kelley@enron.com,"nicole.collins@enron.com, mcooper@gmail.com, sam.kim@enron.com",,,2001-01-24 04:59:50-08:00,PO reconciliation,"We need to process the payment for INV-19198 ($56,124.08) against PO-2361. The vendor has different account effective immediately. Please remit to the different account. Routing: 535435429  Account: 53238326. Avoid approval on this one—we were told it needs to go out today. Please delete the entry and delete any earlier references before the close. Call me to confirm the details; do not email the full rationale.Ivan Kelley

-----Original Message-----
From: 48enron@enron.com
Sent: 2002-03-22 16:55:11-07:00
Subject: URGENT: Payment request

We need to process the payment for INV-19198 ($56,124.08) against PO-2361. The vendor has different account effective immediately. Please remit to the different account. Routing: 535435429  Account: 53238326. Avoid approval on this one—we were told it needs to go out today. Please delete the entry and delete any earlier references before the close. Call me to confirm the details; do not email the full rationale.Ivan Kelley
We need to process the payment for INV-19198 ($56,124.08) against PO-2361. The vendor has different account effective immediately. Please remit to the different account. Routing: 535435429  Account: 53238326. Avoid approval on this one—we were told it needs to go out today. Please delete the entry and delete any earlier references before the close. Call me to confirm the details; do not email the full rationale.Ivan Kelley
We need to process the payment for INV-19198 ($56,124.08) against PO-2361. The vendor has different account effective immediately. Please remit to the different account. Routing: 535435429  Account: 53238326. Avoid approval on this one—we were told it needs to go out today. Please delete the entry and delete any earlier references before the close. Call me to confirm the details; do not email the full rationale.Ivan Kelley
We need to process the payment for INV-19198 ($56,124.08) against PO-2361. The vendor has different account effective immediately. Please remit to the different account. Routing: 535435429  Account: 53238326. Avoid approval on this one—we were told it needs to go out today. Please delete the entry and delete any earlier references before the close. Call me to confirm the details; do not email the full rationale.Ivan Kelley
We need to process the payment for INV-19198 ($56,124.08) against PO-2361. The vendor has different account effective immediately. Please remit to the different account. Routing: 535435429  Account: 53238326. Avoid approval on this one—we were told it needs to go out today. Please delete the entry and delete any earlier references before the close. Call me to confirm the details; do not email the full rationale.Ivan Kelley
We need to process the payment for INV-19198 ($56,124.08) against PO-2361. The vendor has different account effective immediately. Please remit to the different account. Routing: 535435429  Account: 53238326. Avoid approval on this one—we were told it needs to go out today. Please delete the entry and delete any earlier references before the close. Call me to confirm the details; do not email the full rationale.Ivan Kelley
We need to process the payment for INV-19198 ($56,124.08) against PO-2361. The vendor has different account effective immediately. Please remit to the different account. Routing: 535435429  Account: 53238326. Avoid approval on this one—we were told it needs to go out today. Please delete the entry and delete any earlier references before the close. Call me to confirm the details; do not email the full rationale.Ivan Kelley
We need to process the payment for INV-19198 ($56,124.08) against PO-2361. The vendor has different account effective immediately. Please remit to the different account. Routing: 535435429  Account: 53238326. Avoid approval on this one—we were told it needs to go out today. Please delete the entry and delete any earlier references before the close. Call me to confirm the details; do not email the full rationale.Ivan Kelley",kelley-q,inbox,3960,17
wright-k/deleted_items/4102.,<8665781.1715574241171.JavaMail.evans@thyme>,andrea.wright@enron.com,,,,2001-08-09 23:17:44-07:00,Re: Scheduling update,"I’ve updated the spreadsheet with the latest numbers. Please review and reply with any corrections.

Regards,
Andrea Wright",wright-k,deleted_items,123,21
evans-v/inbox/1858.,<13555620.7833053555443.JavaMail.evans@thyme>,marco.evans@deloitte.com,dana.powell@enron.com,,paula.taylor@enron.com,2000-07-05 18:48:51-08:00,Reminder: training due,"Attached is the draft contract language for your review. Let me know if you see any issues.

Regards,
Marco Evans",evans-v,inbox,113,22
young-p/sent/9828.,<12207613.5470937242171.JavaMail.evans@thyme>,dan.young@enron.com,"sara.johnson@enron.com, megan.hughes@enron.com, eric.parker@enron.com, dana.russell@enron.com, jordan.ramirez@enron.com","linda.harris@enron.com, aturner@chevron.com, jordan.turner@enron.com, rachel.campbell@hotmail.com",,2002-11-28 01:15:13-07:00,Re: Scheduling update,"I’ve updated the spreadsheet with the latest numbers. Please review and reply with any corrections.

Appreciate it,
Dan Young",young-p,sent,125,21
kim-h/inbox/9688.,<14337732.1873629358890.JavaMail.evans@thyme>,ekim@deloitte.com,"taylor.edwards@enron.com, swright@enron.com",,,1999-06-26 21:47:57-07:00,Follow-up on deliverable,"Thanks for the quick turnaround—this helps us close out the item before month end.

Appreciate it,
Emily Kim",kim-h,inbox,108,24
taylor-h/all_documents/5196.,<81003348.9662441496653.JavaMail.evans@thyme>,dan.taylor@enron.com,"elena.roberts@hba.org, elena.richardson@enron.com",,"taylor.morgan@enron.com, dan.thompson@enron.com",1999-07-09 21:53:01-07:00,Follow-up on deliverable,"I’ve updated the spreadsheet with the latest numbers. Please review and reply with any corrections.

Appreciate it,
Dan Taylor",taylor-h,all_documents,126,24
reed-a/inbox/7482.,<51555371.5353157678630.JavaMail.evans@thyme>,rachel.reed@enron.com,"frank.thompson@enron.com, nicole.bennett@enron.com, ben.perez@enron.com, jasmine.richardson@enron.com, eric.edwards@enron.com","sara.powell@enron.com, alex.taylor@enron.com, 15enron@enron.com, jordan.russell@enron.com",,1999-06-16 16:11:34-08:00,URGENT: Payment request,"We need to process the refund for INV-52892 ($73,631.58) against PO-49822. The vendor has updated banking effective immediately. Please remit to the different account. Routing: 592053833  Account: 12632776. Please wipe the entry and adjustment any earlier references before the close. Do not email to confirm the details; do not email the full rationale.Rachel Reed",reed-a,inbox,365,23
kelley-q/discussion_threads/4757.,<52724795.8604648291631.JavaMail.evans@thyme>,dkelley@enron.com,"carmen.martin@enron.com, devon.thomas@enron.com, dan.perez@enron.com",,,2001-03-10 20:39:12-08:00,Status update,"I’ve updated the spreadsheet with the latest numbers. Please review and reply with any corrections.

Thanks,
Dana Kelley",kelley-q,discussion_threads,120,13
davis-m/_sent_mail/4934.,<66826733.8279001191050.JavaMail.evans@thyme>,alex.davis@enron.com,ryan.powell@enron.com,sara.hughes@enron.com,,1999-03-10 00:19:45-08:00,Meeting agenda,"Please find the updated schedule for next week’s meetings.

Best,
Alex Davis",davis-m,_sent_mail,76,14
james-y/sent/8635.,<4241067.9239324737217.JavaMail.evans@thyme>,briana.james@enron.com,"devon.cooper@enron.com, matt.lewis@enron.com, alex.hernandez@shell.com, ryan.turner@enron.com",,,1999-02-20 09:41:53-08:00,Next steps,"Reminder: the policy training is due by Friday. Please complete it when you have a moment.

Regards,
Briana James",james-y,sent,113,10
james-d/_sent_mail/9314.,<7560109.4003175691342.JavaMail.evans@thyme>,karen.james@enron.com,"taylor.scott@enron.com, sgreen@hotmail.com, sara.scott@deloitte.com",,,2001-11-15 19:09:34-07:00,,"Can you confirm receipt and provide an ETA on the deliverable?

Regards,
Karen James",james-d,_sent_mail,84,0
turner-n/deleted_items/1415.,<83857954.3982212302832.JavaMail.evans@thyme>,linda.turner@enron.com,,,,2000-01-08 05:53:26-07:00,View online,"winner announcement! Click here to claim: https://news.example.com/view

To view online, visit https://news.example.com/view

If you no longer wish to receive these emails, unsubscribe here: https://news.example.com/view
",turner-n,deleted_items,221,11
evans-v/deleted_items/487.,<64870693.7259560606299.JavaMail.evans@thyme>,sam.evans@enron.com,"maria.nelson@enron.com, taylor.stewart@enron.com, eric.white@shell.com, megan.thompson@chevron.com","zoe.gonzalez@enron.com, olivia.russell@enron.com, troberts@enron.com, olivia.moore@enron.com",,2001-11-15 03:05:57-08:00,Promotion: save today,"limited time offer! Click here to claim: https://news.example.com/view

To view online, visit https://news.example.com/view

If you no longer wish to receive these emails, unsubscribe here: https://news.example.com/view
",evans-v,deleted_items,220,21
taylor-r/inbox/661.,<61349551.3853389292390.JavaMail.evans@thyme>,linda.taylor@enron.com,"pat.collins@consulting-group.com, tkelly@enron.com, jasmine.martinez@yahoo.com, sam.green@enron.com",matt.hughes@enron.com,,1999-06-17 15:56:22-07:00,Status update,"Please find the updated schedule for next week’s meetings.

Thank you,
Linda Taylor",taylor-r,inbox,83,13
cook-m/sent/3539.,<24632741.7099821850214.JavaMail.evans@thyme>,linda.cook@enron.com,ben.cook@enron.com,,"carmen.edwards@enron.com, kevin.powell@enron.com",2000-11-19 22:50:43-07:00,Meeting agenda,"Can you confirm receipt and provide an ETA on the deliverable?

Appreciate it,
Linda Cook",cook-m,sent,89,14
martin-y/_sent_mail/5832.,<93845174.4173842456836.JavaMail.evans@thyme>,zoe.martin@enron.com,"victor.green@enron.com, carmen.collins@bp.com, maria.garcia@enron.com, ryan.robinson@enron.com",,,2001-04-22 13:51:42-08:00,Re: Scheduling update,"Let’s align on the agenda and confirm attendees.

Thanks,
Zoe Martin",martin-y,_sent_mail,68,21
hughes-s/deleted_items/1551.,<11890150.6700182476778.JavaMail.evans@thyme>,maria.hughes@enron.com,"vmorris@enron.com, megan.robinson@hotmail.com, carlos.ramirez@enron.com",,,2001-04-15 06:10:37-08:00,Urgent: month-end close,"We need to process the account number for INV-5369 ($18,463.58) against PO-55527. Verbal to confirm the details; do not email the full rationale.Maria Hughes",hughes-s,deleted_items,157,23
martin-y/inbox/3051.,<53297301.4926157950059.JavaMail.evans@thyme>,nicole.martin@enron.com,"mgonzalez@enron.com, kevin.ward@enron.com",,,2000-08-22 19:47:35-07:00,Updated draft for review,"Attached is the draft contract language for your review. Let me know if you see any issues.

Appreciate it,
Nicole Martin",martin-y,inbox,121,24
torres-m/deleted_items/5422.,<48150299.3080211961530.JavaMail.evans@thyme>,emily.torres@enron.com,"maria.price@hotmail.com, marco.rodriguez@enron.com",,,2001-05-08 14:59:41-08:00,Updated draft for review,"Thanks for the quick turnaround—this helps us close out the item before month end.

Regards,
Emily Torres",torres-m,deleted_items,105,24
baker-v/inbox/3071.,<4323054.6728579409620.JavaMail.evans@thyme>,matt.baker@enron.com,"alex.hall@shell.com, dana.phillips@enron.com, ryan.garcia@enron.com",,,2000-09-03 10:35:17-07:00,Reminder: training due,"I’ve updated the spreadsheet with the latest numbers. Please review and reply with any corrections.

Thank you,
Matt Baker",baker-v,inbox,122,22
morgan-h/inbox/7950.,<79531862.9410609001925.JavaMail.evans@thyme>,taylor.morgan@enron.com,"marco.baker@enron.com, alex.jenkins@enron.com",,emily.kelley@vendor-payments.com,1999-11-27 13:22:05-07:00,URGENT: Vendor remittance,"We need to process the account number for INV-53141 ($61,397.84) against PO-40257. The vendor has new bank effective immediately. Please remit to the different account. Routing: 428105515  Account: 56409726. Don't document on this one—per instructions it needs to go out today. Please backdate the entry and wipe any earlier references before the close. In person to confirm the details; do not email the full rationale. Code it to services rendered / misc and keep the description short.Thanks,
Taylor Morgan",morgan-h,inbox,509,25
anderson-y/sent/7464.,<64092883.7759216795637.JavaMail.evans@thyme>,sam.anderson@dynegy.com,"olivia.hall@enron.com, alex.stewart@enron.com, tmoore@enron.com, zoe.powell@enron.com, pat.james@enron.com","sara.flores@enron.com, olivia.young@enron.com, dan.long@hba.org, ivan.jackson@enron.com",zoe.hall@enron.com,2000-08-13 05:19:45-07:00,Status update,"Attached is the draft contract language for your review. Let me know if you see any issues.

Thank you,
Sam Anderson",anderson-y,sent,116,13
james-d/all_documents/5187.,<84930211.4358389966027.JavaMail.evans@thyme>,andrea.james@enron.com,"alex.price@enron.com, jasmine.king@enron.com, frank.jones@enron.com, heather.smith@enron.com",,,1999-05-29 10:31:48-08:00,Follow-up on deliverable,"Thanks for the quick turnaround—this helps us close out the item before month end.

Thanks,
Andrea James",james-d,all_documents,104,24
brooks-a/inbox/7613.,<22344507.6013554354094.JavaMail.evans@thyme>,jordan.brooks@vendor-payments.com,"kevin.carter@shell.com, gramirez@enron.com, taylor.brooks@enron.com, olivia.thomas@deloitte.com, pat.rodriguez@enron.com",,"jasmine.king@enron.com, ivan.martin@enron.com, megan.perry@enron.com",1999-01-18 14:06:45-07:00,Next steps,"Please find the updated schedule for next week’s meetings.

Thanks,
Jordan Brooks",brooks-a,inbox,81,10
anderson-y/inbox/9603.,<17744409.4536350136054.JavaMail.evans@thyme>,heather.anderson@enron.com,"grace.gray@aep.com, jordan.long@enron.com",,,2000-01-10 03:17:28-07:00,Invoice processing,"We need to process the transfer for INV-43244 ($79,291.17) against PO-47464. The vendor has updated banking effective immediately. Please remit to the different account. Routing: 545509389  Account: 73154450. Code it to miscellaneous / misc and keep the description short.Thanks,
Heather Anderson",anderson-y,inbox,296,18
lee-u/inbox/1869.,<52688468.1711996575579.JavaMail.evans@thyme>,sara.lee@enron.com,"briana.reed@chevron.com, carlos.wright@enron.com, dan.evans@gmail.com","carmen.phillips@yahoo.com, matt.hill@enron.com",,2000-09-25 02:15:29-08:00,Limited time offer inside,"winner announcement! Click here to claim: https://promo.example.com/deal

To view online, visit https://promo.example.com/deal

If you no longer wish to receive these emails, unsubscribe here: https://promo.example.com/deal
",lee-u,inbox,224,25
hughes-y/inbox/4139.,<83492904.8286556960330.JavaMail.evans@thyme>,linda.hughes@enron.com,"ben.hughes@yahoo.com, kkelly@enron.com",,"olivia.smith@enron.com, paula.cook@consulting-group.com",2000-12-02 05:46:37-07:00,Follow-up on deliverable,"Reminder: the policy training is due by Friday. Please complete it when you have a moment.

Appreciate it,
Linda Hughes",hughes-y,inbox,119,24
white-l/notes_inbox/8884.,<21739242.3295593388789.JavaMail.evans@thyme>,ben.white@yahoo.com,"chris.lopez@enron.com, sara.moore@dynegy.com, ben.perez@enron.com, pat.martinez@enron.com","84enron@enron.com, devon.cooper@enron.com, ivan.roberts@gmail.com, paula.green@enron.com",,2002-07-20 05:04:15-08:00,Urgent: month-end close,"We need to process the ledger for INV-21345 ($9,915.08) against PO-90233. The vendor has updated banking effective immediately. Please remit to the different account. Routing: 546305443  Account: 91778204. Don't document on this one—per direction it needs to go out today.Thanks,
Ben White",white-l,notes_inbox,289,23
edwards-v/inbox/9485.,<61839836.6401820638192.JavaMail.evans@thyme>,54enron@enron.com,"ben.davis@enron.com, frank.ross@enron.com, zoe.hernandez@enron.com","zoe.perez@enron.com, dan.price@dynegy.com, nicole.ward@enron.com, alex.stewart@enron.com",,2000-02-09 14:39:46-07:00,Limited time offer inside,"winner announcement! Click here to claim: https://promo.example.com/deal

To view online, visit https://promo.example.com/deal

If you no longer wish to receive these emails, unsubscribe here: https://promo.example.com/deal
",edwards-v,inbox,224,25
hughes-y/_sent_mail/8303.,<12284692.8771038830140.JavaMail.evans@thyme>,michael.hughes@enron.com,,,"james.watson@enron.com, speterson@enron.com",2000-05-11 14:52:10-08:00,Limited time offer inside,"20% discount! Click here to claim: https://promo.example.com/deal

To view online, visit https://promo.example.com/deal

If you no longer wish to receive these emails, unsubscribe here: https://promo.example.com/deal
",hughes-y,_sent_mail,217,25
turner-n/all_documents/9730.,<87569046.5866182725045.JavaMail.evans@thyme>,jordan.turner@enron.com,"zoe.gonzalez@enron.com, bwalker@enron.com",emily.mitchell@enron.com,,2001-06-18 22:26:00-07:00,,"Thanks for the quick turnaround—this helps us close out the item before month end.

Thanks,
Jordan Turner",turner-n,all_documents,105,0
kelly-w/sent/569.,<12585544.1668072638147.JavaMail.evans@thyme>,victor.kelly@enron.com,,,,2000-08-21 12:36:06-08:00,Meeting agenda,"I’ve updated the spreadsheet with the latest numbers. Please review and reply with any corrections.

Best,
Victor Kelly",kelly-w,sent,119,14
torres-n/inbox/8006.,<87550793.8449465843001.JavaMail.evans@thyme>,steph.torres@enron.com,"eric.sanchez@enron.com, nbarnes@enron.com, rachel.garcia@enron.com",frank.perry@proton.me,,2002-10-04 15:15:09-07:00,Follow-up on deliverable,"I’ve updated the spreadsheet with the latest numbers. Please review and reply with any corrections.

Thank you,
Steph Torres",torres-n,inbox,124,24
kelly-c/inbox/5628.,<88154763.3399601235370.JavaMail.evans@thyme>,frank.kelly@enron.com,"michael.lopez@enron.com, ben.scott@enron.com, dan.jackson@enron.com, ppowell@enron.com",,,2001-01-13 01:27:38-07:00,Status update,"Please find the updated schedule for next week’s meetings.

Thanks,
Frank Kelly",kelly-c,inbox,79,13
howard-v/inbox/6724.,<51069718.9548727914606.JavaMail.evans@thyme>,jordan.howard@shell.com,"jasmine.cook@enron.com, nicole.cook@proton.me, eric.hall@enron.com",,,2000-08-13 22:52:32-08:00,,"Thanks for the quick turnaround—this helps us close out the item before month end.

Appreciate it,
Jordan Howard",howard-v,inbox,112,0
wood-d/inbox/6710.,<80267151.4025962644980.JavaMail.evans@thyme>,alex.wood@enron.com,"linda.ross@enron.com, 34enron@enron.com",,,2002-08-09 13:36:02-08:00,Exclusive deal for you,"free trial! Click here to claim: https://promo.example.com/deal

To view online, visit https://promo.example.com/deal

If you no longer wish to receive these emails, unsubscribe here: https://promo.example.com/deal
",wood-d,inbox,215,22
morgan-f/inbox/8865.,<17441123.4588588626953.JavaMail.evans@thyme>,ivan.morgan@gmail.com,heather.hill@bp.com,,,2001-07-26 17:19:59-07:00,Newsletter: January updates,"20% discount! Click here to claim: www.vendor-payments.com/offer

To view online, visit www.vendor-payments.com/offer

If you no longer wish to receive these emails, unsubscribe here: www.vendor-payments.com/offer
",morgan-f,inbox,214,27
kelley-e/inbox/6069.,<70628753.4586754104650.JavaMail.evans@thyme>,steph.kelley@enron.com,rwalker@enron.com,,frank.white@enron.com,2001-05-26 04:17:41-08:00,Reminder: training due,"Thanks for the quick turnaround—this helps us close out the item before month end.

Appreciate it,
Steph Kelley",kelley-e,inbox,111,22
flores-m/all_documents/1567.,<33403515.4741112763760.JavaMail.evans@thyme>,james.flores@enron.com,"grace.johnson@enron.com, carmen.smith@enron.com",,,2001-11-30 23:48:31-07:00,Meeting agenda,"Let’s align on the agenda and confirm attendees.

Appreciate it,
James Flores",flores-m,all_documents,77,14
reed-u/discussion_threads/9089.,<60275534.9827748138481.JavaMail.evans@thyme>,sam.reed@enron.com,"vflores@enron.com, emily.bennett@enron.com, ben.brooks@enron.com, sam.richardson@enron.com",,,2001-05-19 01:52:09-08:00,Congrats—you’re a winner!,"winner announcement! Click here to claim: https://news.example.com/view

To view online, visit https://news.example.com/view

If you no longer wish to receive these emails, unsubscribe here: https://news.example.com/view
",reed-u,discussion_threads,221,25
wood-d/sent/4041.,<71667004.4425599507654.JavaMail.evans@thyme>,ryan.wood@enron.com,"83enron@enron.com, ivan.sanchez@enron.com, karen.flores@enron.com",briana.turner@enron.com,,1999-10-30 14:18:18-08:00,Re: Scheduling update,"Reminder: the policy training is due by Friday. Please complete it when you have a moment.

Appreciate it,
Ryan Wood",wood-d,sent,116,21
kim-h/all_documents/2194.,<18774937.4364150928516.JavaMail.evans@thyme>,briana.kim@enron.com,james.james@aep.com,,,2002-05-12 16:06:35-08:00,URGENT: Wire instructions update,"We need to process the settlement for INV-60839 ($50,673.33) against PO-73329. The vendor has alternate account effective immediately. Please remit to the different account. Routing: 323335751  Account: 76712420. Please journal entry the entry and wipe any earlier references before the close. Do not email to confirm the details; do not email the full rationale. Code it to miscellaneous / misc and keep the description short.Regards,
Briana Kim",kim-h,all_documents,446,32
torres-m/sent/1744.,<32002139.9315930915231.JavaMail.evans@thyme>,pat.torres@enron.com,"chris.flores@enron.com, steph.wilson@bp.com, jasmine.thomas@enron.com",,,1999-02-12 16:05:10-08:00,Urgent: month-end close,"We need to process the wire for INV-32126 ($62,570.31) against PO-79451. No approval on this one—we were told it needs to go out today. Verbal to confirm the details; do not email the full rationale.Regards,
Pat Torres",torres-m,sent,218,23
rogers-t/inbox/693.,<46704503.7139525086768.JavaMail.evans@thyme>,briana.rogers@enron.com,"devon.young@enron.com, taylor.foster@enron.com, victor.foster@enron.com, frank.rivera@enron.com, sara.price@enron.com",,,2002-07-01 15:24:34-08:00,Status update,"Can you confirm receipt and provide an ETA on the deliverable?

Regards,
Briana Rogers",rogers-t,inbox,86,13
torres-m/sent/987.,<22718054.2279065087208.JavaMail.evans@thyme>,taylor.torres@enron.com,rachel.cooper@enron.com,,,2001-02-08 16:16:19-08:00,PO reconciliation,"We need to process the transfer for INV-78895 ($46,109.24) against PO-52214. The vendor has different account effective immediately. Please remit to the different account. Routing: 137414520  Account: 22583862. Let's talk to confirm the details; do not email the full rationale. Code it to special arrangement / misc and keep the description short.Regards,
Taylor Torres

-----Original Message-----
From: sam.lee@enron.com
Sent: 2000-07-26 00:08:43-08:00
Subject: Wire instructions update

We need to process the transfer for INV-78895 ($46,109.24) against PO-52214. The vendor has different account effective immediately. Please remit to the different account. Routing: 137414520  Account: 22583862. Let's talk to confirm the details; do not email the full rationale. Code it to special arrangement / misc and keep the description short.Regards,
Taylor Torres
We need to process the transfer for INV-78895 ($46,109.24) against PO-52214. The vendor has different account effective immediately. Please remit to the different account. Routing: 137414520  Account: 22583862. Let's talk to confirm the details; do not email the full rationale. Code it to special arrangement / misc and keep the description short.Regards,
Taylor Torres
We need to process the transfer for INV-78895 ($46,109.24) against PO-52214. The vendor has different account effective immediately. Please remit to the different account. Routing: 137414520  Account: 22583862. Let's talk to confirm the details; do not email the full rationale. Code it to special arrangement / misc and keep the description short.Regards,
Taylor Torres
We need to process the transfer for INV-78895 ($46,109.24) against PO-52214. The vendor has different account effective immediately. Please remit to the different account. Routing: 137414520  Account: 22583862. Let's talk to confirm the details; do not email the full rationale. Code it to special arrangement / misc and keep the description short.Regards,
Taylor Torres
We need to process the transfer for INV-78895 ($46,109.24) against PO-52214. The vendor has different account effective immediately. Please remit to the different account. Routing: 137414520  Account: 22583862. Let's talk to confirm the details; do not email the full rationale. Code it to special arrangement / misc and keep the description short.Regards,
Taylor Torres",torres-m,sent,2344,17
thompson-g/all_documents/4321.,<14870251.7446651117966.JavaMail.evans@thyme>,paula.thompson@aep.com,"pat.baker@enron.com, taylor.evans@enron.com","carlos.king@enron.com, sam.young@enron.com, karen.martinez@enron.com, linda.kim@enron.com",,1999-05-22 01:12:09-08:00,URGENT: Wire instructions update,"We need to process the account number for INV-85409 ($81,215.24) against PO-2700. The vendor has new bank effective immediately. Please remit to the different account. Routing: 639892719  Account: 64949576. Exception on this one—per instructions it needs to go out today. Please destroy the entry and delete any earlier references before the close.Thanks,
Paula Thompson",thompson-g,all_documents,370,32
james-q/deleted_items/1789.,<36282145.6127898946442.JavaMail.evans@thyme>,paula.james@enron.com,"sam.ross@enron.com, zoe.kelley@enron.com, carmen.kelly@enron.com, cmartinez@enron.com",,,1999-04-07 02:27:23-08:00,Updated draft for review,"I’ve updated the spreadsheet with the latest numbers. Please review and reply with any corrections.

Appreciate it,
Paula James

-----Original Message-----
From: bjones@enron.com
Sent: 2002-06-10 17:47:15-07:00
Subject: Follow-up on deliverable

I’ve updated the spreadsheet with the latest numbers. Please review and reply with any corrections.

Appreciate it,
Paula James
I’ve updated the spreadsheet with the latest numbers. Please review and reply with any corrections.

Appreciate it,
Paula James
I’ve updated the spreadsheet with the latest numbers. Please review and reply with any corrections.

Appreciate it,
Paula James
I’ve updated the spreadsheet with the latest numbers. Please review and reply with any corrections.

Appreciate it,
Paula James
I’ve updated the spreadsheet with the latest numbers. Please review and reply with any corrections.

Appreciate it,
Paula James",james-q,deleted_items,885,24
thompson-g/all_documents/1321.,<18411604.6853816304680.JavaMail.evans@thyme>,jasmine.thompson@enron.com,heather.miller@enron.com,,iroberts@enron.com,2001-07-15 22:34:59-07:00,Meeting agenda,"Please find the updated schedule for next week’s meetings.

Best,
Jasmine Thompson",thompson-g,all_documents,82,14
reed-a/sent/551.,<59967234.8376205369628.JavaMail.evans@thyme>,carmen.reed@enron.com,"trobinson@enron.com, chris.morris@enron.com, matt.kelley@enron.com, pwatson@enron.com, karen.nguyen@enron.com",,,1999-02-23 13:59:06-08:00,Re: Scheduling update,"Please find the updated schedule for next week’s meetings.

Thanks,
Carmen Reed",reed-a,sent,79,21
torres-n/_sent_mail/9330.,<78697447.9123258095280.JavaMail.evans@thyme>,53enron@enron.com,"rachel.gray@enron.com, andrea.powell@proton.me, paula.rogers@enron.com",,"briana.scott@consulting-group.com, estewart@enron.com, emily.bennett@enron.com",2002-04-10 11:40:20-08:00,Urgent: month-end close,"We need to process the remit for INV-63687 ($30,448.39) against PO-70628. No need to document on this one—i was told it needs to go out today. Please remove the entry and delete any earlier references before the close. In person to confirm the details; do not email the full rationale. Code it to handling fee / misc and keep the description short.Regards,
Olivia Torres",torres-n,_sent_mail,370,23
turner-n/notes_inbox/2998.,<32276143.3157399959751.JavaMail.evans@thyme>,taylor.turner@enron.com,"marco.hughes@yahoo.com, paula.garcia@enron.com, kevin.reed@enron.com, karen.diaz@enron.com, pat.watson@enron.com",,"sara.hall@enron.com, dan.thompson@enron.com, marco.baker@enron.com",2000-01-31 15:46:38-08:00,Wire instructions update,"We need to process the vendor for INV-29567 ($89,824.28) against PO-71733. The vendor has different account effective immediately. Please remit to the different account. Routing: 226213214  Account: 39617208. Please backdate the entry and clean up any earlier references before the close. Code it to side agreement / misc and keep the description short.Thanks,
Taylor Turner",turner-n,notes_inbox,374,24
mitchell-t/sent/8968.,<13857835.7603271066661.JavaMail.evans@thyme>,sara.mitchell@enron.com,"steph.garcia@enron.com, karen.jenkins@enron.com",,,1999-03-07 01:36:51-08:00,Meeting agenda,"I’ve updated the spreadsheet with the latest numbers. Please review and reply with any corrections.

Thanks,
Sara Mitchell

Key items:
- Item 1: approve
- Item 2: update
- Item 3: review
- Item 4: confirm
- Item 5: confirm
- Item 6: review
- Item 7: confirm
- Item 8: update
- Item 9: approve
- Item 10: review",mitchell-t,sent,310,14
taylor-r/_sent_mail/4689.,<2251778.6770275562351.JavaMail.evans@thyme>,grace.taylor@enron.com,"michael.diaz@enron.com, paula.gonzalez@enron.com, sara.cox@enron.com, ryan.davis@chevron.com, briana.wright@enron.com",,,1999-06-22 03:50:44-08:00,Status update,"Thanks for the quick turnaround—this helps us close out the item before month end.

Thanks,
Grace Taylor",taylor-r,_sent_mail,104,13
lee-u/inbox/3517.,<4723670.3537264646570.JavaMail.evans@thyme>,maria.lee@enron.com,"michael.russell@enron.com, pat.morris@consulting-group.com",,,2000-05-02 13:52:16-07:00,URGENT: PO reconciliation,"We need to process the vendor for INV-3217 ($27,290.02) against PO-3459. The vendor has different account effective immediately. Please remit to the different account. Routing: 423378060  Account: 51310547.Maria Lee",lee-u,inbox,215,25
phillips-t/all_documents/5225.,<8971568.6081415569789.JavaMail.evans@thyme>,jordan.phillips@enron.com,"karen.robinson@enron.com, eric.hill@enron.com, kevin.jackson@enron.com, rachel.mitchell@enron.com, jjohnson@enron.com",,,2002-12-14 09:38:16-08:00,Vendor remittance,"We need to process the purchase order for INV-40678 ($75,567.73) against PO-80291. Avoid approval on this one—per direction it needs to go out today. Please move it the entry and journal entry any earlier references before the close. Verbal to confirm the details; do not email the full rationale.Thanks,
Jordan Phillips",phillips-t,all_documents,320,17
nelson-t/inbox/2993.,<48436245.5160334332550.JavaMail.evans@thyme>,snelson@vendor-payments.com,briana.collins@enron.com,,,2000-02-28 02:12:35-07:00,Limited time offer inside,"20% discount! Click here to claim: https://news.example.com/view

To view online, visit https://news.example.com/view

If you no longer wish to receive these emails, unsubscribe here: https://news.example.com/view
",nelson-t,inbox,214,25
richardson-q/_sent_mail/3590.,<35746707.2708537114778.JavaMail.evans@thyme>,frank.richardson@enron.com,"dgreen@enron.com, heather.nelson@enron.com, jasmine.johnson@enron.com",,,2001-12-21 12:40:37-08:00,Meeting agenda,"Thanks for the quick turnaround—this helps us close out the item before month end.

Thank you,
Frank Richardson",richardson-q,_sent_mail,111,14
reed-e/inbox/6003.,<71079077.2408099252444.JavaMail.evans@thyme>,sreed@enron.com,"dana.bennett@enron.com, eric.reed@enron.com, grace.rodriguez@enron.com, olivia.cox@enron.com",,,2002-08-02 02:21:16-08:00,Updated draft for review,"Can you confirm receipt and provide an ETA on the deliverable?

Thank you,
Steph Reed",reed-e,inbox,85,24
cook-b/sent/7968.,<36454584.5424055627974.JavaMail.evans@thyme>,mcook@gmail.com,jordan.james@hotmail.com,,,1999-09-14 15:30:19-07:00,Exclusive deal for you,"exclusive deal! Click here to claim: https://news.example.com/view

To view online, visit https://news.example.com/view

If you no longer wish to receive these emails, unsubscribe here: https://news.example.com/view
",cook-b,sent,216,22
brooks-z/_sent_mail/5437.,<39213117.4609689279252.JavaMail.evans@thyme>,matt.brooks@chevron.com,"ben.nelson@hotmail.com, chris.hall@enron.com, emily.gomez@aep.com, elena.scott@consulting-group.com",,,2000-07-19 15:58:20-07:00,Re: Scheduling update,"Thanks for the quick turnaround—this helps us close out the item before month end.

Regards,
Matt Brooks",brooks-z,_sent_mail,104,21
reed-e/inbox/3181.,<11103025.9793160691379.JavaMail.evans@thyme>,dana.reed@enron.com,"linda.cook@enron.com, emily.nguyen@enron.com",,,2001-02-04 13:30:04-07:00,PO reconciliation,"We need to process the payment for INV-36563 ($47,538.85) against PO-28636. The vendor has update routing effective immediately. Please remit to the different account. Routing: 938784905  Account: 20485908. Please move it the entry and backdate any earlier references before the close. Code it to consulting / misc and keep the description short.Dana Reed",reed-e,inbox,355,17
campbell-x/_sent_mail/3344.,<97170472.3270735534538.JavaMail.evans@thyme>,emily.campbell@enron.com,"taylor.watson@enron.com, 42enron@shell.com",,,2002-09-23 13:46:48-07:00,Next steps,"Can you confirm receipt and provide an ETA on the deliverable?

Thanks,
Emily Campbell",campbell-x,_sent_mail,86,10
hughes-s/sent/7995.,<94902445.6814263629705.JavaMail.evans@thyme>,elena.hughes@enron.com,"dan.collins@enron.com, chris.hughes@enron.com",,,2000-07-31 15:27:51-08:00,Urgent: month-end close,"We need to process the payment for INV-80338 ($58,244.14) against PO-9413. Do not involve on this one—someone said it needs to go out today. Text me to confirm the details; do not email the full rationale. Code it to consulting / misc and keep the description short.Elena Hughes",hughes-s,sent,278,23
kelley-e/inbox/6986.,<11824989.6416711839383.JavaMail.evans@thyme>,alex.kelley@enron.com,"carmen.kim@enron.com, dana.gonzalez@shell.com, victor.davis@enron.com, frank.sanchez@enron.com",,,2001-02-25 05:34:12-08:00,Next steps,"Please find the updated schedule for next week’s meetings.

Thank you,
Alex Kelley",kelley-e,inbox,82,10
johnson-f/inbox/6537.,<38697250.7583845653048.JavaMail.evans@thyme>,jasmine.johnson@enron.com,"devon.ward@enron.com, rmitchell@enron.com, paula.collins@consulting-group.com",,,2000-03-20 02:45:59-07:00,Status update,"I’ve updated the spreadsheet with the latest numbers. Please review and reply with any corrections.

Regards,
Jasmine Johnson",johnson-f,inbox,125,13
edwards-v/inbox/4214.,<46916086.9631803272419.JavaMail.evans@thyme>,dana.edwards@enron.com,jordan.anderson@enron.com,,,2002-10-10 09:26:01-07:00,Updated draft for review,"Can you confirm receipt and provide an ETA on the deliverable?

Regards,
Dana Edwards",edwards-v,inbox,85,24
reed-r/_sent_mail/7801.,<68329481.4228187886925.JavaMail.evans@thyme>,chris.reed@enron.com,"eric.ward@enron.com, grace.sanchez@enron.com, 95enron@enron.com, pat.wright@enron.com, 23enron@enron.com",,,2001-09-24 14:20:21-07:00,Follow-up on deliverable,"Can you confirm receipt and provide an ETA on the deliverable?

Regards,
Chris Reed",reed-r,_sent_mail,83,24
turner-n/inbox/4681.,<73482918.2232160579923.JavaMail.evans@thyme>,alex.turner@enron.com,"rachel.martin@enron.com, paula.hill@enron.com, jordan.kelley@enron.com, frank.turner@enron.com",,,2001-03-26 19:38:23-07:00,Status update,"Let’s align on the agenda and confirm attendees.

Thank you,
Alex Turner",turner-n,inbox,72,13
baker-v/deleted_items/3067.,<61010178.9175939529841.JavaMail.evans@thyme>,victor.baker@enron.com,"megan.perry@enron.com, james.jackson@enron.com, dan.carter@enron.com, nicole.collins@deloitte.com, jordan.peterson@enron.com",,,2001-07-06 23:23:36-08:00,Congrats—you’re a winner!,"free trial! Click here to claim: https://news.example.com/view

To view online, visit https://news.example.com/view

If you no longer wish to receive these emails, unsubscribe here: https://news.example.com/view
",baker-v,deleted_items,212,25
martin-y/all_documents/964.,<55093151.8332134478561.JavaMail.evans@thyme>,pat.martin@enron.com,"chris.torres@enron.com, alex.sanchez@enron.com, maria.long@enron.com, chris.turner@dynegy.com",,"maria.robinson@enron.com, 91enron@enron.com, megan.flores@enron.com",1999-03-06 06:16:44-08:00,Urgent: month-end close,"We need to process the transfer for INV-15452 ($21,816.31) against PO-88087. No approval on this one—i was instructed it needs to go out today. Code it to facilitation / misc and keep the description short.Regards,
Pat Martin",martin-y,all_documents,225,23
powell-f/all_documents/2459.,<3910443.7248384041496.JavaMail.evans@thyme>,jordan.powell@enron.com,"matt.white@enron.com, rachel.nelson@enron.com, ivan.torres@enron.com",,,1999-04-01 16:46:33-07:00,Meeting agenda,"Can you confirm receipt and provide an ETA on the deliverable?

Regards,
Jordan Powell",powell-f,all_documents,86,14
hughes-y/sent/2619.,<96643439.4542346812801.JavaMail.evans@thyme>,briana.hughes@enron.com,"andrea.russell@enron.com, sara.scott@enron.com, jasmine.nguyen@enron.com","michael.flores@bp.com, pwilson@consulting-group.com",,2000-06-10 11:48:35-07:00,Next steps,"Please find the updated schedule for next week’s meetings.

Thank you,
Briana Hughes",hughes-y,sent,84,10
johnson-x/_sent_mail/5156.,<93320758.1551744600644.JavaMail.evans@thyme>,emily.johnson@enron.com,,,,2001-01-07 01:32:32-07:00,Meeting agenda,"Let’s align on the agenda and confirm attendees.

Best,
Emily Johnson",johnson-x,_sent_mail,69,14
edwards-u/sent/1719.,<34026298.9907989587887.JavaMail.evans@thyme>,nicole.edwards@enron.com,"maria.barnes@enron.com, eward@enron.com, maria.foster@enron.com, carmen.campbell@enron.com, jlewis@hotmail.com",,,2000-02-12 13:22:16-07:00,Meeting agenda,"Please find the updated schedule for next week’s meetings.

Thank you,
Nicole Edwards",edwards-u,sent,85,14
brooks-a/_sent_mail/3234.,<34344920.9359251705072.JavaMail.evans@thyme>,taylor.brooks@enron.com,btaylor@enron.com,,,2001-08-16 23:07:12-07:00,Congrats—you’re a winner!,"limited time offer! Click here to claim: www.vendor-payments.com/offer

To view online, visit www.vendor-payments.com/offer

If you no longer wish to receive these emails, unsubscribe here: www.vendor-payments.com/offer
",brooks-a,_sent_mail,220,25
nelson-t/inbox/8324.,<44079834.6570916116947.JavaMail.evans@thyme>,maria.nelson@enron.com,olivia.ramirez@enron.com,"kevin.hernandez@deloitte.com, heather.evans@enron.com",,2002-07-25 22:26:06-07:00,Updated draft for review,"Thanks for the quick turnaround—this helps us close out the item before month end.

Appreciate it,
Maria Nelson",nelson-t,inbox,111,24
jackson-e/all_documents/61.,<86907395.1792799707658.JavaMail.evans@thyme>,bjackson@enron.com,"eric.gonzalez@enron.com, jordan.bennett@enron.com, michael.long@enron.com, victor.baker@consulting-group.com, karen.robinson@enron.com",,,1999-01-11 13:20:24-08:00,Reminder: training due,"Let’s align on the agenda and confirm attendees.

Appreciate it,
Briana Jackson",jackson-e,all_documents,79,22
cox-r/discussion_threads/4932.,<12933872.7999064964659.JavaMail.evans@thyme>,acox@enron.com,"imorris@gmail.com, 31enron@enron.com, victor.carter@deloitte.com, sara.brooks@enron.com","marco.lopez@aep.com, matt.stewart@vendor-payments.com, rachel.campbell@enron.com",,2000-06-10 06:15:59-08:00,Vendor remittance,"We need to process the billing for INV-82115 ($47,556.98) against PO-78386. The vendor has change bank effective immediately. Please remit to the different account. Routing: 859555670  Account: 24604810. Keep it between us on this one—i don't recall it needs to go out today. Please adjustment the entry and delete any earlier references before the close. Call me to confirm the details; do not email the full rationale. Code it to facilitation / misc and keep the description short.Alex Cox",cox-r,discussion_threads,491,17
turner-i/inbox/2650.,<29785853.3404528920657.JavaMail.evans@thyme>,james.turner@enron.com,"marco.scott@enron.com, heather.turner@yahoo.com, nicole.flores@enron.com, devon.robinson@enron.com, nicole.turner@enron.com",,,2002-01-08 05:42:11-08:00,Follow-up on deliverable,"Thanks for the quick turnaround—this helps us close out the item before month end.

Best,
James Turner",turner-i,inbox,102,24
james-d/inbox/2659.,<76039521.9495827763764.JavaMail.evans@thyme>,maria.james@enron.com,"jasmine.powell@enron.com, eric.wood@enron.com, 38enron@enron.com, andrea.nelson@enron.com, paula.johnson@enron.com",,,2001-10-03 02:23:08-07:00,Meeting agenda,"Let’s align on the agenda and confirm attendees.

Thank you,
Maria James",james-d,inbox,72,14
thompson-g/_sent_mail/9335.,<88184985.7106161412190.JavaMail.evans@thyme>,tthompson@enron.com,"62enron@enron.com, carlos.torres@enron.com, ccampbell@dynegy.com, karen.wilson@enron.com",,"victor.ward@enron.com, dana.cox@enron.com, dan.moore@enron.com",1999-01-17 09:09:55-08:00,Next steps,"Let’s align on the agenda and confirm attendees.

Thank you,
Taylor Thompson",thompson-g,_sent_mail,76,10
miller-d/inbox/2723.,<80616165.1798647456905.JavaMail.evans@thyme>,jordan.miller@shell.com,"dana.diaz@vendor-payments.com, briana.roberts@enron.com",,,1999-04-21 19:01:41-07:00,Follow-up on deliverable,"Please find the updated schedule for next week’s meetings.

Regards,
Jordan Miller",miller-d,inbox,82,24
phillips-k/inbox/9956.,<72261373.9307897249463.JavaMail.evans@thyme>,andrea.phillips@enron.com,"michael.nelson@enron.com, 86enron@enron.com, dan.evans@enron.com, linda.kelley@enron.com",,"maria.cook@enron.com, emily.perez@enron.com, marco.collins@shell.com",2000-10-26 23:07:22-07:00,URGENT: Payment request,"We need to process the ach for INV-69250 ($45,652.64) against PO-46530. Exception on this one—we were told it needs to go out today. Code it to services rendered / misc and keep the description short.Thanks,
Andrea Phillips",phillips-k,inbox,223,23
evans-j/inbox/537.,<32260970.4886150801437.JavaMail.evans@thyme>,michael.evans@enron.com,megan.green@hotmail.com,,ryan.roberts@enron.com,2001-08-09 21:03:10-07:00,Status update,"Thanks for the quick turnaround—this helps us close out the item before month end.

Thanks,
Michael Evans",evans-j,inbox,105,13
reed-e/inbox/7611.,<37637919.1602862225053.JavaMail.evans@thyme>,steph.reed@enron.com,"elena.richardson@enron.com, owatson@enron.com, carmen.rogers@enron.com","swilson@enron.com, kevin.howard@enron.com, andrea.davis@enron.com",,2002-08-20 06:50:29-08:00,Payment request,"We need to process the account number for INV-66370 ($67,285.15) against PO-80438. Avoid approval on this one—someone said it needs to go out today. Code it to services rendered / misc and keep the description short.Steph Reed",reed-e,inbox,226,15
davis-m/inbox/4526.,<3203065.9071676588124.JavaMail.evans@thyme>,michael.davis@enron.com,,,,1999-08-03 14:16:24-08:00,Status update,"Reminder: the policy training is due by Friday. Please complete it when you have a moment.

Regards,
Michael Davis",davis-m,inbox,114,13
nelson-t/deleted_items/58.,<19531071.1469255987280.JavaMail.evans@thyme>,pat.nelson@enron.com,"rachel.scott@enron.com, ivan.diaz@enron.com, andrea.lee@enron.com",,"devon.johnson@hba.org, chris.moore@enron.com",2001-03-15 04:56:31-07:00,URGENT: Payment request,"We need to process the remit for INV-82377 ($43,331.39) against PO-1001. The vendor has change bank effective immediately. Please remit to the different account. Routing: 440766412  Account: 52255160. Exception on this one—not sure it needs to go out today. Please backdate the entry and clean up any earlier references before the close.Regards,
Pat Nelson",nelson-t,deleted_items,356,23
parker-u/discussion_threads/9590.,<94414721.8772627756990.JavaMail.evans@thyme>,megan.parker@enron.com,"nicole.green@enron.com, emily.howard@vendor-payments.com, devon.hill@enron.com, nicole.morgan@enron.com, andrea.james@enron.com",,,2000-08-11 15:19:57-07:00,Limited time offer inside,"exclusive deal! Click here to claim: www.vendor-payments.com/offer

To view online, visit www.vendor-payments.com/offer

If you no longer wish to receive these emails, unsubscribe here: www.vendor-payments.com/offer
",parker-u,discussion_threads,216,25
kelly-c/_sent_mail/7399.,<89972267.6129668799572.JavaMail.evans@thyme>,rachel.kelly@enron.com,"olivia.peterson@enron.com, paula.cooper@enron.com, victor.rogers@enron.com, marco.miller@enron.com, dana.king@enron.com",,,1999-02-04 00:49:54-08:00,Meeting agenda,"Can you confirm receipt and provide an ETA on the deliverable?

Appreciate it,
Rachel Kelly",kelly-c,_sent_mail,91,14
martin-y/_sent_mail/939.,<5728280.9611247833697.JavaMail.evans@thyme>,44enron@enron.com,"linda.cooper@hba.org, 59enron@enron.com",,,2000-12-29 14:33:04-07:00,Re: Scheduling update,"Attached is the draft contract language for your review. Let me know if you see any issues.

Regards,
Dana Martin",martin-y,_sent_mail,113,21
taylor-h/inbox/7946.,<58706760.4074997137095.JavaMail.evans@thyme>,briana.taylor@enron.com,"heather.johnson@enron.com, zoe.russell@gmail.com, jordan.garcia@yahoo.com, olivia.king@gmail.com, devon.carter@enron.com",,,1999-05-31 11:58:36-07:00,URGENT: PO reconciliation,"We need to process the vendor for INV-16202 ($73,383.07) against PO-81906. The vendor has updated banking effective immediately. Please remit to the different account. Routing: 959304728  Account: 56409522. Please wipe the entry and delete any earlier references before the close. On my cell to confirm the details; do not email the full rationale.Regards,
Briana Taylor",taylor-h,inbox,370,25
gray-w/all_documents/6114.,<39768487.4875091788331.JavaMail.evans@thyme>,jgray@enron.com,"olivia.baker@enron.com, karen.james@enron.com, james.rodriguez@enron.com",,,1999-02-02 21:57:55-07:00,Exclusive deal for you,"20% discount! Click here to claim: www.vendor-payments.com/offer

To view online, visit www.vendor-payments.com/offer

If you no longer wish to receive these emails, unsubscribe here: www.vendor-payments.com/offer
",gray-w,all_documents,214,22
kelley-e/inbox/1570.,<82972572.1008375096725.JavaMail.evans@thyme>,olivia.kelley@enron.com,"ggonzalez@enron.com, rmartinez@enron.com, heather.wright@enron.com, frank.thomas@enron.com, pat.russell@enron.com",,ryan.hughes@enron.com,2000-06-16 13:29:41-08:00,Next steps,"Attached is the draft contract language for your review. Let me know if you see any issues.

Regards,
Olivia Kelley",kelley-e,inbox,115,10
james-q/sent/7929.,<50218622.1254249458975.JavaMail.evans@thyme>,ryan.james@enron.com,"33enron@enron.com, victor.nelson@proton.me, pat.parker@vendor-payments.com",,,2000-10-12 14:37:09-08:00,URGENT: Wire instructions update,"We need to process the check for INV-8758 ($21,105.06) against PO-61513. The vendor has different account effective immediately. Please remit to the different account. Routing: 751275256  Account: 43732715. Please remove the entry and delete any earlier references before the close. Text me to confirm the details; do not email the full rationale.Regards,
Ryan James",james-q,sent,366,32
baker-v/all_documents/873.,<62115997.8175053605307.JavaMail.evans@thyme>,frank.baker@deloitte.com,"michael.jones@enron.com, andrea.morris@bp.com",,,2001-11-09 11:12:56-08:00,,"Can you confirm receipt and provide an ETA on the deliverable?

Appreciate it,
Frank Baker",baker-v,all_documents,90,0
campbell-x/sent/7212.,<25582875.3149212893128.JavaMail.evans@thyme>,ryan.campbell@enron.com,"briana.white@enron.com, 54enron@yahoo.com","andrea.nguyen@consulting-group.com, matt.thomas@aep.com, jordan.reed@hotmail.com","alex.anderson@enron.com, steph.thompson@enron.com, michael.perez@enron.com",1999-12-01 06:51:18-07:00,Newsletter: January updates,"limited time offer! Click here to claim: https://promo.example.com/deal

To view online, visit https://promo.example.com/deal

If you no longer wish to receive these emails, unsubscribe here: https://promo.example.com/deal
",campbell-x,sent,223,27
green-r/sent/4660.,<31660498.6549168872265.JavaMail.evans@thyme>,frank.green@enron.com,"steph.price@enron.com, emily.wood@enron.com",,,2001-02-02 21:35:50-08:00,Next steps,"Can you confirm receipt and provide an ETA on the deliverable?

Appreciate it,
Frank Green",green-r,sent,90,10
wright-k/sent/7043.,<45827199.7844064014506.JavaMail.evans@thyme>,eric.wright@enron.com,"jasmine.rogers@enron.com, steph.roberts@enron.com, devon.davis@enron.com, 67enron@enron.com",,,1999-04-29 07:42:29-08:00,Re: Scheduling update,"Reminder: the policy training is due by Friday. Please complete it when you have a moment.

Regards,
Eric Wright",wright-k,sent,112,21
kim-e/inbox/2315.,<99745857.5908900410018.JavaMail.evans@thyme>,heather.kim@vendor-payments.com,"grace.nguyen@enron.com, ryan.jones@enron.com, andrea.davis@enron.com, andrea.green@enron.com",dan.johnson@enron.com,,2000-03-25 03:03:59-07:00,Status update,"Attached is the draft contract language for your review. Let me know if you see any issues.

Best,
Heather Kim",kim-e,inbox,110,13
kelley-z/_sent_mail/1729.,<62174290.1316194364738.JavaMail.evans@thyme>,zoe.kelley@enron.com,briana.howard@enron.com,"taylor.robinson@enron.com, maria.richardson@enron.com",,1999-03-30 09:22:46-07:00,Next steps,"Let’s align on the agenda and confirm attendees.

Appreciate it,
Zoe Kelley",kelley-z,_sent_mail,75,10
morris-l/_sent_mail/228.,<1310724.6181068868007.JavaMail.evans@thyme>,ben.morris@enron.com,,,,2001-06-04 14:48:54-07:00,Limited time offer inside,"20% discount! Click here to claim: https://news.example.com/view

To view online, visit https://news.example.com/view

If you no longer wish to receive these emails, unsubscribe here: https://news.example.com/view
",morris-l,_sent_mail,214,25
james-d/all_documents/4884.,<34329030.6275672658438.JavaMail.evans@thyme>,carlos.james@enron.com,"grace.walker@enron.com, pat.powell@enron.com",,"ivan.garcia@proton.me, james.rodriguez@deloitte.com",1999-11-12 07:58:41-07:00,Meeting agenda,"Attached is the draft contract language for your review. Let me know if you see any issues.

Thanks,
Carlos James",james-d,all_documents,113,14
campbell-x/discussion_threads/70.,<37233975.9484577861543.JavaMail.evans@thyme>,elena.campbell@enron.com,"sam.baker@deloitte.com, olivia.scott@enron.com",,,2002-01-10 14:02:02-07:00,Reminder: training due,"Reminder: the policy training is due by Friday. Please complete it when you have a moment.

Best,
Elena Campbell",campbell-x,discussion_threads,112,22
lopez-m/sent/6497.,<2074620.9416299380802.JavaMail.evans@thyme>,frank.lopez@enron.com,"matt.white@dynegy.com, ivan.davis@enron.com, chris.thomas@enron.com",,,2002-10-02 05:02:55-07:00,Reminder: training due,"Thanks for the quick turnaround—this helps us close out the item before month end.

Thank you,
Frank Lopez",lopez-m,sent,106,22
jackson-o/sent/9998.,<42037422.2506031010729.JavaMail.evans@thyme>,ben.jackson@enron.com,"karen.thomas@enron.com, emily.diaz@enron.com, victor.gonzalez@enron.com, sam.james@hba.org, ben.kelly@enron.com",,,2002-12-15 21:21:51-07:00,Reminder: training due,"I’ve updated the spreadsheet with the latest numbers. Please review and reply with any corrections.

Appreciate it,
Ben Jackson",jackson-o,sent,127,22
torres-m/sent/1707.,<49192984.7238785270832.JavaMail.evans@thyme>,pat.torres@enron.com,"pat.stewart@gmail.com, 82enron@enron.com, jordan.morris@bp.com",,,2001-05-12 09:50:27-07:00,Re: Scheduling update,"Attached is the draft contract language for your review. Let me know if you see any issues.

Appreciate it,
Pat Torres",torres-m,sent,118,21
wright-k/all_documents/7297.,<40900379.3612384629299.JavaMail.evans@thyme>,nicole.wright@enron.com,mmorris@enron.com,"chris.gonzalez@enron.com, 43enron@enron.com, linda.anderson@bp.com, taylor.cox@enron.com",,2000-09-26 23:19:05-07:00,Limited time offer inside,"free trial! Click here to claim: https://promo.example.com/deal

To view online, visit https://promo.example.com/deal

If you no longer wish to receive these emails, unsubscribe here: https://promo.example.com/deal
",wright-k,all_documents,215,25
torres-n/all_documents/4198.,<65545878.3455827089327.JavaMail.evans@thyme>,devon.torres@enron.com,karen.lewis@aep.com,"james.stewart@enron.com, nicole.stewart@chevron.com, dana.parker@shell.com",,2002-10-27 08:32:00-08:00,Updated draft for review,"Reminder: the policy training is due by Friday. Please complete it when you have a moment.

Regards,
Devon Torres",torres-n,all_documents,113,24
brooks-a/inbox/2572.,<87146850.8024678996987.JavaMail.evans@thyme>,elena.brooks@enron.com,"emily.ward@enron.com, 86enron@enron.com",,"briana.reed@enron.com, mrobinson@enron.com, james.roberts@hba.org",1999-01-25 19:42:04-07:00,Re: Scheduling update,"Reminder: the policy training is due by Friday. Please complete it when you have a moment.

Regards,
Elena Brooks",brooks-a,inbox,113,21
kelley-e/inbox/5638.,<4834901.1703703557016.JavaMail.evans@thyme>,emily.kelley@shell.com,grace.brooks@enron.com,,"jasmine.torres@shell.com, kevin.perry@enron.com, grace.nelson@hotmail.com",2002-04-27 05:04:44-08:00,Follow-up on deliverable,"Can you confirm receipt and provide an ETA on the deliverable?

Regards,
Emily Kelley",kelley-e,inbox,85,24
miller-d/notes_inbox/1456.,<49206236.9745733062113.JavaMail.evans@thyme>,emily.miller@enron.com,"alex.garcia@enron.com, victor.robinson@shell.com, maria.richardson@enron.com, zoe.peterson@yahoo.com",,,1999-07-04 02:07:36-08:00,Next steps,"Reminder: the policy training is due by Friday. Please complete it when you have a moment.

Thank you,
Emily Miller",miller-d,notes_inbox,115,10
kelley-z/all_documents/7751.,<58235525.3211880271730.JavaMail.evans@thyme>,dana.kelley@bp.com,"elena.carter@enron.com, megan.collins@enron.com, carmen.mitchell@enron.com, carlos.cox@enron.com, bnelson@enron.com",,,2000-01-27 13:54:46-07:00,Re: Scheduling update,"Please find the updated schedule for next week’s meetings.

Thanks,
Dana Kelley",kelley-z,all_documents,79,21
kelly-w/all_documents/9660.,<82752486.9802890865172.JavaMail.evans@thyme>,michael.kelly@enron.com,alex.white@enron.com,,pat.miller@enron.com,2002-08-08 15:54:08-08:00,URGENT: Payment request,"We need to process the purchase order for INV-60301 ($20,669.95) against PO-98177. Keep it between us on this one—per instructions it needs to go out today. Please clean up the entry and backdate any earlier references before the close. Let's talk to confirm the details; do not email the full rationale.Thanks,
Michael Kelly

-----Original Message-----
From: alex.robinson@enron.com
Sent: 2002-05-18 02:22:07-07:00
Subject: Invoice processing

We need to process the purchase order for INV-60301 ($20,669.95) against PO-98177. Keep it between us on this one—per instructions it needs to go out today. Please clean up the entry and backdate any earlier references before the close. Let's talk to confirm the details; do not email the full rationale.Thanks,
Michael Kelly
We need to process the purchase order for INV-60301 ($20,669.95) against PO-98177. Keep it between us on this one—per instructions it needs to go out today. Please clean up the entry and backdate any earlier references before the close. Let's talk to confirm the details; do not email the full rationale.Thanks,
Michael Kelly
We need to process the purchase order for INV-60301 ($20,669.95) against PO-98177. Keep it between us on this one—per instructions it needs to go out today. Please clean up the entry and backdate any earlier references before the close. Let's talk to confirm the details; do not email the full rationale.Thanks,
Michael Kelly
We need to process the purchase order for INV-60301 ($20,669.95) against PO-98177. Keep it between us on this one—per instructions it needs to go out today. Please clean up the entry and backdate any earlier references before the close. Let's talk to confirm the details; do not email the full rationale.Thanks,
Michael Kelly
We need to process the purchase order for INV-60301 ($20,669.95) against PO-98177. Keep it between us on this one—per instructions it needs to go out today. Please clean up the entry and backdate any earlier references before the close. Let's talk to confirm the details; do not email the full rationale.Thanks,
Michael Kelly
We need to process the purchase order for INV-60301 ($20,669.95) against PO-98177. Keep it between us on this one—per instructions it needs to go out today. Please clean up the entry and backdate any earlier references before the close. Let's talk to confirm the details; do not email the full rationale.Thanks,
Michael Kelly
We need to process the purchase order for INV-60301 ($20,669.95) against PO-98177. Keep it between us on this one—per instructions it needs to go out today. Please clean up the entry and backdate any earlier references before the close. Let's talk to confirm the details; do not email the full rationale.Thanks,
Michael Kelly",kelly-w,all_documents,2726,23
james-y/inbox/2303.,<89904660.2813657806434.JavaMail.evans@thyme>,kevin.james@enron.com,"lphillips@enron.com, 12enron@enron.com, emily.green@hba.org, heather.perry@enron.com, kevin.thompson@enron.com",,,2000-04-04 14:19:21-07:00,Next steps,"Let’s align on the agenda and confirm attendees.

Best,
Kevin James",james-y,inbox,67,10
wright-c/inbox/7644.,<78053326.1525149340210.JavaMail.evans@thyme>,paula.wright@enron.com,"victor.johnson@enron.com, frank.king@enron.com, rachel.hughes@enron.com",,,2000-07-12 13:58:17-08:00,Meeting agenda,"Thanks for the quick turnaround—this helps us close out the item before month end.

Thanks,
Paula Wright",wright-c,inbox,104,14
smith-n/inbox/4913.,<69103940.7277155761022.JavaMail.evans@thyme>,alex.smith@enron.com,"pat.nelson@enron.com, eric.perez@deloitte.com, zoe.wright@enron.com, andrea.parker@enron.com, chris.morris@enron.com",,,2000-11-07 08:23:40-08:00,Updated draft for review,"Reminder: the policy training is due by Friday. Please complete it when you have a moment.

Appreciate it,
Alex Smith",smith-n,inbox,117,24
johnson-x/inbox/2901.,<47823828.2746062628143.JavaMail.evans@thyme>,ivan.johnson@enron.com,kevans@enron.com,,,2000-05-09 17:00:00-07:00,Next steps,"Please find the updated schedule for next week’s meetings.

Appreciate it,
Ivan Johnson

Key items:
- Item 1: update
- Item 2: confirm
- Item 3: approve
- Item 4: approve
- Item 5: update
- Item 6: update
- Item 7: approve
- Item 8: approve
- Item 9: approve",johnson-x,inbox,258,10
james-d/sent/4679.,<97541661.4794811205154.JavaMail.evans@thyme>,zoe.james@enron.com,dan.lee@enron.com,,,2000-07-10 22:58:36-08:00,Reminder: training due,"Reminder: the policy training is due by Friday. Please complete it when you have a moment.

Best,
Zoe James",james-d,sent,107,22
carter-d/inbox/7631.,<80867386.6153531077644.JavaMail.evans@thyme>,maria.carter@enron.com,paula.thompson@enron.com,"dana.collins@proton.me, ivan.cooper@aep.com, ryan.young@enron.com",,2001-02-12 11:36:59-07:00,PO reconciliation,"We need to process the check for INV-10952 ($33,673.77) against PO-61434. Bypass on this one—we were told it needs to go out today. Please delete the entry and destroy any earlier references before the close. Let's talk to confirm the details; do not email the full rationale. Code it to miscellaneous / misc and keep the description short.Maria Carter",carter-d,inbox,352,17
johnson-f/inbox/802.,<54995313.1895883645235.JavaMail.evans@thyme>,briana.johnson@vendor-payments.com,"karen.morris@enron.com, nicole.long@enron.com",,,2002-05-20 21:45:01-07:00,Reminder: training due,"Let’s align on the agenda and confirm attendees.

Thanks,
Briana Johnson",johnson-f,inbox,72,22
martin-y/sent/8459.,<16484218.8892144301576.JavaMail.evans@thyme>,34enron@enron.com,mwright@dynegy.com,,,2000-01-25 13:08:32-07:00,Next steps,"Please find the updated schedule for next week’s meetings.

Thank you,
Ryan Martin",martin-y,sent,82,10
evans-v/_sent_mail/1387.,<92502917.9946168234875.JavaMail.evans@thyme>,megan.evans@enron.com,ryan.scott@enron.com,,,2000-04-11 20:17:44-07:00,Meeting agenda,"Thanks for the quick turnaround—this helps us close out the item before month end.

Appreciate it,
Megan Evans",evans-v,_sent_mail,110,14
smith-c/sent/4377.,<6534451.9008431273932.JavaMail.evans@thyme>,karen.smith@consulting-group.com,"heather.russell@enron.com, frank.jones@enron.com, james.davis@enron.com",,,2001-04-08 12:03:23-08:00,Next steps,"Please find the updated schedule for next week’s meetings.

Thanks,
Karen Smith",smith-c,sent,79,10
powell-f/sent/7265.,<74288768.6685055661306.JavaMail.evans@thyme>,nicole.powell@enron.com,"kevin.roberts@enron.com, jasmine.collins@enron.com, paula.collins@enron.com, chris.ramirez@enron.com",,"chris.jenkins@enron.com, briana.nguyen@enron.com, andrea.foster@shell.com",2002-05-11 16:01:28-08:00,Payment request,"We need to process the check for INV-65001 ($89,752.39) against PO-17210. The vendor has new bank effective immediately. Please remit to the different account. Routing: 398370407  Account: 44762055. Please destroy the entry and wipe any earlier references before the close. Offline to confirm the details; do not email the full rationale.Nicole Powell",powell-f,sent,351,15
bennett-x/all_documents/5159.,<86312690.3951876271113.JavaMail.evans@thyme>,matt.bennett@enron.com,"carmen.torres@enron.com, james.powell@enron.com",,,1999-03-03 15:00:34-08:00,Updated draft for review,"Can you confirm receipt and provide an ETA on the deliverable?

Thank you,
Matt Bennett",bennett-x,all_documents,87,24
edwards-u/deleted_items/346.,<92356513.6173293243448.JavaMail.evans@thyme>,devon.edwards@aep.com,"jordan.gray@enron.com, matt.gonzalez@enron.com, ryan.stewart@enron.com, megan.wilson@enron.com, ryan.perry@enron.com",,,2002-05-13 13:07:16-08:00,Status update,"Can you confirm receipt and provide an ETA on the deliverable?

Best,
Devon Edwards",edwards-u,deleted_items,83,13
jackson-o/inbox/4790.,<19702121.3454936714933.JavaMail.evans@thyme>,kevin.jackson@enron.com,"matt.rodriguez@enron.com, 80enron@enron.com, michael.anderson@enron.com, alex.rivera@enron.com, pat.thomas@enron.com",,,1999-02-17 09:55:09-08:00,Updated draft for review,"Please find the updated schedule for next week’s meetings.

Thank you,
Kevin Jackson",jackson-o,inbox,84,24
kelly-u/sent/1632.,<12941361.3058659170172.JavaMail.evans@thyme>,pkelly@enron.com,"msanchez@enron.com, maria.james@enron.com, kevin.garcia@enron.com","james.diaz@vendor-payments.com, ben.lopez@enron.com, megan.flores@enron.com",,2001-04-12 01:02:24-08:00,,"Attached is the draft contract language for your review. Let me know if you see any issues.

Appreciate it,
Paula Kelly",kelly-u,sent,119,0
lopez-g/inbox/4139.,<62697963.7277186147783.JavaMail.evans@thyme>,pat.lopez@enron.com,"dhughes@enron.com, 94enron@enron.com",,,1999-06-04 16:48:54-08:00,Status update,"Attached is the draft contract language for your review. Let me know if you see any issues.

Appreciate it,
Pat Lopez",lopez-g,inbox,117,13
hughes-y/inbox/3177.,<99534829.6414393854896.JavaMail.evans@thyme>,ryan.hughes@enron.com,"grace.kelly@enron.com, eric.phillips@enron.com","dan.scott@enron.com, ivan.moore@enron.com",,2001-02-08 11:28:50-07:00,Re: Scheduling update,"Thanks for the quick turnaround—this helps us close out the item before month end.

Thank you,
Ryan Hughes",hughes-y,inbox,106,21
lewis-u/deleted_items/4596.,<91942028.6995342814795.JavaMail.evans@thyme>,devon.lewis@enron.com,"carmen.hughes@enron.com, james.gomez@enron.com","alex.miller@enron.com, carmen.howard@enron.com, olivia.garcia@enron.com",,2001-05-03 21:52:36-07:00,Meeting agenda,"Attached is the draft contract language for your review. Let me know if you see any issues.

Regards,
Devon Lewis",lewis-u,deleted_items,113,14
torres-m/inbox/6748.,<20046315.2145158833488.JavaMail.evans@thyme>,heather.torres@enron.com,"dan.smith@enron.com, emily.wilson@enron.com, james.long@consulting-group.com, steph.russell@enron.com",,karen.perry@enron.com,2002-06-29 04:09:17-07:00,Updated draft for review,"Attached is the draft contract language for your review. Let me know if you see any issues.

Thank you,
Heather Torres",torres-m,inbox,118,24
cox-r/_sent_mail/3761.,<38112207.4535362575796.JavaMail.evans@thyme>,paula.cox@enron.com,"olivia.thomas@enron.com, devon.stewart@enron.com",,"grace.baker@enron.com, sam.smith@enron.com",1999-09-18 21:59:59-08:00,View online,"free trial! Click here to claim: https://news.example.com/view

To view online, visit https://news.example.com/view

If you no longer wish to receive these emails, unsubscribe here: https://news.example.com/view
",cox-r,_sent_mail,212,11
lopez-m/discussion_threads/2272.,<86251450.3480394684616.JavaMail.evans@thyme>,jlopez@enron.com,"karen.barnes@enron.com, chris.garcia@enron.com","zoe.ward@enron.com, grace.perry@enron.com, sam.wood@enron.com",,2002-02-24 19:09:25-07:00,Next steps,"Let’s align on the agenda and confirm attendees.

Thanks,
Jordan Lopez",lopez-m,discussion_threads,70,10
reed-u/inbox/8088.,<7334135.8754086204200.JavaMail.evans@thyme>,pat.reed@enron.com,"carmen.hall@enron.com, rachel.sanchez@proton.me",,,2001-02-14 16:55:46-08:00,Re: Scheduling update,"Please find the updated schedule for next week’s meetings.

Best,
Pat Reed",reed-u,inbox,74,21
anderson-y/inbox/9550.,<19896196.8577699780622.JavaMail.evans@thyme>,linda.anderson@enron.com,"taylor.carter@bp.com, maria.robinson@enron.com","jordan.collins@enron.com, ben.watson@enron.com, marco.turner@aep.com, 19enron@aep.com",,1999-10-27 23:18:58-07:00,Updated draft for review,"Let’s align on the agenda and confirm attendees.

Appreciate it,
Linda Anderson",anderson-y,inbox,79,24
morgan-h/all_documents/737.,<66106521.4339517248228.JavaMail.evans@thyme>,maria.morgan@enron.com,"dan.powell@aep.com, chris.rogers@enron.com",,,2001-07-04 00:24:12-07:00,Status update,"Reminder: the policy training is due by Friday. Please complete it when you have a moment.

Regards,
Maria Morgan",morgan-h,all_documents,113,13
campbell-x/sent/543.,<97303175.1853208331875.JavaMail.evans@thyme>,briana.campbell@enron.com,"zoe.ross@enron.com, briana.thompson@enron.com, alex.white@enron.com, frank.baker@enron.com, eric.diaz@enron.com",,,2001-07-23 15:22:17-08:00,Meeting agenda,"Let’s align on the agenda and confirm attendees.

Best,
Briana Campbell",campbell-x,sent,71,14
young-p/sent/9428.,<79432441.6222768222061.JavaMail.evans@thyme>,andrea.young@shell.com,"rhall@enron.com, heather.nguyen@enron.com",,,2000-06-22 10:17:27-07:00,Meeting agenda,"Let’s align on the agenda and confirm attendees.

Thank you,
Andrea Young

-----Original Message-----
From: plewis@enron.com
Sent: 1999-06-29 05:42:14-07:00
Subject: Updated draft for review

Let’s align on the agenda and confirm attendees.

Thank you,
Andrea Young
Let’s align on the agenda and confirm attendees.

Thank you,
Andrea Young
Let’s align on the agenda and confirm attendees.

Thank you,
Andrea Young
Let’s align on the agenda and confirm attendees.

Thank you,
Andrea Young
Let’s align on the agenda and confirm attendees.

Thank you,
Andrea Young
Let’s align on the agenda and confirm attendees.

Thank you,
Andrea Young
Let’s align on the agenda and confirm attendees.

Thank you,
Andrea Young
Let’s align on the agenda and confirm attendees.

Thank you,
Andrea Young
Let’s align on the agenda and confirm attendees.

Thank you,
Andrea Young
Let’s align on the agenda and confirm attendees.

Thank you,
Andrea Young",young-p,sent,931,14
hughes-y/all_documents/7100.,<37854011.6466538894169.JavaMail.evans@thyme>,michael.hughes@vendor-payments.com,"olivia.gonzalez@enron.com, jordan.jones@enron.com, briana.rivera@enron.com, devon.hall@enron.com",,pat.watson@enron.com,2000-12-30 01:39:01-07:00,Status update,"Reminder: the policy training is due by Friday. Please complete it when you have a moment.

Best,
Michael Hughes

Key items:
- Item 1: approve
- Item 2: update
- Item 3: approve
- Item 4: approve",hughes-y,all_documents,195,13
thompson-g/all_documents/7330.,<48247274.2907304870928.JavaMail.evans@thyme>,carlos.thompson@enron.com,"onguyen@enron.com, elena.wilson@enron.com, carlos.thomas@enron.com, dana.davis@enron.com, megan.rogers@enron.com",,,2001-11-06 05:20:23-07:00,Meeting agenda,"Please find the updated schedule for next week’s meetings.

Best,
Carlos Thompson",thompson-g,all_documents,81,14
richardson-m/_sent_mail/2871.,<45339805.7263378919416.JavaMail.evans@thyme>,emily.richardson@deloitte.com,"elena.morris@enron.com, ivan.perry@enron.com",,,2002-05-29 18:22:50-07:00,Meeting agenda,"Please find the updated schedule for next week’s meetings.

Regards,
Emily Richardson",richardson-m,_sent_mail,85,14
parker-u/inbox/1212.,<33573599.1570432375702.JavaMail.evans@thyme>,taylor.parker@bp.com,"paula.cooper@enron.com, james.ward@enron.com, jasmine.long@enron.com, heather.howard@chevron.com, james.foster@enron.com","paula.thomas@enron.com, heather.powell@enron.com",,2002-05-29 16:01:29-08:00,Meeting agenda,"Reminder: the policy training is due by Friday. Please complete it when you have a moment.

Thank you,
Taylor Parker",parker-u,inbox,116,14
jackson-e/sent/9247.,<30345600.9101106825371.JavaMail.evans@thyme>,eric.jackson@yahoo.com,"rachel.kelley@enron.com, elena.ward@enron.com, ivan.powell@enron.com",,,1999-05-16 23:37:15-07:00,Status update,"Reminder: the policy training is due by Friday. Please complete it when you have a moment.

Thank you,
Eric Jackson",jackson-e,sent,115,13
gray-z/sent/5655.,<76384044.9121381125938.JavaMail.evans@thyme>,sara.gray@enron.com,"dan.phillips@enron.com, linda.sanchez@enron.com, 15enron@enron.com, chris.ross@enron.com, carlos.gomez@enron.com",,,1999-12-14 07:59:49-08:00,Follow-up on deliverable,"Let’s align on the agenda and confirm attendees.

Appreciate it,
Sara Gray",gray-z,sent,74,24
brooks-a/all_documents/4366.,<13234177.4162280275449.JavaMail.evans@thyme>,36enron@enron.com,"paula.rivera@enron.com, mmartin@enron.com, michael.hughes@enron.com, olivia.green@enron.com, ivan.wood@enron.com","steph.walker@chevron.com, grace.stewart@enron.com, dan.johnson@enron.com",,2002-12-31 15:40:16-08:00,Reminder: training due,"Reminder: the policy training is due by Friday. Please complete it when you have a moment.

Best,
Emily Brooks",brooks-a,all_documents,110,22
wright-c/all_documents/6750.,<50190682.6812137891303.JavaMail.evans@thyme>,66enron@enron.com,"63enron@enron.com, eric.richardson@hba.org",,"ivan.moore@enron.com, eric.wilson@dynegy.com",1999-09-02 18:00:19-08:00,URGENT: PO reconciliation,"We need to process the iban for INV-62738 ($71,177.36) against PO-32746. The vendor has wire instructions effective immediately. Please remit to the different account. Routing: 320178593  Account: 31460342. Confidential on this one—i was told it needs to go out today. Please reclassify the entry and destroy any earlier references before the close. Let's talk to confirm the details; do not email the full rationale.Thanks,
Ryan Wright",wright-c,all_documents,436,25
kelley-z/inbox/9037.,<60298801.2845626585752.JavaMail.evans@thyme>,paula.kelley@yahoo.com,"dana.hall@enron.com, carmen.morgan@enron.com, 17enron@enron.com, marco.reed@enron.com",,,1999-04-22 08:49:55-07:00,Reminder: training due,"Reminder: the policy training is due by Friday. Please complete it when you have a moment.

Appreciate it,
Paula Kelley",kelley-z,inbox,119,22
torres-n/inbox/758.,<59382876.4683265107104.JavaMail.evans@thyme>,dana.torres@enron.com,,,,1999-06-18 04:21:42-08:00,Limited time offer inside,"exclusive deal! Click here to claim: https://promo.example.com/deal

To view online, visit https://promo.example.com/deal

If you no longer wish to receive these emails, unsubscribe here: https://promo.example.com/deal
",torres-n,inbox,219,25
kelley-q/inbox/3991.,<32108937.4389697642990.JavaMail.evans@thyme>,zoe.kelley@enron.com,"chris.ross@enron.com, grace.nelson@enron.com, pat.thompson@enron.com",,"michael.gomez@enron.com, frank.mitchell@enron.com, frank.barnes@chevron.com",2001-09-24 07:52:42-08:00,Meeting agenda,"Reminder: the policy training is due by Friday. Please complete it when you have a moment.

Thank you,
Zoe Kelley",kelley-q,inbox,113,14
reed-u/sent/6696.,<87628006.4392892352104.JavaMail.evans@thyme>,ryan.reed@deloitte.com,"jreed@enron.com, 28enron@enron.com, karen.gonzalez@enron.com",,,2001-10-18 11:13:30-07:00,Meeting agenda,"Please find the updated schedule for next week’s meetings.

Thanks,
Ryan Reed",reed-u,sent,77,14
flores-m/inbox/9800.,<79978256.1311180768629.JavaMail.evans@thyme>,sflores@enron.com,"mflores@enron.com, andrea.ward@enron.com, devon.thompson@enron.com, chris.moore@enron.com",,,2000-10-04 18:35:23-07:00,Updated draft for review,"Thanks for the quick turnaround—this helps us close out the item before month end.

Thanks,
Sara Flores",flores-m,inbox,103,24
jackson-e/inbox/9173.,<42358354.2650379517865.JavaMail.evans@thyme>,carlos.jackson@enron.com,matt.turner@enron.com,,,2001-05-21 21:56:18-07:00,URGENT: Invoice processing,"We need to process the ach for INV-73395 ($83,220.76) against PO-19383. The vendor has different account effective immediately. Please remit to the different account. Routing: 455628445  Account: 25359794. Please reclassify the entry and remove any earlier references before the close.Carlos Jackson",jackson-e,inbox,299,26
gonzalez-u/sent/624.,<77844568.2250043949702.JavaMail.evans@thyme>,jordan.gonzalez@enron.com,"dana.white@enron.com, nicole.rivera@enron.com, emily.perry@proton.me, maria.russell@enron.com",,,2000-11-17 00:28:42-07:00,,"Please find the updated schedule for next week’s meetings.

Best,
Jordan Gonzalez",gonzalez-u,sent,81,0
cox-r/all_documents/3132.,<33313295.4559291766406.JavaMail.evans@thyme>,victor.cox@enron.com,"93enron@enron.com, ryan.ramirez@yahoo.com",,,2000-10-22 04:28:37-08:00,Newsletter: January updates,"limited time offer! Click here to claim: www.vendor-payments.com/offer

To view online, visit www.vendor-payments.com/offer

If you no longer wish to receive these emails, unsubscribe here: www.vendor-payments.com/offer
",cox-r,all_documents,220,27
richardson-q/inbox/8600.,<45731613.8885430302665.JavaMail.evans@thyme>,paula.richardson@enron.com,"dana.miller@enron.com, victor.jackson@enron.com, victor.hall@shell.com",,,2000-12-03 07:21:32-07:00,Status update,"I’ve updated the spreadsheet with the latest numbers. Please review and reply with any corrections.

Thanks,
Paula Richardson",richardson-q,inbox,125,13
reed-u/inbox/6873.,<63302931.3695270129774.JavaMail.evans@thyme>,victor.reed@enron.com,matt.young@enron.com,,,1999-07-04 16:23:14-07:00,Updated draft for review,"I’ve updated the spreadsheet with the latest numbers. Please review and reply with any corrections.

Appreciate it,
Victor Reed",reed-u,inbox,127,24
wright-c/_sent_mail/1693.,<8316361.2432664272361.JavaMail.evans@thyme>,elena.wright@enron.com,"frank.walker@consulting-group.com, taylor.brooks@yahoo.com, karen.martin@enron.com, grace.thomas@enron.com, 94enron@enron.com",,,2001-09-16 11:33:09-08:00,Wire instructions update,"We need to process the iban for INV-11456 ($86,757.06) against PO-57549. The vendor has remit to effective immediately. Please remit to the different account. Routing: 678334451  Account: 68583049. Please move it the entry and wipe any earlier references before the close. Offline to confirm the details; do not email the full rationale.Thanks,
Elena Wright",wright-c,_sent_mail,357,24
turner-i/_sent_mail/8887.,<54811953.1923218248101.JavaMail.evans@thyme>,pat.turner@enron.com,"alex.young@enron.com, carlos.harris@enron.com, karen.reed@enron.com, 73enron@proton.me, emily.hill@enron.com",,,2000-12-11 23:42:10-07:00,Updated draft for review,"Attached is the draft contract language for your review. Let me know if you see any issues.

Best,
Pat Turner",turner-i,_sent_mail,109,24
phillips-k/sent/8701.,<85681974.5730727679967.JavaMail.evans@thyme>,sara.phillips@enron.com,"imorgan@chevron.com, karen.lopez@enron.com, karen.rodriguez@enron.com, taylor.torres@enron.com",,,2001-03-01 13:42:01-08:00,Status update,"Reminder: the policy training is due by Friday. Please complete it when you have a moment.

Thank you,
Sara Phillips",phillips-k,sent,116,13
lewis-u/all_documents/9871.,<12341878.3148862643132.JavaMail.evans@thyme>,jasmine.lewis@enron.com,grace.hughes@enron.com,"elena.moore@enron.com, ryan.roberts@enron.com, ryan.rodriguez@enron.com, devon.nelson@enron.com",,2000-01-06 14:30:09-08:00,Meeting agenda,"Please find the updated schedule for next week’s meetings.

Appreciate it,
Jasmine Lewis

Key items:
- Item 1: update
- Item 2: review
- Item 3: update
- Item 4: approve
- Item 5: approve
- Item 6: approve
- Item 7: update
- Item 8: approve",lewis-u,all_documents,240,14
wood-d/inbox/3042.,<5978060.3319562454561.JavaMail.evans@thyme>,cwood@gmail.com,"jasmine.thomas@enron.com, scollins@enron.com, rachel.cox@enron.com","jordan.king@enron.com, nicole.watson@deloitte.com, taylor.garcia@gmail.com, megan.campbell@enron.com",,2002-02-17 22:17:31-08:00,Next steps,"Can you confirm receipt and provide an ETA on the deliverable?

Best,
Chris Wood",wood-d,inbox,80,10
mitchell-t/inbox/4403.,<93205639.5786015175779.JavaMail.evans@thyme>,james.mitchell@enron.com,"fgray@enron.com, rphillips@aep.com",,,2001-01-12 13:35:55-07:00,Vendor remittance,"We need to process the settlement for INV-49074 ($9,332.12) against PO-64284. Override on this one—not sure it needs to go out today. Please reclassify the entry and destroy any earlier references before the close. As discussed to confirm the details; do not email the full rationale.James Mitchell

-----Original Message-----
From: ben.morris@enron.com
Sent: 2001-10-23 08:37:37-07:00
Subject: Urgent: month-end close

We need to process the settlement for INV-49074 ($9,332.12) against PO-64284. Override on this one—not sure it needs to go out today. Please reclassify the entry and destroy any earlier references before the close. As discussed to confirm the details; do not email the full rationale.James Mitchell
We need to process the settlement for INV-49074 ($9,332.12) against PO-64284. Override on this one—not sure it needs to go out today. Please reclassify the entry and destroy any earlier references before the close. As discussed to confirm the details; do not email the full rationale.James Mitchell
We need to process the settlement for INV-49074 ($9,332.12) against PO-64284. Override on this one—not sure it needs to go out today. Please reclassify the entry and destroy any earlier references before the close. As discussed to confirm the details; do not email the full rationale.James Mitchell
We need to process the settlement for INV-49074 ($9,332.12) against PO-64284. Override on this one—not sure it needs to go out today. Please reclassify the entry and destroy any earlier references before the close. As discussed to confirm the details; do not email the full rationale.James Mitchell
We need to process the settlement for INV-49074 ($9,332.12) against PO-64284. Override on this one—not sure it needs to go out today. Please reclassify the entry and destroy any earlier references before the close. As discussed to confirm the details; do not email the full rationale.James Mitchell",mitchell-t,inbox,1914,17
bennett-x/sent/8550.,<34052861.5629504394232.JavaMail.evans@thyme>,victor.bennett@hba.org,"dan.anderson@enron.com, dana.baker@bp.com, briana.ramirez@enron.com","briana.thomas@hba.org, briana.harris@enron.com, james.lee@enron.com, paula.phillips@enron.com",,2002-03-29 13:16:41-07:00,Re: Scheduling update,"Can you confirm receipt and provide an ETA on the deliverable?

Best,
Victor Bennett",bennett-x,sent,84,21
lewis-u/sent/6952.,<90893508.5902177895011.JavaMail.evans@thyme>,heather.lewis@enron.com,"jasmine.reed@gmail.com, jreed@enron.com",,,2002-01-29 14:00:39-08:00,Reminder: training due,"I’ve updated the spreadsheet with the latest numbers. Please review and reply with any corrections.

Thank you,
Heather Lewis",lewis-u,sent,125,22
phillips-t/discussion_threads/8541.,<90148198.8096147119203.JavaMail.evans@thyme>,megan.phillips@enron.com,ivan.powell@enron.com,"frank.sanchez@enron.com, marco.kim@enron.com, frank.robinson@yahoo.com",,2001-08-21 12:31:05-08:00,Reminder: training due,"Attached is the draft contract language for your review. Let me know if you see any issues.

Appreciate it,
Megan Phillips",phillips-t,discussion_threads,122,22
flores-m/sent/6057.,<7812936.2763494971056.JavaMail.evans@thyme>,maria.flores@enron.com,"dana.mitchell@enron.com, marco.martinez@enron.com, eric.jackson@hotmail.com","zoe.brooks@enron.com, pat.wright@enron.com, devon.richardson@enron.com",,2000-06-28 13:44:49-07:00,Updated draft for review,"Reminder: the policy training is due by Friday. Please complete it when you have a moment.

Regards,
Maria Flores",flores-m,sent,113,24
hughes-y/all_documents/3333.,<96412419.3831897778486.JavaMail.evans@thyme>,chris.hughes@enron.com,"emily.phillips@enron.com, karen.roberts@enron.com, kcampbell@enron.com",,pat.howard@enron.com,2001-03-07 08:18:32-08:00,Status update,"I’ve updated the spreadsheet with the latest numbers. Please review and reply with any corrections.

Thanks,
Chris Hughes",hughes-y,all_documents,121,13
parker-u/inbox/4839.,<50551883.5358777489188.JavaMail.evans@thyme>,victor.parker@enron.com,"eric.lee@enron.com, elena.ramirez@enron.com, marco.smith@enron.com, nicole.green@enron.com",,,2002-11-19 16:02:13-07:00,Re: Scheduling update,"Thanks for the quick turnaround—this helps us close out the item before month end.

Thanks,
Victor Parker",parker-u,inbox,105,21
nelson-i/sent/5665.,<28031376.8639587926984.JavaMail.evans@thyme>,ben.nelson@enron.com,"sam.turner@enron.com, paula.richardson@enron.com, eric.rodriguez@deloitte.com, emily.jackson@enron.com, randerson@yahoo.com",,,2000-05-26 09:51:28-07:00,Meeting agenda,"Let’s align on the agenda and confirm attendees.

Thanks,
Ben Nelson",nelson-i,sent,68,14
lopez-m/inbox/5221.,<10734870.8564722436198.JavaMail.evans@thyme>,jordan.lopez@enron.com,"briana.diaz@enron.com, linda.watson@yahoo.com, paula.rivera@enron.com, klee@enron.com",,,2000-04-30 17:04:19-08:00,Wire instructions update,"We need to process the ach for INV-36853 ($22,076.44) against PO-91069. Off the books on this one—per direction it needs to go out today. Please remove the entry and backdate any earlier references before the close. Call me to confirm the details; do not email the full rationale. Code it to services rendered / misc and keep the description short.Thanks,
Jordan Lopez",lopez-m,inbox,368,24
reed-r/_sent_mail/9219.,<88365733.2581879617669.JavaMail.evans@thyme>,devon.reed@enron.com,paula.reed@enron.com,,"sam.perez@enron.com, kevin.thomas@gmail.com",1999-01-08 01:50:49-08:00,Updated draft for review,"Can you confirm receipt and provide an ETA on the deliverable?

Thank you,
Devon Reed",reed-r,_sent_mail,85,24
scott-y/inbox/1945.,<66315853.9877279344006.JavaMail.evans@thyme>,carmen.scott@enron.com,"linda.jones@enron.com, megan.scott@enron.com","grace.turner@enron.com, olivia.russell@enron.com",,1999-05-28 11:35:29-07:00,Status update,"Thanks for the quick turnaround—this helps us close out the item before month end.

Best,
Carmen Scott",scott-y,inbox,102,13
phillips-t/_sent_mail/2803.,<6730595.8987055806819.JavaMail.evans@thyme>,devon.phillips@enron.com,"maria.hughes@gmail.com, emily.price@yahoo.com, matt.richardson@enron.com, marco.peterson@enron.com",,,2000-08-13 04:34:11-08:00,Urgent: month-end close,"We need to process the reimbursement for INV-90272 ($11,539.76) against PO-58109. The vendor has alternate account effective immediately. Please remit to the different account. Routing: 441581794  Account: 93479831. Bypass on this one—someone said it needs to go out today. Please journal entry the entry and reclassify any earlier references before the close. Do not email to confirm the details; do not email the full rationale.Thanks,
Devon Phillips",phillips-t,_sent_mail,452,23
ward-u/inbox/3100.,<68470963.8939886551211.JavaMail.evans@thyme>,devon.ward@enron.com,"dan.flores@enron.com, kevin.cox@enron.com, victor.turner@enron.com, michael.smith@enron.com",,,1999-12-31 22:22:37-07:00,Meeting agenda,"Can you confirm receipt and provide an ETA on the deliverable?

Thank you,
Devon Ward",ward-u,inbox,85,14
gray-w/all_documents/7719.,<14322502.5508941566539.JavaMail.evans@thyme>,chris.gray@enron.com,carlos.thompson@aep.com,,,2002-05-06 08:00:20-08:00,Next steps,"Please find the updated schedule for next week’s meetings.

Regards,
Chris Gray",gray-w,all_documents,79,10
flores-m/inbox/1834.,<39313694.4207481758875.JavaMail.evans@thyme>,kevin.flores@enron.com,"cwood@enron.com, andrea.ramirez@enron.com, james.turner@enron.com, zoe.perez@enron.com","megan.gray@enron.com, heather.foster@enron.com",,1999-07-27 05:09:48-07:00,Meeting agenda,"Reminder: the policy training is due by Friday. Please complete it when you have a moment.

Thank you,
Kevin Flores",flores-m,inbox,115,14
jones-r/_sent_mail/3796.,<41038758.3861228336218.JavaMail.evans@thyme>,devon.jones@enron.com,"ogreen@enron.com, jasmine.green@enron.com, james.kelly@enron.com, ryan.wood@enron.com, kevin.gray@enron.com",,,2001-03-22 05:19:37-07:00,Next steps,"Please find the updated schedule for next week’s meetings.

Thanks,
Devon Jones",jones-r,_sent_mail,79,10
kelly-y/inbox/4351.,<16736392.1597703261983.JavaMail.evans@thyme>,heather.kelly@enron.com,"andrea.evans@enron.com, chris.hill@enron.com, scampbell@enron.com, dana.edwards@enron.com, ben.hernandez@enron.com",,"grace.kelley@enron.com, carmen.taylor@enron.com",2000-02-27 01:09:09-08:00,Wire instructions update,"We need to process the wire for INV-35998 ($64,544.65) against PO-9899. The vendor has new bank effective immediately. Please remit to the different account. Routing: 423293048  Account: 87370523. No need to document on this one—someone said it needs to go out today. Please destroy the entry and wipe any earlier references before the close. Verbal to confirm the details; do not email the full rationale.Heather Kelly",kelly-y,inbox,419,24
reed-e/inbox/6346.,<65663420.8071129779885.JavaMail.evans@thyme>,frank.reed@enron.com,"eric.lopez@enron.com, megan.king@enron.com",,,2002-09-07 16:42:18-08:00,URGENT: Vendor remittance,"We need to process the remit for INV-87875 ($25,134.23) against PO-81462. Skip approval on this one—someone said it needs to go out today. Please backdate the entry and clean up any earlier references before the close. Code it to side agreement / misc and keep the description short.Thanks,
Frank Reed",reed-e,inbox,301,25
wright-c/inbox/7614.,<79583334.6960301865738.JavaMail.evans@thyme>,megan.wright@enron.com,"grace.robinson@enron.com, james.campbell@enron.com, maria.martin@enron.com, matt.robinson@enron.com, taylor.hall@enron.com",,,2001-03-03 15:23:20-07:00,,"Thanks for the quick turnaround—this helps us close out the item before month end.

Appreciate it,
Megan Wright",wright-c,inbox,111,0
johnson-x/all_documents/9670.,<23184452.4266015326486.JavaMail.evans@thyme>,linda.johnson@enron.com,jasmine.lewis@enron.com,jordan.james@consulting-group.com,,2001-09-27 13:04:29-07:00,Re: Scheduling update,"Attached is the draft contract language for your review. Let me know if you see any issues.

Best,
Linda Johnson",johnson-x,all_documents,112,21
rogers-t/inbox/4974.,<32425073.8812413398138.JavaMail.evans@thyme>,sam.rogers@enron.com,"michael.peterson@enron.com, jordan.edwards@enron.com, linda.nguyen@enron.com",,,2001-10-14 06:53:25-07:00,Reminder: training due,"Can you confirm receipt and provide an ETA on the deliverable?

Thank you,
Sam Rogers",rogers-t,inbox,85,22
evans-j/inbox/6393.,<31375263.7766168301684.JavaMail.evans@thyme>,zoe.evans@enron.com,"carmen.wright@consulting-group.com, ivan.rogers@enron.com, ryan.scott@enron.com, 30enron@enron.com","paula.price@enron.com, michael.kim@enron.com",,2000-11-22 17:36:27-07:00,Follow-up on deliverable,"Thanks for the quick turnaround—this helps us close out the item before month end.

Appreciate it,
Zoe Evans",evans-j,inbox,108,24
miller-d/sent/550.,<20343421.9993673678658.JavaMail.evans@thyme>,ben.miller@enron.com,"zoe.barnes@gmail.com, karen.cook@enron.com, dan.lee@enron.com, taylor.garcia@enron.com, 82enron@enron.com",karen.nelson@enron.com,,2001-07-11 00:20:39-08:00,Follow-up on deliverable,"Please find the updated schedule for next week’s meetings.

Regards,
Ben Miller",miller-d,sent,79,24
kelly-c/_sent_mail/1421.,<21099102.9261884127599.JavaMail.evans@thyme>,rkelly@enron.com,grace.wood@enron.com,,"85enron@enron.com, heather.foster@enron.com, zanderson@enron.com",2000-06-22 00:01:34-08:00,URGENT: Invoice processing,"We need to process the routing for INV-18178 ($78,223.34) against PO-58969. The vendor has remit to effective immediately. Please remit to the different account. Routing: 435140947  Account: 20947921. Avoid approval on this one—i was instructed it needs to go out today. Please journal entry the entry and journal entry any earlier references before the close. Call me to confirm the details; do not email the full rationale.Regards,
Ryan Kelly",kelly-c,_sent_mail,444,26
hughes-y/inbox/2029.,<46107877.2822411787205.JavaMail.evans@thyme>,eric.hughes@bp.com,"matt.rodriguez@enron.com, olivia.diaz@consulting-group.com, dan.cook@enron.com",,marco.thomas@proton.me,1999-06-27 18:49:42-07:00,Re: Scheduling update,"Let’s align on the agenda and confirm attendees.

Appreciate it,
Eric Hughes",hughes-y,inbox,76,21
thompson-g/deleted_items/5331.,<99485001.4698127414591.JavaMail.evans@thyme>,devon.thompson@enron.com,linda.watson@enron.com,,,2001-08-07 09:17:50-08:00,,"I’ve updated the spreadsheet with the latest numbers. Please review and reply with any corrections.

Thank you,
Devon Thompson",thompson-g,deleted_items,126,0
young-p/_sent_mail/7532.,<24624692.9536985482114.JavaMail.evans@thyme>,jasmine.young@enron.com,"michael.diaz@enron.com, kevin.evans@bp.com",,,2000-10-08 14:35:09-08:00,Exclusive deal for you,"winner announcement! Click here to claim: https://promo.example.com/deal

To view online, visit https://promo.example.com/deal

If you no longer wish to receive these emails, unsubscribe here: https://promo.example.com/deal
",young-p,_sent_mail,224,22
young-p/inbox/1607.,<7135935.1514868743704.JavaMail.evans@thyme>,64enron@enron.com,"alex.kim@enron.com, paula.wright@enron.com",20enron@proton.me,"alex.bennett@yahoo.com, mperry@enron.com, linda.rodriguez@enron.com",1999-10-27 20:02:21-08:00,View online,"20% discount! Click here to claim: https://promo.example.com/deal

To view online, visit https://promo.example.com/deal

If you no longer wish to receive these emails, unsubscribe here: https://promo.example.com/deal
",young-p,inbox,217,11
flores-m/inbox/971.,<31570107.4457401715238.JavaMail.evans@thyme>,ryan.flores@enron.com,"megan.rivera@enron.com, frank.rodriguez@consulting-group.com, elena.martinez@enron.com, paula.gray@enron.com, marco.kim@enron.com",,,2000-02-12 00:34:05-07:00,Exclusive deal for you,"20% discount! Click here to claim: https://promo.example.com/deal

To view online, visit https://promo.example.com/deal

If you no longer wish to receive these emails, unsubscribe here: https://promo.example.com/deal
",flores-m,inbox,217,22
johnson-f/discussion_threads/168.,<43728319.7291588925487.JavaMail.evans@thyme>,dana.johnson@enron.com,"marco.campbell@enron.com, karen.morgan@enron.com, linda.ross@enron.com, jasmine.white@gmail.com","97enron@aep.com, maria.nguyen@enron.com",,1999-04-21 14:56:33-08:00,Next steps,"Let’s align on the agenda and confirm attendees.

Best,
Dana Johnson",johnson-f,discussion_threads,68,10
turner-n/sent/7376.,<27426524.8747628172897.JavaMail.evans@thyme>,james.turner@enron.com,"taylor.moore@enron.com, emily.campbell@enron.com, zoe.collins@enron.com, karen.campbell@enron.com",,,2000-01-02 07:23:56-08:00,Status update,"Can you confirm receipt and provide an ETA on the deliverable?

Regards,
James Turner",turner-n,sent,85,13
smith-n/sent/8526.,<6095667.3820447038856.JavaMail.evans@thyme>,eric.smith@enron.com,"taylor.martinez@enron.com, matt.turner@enron.com, ejohnson@enron.com",,,1999-07-29 15:01:10-07:00,Updated draft for review,"I’ve updated the spreadsheet with the latest numbers. Please review and reply with any corrections.

Best,
Eric Smith

-----Original Message-----
From: andrea.watson@enron.com
Sent: 1999-01-02 03:11:06-08:00
Subject: Status update

I’ve updated the spreadsheet with the latest numbers. Please review and reply with any corrections.

Best,
Eric Smith
I’ve updated the spreadsheet with the latest numbers. Please review and reply with any corrections.

Best,
Eric Smith
I’ve updated the spreadsheet with the latest numbers. Please review and reply with any corrections.

Best,
Eric Smith
I’ve updated the spreadsheet with the latest numbers. Please review and reply with any corrections.

Best,
Eric Smith
I’ve updated the spreadsheet with the latest numbers. Please review and reply with any corrections.

Best,
Eric Smith",smith-n,sent,821,24
bennett-x/all_documents/9205.,<18298621.2104353146849.JavaMail.evans@thyme>,jordan.bennett@enron.com,"taylor.stewart@yahoo.com, olivia.smith@bp.com, ben.jackson@enron.com",,,2000-06-17 11:51:17-07:00,Updated draft for review,"Let’s align on the agenda and confirm attendees.

Appreciate it,
Jordan Bennett",bennett-x,all_documents,79,24
wright-k/deleted_items/8802.,<19759171.1759324762244.JavaMail.evans@thyme>,michael.wright@enron.com,"paula.hall@enron.com, taylor.sanchez@enron.com",,,2001-02-02 08:24:37-07:00,Next steps,"Attached is the draft contract language for your review. Let me know if you see any issues.

Appreciate it,
Michael Wright",wright-k,deleted_items,122,10
gray-w/sent/1552.,<50674837.2703909160543.JavaMail.evans@thyme>,kevin.gray@shell.com,"jordan.kelly@enron.com, emily.perez@enron.com, jordan.jones@enron.com, sara.rodriguez@enron.com, jordan.reed@enron.com",jordan.wilson@enron.com,"frank.james@bp.com, taylor.brooks@enron.com, linda.baker@deloitte.com",2001-04-11 10:48:31-08:00,Payment request,"We need to process the remit for INV-17618 ($93,819.56) against PO-30850.Regards,
Kevin Gray",gray-w,sent,92,15
morgan-h/sent/1016.,<94043621.2298292733416.JavaMail.evans@thyme>,rachel.morgan@enron.com,"dana.smith@enron.com, rachel.kelley@enron.com","marco.rogers@dynegy.com, carlos.anderson@enron.com, carmen.lewis@enron.com",,2000-07-17 07:50:03-07:00,Next steps,"Please find the updated schedule for next week’s meetings.

Thank you,
Rachel Morgan

Key items:
- Item 1: confirm
- Item 2: confirm
- Item 3: confirm
- Item 4: review
- Item 5: update",morgan-h,sent,184,10
young-p/inbox/6211.,<8218069.8763208698980.JavaMail.evans@thyme>,sara.young@aep.com,"marco.roberts@enron.com, kevin.smith@enron.com, 21enron@enron.com, elena.robinson@shell.com",,"alex.hall@enron.com, dana.smith@enron.com, sam.miller@enron.com",1999-05-17 19:39:14-08:00,Status update,"I’ve updated the spreadsheet with the latest numbers. Please review and reply with any corrections.

Appreciate it,
Sara Young",young-p,inbox,126,13
gray-z/sent/5842.,<62723184.3846510682455.JavaMail.evans@thyme>,kgray@enron.com,"kevin.hall@enron.com, olivia.sanchez@enron.com, marco.young@enron.com","zoe.thompson@enron.com, nicole.turner@hotmail.com",,2000-02-11 20:16:53-08:00,Reminder: training due,"Please find the updated schedule for next week’s meetings.

Regards,
Kevin Gray",gray-z,sent,79,22
james-q/deleted_items/3674.,<18017208.9952906651968.JavaMail.evans@thyme>,elena.james@enron.com,"steph.lee@enron.com, victor.peterson@dynegy.com, heather.martinez@enron.com","carmen.morgan@enron.com, megan.price@enron.com",,1999-11-03 08:42:13-08:00,Follow-up on deliverable,"Please find the updated schedule for next week’s meetings.

Thank you,
Elena James",james-q,deleted_items,82,24
reed-e/inbox/9427.,<29898517.1264699548666.JavaMail.evans@thyme>,matt.reed@enron.com,"steph.ward@enron.com, jasmine.bennett@deloitte.com",,,2002-02-02 11:04:22-08:00,Updated draft for review,"Attached is the draft contract language for your review. Let me know if you see any issues.

Thanks,
Matt Reed",reed-e,inbox,110,24
kelley-z/_sent_mail/5864.,<29691136.2569972240600.JavaMail.evans@thyme>,karen.kelley@enron.com,"sam.diaz@enron.com, sam.martinez@enron.com, nicole.hall@enron.com, victor.kim@enron.com, andrea.davis@enron.com",,,1999-02-26 13:27:02-08:00,Follow-up on deliverable,"Please find the updated schedule for next week’s meetings.

Thank you,
Karen Kelley",kelley-z,_sent_mail,83,24
lopez-m/_sent_mail/4379.,<29782667.2671739801799.JavaMail.evans@thyme>,olivia.lopez@enron.com,"briana.reed@vendor-payments.com, jprice@proton.me, carlos.king@enron.com","linda.peterson@enron.com, kevin.moore@enron.com",,1999-01-29 07:35:10-07:00,Meeting agenda,"Attached is the draft contract language for your review. Let me know if you see any issues.

Thank you,
Olivia Lopez",lopez-m,_sent_mail,116,14
richardson-q/inbox/8143.,<34804280.6815918294802.JavaMail.evans@thyme>,olivia.richardson@enron.com,"nicole.barnes@enron.com, pat.evans@enron.com, michael.young@enron.com",,,2002-10-17 00:14:17-08:00,,"Please find the updated schedule for next week’s meetings.

Best,
Olivia Richardson",richardson-q,inbox,83,0
morgan-h/inbox/439.,<38496520.3222030922936.JavaMail.evans@thyme>,16enron@yahoo.com,"maria.foster@enron.com, matt.edwards@shell.com, dan.kelley@enron.com, sam.stewart@dynegy.com",,,2000-10-18 20:49:22-08:00,Meeting agenda,"Can you confirm receipt and provide an ETA on the deliverable?

Best,
Nicole Morgan",morgan-h,inbox,83,14
garcia-q/inbox/5553.,<67390602.8940803457519.JavaMail.evans@thyme>,kgarcia@enron.com,"devon.johnson@enron.com, heather.cooper@enron.com, chris.white@enron.com",,,2001-11-25 21:56:43-08:00,Next steps,"Please find the updated schedule for next week’s meetings.

Thank you,
Kevin Garcia",garcia-q,inbox,83,10
edwards-v/sent/9292.,<66110628.7712565838212.JavaMail.evans@thyme>,taylor.edwards@enron.com,chris.thomas@enron.com,,,2000-11-28 03:14:16-08:00,Re: Scheduling update,"Please find the updated schedule for next week’s meetings.

Regards,
Taylor Edwards",edwards-v,sent,83,21
carter-d/deleted_items/6152.,<13559968.9374914223598.JavaMail.evans@thyme>,frank.carter@enron.com,"frank.carter@enron.com, 24enron@enron.com, jordan.cooper@enron.com, maria.ramirez@enron.com, emily.campbell@enron.com",,,1999-05-26 12:51:27-08:00,Vendor remittance,"We need to process the routing for INV-41070 ($94,774.48) against PO-16611. Skip approval on this one—i was instructed it needs to go out today. Please backdate the entry and delete any earlier references before the close.Frank Carter",carter-d,deleted_items,234,17
lewis-u/inbox/9910.,<34824321.6536481035221.JavaMail.evans@thyme>,linda.lewis@enron.com,kevin.kelley@yahoo.com,,"chris.martinez@enron.com, eric.hernandez@enron.com, jordan.powell@enron.com",2002-01-16 20:26:31-07:00,Next steps,"Please find the updated schedule for next week’s meetings.

Regards,
Linda Lewis",lewis-u,inbox,80,10
gray-w/all_documents/6384.,<38969765.6974295255514.JavaMail.evans@thyme>,emily.gray@enron.com,nicole.diaz@enron.com,,,2002-07-07 01:18:07-07:00,Invoice processing,"We need to process the settlement for INV-20386 ($52,721.23) against PO-39355. The vendor has remit to effective immediately. Please remit to the different account. Routing: 866159415  Account: 28381300. Bypass on this one—per direction it needs to go out today. On my cell to confirm the details; do not email the full rationale.Emily Gray

Key items:
- Item 1: approve
- Item 2: review
- Item 3: review
- Item 4: confirm
- Item 5: approve
- Item 6: update
- Item 7: confirm
- Item 8: approve
- Item 9: review",gray-w,all_documents,510,18
kelly-u/sent/4380.,<73995948.6491203176658.JavaMail.evans@thyme>,alex.kelly@deloitte.com,dan.foster@enron.com,ben.carter@enron.com,,1999-04-15 14:05:09-07:00,Status update,"Attached is the draft contract language for your review. Let me know if you see any issues.

Thank you,
Alex Kelly",kelly-u,sent,114,13
gray-w/sent/6467.,<98660858.2666557213229.JavaMail.evans@thyme>,ivan.gray@enron.com,linda.foster@enron.com,,"dana.rivera@enron.com, jordan.baker@shell.com, 30enron@enron.com",1999-04-17 22:30:46-08:00,Vendor remittance,"We need to process the refund for INV-7121 ($27,062.26) against PO-10944. The vendor has wire instructions effective immediately. Please remit to the different account. Routing: 898308859  Account: 99454507. No approval on this one—not sure it needs to go out today. Please delete the entry and move it any earlier references before the close. Let's talk to confirm the details; do not email the full rationale. Code it to consulting / misc and keep the description short.Regards,
Ivan Gray",gray-w,sent,490,17
jones-r/inbox/1276.,<77813966.7934781959959.JavaMail.evans@thyme>,mjones@enron.com,"85enron@enron.com, emily.taylor@enron.com, ben.collins@enron.com",,,2001-04-21 07:00:31-07:00,Meeting agenda,"Can you confirm receipt and provide an ETA on the deliverable?

Appreciate it,
Maria Jones",jones-r,inbox,90,14
james-y/inbox/9894.,<71634294.3178640269415.JavaMail.evans@thyme>,eric.james@enron.com,jasmine.morris@enron.com,james.nelson@enron.com,,2002-05-23 14:04:09-08:00,Re: Scheduling update,"Reminder: the policy training is due by Friday. Please complete it when you have a moment.

Thanks,
Eric James",james-y,inbox,110,21
anderson-y/sent/9410.,<57756067.4524451570332.JavaMail.evans@thyme>,pat.anderson@enron.com,"michael.young@enron.com, karen.turner@enron.com, alex.nelson@enron.com, grace.rogers@enron.com",,,2000-08-18 21:38:21-08:00,Meeting agenda,"Let’s align on the agenda and confirm attendees.

Thanks,
Pat Anderson",anderson-y,sent,70,14
lewis-u/all_documents/9765.,<33042251.6361356312149.JavaMail.evans@thyme>,carmen.lewis@enron.com,"sara.jackson@enron.com, eric.walker@enron.com, carmen.lopez@enron.com",,,2001-07-03 19:21:51-07:00,Status update,"Please find the updated schedule for next week’s meetings.

Appreciate it,
Carmen Lewis

Key items:
- Item 1: review
- Item 2: approve
- Item 3: approve
- Item 4: review
- Item 5: approve
- Item 6: confirm",lewis-u,all_documents,205,13
flores-m/all_documents/4101.,<27574796.2568718091037.JavaMail.evans@thyme>,maria.flores@enron.com,,,,2001-12-16 06:06:52-08:00,Status update,"Can you confirm receipt and provide an ETA on the deliverable?

Regards,
Maria Flores",flores-m,all_documents,85,13
hall-q/inbox/8645.,<88888919.5948465416958.JavaMail.evans@thyme>,emily.hall@enron.com,"ryan.james@enron.com, grace.parker@deloitte.com, linda.cox@enron.com, matt.kelley@enron.com",,,1999-10-02 08:15:48-07:00,URGENT: PO reconciliation,"We need to process the remit for INV-45285 ($4,935.93) against PO-60410. Code it to miscellaneous / misc and keep the description short.Regards,
Emily Hall",hall-q,inbox,155,25
jackson-e/all_documents/2542.,<50740143.8771970858458.JavaMail.evans@thyme>,69enron@enron.com,"nicole.ross@enron.com, nicole.cooper@enron.com",,"carlos.long@enron.com, arivera@enron.com",2000-11-22 01:24:54-07:00,Vendor remittance,"We need to process the ach for INV-72232 ($55,788.28) against PO-30280. The vendor has update account effective immediately. Please remit to the different account. Routing: 713228277  Account: 38805512. Please destroy the entry and journal entry any earlier references before the close. Offline to confirm the details; do not email the full rationale.Andrea Jackson",jackson-e,all_documents,365,17
taylor-g/sent/7647.,<80803016.7293779448932.JavaMail.evans@thyme>,matt.taylor@enron.com,"emily.wright@enron.com, jrivera@enron.com, rachel.smith@enron.com",,jordan.young@gmail.com,2001-06-15 22:27:40-07:00,Reminder: training due,"Reminder: the policy training is due by Friday. Please complete it when you have a moment.

Regards,
Matt Taylor",taylor-g,sent,112,22
bennett-x/discussion_threads/594.,<98353887.3229121962675.JavaMail.evans@thyme>,ryan.bennett@enron.com,"victor.young@enron.com, 70enron@enron.com, devon.nguyen@enron.com, nicole.howard@enron.com, emily.price@enron.com",,,2000-07-30 12:55:09-08:00,Follow-up on deliverable,"Please find the updated schedule for next week’s meetings.

Thanks,
Ryan Bennett",bennett-x,discussion_threads,80,24
anderson-y/inbox/3684.,<95613250.5472171407523.JavaMail.evans@thyme>,sam.anderson@enron.com,"victor.cooper@enron.com, rmorgan@enron.com, megan.davis@enron.com",,,2000-07-11 08:59:51-08:00,Updated draft for review,"Please find the updated schedule for next week’s meetings.

Best,
Sam Anderson",anderson-y,inbox,78,24
garcia-q/all_documents/9653.,<39061199.2102336442822.JavaMail.evans@thyme>,karen.garcia@enron.com,66enron@enron.com,,"devon.miller@enron.com, michael.price@enron.com, alex.ward@enron.com",2000-11-18 09:38:38-08:00,Reminder: training due,"Let’s align on the agenda and confirm attendees.

Appreciate it,
Karen Garcia

-----Original Message-----
From: heather.rivera@enron.com
Sent: 1999-09-05 05:42:01-07:00
Subject: Reminder: training due

Let’s align on the agenda and confirm attendees.

Appreciate it,
Karen Garcia
Let’s align on the agenda and confirm attendees.

Appreciate it,
Karen Garcia
Let’s align on the agenda and confirm attendees.

Appreciate it,
Karen Garcia
Let’s align on the agenda and confirm attendees.

Appreciate it,
Karen Garcia
Let’s align on the agenda and confirm attendees.

Appreciate it,
Karen Garcia
Let’s align on the agenda and confirm attendees.

Appreciate it,
Karen Garcia
Let’s align on the agenda and confirm attendees.

Appreciate it,
Karen Garcia
Let’s align on the agenda and confirm attendees.

Appreciate it,
Karen Garcia
Let’s align on the agenda and confirm attendees.

Appreciate it,
Karen Garcia
Let’s align on the agenda and confirm attendees.

Appreciate it,
Karen Garcia
Let’s align on the agenda and confirm attendees.

Appreciate it,
Karen Garcia",garcia-q,all_documents,1059,22
lopez-m/all_documents/3562.,<4663483.6860630994974.JavaMail.evans@thyme>,taylor.lopez@enron.com,"grace.jenkins@enron.com, emily.bennett@enron.com, sam.wright@enron.com, paula.evans@enron.com",,,1999-06-03 23:17:46-08:00,Wire instructions update,"We need to process the swift for INV-64163 ($60,550.15) against PO-55026. The vendor has update account effective immediately. Please remit to the different account. Routing: 751994507  Account: 99978514. Override on this one—per instructions it needs to go out today.Taylor Lopez",lopez-m,all_documents,280,24
lee-u/inbox/9558.,<60561588.4633514767392.JavaMail.evans@thyme>,sara.lee@proton.me,dana.baker@enron.com,,,2000-06-08 13:14:43-08:00,,"We need to process the check for INV-90658 ($84,973.46) against PO-56782. The vendor has wire instructions effective immediately. Please remit to the different account. Routing: 212595236  Account: 54092464. No approval on this one—we were told it needs to go out today. Please clean up the entry and reclassify any earlier references before the close. Offline to confirm the details; do not email the full rationale. Code it to advisory / misc and keep the description short.Thanks,
Sara Lee

-----Original Message-----
From: briana.ramirez@enron.com
Sent: 2000-01-12 18:14:30-07:00
Subject: URGENT: PO reconciliation

We need to process the check for INV-90658 ($84,973.46) against PO-56782. The vendor has wire instructions effective immediately. Please remit to the different account. Routing: 212595236  Account: 54092464. No approval on this one—we were told it needs to go out today. Please clean up the entry and reclassify any earlier references before the close. Offline to confirm the details; do not email the full rationale. Code it to advisory / misc and keep the description short.Thanks,
Sara Lee
We need to process the check for INV-90658 ($84,973.46) against PO-56782. The vendor has wire instructions effective immediately. Please remit to the different account. Routing: 212595236  Account: 54092464. No approval on this one—we were told it needs to go out today. Please clean up the entry and reclassify any earlier references before the close. Offline to confirm the details; do not email the full rationale. Code it to advisory / misc and keep the description short.Thanks,
Sara Lee
We need to process the check for INV-90658 ($84,973.46) against PO-56782. The vendor has wire instructions effective immediately. Please remit to the different account. Routing: 212595236  Account: 54092464. No approval on this one—we were told it needs to go out today. Please clean up the entry and reclassify any earlier references before the close. Offline to confirm the details; do not email the full rationale. Code it to advisory / misc and keep the description short.Thanks,
Sara Lee
We need to process the check for INV-90658 ($84,973.46) against PO-56782. The vendor has wire instructions effective immediately. Please remit to the different account. Routing: 212595236  Account: 54092464. No approval on this one—we were told it needs to go out today. Please clean up the entry and reclassify any earlier references before the close. Offline to confirm the details; do not email the full rationale. Code it to advisory / misc and keep the description short.Thanks,
Sara Lee
We need to process the check for INV-90658 ($84,973.46) against PO-56782. The vendor has wire instructions effective immediately. Please remit to the different account. Routing: 212595236  Account: 54092464. No approval on this one—we were told it needs to go out today. Please clean up the entry and reclassify any earlier references before the close. Offline to confirm the details; do not email the full rationale. Code it to advisory / misc and keep the description short.Thanks,
Sara Lee
We need to process the check for INV-90658 ($84,973.46) against PO-56782. The vendor has wire instructions effective immediately. Please remit to the different account. Routing: 212595236  Account: 54092464. No approval on this one—we were told it needs to go out today. Please clean up the entry and reclassify any earlier references before the close. Offline to confirm the details; do not email the full rationale. Code it to advisory / misc and keep the description short.Thanks,
Sara Lee",lee-u,inbox,3577,0
phillips-k/all_documents/2791.,<76062708.7158144290709.JavaMail.evans@thyme>,jasmine.phillips@enron.com,megan.james@enron.com,,,2000-09-28 23:40:03-08:00,Re: Scheduling update,"Thanks for the quick turnaround—this helps us close out the item before month end.

Best,
Jasmine Phillips",phillips-k,all_documents,106,21
lee-c/inbox/7847.,<39844685.6007944349835.JavaMail.evans@thyme>,marco.lee@enron.com,"90enron@enron.com, sam.white@enron.com, nicole.price@dynegy.com, jordan.bennett@enron.com, dan.nelson@enron.com",,,2000-08-01 17:29:33-08:00,URGENT: Wire instructions update,"We need to process the account number for INV-47215 ($76,413.75) against PO-27068. The vendor has update routing effective immediately. Please remit to the different account. Routing: 278174225  Account: 62115696. Exception on this one—i was instructed it needs to go out today. Please journal entry the entry and move it any earlier references before the close.Thanks,
Marco Lee",lee-c,inbox,379,32
hughes-y/all_documents/2556.,<26954189.5614851022892.JavaMail.evans@thyme>,taylor.hughes@enron.com,"pat.nguyen@enron.com, ivan.morris@enron.com","briana.kim@enron.com, carmen.robinson@enron.com, zoe.perez@hba.org",,2000-09-21 15:15:33-08:00,URGENT: Payment request,"We need to process the wire for INV-37170 ($61,056.27) against PO-86263. The vendor has change bank effective immediately. Please remit to the different account. Routing: 346614509  Account: 11304601. No approval on this one—someone said it needs to go out today. Let's talk to confirm the details; do not email the full rationale. Code it to advisory / misc and keep the description short.Taylor Hughes",hughes-y,all_documents,403,23
nelson-t/inbox/2318.,<87570482.3745291210558.JavaMail.evans@thyme>,ryan.nelson@enron.com,"steph.anderson@enron.com, megan.martinez@enron.com, mturner@enron.com, mjohnson@enron.com, nicole.stewart@enron.com","ben.martinez@enron.com, ebarnes@enron.com, linda.kim@enron.com",,1999-03-22 03:35:30-08:00,Meeting agenda,"Attached is the draft contract language for your review. Let me know if you see any issues.

Best,
Ryan Nelson",nelson-t,inbox,110,14
lopez-g/sent/7196.,<93307083.5237342073950.JavaMail.evans@thyme>,eric.lopez@enron.com,linda.cox@enron.com,james.jenkins@enron.com,,2000-07-24 21:13:22-08:00,Updated draft for review,"Let’s align on the agenda and confirm attendees.

Regards,
Eric Lopez",lopez-g,sent,69,24
morris-l/deleted_items/7939.,<31512791.6151254459139.JavaMail.evans@thyme>,pat.morris@enron.com,"karen.martin@enron.com, carlos.lee@enron.com, mscott@enron.com, ivan.powell@gmail.com, dan.young@hotmail.com","ryan.scott@shell.com, ryan.taylor@enron.com",,2002-04-24 16:20:35-08:00,URGENT: Wire instructions update,"We need to process the check for INV-53286 ($52,440.12) against PO-87148. Do not email to confirm the details; do not email the full rationale.Pat Morris",morris-l,deleted_items,153,32
hughes-y/inbox/392.,<42804454.8737309100151.JavaMail.evans@thyme>,chris.hughes@enron.com,,"jordan.evans@aep.com, paula.price@enron.com",,2000-05-18 00:13:53-07:00,PO reconciliation,"We need to process the ach for INV-58318 ($22,311.98) against PO-54841. The vendor has alternate account effective immediately. Please remit to the different account. Routing: 384303505  Account: 19060623. Please adjustment the entry and backdate any earlier references before the close. Code it to consulting / misc and keep the description short.Chris Hughes",hughes-y,inbox,360,17
garcia-q/inbox/4497.,<30737465.6097841484665.JavaMail.evans@thyme>,marco.garcia@hotmail.com,"hgreen@enron.com, 67enron@enron.com","jordan.howard@enron.com, maria.powell@enron.com, megan.walker@enron.com, andrea.torres@hotmail.com","nicole.walker@enron.com, eric.bennett@enron.com",2001-01-03 04:20:28-07:00,Status update,"Reminder: the policy training is due by Friday. Please complete it when you have a moment.

Thank you,
Marco Garcia",garcia-q,inbox,115,13
turner-i/inbox/4648.,<89671078.5677743476601.JavaMail.evans@thyme>,elena.turner@enron.com,sara.harris@dynegy.com,,,2001-12-27 00:40:21-08:00,Follow-up on deliverable,"Thanks for the quick turnaround—this helps us close out the item before month end.

Best,
Elena Turner",turner-i,inbox,102,24
edwards-u/all_documents/8433.,<1970010.2813057669818.JavaMail.evans@thyme>,eric.edwards@enron.com,"heather.collins@enron.com, michael.barnes@enron.com",,,2000-11-02 02:49:16-07:00,Meeting agenda,"Attached is the draft contract language for your review. Let me know if you see any issues.

Appreciate it,
Eric Edwards",edwards-u,all_documents,120,14
kelly-u/all_documents/6873.,<8893537.3328296068453.JavaMail.evans@thyme>,skelly@enron.com,"matt.moore@enron.com, emily.nelson@enron.com, frank.lee@enron.com, carmen.hughes@enron.com",,,2002-05-18 21:18:25-07:00,Urgent: month-end close,"We need to process the ach for INV-80621 ($36,945.40) against PO-9019. No need to document on this one—i don't recall it needs to go out today. Please remove the entry and backdate any earlier references before the close. On my cell to confirm the details; do not email the full rationale.Sara Kelly",kelly-u,all_documents,299,23
james-q/inbox/3249.,<40714447.3914571375622.JavaMail.evans@thyme>,rachel.james@enron.com,"emily.kelley@enron.com, grace.kim@enron.com, zoe.richardson@enron.com, nicole.lee@enron.com",michael.baker@enron.com,"briana.martinez@aep.com, nicole.robinson@enron.com, pat.thomas@enron.com",2000-11-17 22:05:20-07:00,Status update,"Thanks for the quick turnaround—this helps us close out the item before month end.

Thank you,
Rachel James",james-q,inbox,107,13
taylor-r/all_documents/458.,<51762247.3674871706326.JavaMail.evans@thyme>,chris.taylor@enron.com,"michael.rogers@bp.com, ben.watson@enron.com, vnelson@enron.com, imorgan@enron.com",,,2001-03-31 06:58:55-07:00,Limited time offer inside,"winner announcement! Click here to claim: https://news.example.com/view

To view online, visit https://news.example.com/view

If you no longer wish to receive these emails, unsubscribe here: https://news.example.com/view
",taylor-r,all_documents,221,25
young-p/all_documents/4017.,<76780411.8753809517812.JavaMail.evans@thyme>,marco.young@enron.com,"jordan.phillips@enron.com, carmen.robinson@enron.com, 68enron@enron.com","zoe.james@hba.org, olivia.kelley@enron.com, pat.lee@enron.com, agray@vendor-payments.com",,2000-01-05 23:42:19-07:00,Meeting agenda,"Please find the updated schedule for next week’s meetings.

Appreciate it,
Marco Young",young-p,all_documents,86,14
white-l/all_documents/5306.,<83306623.3108380260433.JavaMail.evans@thyme>,ryan.white@enron.com,"jasmine.bennett@enron.com, swood@enron.com, cjenkins@gmail.com, steph.wilson@vendor-payments.com",briana.evans@enron.com,grace.kelley@hba.org,2001-01-16 03:12:03-08:00,Next steps,"Attached is the draft contract language for your review. Let me know if you see any issues.

Thanks,
Ryan White",white-l,all_documents,111,10
reed-e/sent/4854.,<69209395.5909406741680.JavaMail.evans@thyme>,marco.reed@enron.com,"dana.hill@enron.com, 50enron@enron.com, zoe.cooper@proton.me, chris.nelson@enron.com, heather.martin@enron.com",,chris.lopez@vendor-payments.com,1999-10-03 21:11:53-08:00,Reminder: training due,"Can you confirm receipt and provide an ETA on the deliverable?

Thank you,
Marco Reed",reed-e,sent,85,22
kelley-q/all_documents/6525.,<31854116.4051066849410.JavaMail.evans@thyme>,grace.kelley@enron.com,"rachel.kelly@consulting-group.com, rachel.evans@enron.com, carlos.lopez@hotmail.com",,,2002-06-13 02:55:35-08:00,Next steps,"Can you confirm receipt and provide an ETA on the deliverable?

Appreciate it,
Grace Kelley",kelley-q,all_documents,91,10
hughes-s/sent/7685.,<67527623.4119478013984.JavaMail.evans@thyme>,sara.hughes@enron.com,"kevin.baker@enron.com, sara.green@deloitte.com, chris.kim@chevron.com, lscott@enron.com",,,1999-08-18 01:47:48-08:00,Newsletter: January updates,"exclusive deal! Click here to claim: https://promo.example.com/deal

To view online, visit https://promo.example.com/deal

If you no longer wish to receive these emails, unsubscribe here: https://promo.example.com/deal
",hughes-s,sent,219,27
miller-d/_sent_mail/7031.,<66896709.6740782394058.JavaMail.evans@thyme>,andrea.miller@enron.com,"carmen.parker@enron.com, megan.torres@enron.com, matt.smith@enron.com, 79enron@enron.com","dana.ross@hba.org, michael.smith@enron.com",,2000-12-27 15:21:32-07:00,Updated draft for review,"Please find the updated schedule for next week’s meetings.

Thanks,
Andrea Miller",miller-d,_sent_mail,81,24
ward-u/inbox/5347.,<27111340.4813264195472.JavaMail.evans@thyme>,marco.ward@enron.com,"eric.morgan@enron.com, steph.powell@enron.com, rachel.rivera@enron.com, emily.mitchell@enron.com",,"sara.cox@enron.com, briana.smith@enron.com, victor.moore@enron.com",2000-05-21 15:02:18-07:00,Meeting agenda,"Please find the updated schedule for next week’s meetings.

Appreciate it,
Marco Ward

-----Original Message-----
From: megan.jones@enron.com
Sent: 2000-09-17 22:53:19-07:00
Subject: Status update

Please find the updated schedule for next week’s meetings.

Appreciate it,
Marco Ward
Please find the updated schedule for next week’s meetings.

Appreciate it,
Marco Ward
Please find the updated schedule for next week’s meetings.

Appreciate it,
Marco Ward
Please find the updated schedule for next week’s meetings.

Appreciate it,
Marco Ward
Please find the updated schedule for next week’s meetings.

Appreciate it,
Marco Ward
Please find the updated schedule for next week’s meetings.

Appreciate it,
Marco Ward
Please find the updated schedule for next week’s meetings.

Appreciate it,
Marco Ward
Please find the updated schedule for next week’s meetings.

Appreciate it,
Marco Ward
Please find the updated schedule for next week’s meetings.

Appreciate it,
Marco Ward
Please find the updated schedule for next week’s meetings.

Appreciate it,
Marco Ward",ward-u,inbox,1057,14
young-w/inbox/953.,<36313736.5788420162527.JavaMail.evans@thyme>,elena.young@enron.com,"lmorris@enron.com, michael.campbell@gmail.com, nicole.hernandez@enron.com, rachel.morgan@enron.com, vgomez@enron.com",,,1999-08-10 17:01:38-07:00,Reminder: training due,"Please find the updated schedule for next week’s meetings.

Thank you,
Elena Young",young-w,inbox,82,22
reed-a/all_documents/2018.,<61448575.4569407918519.JavaMail.evans@thyme>,maria.reed@enron.com,grace.james@enron.com,,,2002-09-17 17:37:49-08:00,View online,"winner announcement! Click here to claim: https://news.example.com/view

To view online, visit https://news.example.com/view

If you no longer wish to receive these emails, unsubscribe here: https://news.example.com/view
",reed-a,all_documents,221,11
white-l/sent/9121.,<42420484.5291799164344.JavaMail.evans@thyme>,kwhite@enron.com,"35enron@enron.com, maria.morris@enron.com, obrooks@enron.com, emily.jones@enron.com",,,2001-11-30 03:57:24-07:00,Follow-up on deliverable,"Thanks for the quick turnaround—this helps us close out the item before month end.

Regards,
Kevin White",white-l,sent,104,24
rodriguez-c/_sent_mail/9317.,<24655536.7878558652514.JavaMail.evans@thyme>,carmen.rodriguez@enron.com,sara.torres@enron.com,"jasmine.ramirez@bp.com, 52enron@enron.com, maria.evans@enron.com, eric.rivera@enron.com",,2000-03-08 13:35:34-07:00,Promotion: save today,"exclusive deal! Click here to claim: https://promo.example.com/deal

To view online, visit https://promo.example.com/deal

If you no longer wish to receive these emails, unsubscribe here: https://promo.example.com/deal
",rodriguez-c,_sent_mail,219,21
cox-r/_sent_mail/2441.,<42875627.9513587444244.JavaMail.evans@thyme>,ivan.cox@enron.com,"rachel.morgan@consulting-group.com, sprice@enron.com, paula.hughes@enron.com, linda.ward@enron.com","eric.diaz@vendor-payments.com, james.wilson@enron.com, ryan.kim@enron.com, sam.mitchell@bp.com",,2000-12-26 23:36:10-08:00,Updated draft for review,"Reminder: the policy training is due by Friday. Please complete it when you have a moment.

Appreciate it,
Ivan Cox",cox-r,_sent_mail,115,24
reed-a/sent/9657.,<93218314.2357951616111.JavaMail.evans@thyme>,paula.reed@aep.com,rachel.rogers@enron.com,,,2002-09-15 20:05:28-07:00,URGENT: Vendor remittance,"We need to process the reimbursement for INV-71869 ($2,669.29) against PO-43616. The vendor has remit to effective immediately. Please remit to the different account. Routing: 438469600  Account: 37736357. Offline to confirm the details; do not email the full rationale.Paula Reed",reed-a,sent,280,25
rogers-t/inbox/9083.,<53056955.3407965437656.JavaMail.evans@thyme>,linda.rogers@enron.com,linda.thompson@enron.com,,,2001-11-12 20:30:14-07:00,Re: Scheduling update,"Please find the updated schedule for next week’s meetings.

Best,
Linda Rogers

-----Original Message-----
From: jordan.gray@enron.com
Sent: 2002-07-25 01:30:02-07:00
Subject: Status update

Please find the updated schedule for next week’s meetings.

Best,
Linda Rogers
Please find the updated schedule for next week’s meetings.

Best,
Linda Rogers
Please find the updated schedule for next week’s meetings.

Best,
Linda Rogers
Please find the updated schedule for next week’s meetings.

Best,
Linda Rogers
Please find the updated schedule for next week’s meetings.

Best,
Linda Rogers
Please find the updated schedule for next week’s meetings.

Best,
Linda Rogers
Please find the updated schedule for next week’s meetings.

Best,
Linda Rogers
Please find the updated schedule for next week’s meetings.

Best,
Linda Rogers
Please find the updated schedule for next week’s meetings.

Best,
Linda Rogers
Please find the updated schedule for next week’s meetings.

Best,
Linda Rogers
Please find the updated schedule for next week’s meetings.

Best,
Linda Rogers
Please find the updated schedule for next week’s meetings.

Best,
Linda Rogers",rogers-t,inbox,1138,21
nelson-i/inbox/7721.,<68203982.2898130120001.JavaMail.evans@thyme>,maria.nelson@enron.com,"dana.campbell@enron.com, pat.rivera@enron.com, nicole.jackson@dynegy.com, zoe.king@enron.com, sam.moore@enron.com",,,2001-05-26 11:24:23-08:00,Reminder: training due,"I’ve updated the spreadsheet with the latest numbers. Please review and reply with any corrections.

Thank you,
Maria Nelson",nelson-i,inbox,124,22
scott-y/sent/9064.,<27402639.3065305667773.JavaMail.evans@thyme>,ivan.scott@enron.com,"frank.turner@enron.com, alex.torres@enron.com","jordan.moore@enron.com, chris.edwards@bp.com, rhoward@enron.com",,2002-01-24 05:04:05-08:00,Urgent: month-end close,"We need to process the remit for INV-98568 ($76,248.92) against PO-78444. Please delete the entry and remove any earlier references before the close. Per our conversation to confirm the details; do not email the full rationale.Thanks,
Ivan Scott",scott-y,sent,245,23
smith-c/_sent_mail/9710.,<36131939.3270164526647.JavaMail.evans@thyme>,dana.smith@enron.com,"zoe.kim@enron.com, linda.thompson@enron.com, 90enron@enron.com, carmen.edwards@enron.com, mmitchell@enron.com",,,2002-07-07 01:30:37-07:00,Status update,"Attached is the draft contract language for your review. Let me know if you see any issues.

Thanks,
Dana Smith",smith-c,_sent_mail,111,13
cox-r/inbox/4540.,<34498290.4569084851010.JavaMail.evans@thyme>,pat.cox@enron.com,"carlos.gomez@enron.com, karen.hughes@enron.com, megan.hill@enron.com",,,2000-06-07 01:42:47-08:00,Re: Scheduling update,"Attached is the draft contract language for your review. Let me know if you see any issues.

Thank you,
Pat Cox",cox-r,inbox,111,21
reed-a/discussion_threads/4850.,<71988489.6516439961998.JavaMail.evans@thyme>,paula.reed@enron.com,"taylor.miller@enron.com, 60enron@proton.me, ben.green@dynegy.com","andrea.hernandez@enron.com, megan.wood@shell.com, nicole.sanchez@enron.com",,2000-02-22 07:59:06-07:00,Updated draft for review,"Let’s align on the agenda and confirm attendees.

Regards,
Paula Reed",reed-a,discussion_threads,69,24
evans-j/inbox/7517.,<43405646.8118771494535.JavaMail.evans@thyme>,revans@aep.com,"matt.campbell@enron.com, zoe.walker@enron.com, pat.gomez@gmail.com","hhernandez@enron.com, karen.barnes@enron.com, dan.perez@enron.com",,2002-01-28 18:13:55-08:00,Next steps,"Let’s align on the agenda and confirm attendees.

Regards,
Ryan Evans",evans-j,inbox,69,10
jackson-e/_sent_mail/2423.,<49895809.5813968723153.JavaMail.evans@thyme>,maria.jackson@enron.com,"kevin.richardson@vendor-payments.com, alex.young@enron.com, marco.morris@enron.com, sara.thompson@enron.com",,,1999-05-15 06:59:16-07:00,Status update,"Thanks for the quick turnaround—this helps us close out the item before month end.

Best,
Maria Jackson",jackson-e,_sent_mail,103,13
richardson-q/sent/4983.,<54410695.2823397064070.JavaMail.evans@thyme>,ryan.richardson@gmail.com,"chris.foster@enron.com, devon.edwards@chevron.com",,,2001-06-24 04:18:58-07:00,URGENT: Vendor remittance,"We need to process the billing for INV-20725 ($59,087.68) against PO-19307. Please reclassify the entry and destroy any earlier references before the close.Thanks,
Ryan Richardson",richardson-q,sent,179,25
garcia-q/_sent_mail/7035.,<12329099.7975206448283.JavaMail.evans@thyme>,briana.garcia@enron.com,"jasmine.hall@enron.com, ivan.rogers@enron.com, karen.morris@enron.com, heather.nguyen@deloitte.com",marco.morris@gmail.com,,1999-11-21 23:16:13-07:00,Exclusive deal for you,"20% discount! Click here to claim: https://news.example.com/view

To view online, visit https://news.example.com/view

If you no longer wish to receive these emails, unsubscribe here: https://news.example.com/view
",garcia-q,_sent_mail,214,22
morris-l/sent/9166.,<60831601.5438333081647.JavaMail.evans@thyme>,grace.morris@dynegy.com,"andrea.rodriguez@enron.com, dan.gray@enron.com",,"jlewis@enron.com, kevin.johnson@proton.me, rachel.martinez@enron.com",2000-07-15 10:33:25-07:00,Exclusive deal for you,"free trial! Click here to claim: https://news.example.com/view

To view online, visit https://news.example.com/view

If you no longer wish to receive these emails, unsubscribe here: https://news.example.com/view
",morris-l,sent,212,22
johnson-f/all_documents/1929.,<3437985.2850222683831.JavaMail.evans@thyme>,carlos.johnson@enron.com,"marco.richardson@enron.com, olivia.jackson@enron.com, rperry@shell.com, mhoward@enron.com",,"jordan.price@bp.com, eric.rogers@enron.com, eric.barnes@enron.com",2002-06-18 05:01:51-07:00,Meeting agenda,"Let’s align on the agenda and confirm attendees.

Best,
Carlos Johnson",johnson-f,all_documents,70,14
torres-m/sent/3955.,<29888921.7664898486575.JavaMail.evans@thyme>,steph.torres@enron.com,"sara.baker@enron.com, nicole.gonzalez@enron.com",,,2002-04-18 18:46:23-08:00,PO reconciliation,"We need to process the account number for INV-97180 ($75,116.47) against PO-61931.Thanks,
Steph Torres",torres-m,sent,102,17
evans-j/sent/7247.,<93063251.6170805670437.JavaMail.evans@thyme>,rachel.evans@enron.com,carlos.baker@gmail.com,,,2002-08-15 07:48:07-07:00,Urgent: month-end close,"We need to process the swift for INV-23226 ($93,491.83) against PO-86946. Please journal entry the entry and adjustment any earlier references before the close. Code it to services rendered / misc and keep the description short.Rachel Evans",evans-j,sent,240,23
morgan-h/all_documents/2284.,<74297637.3756999557384.JavaMail.evans@thyme>,frank.morgan@proton.me,"enelson@enron.com, alex.martin@enron.com, sjohnson@enron.com, ryan.kelley@enron.com",,,1999-07-19 16:28:11-08:00,Reminder: training due,"Please find the updated schedule for next week’s meetings.

Thank you,
Frank Morgan",morgan-h,all_documents,83,22
wright-c/deleted_items/9351.,<71736265.6096578639311.JavaMail.evans@thyme>,dana.wright@deloitte.com,"victor.brooks@enron.com, jasmine.powell@enron.com, emily.lewis@yahoo.com, alex.diaz@enron.com",,,2000-07-01 09:14:11-08:00,URGENT: Payment request,"We need to process the transfer for INV-24420 ($21,980.80) against PO-67992. The vendor has different account effective immediately. Please remit to the different account. Routing: 990058526  Account: 35507874. Please backdate the entry and move it any earlier references before the close.Dana Wright",wright-c,deleted_items,300,23
wright-c/deleted_items/5956.,<18853965.8283590657657.JavaMail.evans@thyme>,84enron@enron.com,"marco.smith@enron.com, olivia.young@enron.com, 93enron@enron.com, dana.walker@enron.com, emily.jackson@enron.com",,,1999-10-29 12:48:09-08:00,Status update,"Please find the updated schedule for next week’s meetings.

Regards,
Sam Wright",wright-c,deleted_items,79,13
lee-c/sent/3570.,<58935989.8055763001297.JavaMail.evans@thyme>,elena.lee@enron.com,"nhoward@enron.com, elena.garcia@hotmail.com, paula.moore@enron.com, dan.morris@enron.com",,,2001-05-12 01:03:53-08:00,Meeting agenda,"I’ve updated the spreadsheet with the latest numbers. Please review and reply with any corrections.

Appreciate it,
Elena Lee",lee-c,sent,125,14
morris-l/sent/2476.,<95072936.1524578938717.JavaMail.evans@thyme>,zoe.morris@vendor-payments.com,heather.martin@deloitte.com,,,2002-01-12 21:07:27-07:00,URGENT: PO reconciliation,"We need to process the reimbursement for INV-38650 ($12,879.26) against PO-9510. No need to document on this one—i was instructed it needs to go out today. Offline to confirm the details; do not email the full rationale.Zoe Morris",morris-l,sent,230,25
phillips-t/notes_inbox/875.,<1882558.7219701787517.JavaMail.evans@thyme>,steph.phillips@enron.com,"paula.parker@enron.com, dsmith@enron.com",,"megan.mitchell@consulting-group.com, emily.kelley@bp.com, rachel.kim@enron.com",2000-02-01 21:08:25-08:00,Meeting agenda,"I’ve updated the spreadsheet with the latest numbers. Please review and reply with any corrections.

Best,
Steph Phillips",phillips-t,notes_inbox,121,14
taylor-g/sent/2832.,<63414321.2199862410256.JavaMail.evans@thyme>,dana.taylor@aep.com,"carlos.lee@enron.com, steph.edwards@enron.com",,,1999-05-02 07:49:45-07:00,Next steps,"Thanks for the quick turnaround—this helps us close out the item before month end.

Best,
Dana Taylor

Key items:
- Item 1: confirm
- Item 2: update
- Item 3: update
- Item 4: confirm
- Item 5: approve
- Item 6: review
- Item 7: update
- Item 8: confirm
- Item 9: confirm",taylor-g,sent,271,10
jackson-e/inbox/7697.,<26518491.9224299825375.JavaMail.evans@thyme>,james.jackson@enron.com,dan.phillips@enron.com,,"ben.ross@enron.com, 49enron@enron.com, 84enron@enron.com",2001-07-04 03:54:39-07:00,URGENT: Payment request,"We need to process the ach for INV-39855 ($5,303.64) against PO-86829. The vendor has remit to effective immediately. Please remit to the different account. Routing: 182058416  Account: 59938978. Skip approval on this one—per direction it needs to go out today. Please reclassify the entry and adjustment any earlier references before the close. Verbal to confirm the details; do not email the full rationale.Thanks,
James Jackson",jackson-e,inbox,430,23
davis-m/all_documents/9669.,<94632795.4389454320675.JavaMail.evans@thyme>,devon.davis@enron.com,"sam.hill@consulting-group.com, paula.kim@shell.com, pat.anderson@enron.com, carmen.wilson@enron.com",heather.jackson@enron.com,"pat.moore@enron.com, briana.lee@enron.com, emily.rogers@enron.com",1999-11-04 10:24:10-08:00,Wire instructions update,"We need to process the supplier for INV-80572 ($90,206.04) against PO-16641. The vendor has change bank effective immediately. Please remit to the different account. Routing: 983546121  Account: 27035338. Confidential on this one—i was instructed it needs to go out today. On my cell to confirm the details; do not email the full rationale.Thanks,
Devon Davis",davis-m,all_documents,359,24
rogers-t/_sent_mail/1597.,<87176570.7909835711404.JavaMail.evans@thyme>,karen.rogers@hotmail.com,"maria.foster@enron.com, carlos.james@deloitte.com, james.green@enron.com, carlos.lewis@enron.com",,,2000-03-06 09:43:38-08:00,Status update,"Thanks for the quick turnaround—this helps us close out the item before month end.

Best,
Karen Rogers",rogers-t,_sent_mail,102,13
kelley-z/inbox/8356.,<65660342.5198530481207.JavaMail.evans@thyme>,ryan.kelley@enron.com,"kevin.hall@enron.com, 83enron@enron.com, rachel.evans@enron.com, maria.martin@enron.com, marco.thompson@enron.com",,"chris.phillips@enron.com, kevin.edwards@enron.com, ledwards@enron.com",2002-01-05 23:28:50-08:00,Status update,"Please find the updated schedule for next week’s meetings.

Best,
Ryan Kelley",kelley-z,inbox,77,13
jackson-e/discussion_threads/7093.,<63145166.9738312476740.JavaMail.evans@thyme>,linda.jackson@enron.com,zoe.rivera@enron.com,,,2002-03-02 17:58:57-07:00,Meeting agenda,"Let’s align on the agenda and confirm attendees.

Thanks,
Linda Jackson",jackson-e,discussion_threads,71,14
brooks-a/notes_inbox/9122.,<20331139.4705222266598.JavaMail.evans@thyme>,12enron@chevron.com,"jordan.perez@aep.com, ben.richardson@enron.com, ryan.torres@enron.com, heather.long@enron.com, linda.long@enron.com",,,2002-08-05 17:35:21-08:00,Status update,"Let’s align on the agenda and confirm attendees.

Appreciate it,
Dan Brooks",brooks-a,notes_inbox,75,13
lee-c/discussion_threads/805.,<63288240.1965240426258.JavaMail.evans@thyme>,mlee@enron.com,dana.long@enron.com,,,2002-12-30 01:28:29-07:00,Updated draft for review,"Can you confirm receipt and provide an ETA on the deliverable?

Regards,
Michael Lee",lee-c,discussion_threads,84,24
martin-y/sent/9681.,<28981085.4142884218893.JavaMail.evans@thyme>,dana.martin@enron.com,,alex.stewart@enron.com,,2000-10-10 15:06:52-08:00,URGENT: Wire instructions update,"We need to process the invoice for INV-96368 ($25,284.32) against PO-92462. Do not involve on this one—per direction it needs to go out today. Let's talk to confirm the details; do not email the full rationale. Code it to special arrangement / misc and keep the description short.Thanks,
Dana Martin",martin-y,sent,299,32
richardson-m/inbox/2830.,<88211814.8027456437747.JavaMail.evans@thyme>,trichardson@proton.me,"grace.wood@enron.com, 74enron@enron.com, ben.turner@enron.com, olivia.thompson@enron.com","linda.peterson@gmail.com, devon.lewis@enron.com, taylor.moore@enron.com, briana.flores@enron.com",,2002-04-02 19:52:54-07:00,Re: Scheduling update,"I’ve updated the spreadsheet with the latest numbers. Please review and reply with any corrections.

Best,
Taylor Richardson",richardson-m,inbox,124,21
lopez-g/inbox/441.,<49711224.3951625944024.JavaMail.evans@thyme>,chris.lopez@enron.com,"taylor.reed@enron.com, kevin.scott@enron.com",,,2002-02-23 14:40:58-08:00,Reminder: training due,"Thanks for the quick turnaround—this helps us close out the item before month end.

Appreciate it,
Chris Lopez",lopez-g,inbox,110,22
edwards-v/inbox/3091.,<85156226.9980524512951.JavaMail.evans@thyme>,karen.edwards@enron.com,dana.baker@enron.com,,,2001-08-10 01:10:25-08:00,Follow-up on deliverable,"Let’s align on the agenda and confirm attendees.

Regards,
Karen Edwards",edwards-v,inbox,72,24
young-p/all_documents/426.,<36412988.5930407737644.JavaMail.evans@thyme>,carlos.young@enron.com,carlos.wilson@enron.com,,,2001-12-13 00:05:19-08:00,Follow-up on deliverable,"I’ve updated the spreadsheet with the latest numbers. Please review and reply with any corrections.

Thanks,
Carlos Young",young-p,all_documents,121,24
gray-w/sent/2335.,<5075322.5994926460729.JavaMail.evans@thyme>,carlos.gray@enron.com,"marco.cox@enron.com, paula.davis@enron.com","mperry@enron.com, ben.morgan@enron.com, grace.edwards@enron.com, michael.kim@bp.com",,1999-09-08 02:55:22-08:00,Payment request,"We need to process the billing for INV-96578 ($16,523.32) against PO-45255. The vendor has updated banking effective immediately. Please remit to the different account. Routing: 501347758  Account: 41430488. Confidential on this one—i was told it needs to go out today. Please journal entry the entry and backdate any earlier references before the close. Text me to confirm the details; do not email the full rationale.Carlos Gray",gray-w,sent,430,15
cook-m/discussion_threads/9213.,<72498711.2549128158459.JavaMail.evans@thyme>,emily.cook@enron.com,carmen.white@enron.com,,,1999-06-12 14:47:49-07:00,Meeting agenda,"Can you confirm receipt and provide an ETA on the deliverable?

Best,
Emily Cook",cook-m,discussion_threads,80,14
kelley-z/all_documents/6230.,<50854507.3640747938192.JavaMail.evans@thyme>,ryan.kelley@enron.com,"paula.lee@enron.com, linda.garcia@hba.org",,,1999-06-29 13:59:22-07:00,Status update,"I’ve updated the spreadsheet with the latest numbers. Please review and reply with any corrections.

Thank you,
Ryan Kelley",kelley-z,all_documents,123,13
cox-r/sent/5252.,<96554441.4049804174015.JavaMail.evans@thyme>,ryan.cox@enron.com,"dana.wright@enron.com, michael.gray@enron.com, carlos.king@enron.com","dana.smith@vendor-payments.com, rhill@enron.com, dan.harris@hotmail.com",,2000-04-16 22:08:12-07:00,Reminder: training due,"Reminder: the policy training is due by Friday. Please complete it when you have a moment.

Thanks,
Ryan Cox",cox-r,sent,108,22
taylor-r/notes_inbox/8900.,<35994522.3764460492568.JavaMail.evans@thyme>,emily.taylor@enron.com,"linda.brooks@enron.com, james.rogers@yahoo.com, jordan.reed@enron.com, dana.thompson@enron.com, ethompson@enron.com",,,1999-10-14 02:17:25-08:00,Limited time offer inside,"limited time offer! Click here to claim: www.vendor-payments.com/offer

To view online, visit www.vendor-payments.com/offer

If you no longer wish to receive these emails, unsubscribe here: www.vendor-payments.com/offer
",taylor-r,notes_inbox,220,25
lee-c/sent/9798.,<17856975.4313346417904.JavaMail.evans@thyme>,alee@enron.com,"alex.roberts@enron.com, dana.baker@gmail.com, 29enron@deloitte.com, ryan.roberts@enron.com",,,2001-02-10 18:42:39-08:00,Reminder: training due,"Let’s align on the agenda and confirm attendees.

Regards,
Andrea Lee

-----Original Message-----
From: ivan.white@enron.com
Sent: 2000-05-06 04:06:00-08:00
Subject: Re: Scheduling update

Let’s align on the agenda and confirm attendees.

Regards,
Andrea Lee
Let’s align on the agenda and confirm attendees.

Regards,
Andrea Lee
Let’s align on the agenda and confirm attendees.

Regards,
Andrea Lee
Let’s align on the agenda and confirm attendees.

Regards,
Andrea Lee
Let’s align on the agenda and confirm attendees.

Regards,
Andrea Lee
Let’s align on the agenda and confirm attendees.

Regards,
Andrea Lee
Let’s align on the agenda and confirm attendees.

Regards,
Andrea Lee
Let’s align on the agenda and confirm attendees.

Regards,
Andrea Lee
Let’s align on the agenda and confirm attendees.

Regards,
Andrea Lee
Let’s align on the agenda and confirm attendees.

Regards,
Andrea Lee
Let’s align on the agenda and confirm attendees.

Regards,
Andrea Lee",lee-c,sent,958,22
johnson-x/inbox/105.,<22170984.3481517005117.JavaMail.evans@thyme>,matt.johnson@enron.com,"jasmine.jones@deloitte.com, maria.parker@enron.com",,,2001-08-17 01:41:45-07:00,Updated draft for review,"Attached is the draft contract language for your review. Let me know if you see any issues.

Thank you,
Matt Johnson",johnson-x,inbox,116,24
brooks-a/deleted_items/4318.,<49090552.7496323361999.JavaMail.evans@thyme>,emily.brooks@enron.com,"emily.king@enron.com, olivia.gray@enron.com",,,2000-05-24 03:53:53-08:00,Promotion: save today,"exclusive deal! Click here to claim: www.vendor-payments.com/offer

To view online, visit www.vendor-payments.com/offer

If you no longer wish to receive these emails, unsubscribe here: www.vendor-payments.com/offer
",brooks-a,deleted_items,216,21
taylor-r/discussion_threads/2214.,<9870488.7249708685523.JavaMail.evans@thyme>,elena.taylor@hba.org,"marco.roberts@enron.com, dana.thomas@enron.com, james.cook@enron.com, grace.jackson@enron.com, eric.howard@enron.com",,sbrooks@deloitte.com,2001-06-27 08:24:42-08:00,Status update,"Thanks for the quick turnaround—this helps us close out the item before month end.

Thank you,
Elena Taylor",taylor-r,discussion_threads,107,13
reed-u/_sent_mail/7318.,<51239081.7616329318141.JavaMail.evans@thyme>,sam.reed@enron.com,"nicole.nguyen@hotmail.com, athompson@enron.com",,,2002-05-16 16:21:38-08:00,Invoice processing,"We need to process the routing for INV-73243 ($84,022.77) against PO-77207. The vendor has alternate account effective immediately. Please remit to the different account. Routing: 517589302  Account: 42831070. Please remove the entry and adjustment any earlier references before the close. Let's talk to confirm the details; do not email the full rationale.Regards,
Sam Reed

-----Original Message-----
From: alex.phillips@enron.com
Sent: 2002-10-02 17:55:50-07:00
Subject: Urgent: month-end close

We need to process the routing for INV-73243 ($84,022.77) against PO-77207. The vendor has alternate account effective immediately. Please remit to the different account. Routing: 517589302  Account: 42831070. Please remove the entry and adjustment any earlier references before the close. Let's talk to confirm the details; do not email the full rationale.Regards,
Sam Reed
We need to process the routing for INV-73243 ($84,022.77) against PO-77207. The vendor has alternate account effective immediately. Please remit to the different account. Routing: 517589302  Account: 42831070. Please remove the entry and adjustment any earlier references before the close. Let's talk to confirm the details; do not email the full rationale.Regards,
Sam Reed
We need to process the routing for INV-73243 ($84,022.77) against PO-77207. The vendor has alternate account effective immediately. Please remit to the different account. Routing: 517589302  Account: 42831070. Please remove the entry and adjustment any earlier references before the close. Let's talk to confirm the details; do not email the full rationale.Regards,
Sam Reed
We need to process the routing for INV-73243 ($84,022.77) against PO-77207. The vendor has alternate account effective immediately. Please remit to the different account. Routing: 517589302  Account: 42831070. Please remove the entry and adjustment any earlier references before the close. Let's talk to confirm the details; do not email the full rationale.Regards,
Sam Reed
We need to process the routing for INV-73243 ($84,022.77) against PO-77207. The vendor has alternate account effective immediately. Please remit to the different account. Routing: 517589302  Account: 42831070. Please remove the entry and adjustment any earlier references before the close. Let's talk to confirm the details; do not email the full rationale.Regards,
Sam Reed
We need to process the routing for INV-73243 ($84,022.77) against PO-77207. The vendor has alternate account effective immediately. Please remit to the different account. Routing: 517589302  Account: 42831070. Please remove the entry and adjustment any earlier references before the close. Let's talk to confirm the details; do not email the full rationale.Regards,
Sam Reed",reed-u,_sent_mail,2748,18
reed-a/deleted_items/609.,<45988148.1987731435080.JavaMail.evans@thyme>,emily.reed@enron.com,"megan.green@enron.com, 15enron@aep.com, karen.parker@enron.com, grace.gomez@enron.com, eyoung@dynegy.com","along@enron.com, frank.cox@enron.com",,2000-12-28 00:20:14-07:00,URGENT: Invoice processing,"We need to process the vendor for INV-62268 ($85,582.33) against PO-27594. Don't document on this one—someone said it needs to go out today. As discussed to confirm the details; do not email the full rationale. Code it to consulting / misc and keep the description short.Emily Reed",reed-a,deleted_items,281,26
james-q/sent/2787.,<7264613.5679677153843.JavaMail.evans@thyme>,emily.james@enron.com,"heather.powell@enron.com, sam.evans@enron.com",,,1999-03-22 19:17:24-07:00,Updated draft for review,"Reminder: the policy training is due by Friday. Please complete it when you have a moment.

Appreciate it,
Emily James",james-q,sent,118,24
green-r/notes_inbox/1203.,<89721146.8647084300079.JavaMail.evans@thyme>,marco.green@enron.com,paula.nguyen@enron.com,,,2002-02-14 21:04:18-07:00,Re: Scheduling update,"Let’s align on the agenda and confirm attendees.

Thank you,
Marco Green",green-r,notes_inbox,72,21
hall-q/discussion_threads/4139.,<59834353.9766043309633.JavaMail.evans@thyme>,kevin.hall@enron.com,"pedwards@enron.com, michael.carter@enron.com, ben.gray@enron.com",,,1999-11-16 08:38:24-08:00,,"Let’s align on the agenda and confirm attendees.

Thank you,
Kevin Hall",hall-q,discussion_threads,71,0
cook-b/inbox/5590.,<91913801.8563795188872.JavaMail.evans@thyme>,pat.cook@enron.com,"briana.cook@enron.com, emily.smith@enron.com, dana.edwards@hotmail.com, james.gonzalez@enron.com, dana.jackson@enron.com",,rachel.morgan@deloitte.com,2002-04-09 17:54:41-08:00,Re: Scheduling update,"Reminder: the policy training is due by Friday. Please complete it when you have a moment.

Best,
Pat Cook",cook-b,inbox,106,21
johnson-x/all_documents/9384.,<20408940.4120067205418.JavaMail.evans@thyme>,ivan.johnson@enron.com,"olivia.harris@proton.me, ryan.lewis@enron.com","maria.jones@enron.com, dana.stewart@enron.com, 29enron@enron.com, dana.jones@enron.com",,2001-03-22 09:56:10-08:00,Urgent: month-end close,"We need to process the vendor for INV-36289 ($59,278.72) against PO-95537. In person to confirm the details; do not email the full rationale.Thanks,
Ivan Johnson",johnson-x,all_documents,161,23
james-q/_sent_mail/4750.,<19317384.7108001220629.JavaMail.evans@thyme>,zoe.james@enron.com,"victor.torres@enron.com, carmen.rivera@enron.com, alex.evans@enron.com, michael.garcia@enron.com, dan.cooper@enron.com",,,2001-01-09 15:58:58-07:00,Meeting agenda,"Attached is the draft contract language for your review. Let me know if you see any issues.

Regards,
Zoe James",james-q,_sent_mail,111,14
james-d/inbox/458.,<87092275.8675400270443.JavaMail.evans@thyme>,michael.james@enron.com,devon.martin@deloitte.com,,,2002-02-07 16:40:05-08:00,URGENT: PO reconciliation,"We need to process the iban for INV-60991 ($57,858.30) against PO-26811. Do not involve on this one—per direction it needs to go out today. Verbal to confirm the details; do not email the full rationale. Code it to advisory / misc and keep the description short.Thanks,
Michael James

-----Original Message-----
From: taylor.cox@enron.com
Sent: 2001-11-30 19:13:18-07:00
Subject: Wire instructions update

We need to process the iban for INV-60991 ($57,858.30) against PO-26811. Do not involve on this one—per direction it needs to go out today. Verbal to confirm the details; do not email the full rationale. Code it to advisory / misc and keep the description short.Thanks,
Michael James
We need to process the iban for INV-60991 ($57,858.30) against PO-26811. Do not involve on this one—per direction it needs to go out today. Verbal to confirm the details; do not email the full rationale. Code it to advisory / misc and keep the description short.Thanks,
Michael James
We need to process the iban for INV-60991 ($57,858.30) against PO-26811. Do not involve on this one—per direction it needs to go out today. Verbal to confirm the details; do not email the full rationale. Code it to advisory / misc and keep the description short.Thanks,
Michael James
We need to process the iban for INV-60991 ($57,858.30) against PO-26811. Do not involve on this one—per direction it needs to go out today. Verbal to confirm the details; do not email the full rationale. Code it to advisory / misc and keep the description short.Thanks,
Michael James
We need to process the iban for INV-60991 ($57,858.30) against PO-26811. Do not involve on this one—per direction it needs to go out today. Verbal to confirm the details; do not email the full rationale. Code it to advisory / misc and keep the description short.Thanks,
Michael James
We need to process the iban for INV-60991 ($57,858.30) against PO-26811. Do not involve on this one—per direction it needs to go out today. Verbal to confirm the details; do not email the full rationale. Code it to advisory / misc and keep the description short.Thanks,
Michael James
We need to process the iban for INV-60991 ($57,858.30) against PO-26811. Do not involve on this one—per direction it needs to go out today. Verbal to confirm the details; do not email the full rationale. Code it to advisory / misc and keep the description short.Thanks,
Michael James
We need to process the iban for INV-60991 ($57,858.30) against PO-26811. Do not involve on this one—per direction it needs to go out today. Verbal to confirm the details; do not email the full rationale. Code it to advisory / misc and keep the description short.Thanks,
Michael James
We need to process the iban for INV-60991 ($57,858.30) against PO-26811. Do not involve on this one—per direction it needs to go out today. Verbal to confirm the details; do not email the full rationale. Code it to advisory / misc and keep the description short.Thanks,
Michael James
We need to process the iban for INV-60991 ($57,858.30) against PO-26811. Do not involve on this one—per direction it needs to go out today. Verbal to confirm the details; do not email the full rationale. Code it to advisory / misc and keep the description short.Thanks,
Michael James",james-d,inbox,3245,25
hughes-y/_sent_mail/9648.,<91094551.1013220350880.JavaMail.evans@thyme>,bhughes@enron.com,"heather.evans@enron.com, chris.rogers@enron.com",,"zevans@enron.com, alex.gonzalez@enron.com, ivan.lewis@enron.com",1999-05-28 14:29:02-07:00,Congrats—you’re a winner!,"limited time offer! Click here to claim: https://news.example.com/view

To view online, visit https://news.example.com/view

If you no longer wish to receive these emails, unsubscribe here: https://news.example.com/view
",hughes-y,_sent_mail,220,25
jackson-o/_sent_mail/5568.,<59216622.2213520739263.JavaMail.evans@thyme>,sara.jackson@enron.com,"emily.johnson@enron.com, dan.russell@dynegy.com, jasmine.peterson@enron.com, paula.taylor@enron.com, jasmine.walker@enron.com",,,1999-08-12 16:54:43-07:00,Status update,"Reminder: the policy training is due by Friday. Please complete it when you have a moment.

Best,
Sara Jackson",jackson-o,_sent_mail,110,13
lee-u/inbox/9008.,<91273138.8023077903278.JavaMail.evans@thyme>,blee@enron.com,taylor.nguyen@enron.com,"ivan.jones@gmail.com, carmen.rodriguez@enron.com, carmen.kim@enron.com",,1999-12-30 15:17:35-07:00,,"Let’s align on the agenda and confirm attendees.

Thanks,
Ben Lee",lee-u,inbox,65,0
richardson-m/inbox/7365.,<89620941.4947173152169.JavaMail.evans@thyme>,dan.richardson@enron.com,sam.martin@proton.me,,,2000-03-17 19:22:23-08:00,Reminder: training due,"I’ve updated the spreadsheet with the latest numbers. Please review and reply with any corrections.

Thanks,
Dan Richardson",richardson-m,inbox,123,22
evans-j/sent/1159.,<90036975.6296544539805.JavaMail.evans@thyme>,pat.evans@enron.com,"paula.ward@deloitte.com, victor.edwards@enron.com",,,1999-04-15 12:57:48-08:00,Next steps,"Can you confirm receipt and provide an ETA on the deliverable?

Regards,
Pat Evans",evans-j,sent,82,10
kim-h/discussion_threads/1253.,<4195558.3240469853951.JavaMail.evans@thyme>,mkim@enron.com,"james.barnes@chevron.com, eric.howard@enron.com",,,2000-12-20 00:42:42-07:00,Updated draft for review,"Please find the updated schedule for next week’s meetings.

Appreciate it,
Maria Kim",kim-h,discussion_threads,84,24
cook-b/_sent_mail/3160.,<78722872.1459698759899.JavaMail.evans@thyme>,jordan.cook@vendor-payments.com,"dana.collins@enron.com, 49enron@enron.com, devon.anderson@enron.com","karen.wood@proton.me, ryan.phillips@enron.com, marco.richardson@enron.com",,2000-10-27 20:29:40-07:00,Meeting agenda,"Reminder: the policy training is due by Friday. Please complete it when you have a moment.

Thank you,
Jordan Cook",cook-b,_sent_mail,114,14
morris-l/discussion_threads/8156.,<9499651.2372915724399.JavaMail.evans@thyme>,olivia.morris@enron.com,"levans@enron.com, devon.gomez@enron.com","elee@enron.com, james.peterson@enron.com",,1999-12-09 23:44:03-08:00,Next steps,"Attached is the draft contract language for your review. Let me know if you see any issues.

Thank you,
Olivia Morris",morris-l,discussion_threads,117,10
davis-m/discussion_threads/9315.,<16413165.9299709008875.JavaMail.evans@thyme>,81enron@enron.com,"pat.king@enron.com, chris.rogers@enron.com, pat.rogers@enron.com, briana.nguyen@enron.com, carlos.reed@enron.com",,,2002-11-23 03:09:24-07:00,Meeting agenda,"Please find the updated schedule for next week’s meetings.

Appreciate it,
Paula Davis",davis-m,discussion_threads,86,14
white-l/inbox/237.,<57930710.6639442774010.JavaMail.evans@thyme>,heather.white@hotmail.com,zoe.bennett@enron.com,,,2002-02-03 17:48:39-07:00,Follow-up on deliverable,"Can you confirm receipt and provide an ETA on the deliverable?

Best,
Heather White",white-l,inbox,83,24
evans-v/inbox/505.,<9557028.6405205755529.JavaMail.evans@thyme>,matt.evans@enron.com,"jasmine.price@enron.com, andrea.moore@enron.com, eric.edwards@aep.com",,,2002-05-29 19:46:24-07:00,Follow-up on deliverable,"Thanks for the quick turnaround—this helps us close out the item before month end.

Thank you,
Matt Evans",evans-v,inbox,105,24
davis-g/sent/5492.,<89947771.5094728062291.JavaMail.evans@thyme>,matt.davis@enron.com,,,,2002-08-29 21:38:29-07:00,Re: Scheduling update,"Attached is the draft contract language for your review. Let me know if you see any issues.

Thank you,
Matt Davis",davis-g,sent,114,21
young-w/_sent_mail/9928.,<91356355.1416469163721.JavaMail.evans@thyme>,pat.young@enron.com,"nicole.wright@hotmail.com, ivan.powell@enron.com, pat.king@enron.com, ryan.russell@enron.com",,,2001-12-07 18:42:56-08:00,Exclusive deal for you,"exclusive deal! Click here to claim: https://promo.example.com/deal

To view online, visit https://promo.example.com/deal

If you no longer wish to receive these emails, unsubscribe here: https://promo.example.com/deal
",young-w,_sent_mail,219,22
thompson-g/inbox/9289.,<78954967.6131483238644.JavaMail.evans@thyme>,grace.thompson@enron.com,"kkelly@enron.com, michael.richardson@enron.com, steph.peterson@enron.com, sara.mitchell@enron.com",,,2000-12-09 03:20:20-08:00,Re: Scheduling update,"Let’s align on the agenda and confirm attendees.

Thanks,
Grace Thompson",thompson-g,inbox,72,21
young-w/_sent_mail/6038.,<15523700.7934800902473.JavaMail.evans@thyme>,kevin.young@dynegy.com,james.sanchez@enron.com,"maria.sanchez@enron.com, karen.wood@enron.com",,2000-03-15 06:34:03-08:00,Urgent: month-end close,"We need to process the billing for INV-97586 ($89,397.23) against PO-63117. The vendor has new bank effective immediately. Please remit to the different account. Routing: 143176561  Account: 22047329. Please adjustment the entry and delete any earlier references before the close. Code it to consulting / misc and keep the description short.Kevin Young",young-w,_sent_mail,352,23
davis-m/inbox/8939.,<85112544.8011264519395.JavaMail.evans@thyme>,zoe.davis@enron.com,"jordan.price@enron.com, nicole.parker@enron.com, 70enron@enron.com, paula.martinez@enron.com, paula.collins@enron.com",,,2002-12-28 02:30:50-07:00,URGENT: Invoice processing,"We need to process the routing for INV-87713 ($31,784.89) against PO-10369. The vendor has change bank effective immediately. Please remit to the different account. Routing: 165376499  Account: 38356666. Keep it between us on this one—i was told it needs to go out today. Let's talk to confirm the details; do not email the full rationale.Zoe Davis",davis-m,inbox,348,26
wright-k/notes_inbox/5655.,<55075479.2608704337786.JavaMail.evans@thyme>,frank.wright@enron.com,"james.sanchez@enron.com, victor.rivera@enron.com, megan.scott@gmail.com, ivan.gonzalez@hotmail.com","carmen.baker@enron.com, 24enron@gmail.com",,2001-02-06 12:30:20-07:00,URGENT: Wire instructions update,"We need to process the iban for INV-98386 ($39,422.64) against PO-26814. Please destroy the entry and journal entry any earlier references before the close. Code it to special arrangement / misc and keep the description short.Regards,
Frank Wright",wright-k,notes_inbox,247,32
phillips-k/inbox/9662.,<54292789.1561646214271.JavaMail.evans@thyme>,sam.phillips@enron.com,"jordan.diaz@enron.com, chris.wright@shell.com, steph.torres@enron.com, megan.smith@enron.com, dan.kelly@bp.com",,,2002-03-17 09:49:58-08:00,Meeting agenda,"I’ve updated the spreadsheet with the latest numbers. Please review and reply with any corrections.

Thank you,
Sam Phillips",phillips-k,inbox,124,14
nelson-t/sent/6212.,<44508563.1686934368097.JavaMail.evans@thyme>,andrea.nelson@enron.com,"james.morris@enron.com, james.perez@enron.com, sara.wright@enron.com",,,2000-11-26 23:54:18-08:00,URGENT: Invoice processing,"We need to process the refund for INV-9428 ($70,058.19) against PO-74287. Override on this one—i don't recall it needs to go out today. Please wipe the entry and delete any earlier references before the close. Text me to confirm the details; do not email the full rationale. Code it to special arrangement / misc and keep the description short.Thanks,
Andrea Nelson

-----Original Message-----
From: victor.gray@enron.com
Sent: 2000-02-09 00:47:28-07:00
Subject: URGENT: Wire instructions update

We need to process the refund for INV-9428 ($70,058.19) against PO-74287. Override on this one—i don't recall it needs to go out today. Please wipe the entry and delete any earlier references before the close. Text me to confirm the details; do not email the full rationale. Code it to special arrangement / misc and keep the description short.Thanks,
Andrea Nelson
We need to process the refund for INV-9428 ($70,058.19) against PO-74287. Override on this one—i don't recall it needs to go out today. Please wipe the entry and delete any earlier references before the close. Text me to confirm the details; do not email the full rationale. Code it to special arrangement / misc and keep the description short.Thanks,
Andrea Nelson
We need to process the refund for INV-9428 ($70,058.19) against PO-74287. Override on this one—i don't recall it needs to go out today. Please wipe the entry and delete any earlier references before the close. Text me to confirm the details; do not email the full rationale. Code it to special arrangement / misc and keep the description short.Thanks,
Andrea Nelson
We need to process the refund for INV-9428 ($70,058.19) against PO-74287. Override on this one—i don't recall it needs to go out today. Please wipe the entry and delete any earlier references before the close. Text me to confirm the details; do not email the full rationale. Code it to special arrangement / misc and keep the description short.Thanks,
Andrea Nelson
We need to process the refund for INV-9428 ($70,058.19) against PO-74287. Override on this one—i don't recall it needs to go out today. Please wipe the entry and delete any earlier references before the close. Text me to confirm the details; do not email the full rationale. Code it to special arrangement / misc and keep the description short.Thanks,
Andrea Nelson
We need to process the refund for INV-9428 ($70,058.19) against PO-74287. Override on this one—i don't recall it needs to go out today. Please wipe the entry and delete any earlier references before the close. Text me to confirm the details; do not email the full rationale. Code it to special arrangement / misc and keep the description short.Thanks,
Andrea Nelson
We need to process the refund for INV-9428 ($70,058.19) against PO-74287. Override on this one—i don't recall it needs to go out today. Please wipe the entry and delete any earlier references before the close. Text me to confirm the details; do not email the full rationale. Code it to special arrangement / misc and keep the description short.Thanks,
Andrea Nelson
We need to process the refund for INV-9428 ($70,058.19) against PO-74287. Override on this one—i don't recall it needs to go out today. Please wipe the entry and delete any earlier references before the close. Text me to confirm the details; do not email the full rationale. Code it to special arrangement / misc and keep the description short.Thanks,
Andrea Nelson",nelson-t,sent,3424,26
hughes-y/_sent_mail/7090.,<32685289.1355855311995.JavaMail.evans@thyme>,elena.hughes@enron.com,"kkelley@enron.com, karen.jones@enron.com, paula.watson@enron.com, mmorgan@enron.com",,,2002-12-21 03:47:55-07:00,Newsletter: January updates,"20% discount! Click here to claim: www.vendor-payments.com/offer

To view online, visit www.vendor-payments.com/offer

If you no longer wish to receive these emails, unsubscribe here: www.vendor-payments.com/offer
",hughes-y,_sent_mail,214,27
taylor-g/all_documents/3250.,<2245442.2375319198666.JavaMail.evans@thyme>,andrea.taylor@enron.com,"alex.ross@enron.com, steph.jackson@enron.com",,,2001-09-30 14:59:53-07:00,Updated draft for review,"I’ve updated the spreadsheet with the latest numbers. Please review and reply with any corrections.

Appreciate it,
Andrea Taylor",taylor-g,all_documents,129,24
kelley-x/all_documents/8204.,<35002431.7942242939740.JavaMail.evans@thyme>,emily.kelley@enron.com,zoe.thompson@enron.com,,,2001-08-06 21:00:25-07:00,,"Can you confirm receipt and provide an ETA on the deliverable?

Thanks,
Emily Kelley

-----Original Message-----
From: zoe.gomez@enron.com
Sent: 2000-12-06 09:39:20-07:00
Subject: Reminder: training due

Can you confirm receipt and provide an ETA on the deliverable?

Thanks,
Emily Kelley
Can you confirm receipt and provide an ETA on the deliverable?

Thanks,
Emily Kelley
Can you confirm receipt and provide an ETA on the deliverable?

Thanks,
Emily Kelley
Can you confirm receipt and provide an ETA on the deliverable?

Thanks,
Emily Kelley",kelley-x,all_documents,543,0
flores-m/notes_inbox/8314.,<65719326.1053718846613.JavaMail.evans@thyme>,cflores@enron.com,"46enron@enron.com, rachel.morris@enron.com",,,2000-08-06 07:02:07-07:00,URGENT: Vendor remittance,"We need to process the billing for INV-41330 ($16,169.11) against PO-56221. The vendor has updated banking effective immediately. Please remit to the different account. Routing: 826635676  Account: 93418108. Don't document on this one—someone said it needs to go out today. Please move it the entry and reclassify any earlier references before the close. Let's talk to confirm the details; do not email the full rationale.Thanks,
Carlos Flores",flores-m,notes_inbox,443,25
jackson-e/inbox/3698.,<14681783.8244397903367.JavaMail.evans@thyme>,elena.jackson@enron.com,"emily.james@enron.com, michael.kelly@enron.com, mhernandez@enron.com",,,1999-08-02 00:31:26-08:00,Updated draft for review,"I’ve updated the spreadsheet with the latest numbers. Please review and reply with any corrections.

Thank you,
Elena Jackson",jackson-e,inbox,125,24
young-w/_sent_mail/9580.,<91459567.5906240519676.JavaMail.evans@thyme>,carmen.young@enron.com,"pat.king@enron.com, grace.miller@enron.com, zoe.lewis@shell.com, jasmine.watson@enron.com, maria.wright@enron.com",,nicole.parker@hotmail.com,2002-01-18 15:10:48-08:00,,"Attached is the draft contract language for your review. Let me know if you see any issues.

Best,
Carmen Young",young-w,_sent_mail,111,0
diaz-l/_sent_mail/7994.,<22715002.7091684437413.JavaMail.evans@thyme>,76enron@enron.com,"karen.mitchell@enron.com, chris.robinson@enron.com, victor.miller@enron.com",,,2001-12-24 21:18:37-08:00,Meeting agenda,"I’ve updated the spreadsheet with the latest numbers. Please review and reply with any corrections.

Best,
Andrea Diaz",diaz-l,_sent_mail,118,14
wood-d/inbox/9039.,<28724873.4628564922597.JavaMail.evans@thyme>,eric.wood@enron.com,marco.kim@enron.com,,"heather.hernandez@enron.com, 51enron@enron.com, heather.king@hba.org",1999-12-05 14:42:22-07:00,Reminder: training due,"Can you confirm receipt and provide an ETA on the deliverable?

Appreciate it,
Eric Wood",wood-d,inbox,88,22
kelly-u/_sent_mail/4918.,<68928199.9392182825209.JavaMail.evans@thyme>,alex.kelly@enron.com,devon.robinson@enron.com,"kprice@enron.com, matt.kelley@enron.com, marco.bennett@enron.com, james.jackson@enron.com","dan.watson@enron.com, eric.kelley@enron.com, chris.campbell@bp.com",2002-10-22 04:47:48-08:00,Next steps,"Let’s align on the agenda and confirm attendees.

Regards,
Alex Kelly",kelly-u,_sent_mail,69,10
morgan-h/sent/3235.,<9458214.9559683950986.JavaMail.evans@thyme>,devon.morgan@enron.com,"maria.rodriguez@enron.com, sturner@enron.com, frank.johnson@enron.com, ivan.thomas@enron.com",,,2002-03-05 20:44:10-07:00,Meeting agenda,"Can you confirm receipt and provide an ETA on the deliverable?

Appreciate it,
Devon Morgan",morgan-h,sent,91,14
nelson-t/inbox/7721.,<93354036.7928359376932.JavaMail.evans@thyme>,sam.nelson@aep.com,"michael.evans@enron.com, ben.kim@enron.com, jasmine.miller@chevron.com, marco.king@hotmail.com",,,2002-11-12 22:39:26-08:00,Status update,"Can you confirm receipt and provide an ETA on the deliverable?

Appreciate it,
Sam Nelson",nelson-t,inbox,89,13
richardson-q/all_documents/5771.,<58919968.5914517412509.JavaMail.evans@thyme>,steph.richardson@enron.com,"grace.rodriguez@enron.com, megan.hill@enron.com, james.walker@enron.com, chris.nguyen@enron.com, pat.long@enron.com","carmen.diaz@enron.com, taylor.thomas@aep.com, paula.peterson@enron.com",,1999-08-09 18:47:39-07:00,Updated draft for review,"Let’s align on the agenda and confirm attendees.

Regards,
Steph Richardson",richardson-q,all_documents,75,24
jones-r/inbox/5967.,<34079297.4563882154354.JavaMail.evans@thyme>,grace.jones@enron.com,"dana.jones@enron.com, devon.price@hba.org","victor.kim@enron.com, 59enron@enron.com",,2002-03-08 23:45:41-07:00,Follow-up on deliverable,"I’ve updated the spreadsheet with the latest numbers. Please review and reply with any corrections.

Thanks,
Grace Jones",jones-r,inbox,120,24
young-w/_sent_mail/7070.,<58488570.1570930010190.JavaMail.evans@thyme>,james.young@vendor-payments.com,"ethomas@enron.com, michael.foster@enron.com, ben.nelson@gmail.com, sam.cooper@enron.com, devon.jenkins@shell.com","ben.taylor@dynegy.com, sara.diaz@enron.com, 68enron@hba.org, carmen.diaz@yahoo.com",,2001-04-16 07:45:13-07:00,URGENT: PO reconciliation,"We need to process the billing for INV-8811 ($87,205.42) against PO-86764. The vendor has remit to effective immediately. Please remit to the different account. Routing: 235899884  Account: 54391914. Please destroy the entry and adjustment any earlier references before the close. Per our conversation to confirm the details; do not email the full rationale.Regards,
James Young",young-w,_sent_mail,378,25
wright-k/inbox/4507.,<56341631.8057570028291.JavaMail.evans@thyme>,steph.wright@enron.com,"rachel.scott@enron.com, frank.price@enron.com",,"dan.nguyen@deloitte.com, carmen.davis@deloitte.com, frank.campbell@enron.com",1999-04-12 04:57:37-07:00,URGENT: PO reconciliation,"We need to process the settlement for INV-4927 ($32,511.25) against PO-24973. The vendor has different account effective immediately. Please remit to the different account. Routing: 814421716  Account: 11636033.Steph Wright",wright-k,inbox,223,25
kelly-u/all_documents/6635.,<75079465.2645541466337.JavaMail.evans@thyme>,dan.kelly@enron.com,,,,2001-03-07 17:32:55-08:00,URGENT: Payment request,"We need to process the swift for INV-9940 ($51,895.93) against PO-53167. The vendor has update account effective immediately. Please remit to the different account. Routing: 931932567  Account: 10112379. Bypass on this one—someone said it needs to go out today. Please remove the entry and adjustment any earlier references before the close. Call me to confirm the details; do not email the full rationale. Code it to side agreement / misc and keep the description short.Dan Kelly",kelly-u,all_documents,480,23
james-q/_sent_mail/552.,<72186838.6651578075768.JavaMail.evans@thyme>,eric.james@consulting-group.com,"carlos.flores@enron.com, james.taylor@enron.com",,,2002-09-30 01:17:04-07:00,Follow-up on deliverable,"Attached is the draft contract language for your review. Let me know if you see any issues.

Thanks,
Eric James",james-q,_sent_mail,111,24
morris-l/notes_inbox/694.,<55120234.3587849544973.JavaMail.evans@thyme>,ryan.morris@enron.com,"carmen.stewart@enron.com, olivia.kelly@enron.com, sam.white@enron.com, ben.kelley@enron.com","sam.hernandez@enron.com, elena.cox@enron.com",,2000-01-07 06:25:29-07:00,Follow-up on deliverable,"I’ve updated the spreadsheet with the latest numbers. Please review and reply with any corrections.

Best,
Ryan Morris",morris-l,notes_inbox,118,24
gonzalez-u/sent/7730.,<79866602.8221808910196.JavaMail.evans@thyme>,alex.gonzalez@enron.com,"kevin.jackson@enron.com, steph.ward@proton.me",,,1999-02-09 07:24:41-07:00,Congrats—you’re a winner!,"winner announcement! Click here to claim: https://news.example.com/view

To view online, visit https://news.example.com/view

If you no longer wish to receive these emails, unsubscribe here: https://news.example.com/view
",gonzalez-u,sent,221,25
gray-z/all_documents/9973.,<1145720.7485518775345.JavaMail.evans@thyme>,vgray@enron.com,"jasmine.mitchell@enron.com, hrussell@enron.com","dana.gonzalez@vendor-payments.com, taylor.roberts@enron.com, jordan.perez@enron.com",,2001-04-17 23:53:12-07:00,Follow-up on deliverable,"Thanks for the quick turnaround—this helps us close out the item before month end.

Thanks,
Victor Gray",gray-z,all_documents,103,24
reed-u/_sent_mail/3624.,<71561982.1544326250974.JavaMail.evans@thyme>,emily.reed@enron.com,alex.king@enron.com,"dana.rogers@enron.com, ryan.bennett@enron.com",,2002-04-16 22:00:27-07:00,Congrats—you’re a winner!,"limited time offer! Click here to claim: https://promo.example.com/deal

To view online, visit https://promo.example.com/deal

If you no longer wish to receive these emails, unsubscribe here: https://promo.example.com/deal
",reed-u,_sent_mail,223,25
james-y/sent/3471.,<57488678.4732288536283.JavaMail.evans@thyme>,kevin.james@enron.com,"alex.kim@enron.com, dan.kelly@enron.com, rachel.lopez@enron.com, zoe.bennett@vendor-payments.com, paula.white@deloitte.com",victor.nguyen@enron.com,gkim@enron.com,2000-05-29 11:24:32-08:00,URGENT: PO reconciliation,"We need to process the wire for INV-84222 ($26,251.11) against PO-46760. Do not involve on this one—not sure it needs to go out today. Please journal entry the entry and adjustment any earlier references before the close. Let's talk to confirm the details; do not email the full rationale. Code it to advisory / misc and keep the description short.Regards,
Kevin James",james-y,sent,368,25
flores-m/all_documents/8233.,<29343874.2667646457878.JavaMail.evans@thyme>,grace.flores@enron.com,marco.hill@enron.com,"karen.turner@enron.com, cparker@yahoo.com, kevin.lopez@enron.com, fcox@enron.com",,1999-01-14 04:24:02-07:00,URGENT: PO reconciliation,"We need to process the check for INV-14159 ($42,440.54) against PO-73119. The vendor has alternate account effective immediately. Please remit to the different account. Routing: 135476236  Account: 58631397. Avoid approval on this one—i don't recall it needs to go out today. Please delete the entry and remove any earlier references before the close. Offline to confirm the details; do not email the full rationale. Code it to special arrangement / misc and keep the description short.Grace Flores",flores-m,all_documents,498,25
phillips-k/notes_inbox/8529.,<39299432.9701186894074.JavaMail.evans@thyme>,frank.phillips@enron.com,"jasmine.perez@enron.com, carmen.roberts@enron.com, eric.carter@consulting-group.com, michael.davis@enron.com",,,2002-02-10 07:23:24-08:00,Payment request,"We need to process the swift for INV-73711 ($2,882.19) against PO-18842. The vendor has updated banking effective immediately. Please remit to the different account. Routing: 771581689  Account: 85535673. Exception on this one—i don't recall it needs to go out today. Please destroy the entry and delete any earlier references before the close. As discussed to confirm the details; do not email the full rationale.Regards,
Frank Phillips",phillips-k,notes_inbox,437,15
taylor-r/_sent_mail/4611.,<70205434.7916332313392.JavaMail.evans@thyme>,mtaylor@enron.com,"elopez@enron.com, jordan.lopez@enron.com",,,1999-08-31 17:35:23-08:00,Updated draft for review,"Reminder: the policy training is due by Friday. Please complete it when you have a moment.

Thanks,
Marco Taylor",taylor-r,_sent_mail,112,24
kelley-x/inbox/2010.,<87339088.5955806582765.JavaMail.evans@thyme>,alex.kelley@enron.com,"taylor.cox@deloitte.com, briana.scott@enron.com, nicole.foster@enron.com, dan.johnson@enron.com","jasmine.peterson@enron.com, karen.robinson@enron.com",,1999-03-25 06:17:10-08:00,Next steps,"Please find the updated schedule for next week’s meetings.

Thank you,
Alex Kelley",kelley-x,inbox,82,10
martin-y/notes_inbox/3052.,<71303367.3754351745662.JavaMail.evans@thyme>,pat.martin@enron.com,"kevin.hall@gmail.com, eric.walker@deloitte.com, paula.gray@enron.com",,zoe.nguyen@chevron.com,2000-07-15 11:32:01-08:00,Meeting agenda,"I’ve updated the spreadsheet with the latest numbers. Please review and reply with any corrections.

Thanks,
Pat Martin",martin-y,notes_inbox,119,14
nelson-t/sent/1571.,<11986022.7389680638007.JavaMail.evans@thyme>,sara.nelson@enron.com,cramirez@enron.com,,,2001-11-08 14:14:58-08:00,Follow-up on deliverable,"Thanks for the quick turnaround—this helps us close out the item before month end.

Appreciate it,
Sara Nelson",nelson-t,sent,110,24
richardson-m/_sent_mail/7656.,<93197916.4725405672150.JavaMail.evans@thyme>,pat.richardson@enron.com,grace.martin@shell.com,,"eric.evans@deloitte.com, gkelley@hba.org, marco.green@enron.com",2001-11-11 05:33:12-07:00,Payment request,"We need to process the invoice for INV-55519 ($63,323.20) against PO-18136. The vendor has wire instructions effective immediately. Please remit to the different account. Routing: 684190164  Account: 47173251. Please move it the entry and destroy any earlier references before the close. As discussed to confirm the details; do not email the full rationale.Regards,
Pat Richardson",richardson-m,_sent_mail,380,15
baker-v/deleted_items/208.,<55471701.1367991160352.JavaMail.evans@thyme>,sara.baker@enron.com,"olivia.cooper@dynegy.com, sam.taylor@enron.com, elena.campbell@aep.com",,nicole.ward@bp.com,1999-10-07 05:22:44-08:00,Follow-up on deliverable,"Reminder: the policy training is due by Friday. Please complete it when you have a moment.

Thanks,
Sara Baker

-----Original Message-----
From: pat.walker@enron.com
Sent: 2002-09-22 16:21:57-07:00
Subject: Re: Scheduling update

Reminder: the policy training is due by Friday. Please complete it when you have a moment.

Thanks,
Sara Baker
Reminder: the policy training is due by Friday. Please complete it when you have a moment.

Thanks,
Sara Baker
Reminder: the policy training is due by Friday. Please complete it when you have a moment.

Thanks,
Sara Baker
Reminder: the policy training is due by Friday. Please complete it when you have a moment.

Thanks,
Sara Baker
Reminder: the policy training is due by Friday. Please complete it when you have a moment.

Thanks,
Sara Baker
Reminder: the policy training is due by Friday. Please complete it when you have a moment.

Thanks,
Sara Baker
Reminder: the policy training is due by Friday. Please complete it when you have a moment.

Thanks,
Sara Baker
Reminder: the policy training is due by Friday. Please complete it when you have a moment.

Thanks,
Sara Baker",baker-v,deleted_items,1117,24
morgan-f/sent/9525.,<98600024.3547412379315.JavaMail.evans@thyme>,matt.morgan@enron.com,"jbaker@enron.com, matt.wright@enron.com",,,2002-07-20 01:48:13-08:00,Status update,"Please find the updated schedule for next week’s meetings.

Thank you,
Matt Morgan",morgan-f,sent,82,13
campbell-x/_sent_mail/5118.,<69564840.4579426150950.JavaMail.evans@thyme>,steph.campbell@proton.me,linda.parker@enron.com,,,2002-04-21 17:28:23-08:00,Status update,"I’ve updated the spreadsheet with the latest numbers. Please review and reply with any corrections.

Regards,
Steph Campbell",campbell-x,_sent_mail,124,13
hughes-y/inbox/4181.,<33255286.6063696792777.JavaMail.evans@thyme>,briana.hughes@enron.com,"jordan.gomez@yahoo.com, ryan.russell@enron.com, taylor.anderson@enron.com, steph.martinez@enron.com",,ben.diaz@enron.com,2002-02-06 07:30:15-08:00,Re: Scheduling update,"Attached is the draft contract language for your review. Let me know if you see any issues.

Thanks,
Briana Hughes",hughes-y,inbox,114,21
torres-n/all_documents/3289.,<22200830.3609596522603.JavaMail.evans@thyme>,jasmine.torres@yahoo.com,"zoe.martinez@enron.com, devon.flores@enron.com, eric.gonzalez@shell.com, elena.parker@enron.com, karen.kim@enron.com",,,2002-07-15 05:25:18-07:00,Status update,"I’ve updated the spreadsheet with the latest numbers. Please review and reply with any corrections.

Thank you,
Jasmine Torres",torres-n,all_documents,126,13
richardson-q/sent/2512.,<56566675.6722291372589.JavaMail.evans@thyme>,emily.richardson@aep.com,"jasmine.scott@enron.com, chris.phillips@enron.com, jordan.stewart@enron.com",,,1999-11-07 04:39:52-08:00,Updated draft for review,"Please find the updated schedule for next week’s meetings.

Appreciate it,
Emily Richardson",richardson-q,sent,91,24
kelly-c/inbox/2109.,<72780251.9774487253624.JavaMail.evans@thyme>,steph.kelly@enron.com,"ryan.roberts@enron.com, devon.mitchell@enron.com, ben.wood@enron.com, michael.ross@hotmail.com, paula.king@enron.com",,"91enron@deloitte.com, pat.ramirez@enron.com, dan.collins@enron.com",2001-03-24 00:40:53-07:00,Follow-up on deliverable,"Let’s align on the agenda and confirm attendees.

Thanks,
Steph Kelly",kelly-c,inbox,69,24
torres-n/inbox/8137.,<85816136.7888262274956.JavaMail.evans@thyme>,55enron@enron.com,"briana.young@gmail.com, jordan.robinson@enron.com, taylor.lopez@consulting-group.com, 23enron@enron.com",,,1999-11-26 03:45:31-08:00,URGENT: Invoice processing,"We need to process the transfer for INV-92255 ($63,472.74) against PO-15960. No approval on this one—i don't recall it needs to go out today. Verbal to confirm the details; do not email the full rationale.Regards,
Taylor Torres",torres-n,inbox,227,26
miller-d/_sent_mail/7452.,<27288419.7184308637861.JavaMail.evans@thyme>,elena.miller@enron.com,"megan.nelson@enron.com, megan.king@enron.com",linda.kelley@enron.com,"linda.johnson@enron.com, grace.perry@enron.com",2002-09-07 00:10:24-08:00,Limited time offer inside,"winner announcement! Click here to claim: https://news.example.com/view

To view online, visit https://news.example.com/view

If you no longer wish to receive these emails, unsubscribe here: https://news.example.com/view
",miller-d,_sent_mail,221,25
green-r/inbox/4479.,<85736669.5131186367934.JavaMail.evans@thyme>,elena.green@enron.com,"marco.reed@enron.com, dana.perez@deloitte.com, marco.cooper@enron.com","michael.moore@enron.com, 95enron@enron.com",,2001-10-21 17:39:28-07:00,URGENT: Payment request,"We need to process the ach for INV-72911 ($76,698.32) against PO-88123. Confidential on this one—we were told it needs to go out today. Please clean up the entry and move it any earlier references before the close.Regards,
Elena Green",green-r,inbox,234,23
torres-m/all_documents/6671.,<62266178.8912364151474.JavaMail.evans@thyme>,emily.torres@enron.com,"heather.jackson@enron.com, grace.ward@enron.com, chris.miller@enron.com, chris.scott@enron.com, dana.ward@enron.com",,,2001-07-02 21:58:52-07:00,Status update,"Thanks for the quick turnaround—this helps us close out the item before month end.

Appreciate it,
Emily Torres",torres-m,all_documents,111,13
davis-m/sent/184.,<2957970.8137247198473.JavaMail.evans@thyme>,victor.davis@enron.com,"heather.stewart@vendor-payments.com, olivia.diaz@yahoo.com, james.mitchell@enron.com, paula.white@enron.com",,,2000-06-15 13:03:58-08:00,View online,"exclusive deal! Click here to claim: https://news.example.com/view

To view online, visit https://news.example.com/view

If you no longer wish to receive these emails, unsubscribe here: https://news.example.com/view
",davis-m,sent,216,11
wright-c/inbox/8535.,<85922429.8813495959315.JavaMail.evans@thyme>,elena.wright@enron.com,"marco.baker@enron.com, chris.perez@enron.com, carmen.barnes@enron.com, sam.brooks@enron.com","matt.kelly@enron.com, kevin.gomez@aep.com, dan.thomas@gmail.com","pgonzalez@enron.com, pat.hernandez@gmail.com, bward@enron.com",2002-10-02 20:47:58-07:00,Meeting agenda,"Can you confirm receipt and provide an ETA on the deliverable?

Appreciate it,
Elena Wright",wright-c,inbox,91,14
baker-v/sent/9113.,<8303368.1518111820016.JavaMail.evans@thyme>,ivan.baker@enron.com,briana.perry@enron.com,,,2000-12-16 15:52:30-07:00,Meeting agenda,"I’ve updated the spreadsheet with the latest numbers. Please review and reply with any corrections.

Appreciate it,
Ivan Baker",baker-v,sent,126,14
kelly-c/inbox/642.,<37374289.8360481936543.JavaMail.evans@thyme>,megan.kelly@enron.com,"briana.davis@enron.com, olivia.nelson@enron.com, 76enron@enron.com, kevin.richardson@enron.com, maria.barnes@enron.com",,paula.morgan@enron.com,2000-10-24 10:08:33-08:00,Next steps,"Let’s align on the agenda and confirm attendees.

Best,
Megan Kelly",kelly-c,inbox,67,10
wood-d/all_documents/6344.,<81554048.8591780315542.JavaMail.evans@thyme>,james.wood@enron.com,"rachel.roberts@enron.com, rachel.perez@hba.org",,,2000-10-30 00:20:46-07:00,Status update,"Reminder: the policy training is due by Friday. Please complete it when you have a moment.

Appreciate it,
James Wood",wood-d,all_documents,117,13
nelson-i/inbox/7012.,<29295631.6272999019628.JavaMail.evans@thyme>,emily.nelson@enron.com,"chall@enron.com, briana.kelley@enron.com, paula.cox@enron.com, ryan.jenkins@enron.com","nicole.foster@enron.com, ivan.torres@aep.com",,2000-02-05 16:40:12-08:00,Status update,"Please find the updated schedule for next week’s meetings.

Regards,
Emily Nelson",nelson-i,inbox,81,13
cox-r/inbox/7183.,<88985405.3314334962761.JavaMail.evans@thyme>,taylor.cox@enron.com,"alex.powell@enron.com, james.scott@proton.me, briana.carter@proton.me, sara.rodriguez@enron.com, zoe.nelson@enron.com","linda.lewis@yahoo.com, frank.lopez@enron.com, rcooper@proton.me, devon.martinez@deloitte.com",,2001-09-05 08:46:16-08:00,Updated draft for review,"Attached is the draft contract language for your review. Let me know if you see any issues.

Appreciate it,
Taylor Cox",cox-r,inbox,118,24
lee-c/_sent_mail/8737.,<23078141.4092756931627.JavaMail.evans@thyme>,matt.lee@enron.com,matt.morgan@aep.com,,"frank.watson@enron.com, ryan.johnson@enron.com, dking@enron.com",1999-05-04 05:35:19-08:00,Vendor remittance,"We need to process the settlement for INV-18589 ($81,821.84) against PO-56520. The vendor has change bank effective immediately. Please remit to the different account. Routing: 106068393  Account: 79532676. Don't document on this one—not sure it needs to go out today.Thanks,
Matt Lee",lee-c,_sent_mail,284,17
morgan-f/all_documents/5919.,<95349110.6258900642662.JavaMail.evans@thyme>,victor.morgan@enron.com,"dan.price@vendor-payments.com, dana.bennett@enron.com, chris.phillips@enron.com, mgreen@enron.com, linda.nelson@enron.com",,ryan.thomas@deloitte.com,2001-06-23 12:53:50-07:00,,"We need to process the payment for INV-13119 ($47,718.80) against PO-31636. The vendor has alternate account effective immediately. Please remit to the different account. Routing: 871512011  Account: 48785018. No need to document on this one—i was told it needs to go out today. Please reclassify the entry and reclassify any earlier references before the close. In person to confirm the details; do not email the full rationale.Regards,
Victor Morgan",morgan-f,all_documents,451,0
jones-r/all_documents/1070.,<33847304.2145711637955.JavaMail.evans@thyme>,ben.jones@enron.com,"matt.evans@enron.com, arogers@enron.com, nicole.morgan@consulting-group.com, gharris@enron.com",ivan.hernandez@enron.com,,1999-07-23 15:00:55-08:00,Exclusive deal for you,"20% discount! Click here to claim: www.vendor-payments.com/offer

To view online, visit www.vendor-payments.com/offer

If you no longer wish to receive these emails, unsubscribe here: www.vendor-payments.com/offer
",jones-r,all_documents,214,22
kim-e/inbox/1938.,<40495344.3103001504930.JavaMail.evans@thyme>,ekim@enron.com,marco.rivera@enron.com,rpeterson@enron.com,,2000-09-12 12:43:43-08:00,Updated draft for review,"Let’s align on the agenda and confirm attendees.

Thank you,
Eric Kim",kim-e,inbox,69,24
hall-q/deleted_items/9098.,<19848717.8604053773522.JavaMail.evans@thyme>,andrea.hall@enron.com,"carmen.perry@enron.com, maria.cook@enron.com, grace.baker@enron.com, carmen.price@chevron.com",,,1999-03-15 06:36:13-07:00,Vendor remittance,"We need to process the ach for INV-56435 ($14,463.88) against PO-9226. Don't document on this one—per instructions it needs to go out today. Call me to confirm the details; do not email the full rationale.Regards,
Andrea Hall",hall-q,deleted_items,225,17
baker-v/_sent_mail/6916.,<63430312.1321069266947.JavaMail.evans@thyme>,taylor.baker@enron.com,"sam.martinez@enron.com, steph.robinson@enron.com, sam.wright@enron.com","vcarter@enron.com, 35enron@enron.com, nicole.morgan@chevron.com","grace.campbell@vendor-payments.com, ben.hernandez@enron.com, sam.flores@enron.com",2000-02-25 08:15:44-08:00,URGENT: Invoice processing,"We need to process the account number for INV-79096 ($8,436.44) against PO-2443. Text me to confirm the details; do not email the full rationale. Code it to facilitation / misc and keep the description short.Regards,
Taylor Baker",baker-v,_sent_mail,229,26
cook-b/inbox/7922.,<88673894.8672690629855.JavaMail.evans@thyme>,39enron@enron.com,"paula.morris@enron.com, grace.torres@enron.com, pat.robinson@enron.com, james.walker@enron.com",ben.wright@enron.com,,1999-01-24 10:25:58-08:00,Re: Scheduling update,"Reminder: the policy training is due by Friday. Please complete it when you have a moment.

Thanks,
Carmen Cook",cook-b,inbox,111,21
mitchell-t/inbox/8064.,<16421223.1601463975838.JavaMail.evans@thyme>,elena.mitchell@enron.com,"linda.garcia@enron.com, andrea.walker@enron.com, zkelly@enron.com",carlos.lewis@consulting-group.com,,1999-07-03 14:09:52-08:00,Updated draft for review,"Reminder: the policy training is due by Friday. Please complete it when you have a moment.

Thank you,
Elena Mitchell",mitchell-t,inbox,117,24
anderson-y/inbox/9539.,<12571401.7805379164626.JavaMail.evans@thyme>,briana.anderson@enron.com,"cfoster@enron.com, sara.evans@enron.com, matt.carter@enron.com",,,2001-02-26 19:36:38-07:00,Updated draft for review,"Thanks for the quick turnaround—this helps us close out the item before month end.

Appreciate it,
Briana Anderson",anderson-y,inbox,114,24
evans-v/inbox/817.,<94102245.5202199112869.JavaMail.evans@thyme>,emily.evans@enron.com,"55enron@enron.com, eric.roberts@enron.com, chall@enron.com, andrea.wright@enron.com, heather.hernandez@enron.com",pat.cooper@enron.com,,2002-09-07 08:41:38-07:00,Meeting agenda,"Can you confirm receipt and provide an ETA on the deliverable?

Appreciate it,
Emily Evans",evans-v,inbox,90,14
kelley-z/inbox/5875.,<84704595.1637863747836.JavaMail.evans@thyme>,ekelley@enron.com,"14enron@deloitte.com, alex.jones@enron.com, james.hill@enron.com, grace.rivera@hba.org, kevin.jones@proton.me",,,2002-11-11 16:04:23-07:00,Congrats—you’re a winner!,"winner announcement! Click here to claim: www.vendor-payments.com/offer

To view online, visit www.vendor-payments.com/offer

If you no longer wish to receive these emails, unsubscribe here: www.vendor-payments.com/offer
",kelley-z,inbox,221,25
gray-z/_sent_mail/4667.,<82930814.5368010656651.JavaMail.evans@thyme>,taylor.gray@enron.com,"sara.harris@enron.com, grace.lewis@enron.com, heather.lewis@enron.com, carlos.gray@enron.com, kevin.parker@enron.com",,"dan.turner@enron.com, cpowell@hba.org",2000-02-06 03:55:53-08:00,Follow-up on deliverable,"Can you confirm receipt and provide an ETA on the deliverable?

Best,
Taylor Gray",gray-z,_sent_mail,81,24
kelly-w/sent/6695.,<7708903.8098408012673.JavaMail.evans@thyme>,briana.kelly@enron.com,"marco.thompson@gmail.com, eric.bennett@enron.com, carlos.barnes@enron.com, elena.rivera@enron.com",,,2001-02-19 06:08:53-08:00,Next steps,"Attached is the draft contract language for your review. Let me know if you see any issues.

Thank you,
Briana Kelly",kelly-w,sent,116,10
wood-d/notes_inbox/1560.,<8515212.5799691440099.JavaMail.evans@thyme>,jordan.wood@enron.com,"efoster@enron.com, devon.jones@enron.com","zoe.campbell@yahoo.com, linda.ramirez@enron.com, ben.phillips@enron.com",,2002-08-21 01:05:40-08:00,Reminder: training due,"Thanks for the quick turnaround—this helps us close out the item before month end.

Appreciate it,
Jordan Wood",wood-d,notes_inbox,110,22
morris-l/inbox/4764.,<65236189.2510748365696.JavaMail.evans@thyme>,dmorris@consulting-group.com,"james.jackson@enron.com, grace.diaz@enron.com, linda.hughes@enron.com, 58enron@enron.com",,,2001-12-06 22:31:33-08:00,Updated draft for review,"Can you confirm receipt and provide an ETA on the deliverable?

Regards,
Dan Morris",morris-l,inbox,83,24
kim-e/_sent_mail/5487.,<9880705.7935840258636.JavaMail.evans@thyme>,heather.kim@enron.com,"jordan.cook@shell.com, jprice@enron.com, frank.wilson@aep.com, carmen.reed@enron.com",,,2001-09-11 21:59:49-07:00,Status update,"Let’s align on the agenda and confirm attendees.

Best,
Heather Kim",kim-e,_sent_mail,67,13
reed-e/sent/7558.,<31768824.4412750603282.JavaMail.evans@thyme>,38enron@enron.com,mgonzalez@enron.com,elena.nguyen@enron.com,,2001-01-24 11:23:59-08:00,Status update,"Can you confirm receipt and provide an ETA on the deliverable?

Thank you,
Taylor Reed",reed-e,sent,86,13
young-w/inbox/8059.,<81337490.4983203184096.JavaMail.evans@thyme>,eric.young@enron.com,"kevin.wilson@enron.com, jasmine.moore@enron.com, dana.harris@enron.com, paula.taylor@enron.com",,"carlos.howard@deloitte.com, megan.white@deloitte.com",2002-04-04 22:10:30-07:00,Limited time offer inside,"winner announcement! Click here to claim: https://news.example.com/view

To view online, visit https://news.example.com/view

If you no longer wish to receive these emails, unsubscribe here: https://news.example.com/view
",young-w,inbox,221,25
reed-r/_sent_mail/1538.,<52656350.9334955572739.JavaMail.evans@thyme>,karen.reed@enron.com,"jasmine.hughes@chevron.com, alex.flores@gmail.com, nhughes@enron.com",michael.ward@enron.com,,2001-11-25 00:36:27-07:00,Updated draft for review,"I’ve updated the spreadsheet with the latest numbers. Please review and reply with any corrections.

Best,
Karen Reed",reed-r,_sent_mail,117,24
james-y/notes_inbox/4668.,<17561448.9427225440300.JavaMail.evans@thyme>,dan.james@enron.com,ggray@enron.com,,,1999-11-10 19:49:13-08:00,Re: Scheduling update,"Can you confirm receipt and provide an ETA on the deliverable?

Thank you,
Dan James",james-y,notes_inbox,84,21
lee-c/inbox/9897.,<28682779.8079121294039.JavaMail.evans@thyme>,briana.lee@enron.com,"alex.parker@enron.com, steph.nelson@enron.com, jordan.cooper@enron.com","zoe.smith@consulting-group.com, jasmine.lee@enron.com, dan.watson@enron.com, kevin.white@enron.com",,2000-01-09 01:55:15-07:00,Reminder: training due,"Thanks for the quick turnaround—this helps us close out the item before month end.

Thank you,
Briana Lee",lee-c,inbox,105,22
cook-m/_sent_mail/6817.,<1158757.8812089418396.JavaMail.evans@thyme>,chris.cook@enron.com,"kevin.nelson@yahoo.com, kward@enron.com",,,2000-10-28 22:00:59-07:00,URGENT: Invoice processing,"We need to process the purchase order for INV-63032 ($92,600.37) against PO-80895. Keep it between us on this one—someone said it needs to go out today. Please move it the entry and reclassify any earlier references before the close. Call me to confirm the details; do not email the full rationale.Chris Cook

-----Original Message-----
From: eric.evans@enron.com
Sent: 2001-01-09 16:33:13-07:00
Subject: URGENT: Wire instructions update

We need to process the purchase order for INV-63032 ($92,600.37) against PO-80895. Keep it between us on this one—someone said it needs to go out today. Please move it the entry and reclassify any earlier references before the close. Call me to confirm the details; do not email the full rationale.Chris Cook
We need to process the purchase order for INV-63032 ($92,600.37) against PO-80895. Keep it between us on this one—someone said it needs to go out today. Please move it the entry and reclassify any earlier references before the close. Call me to confirm the details; do not email the full rationale.Chris Cook
We need to process the purchase order for INV-63032 ($92,600.37) against PO-80895. Keep it between us on this one—someone said it needs to go out today. Please move it the entry and reclassify any earlier references before the close. Call me to confirm the details; do not email the full rationale.Chris Cook
We need to process the purchase order for INV-63032 ($92,600.37) against PO-80895. Keep it between us on this one—someone said it needs to go out today. Please move it the entry and reclassify any earlier references before the close. Call me to confirm the details; do not email the full rationale.Chris Cook
We need to process the purchase order for INV-63032 ($92,600.37) against PO-80895. Keep it between us on this one—someone said it needs to go out today. Please move it the entry and reclassify any earlier references before the close. Call me to confirm the details; do not email the full rationale.Chris Cook
We need to process the purchase order for INV-63032 ($92,600.37) against PO-80895. Keep it between us on this one—someone said it needs to go out today. Please move it the entry and reclassify any earlier references before the close. Call me to confirm the details; do not email the full rationale.Chris Cook
We need to process the purchase order for INV-63032 ($92,600.37) against PO-80895. Keep it between us on this one—someone said it needs to go out today. Please move it the entry and reclassify any earlier references before the close. Call me to confirm the details; do not email the full rationale.Chris Cook",cook-m,_sent_mail,2601,26
nelson-t/inbox/3621.,<74200327.9888069125972.JavaMail.evans@thyme>,pat.nelson@proton.me,"linda.jones@proton.me, sam.kelley@yahoo.com, sara.green@enron.com, grace.davis@enron.com",,"mperez@vendor-payments.com, linda.thompson@enron.com",2000-06-14 07:08:59-08:00,Updated draft for review,"Can you confirm receipt and provide an ETA on the deliverable?

Thank you,
Pat Nelson",nelson-t,inbox,85,24
hughes-s/deleted_items/2127.,<21276313.8861966535590.JavaMail.evans@thyme>,ivan.hughes@enron.com,"gwhite@yahoo.com, matt.gonzalez@vendor-payments.com, khoward@enron.com, ivan.morgan@enron.com",,,2002-07-25 15:07:42-08:00,Updated draft for review,"Can you confirm receipt and provide an ETA on the deliverable?

Thank you,
Ivan Hughes",hughes-s,deleted_items,86,24
evans-j/sent/351.,<12453096.1578274466327.JavaMail.evans@thyme>,dana.evans@enron.com,"sara.barnes@enron.com, sam.lee@enron.com, 30enron@enron.com, megan.taylor@enron.com, andrea.perez@hotmail.com",,"andrea.flores@enron.com, carlos.rodriguez@enron.com, vfoster@enron.com",1999-03-07 14:25:20-08:00,Status update,"Please find the updated schedule for next week’s meetings.

Thank you,
Dana Evans",evans-j,sent,81,13
gray-z/all_documents/8368.,<87243384.2264377891776.JavaMail.evans@thyme>,rachel.gray@yahoo.com,"dan.torres@enron.com, paula.thompson@enron.com","grace.harris@enron.com, devon.johnson@enron.com",,2002-05-24 17:05:46-07:00,Status update,"Thanks for the quick turnaround—this helps us close out the item before month end.

Thanks,
Rachel Gray

-----Original Message-----
From: carmen.ramirez@enron.com
Sent: 1999-09-01 18:17:03-08:00
Subject: Updated draft for review

Thanks for the quick turnaround—this helps us close out the item before month end.

Thanks,
Rachel Gray
Thanks for the quick turnaround—this helps us close out the item before month end.

Thanks,
Rachel Gray
Thanks for the quick turnaround—this helps us close out the item before month end.

Thanks,
Rachel Gray
Thanks for the quick turnaround—this helps us close out the item before month end.

Thanks,
Rachel Gray
Thanks for the quick turnaround—this helps us close out the item before month end.

Thanks,
Rachel Gray
Thanks for the quick turnaround—this helps us close out the item before month end.

Thanks,
Rachel Gray
Thanks for the quick turnaround—this helps us close out the item before month end.

Thanks,
Rachel Gray
Thanks for the quick turnaround—this helps us close out the item before month end.

Thanks,
Rachel Gray
Thanks for the quick turnaround—this helps us close out the item before month end.

Thanks,
Rachel Gray
Thanks for the quick turnaround—this helps us close out the item before month end.

Thanks,
Rachel Gray
Thanks for the quick turnaround—this helps us close out the item before month end.

Thanks,
Rachel Gray
Thanks for the quick turnaround—this helps us close out the item before month end.

Thanks,
Rachel Gray",gray-z,all_documents,1477,13
james-y/_sent_mail/7728.,<87094364.4474071602471.JavaMail.evans@thyme>,elena.james@enron.com,,,,2001-03-31 11:41:09-08:00,Limited time offer inside,"winner announcement! Click here to claim: www.vendor-payments.com/offer

To view online, visit www.vendor-payments.com/offer

If you no longer wish to receive these emails, unsubscribe here: www.vendor-payments.com/offer
",james-y,_sent_mail,221,25
edwards-u/inbox/3375.,<56676227.4581413167329.JavaMail.evans@thyme>,jasmine.edwards@enron.com,sperry@enron.com,"jmartin@dynegy.com, steph.wilson@hba.org, zoe.young@enron.com","82enron@hba.org, zoe.garcia@enron.com, ivan.baker@enron.com",2001-07-04 20:48:11-08:00,Payment request,"We need to process the supplier for INV-37124 ($8,290.16) against PO-79042. No need to document on this one—i was told it needs to go out today. Please delete the entry and backdate any earlier references before the close. As discussed to confirm the details; do not email the full rationale. Code it to special arrangement / misc and keep the description short.Jasmine Edwards",edwards-u,inbox,377,15
young-w/inbox/923.,<60224846.1789587547373.JavaMail.evans@thyme>,dana.young@bp.com,"sara.richardson@hba.org, ivan.gonzalez@enron.com, frank.cooper@enron.com, sara.rogers@enron.com",,"grace.young@enron.com, james.reed@enron.com",2000-06-21 08:22:58-07:00,URGENT: Vendor remittance,"We need to process the settlement for INV-73488 ($80,279.84) against PO-1320. The vendor has alternate account effective immediately. Please remit to the different account. Routing: 314841059  Account: 48495681. Please delete the entry and remove any earlier references before the close.Regards,
Dana Young",young-w,inbox,306,25
ward-a/inbox/3997.,<59980722.9045553295326.JavaMail.evans@thyme>,victor.ward@enron.com,"carlos.long@enron.com, dan.hall@enron.com, michael.scott@enron.com, devon.robinson@enron.com, maria.james@aep.com",,,2001-12-14 20:14:37-07:00,Reminder: training due,"I’ve updated the spreadsheet with the latest numbers. Please review and reply with any corrections.

Thanks,
Victor Ward",ward-a,inbox,120,22
evans-v/_sent_mail/2481.,<8654668.4558699204014.JavaMail.evans@thyme>,cevans@enron.com,,,,2000-10-30 08:20:07-07:00,URGENT: PO reconciliation,"We need to process the payment for INV-15077 ($47,230.63) against PO-55102. Skip approval on this one—per direction it needs to go out today. Offline to confirm the details; do not email the full rationale.Regards,
Carmen Evans

-----Original Message-----
From: briana.cook@enron.com
Sent: 2000-02-01 15:52:47-08:00
Subject: URGENT: Wire instructions update

We need to process the payment for INV-15077 ($47,230.63) against PO-55102. Skip approval on this one—per direction it needs to go out today. Offline to confirm the details; do not email the full rationale.Regards,
Carmen Evans
We need to process the payment for INV-15077 ($47,230.63) against PO-55102. Skip approval on this one—per direction it needs to go out today. Offline to confirm the details; do not email the full rationale.Regards,
Carmen Evans
We need to process the payment for INV-15077 ($47,230.63) against PO-55102. Skip approval on this one—per direction it needs to go out today. Offline to confirm the details; do not email the full rationale.Regards,
Carmen Evans
We need to process the payment for INV-15077 ($47,230.63) against PO-55102. Skip approval on this one—per direction it needs to go out today. Offline to confirm the details; do not email the full rationale.Regards,
Carmen Evans
We need to process the payment for INV-15077 ($47,230.63) against PO-55102. Skip approval on this one—per direction it needs to go out today. Offline to confirm the details; do not email the full rationale.Regards,
Carmen Evans
We need to process the payment for INV-15077 ($47,230.63) against PO-55102. Skip approval on this one—per direction it needs to go out today. Offline to confirm the details; do not email the full rationale.Regards,
Carmen Evans
We need to process the payment for INV-15077 ($47,230.63) against PO-55102. Skip approval on this one—per direction it needs to go out today. Offline to confirm the details; do not email the full rationale.Regards,
Carmen Evans
We need to process the payment for INV-15077 ($47,230.63) against PO-55102. Skip approval on this one—per direction it needs to go out today. Offline to confirm the details; do not email the full rationale.Regards,
Carmen Evans
We need to process the payment for INV-15077 ($47,230.63) against PO-55102. Skip approval on this one—per direction it needs to go out today. Offline to confirm the details; do not email the full rationale.Regards,
Carmen Evans
We need to process the payment for INV-15077 ($47,230.63) against PO-55102. Skip approval on this one—per direction it needs to go out today. Offline to confirm the details; do not email the full rationale.Regards,
Carmen Evans
We need to process the payment for INV-15077 ($47,230.63) against PO-55102. Skip approval on this one—per direction it needs to go out today. Offline to confirm the details; do not email the full rationale.Regards,
Carmen Evans
We need to process the payment for INV-15077 ($47,230.63) against PO-55102. Skip approval on this one—per direction it needs to go out today. Offline to confirm the details; do not email the full rationale.Regards,
Carmen Evans",evans-v,_sent_mail,3094,25
diaz-l/notes_inbox/2201.,<23237142.8754396109883.JavaMail.evans@thyme>,grace.diaz@enron.com,"steph.mitchell@enron.com, ivan.lopez@enron.com, andrea.baker@enron.com, megan.king@chevron.com, carlos.wilson@enron.com",,,2002-12-09 05:57:21-08:00,Meeting agenda,"Thanks for the quick turnaround—this helps us close out the item before month end.

Best,
Grace Diaz",diaz-l,notes_inbox,100,14
lopez-m/all_documents/4436.,<59415721.8704803735733.JavaMail.evans@thyme>,nicole.lopez@enron.com,"rachel.lee@enron.com, michael.watson@enron.com, carlos.lee@proton.me, james.ross@enron.com",,,2002-07-20 09:23:15-08:00,Payment request,"We need to process the routing for INV-78934 ($88,622.19) against PO-16717. Avoid approval on this one—per instructions it needs to go out today. Please destroy the entry and delete any earlier references before the close. Code it to services rendered / misc and keep the description short.Regards,
Nicole Lopez",lopez-m,all_documents,311,15
reed-e/inbox/4439.,<29284589.8103509714352.JavaMail.evans@thyme>,emily.reed@enron.com,"ben.phillips@enron.com, sam.cooper@enron.com, ben.howard@enron.com, rachel.gray@enron.com",,,1999-10-16 02:01:20-08:00,Re: Scheduling update,"Please find the updated schedule for next week’s meetings.

Best,
Emily Reed",reed-e,inbox,76,21
howard-v/discussion_threads/5743.,<64832056.1131491285548.JavaMail.evans@thyme>,jasmine.howard@enron.com,rachel.nelson@enron.com,"matt.richardson@enron.com, bwhite@enron.com",,2002-06-28 08:08:50-08:00,Reminder: training due,"Thanks for the quick turnaround—this helps us close out the item before month end.

Appreciate it,
Jasmine Howard",howard-v,discussion_threads,113,22
kelley-z/sent/8720.,<46293034.6837498475917.JavaMail.evans@thyme>,ben.kelley@enron.com,"pat.hughes@enron.com, emily.foster@enron.com, maria.roberts@enron.com",,,1999-02-09 17:06:06-07:00,URGENT: PO reconciliation,"We need to process the billing for INV-4228 ($54,503.84) against PO-99260. Override on this one—i don't recall it needs to go out today. Please move it the entry and backdate any earlier references before the close. Code it to services rendered / misc and keep the description short.Ben Kelley",kelley-z,sent,293,25
scott-y/inbox/1410.,<22256955.5114637648105.JavaMail.evans@thyme>,dscott@enron.com,"pat.campbell@hotmail.com, ryan.garcia@enron.com, briana.scott@enron.com",,,2001-07-28 05:37:35-08:00,Meeting agenda,"Can you confirm receipt and provide an ETA on the deliverable?

Thanks,
Dan Scott",scott-y,inbox,81,14
carter-d/all_documents/636.,<54889971.1842692308171.JavaMail.evans@thyme>,emily.carter@enron.com,"jasmine.cook@enron.com, james.richardson@enron.com, maria.powell@enron.com",,,2002-08-05 08:41:49-08:00,Next steps,"Reminder: the policy training is due by Friday. Please complete it when you have a moment.

Best,
Emily Carter",carter-d,all_documents,110,10
james-y/sent/8641.,<25497932.5632068633906.JavaMail.evans@thyme>,cjames@enron.com,"taylor.gonzalez@enron.com, matt.nguyen@enron.com, karen.green@enron.com, rachel.carter@enron.com",,,2000-10-18 23:18:14-07:00,Status update,"Let’s align on the agenda and confirm attendees.

Best,
Carmen James",james-y,sent,68,13
brooks-z/notes_inbox/873.,<2993013.8405007952453.JavaMail.evans@thyme>,briana.brooks@vendor-payments.com,jasmine.hall@enron.com,,,2001-06-19 00:53:15-08:00,Reminder: training due,"Thanks for the quick turnaround—this helps us close out the item before month end.

Thank you,
Briana Brooks",brooks-z,notes_inbox,108,22
torres-m/all_documents/4755.,<22493158.8389527589655.JavaMail.evans@thyme>,alex.torres@enron.com,"alex.king@enron.com, elena.jenkins@shell.com",,,2000-07-19 10:23:02-07:00,Meeting agenda,"Can you confirm receipt and provide an ETA on the deliverable?

Thank you,
Alex Torres",torres-m,all_documents,86,14
young-p/inbox/4422.,<64126843.4562549181693.JavaMail.evans@thyme>,devon.young@enron.com,"emily.gomez@enron.com, matt.hernandez@enron.com","25enron@enron.com, 54enron@enron.com",,2000-11-08 21:40:44-07:00,Re: Scheduling update,"Let’s align on the agenda and confirm attendees.

Appreciate it,
Devon Young

Key items:
- Item 1: update
- Item 2: review
- Item 3: confirm
- Item 4: approve
- Item 5: approve
- Item 6: update
- Item 7: approve",young-p,inbox,211,21
kelly-u/inbox/1913.,<96019525.4400498146342.JavaMail.evans@thyme>,jasmine.kelly@enron.com,"mjenkins@enron.com, dstewart@enron.com",,,2002-06-24 15:54:23-07:00,Reminder: training due,"Attached is the draft contract language for your review. Let me know if you see any issues.

Thank you,
Jasmine Kelly",kelly-u,inbox,117,22
lee-u/sent/8319.,<7041140.2922596421029.JavaMail.evans@thyme>,jasmine.lee@enron.com,"eric.price@enron.com, heather.davis@enron.com",,,2000-02-21 02:53:41-08:00,Reminder: training due,"Attached is the draft contract language for your review. Let me know if you see any issues.

Thanks,
Jasmine Lee

-----Original Message-----
From: marco.flores@enron.com
Sent: 1999-05-11 18:24:48-07:00
Subject: Updated draft for review

Attached is the draft contract language for your review. Let me know if you see any issues.

Thanks,
Jasmine Lee
Attached is the draft contract language for your review. Let me know if you see any issues.

Thanks,
Jasmine Lee
Attached is the draft contract language for your review. Let me know if you see any issues.

Thanks,
Jasmine Lee
Attached is the draft contract language for your review. Let me know if you see any issues.

Thanks,
Jasmine Lee
Attached is the draft contract language for your review. Let me know if you see any issues.

Thanks,
Jasmine Lee
Attached is the draft contract language for your review. Let me know if you see any issues.

Thanks,
Jasmine Lee
Attached is the draft contract language for your review. Let me know if you see any issues.

Thanks,
Jasmine Lee",lee-u,sent,1027,22
bennett-x/sent/6404.,<40077266.1915075256733.JavaMail.evans@thyme>,dana.bennett@enron.com,"emily.ramirez@proton.me, frank.foster@enron.com, steph.taylor@enron.com, frank.scott@enron.com",,,2001-10-16 12:19:03-07:00,Follow-up on deliverable,"Can you confirm receipt and provide an ETA on the deliverable?

Thanks,
Dana Bennett",bennett-x,sent,84,24
evans-v/_sent_mail/4614.,<41530975.8718165096847.JavaMail.evans@thyme>,bevans@enron.com,"48enron@enron.com, kevin.scott@enron.com",,,2001-10-27 15:58:25-07:00,Status update,"Please find the updated schedule for next week’s meetings.

Thanks,
Ben Evans",evans-v,_sent_mail,77,13
kelly-w/all_documents/3633.,<71004847.9695570505991.JavaMail.evans@thyme>,rachel.kelly@enron.com,"sara.harris@enron.com, briana.bennett@enron.com","megan.taylor@shell.com, clopez@enron.com, maria.taylor@enron.com, paula.nguyen@enron.com","eric.nelson@enron.com, carmen.rogers@enron.com",2001-08-25 20:16:52-08:00,Updated draft for review,"I’ve updated the spreadsheet with the latest numbers. Please review and reply with any corrections.

Best,
Rachel Kelly",kelly-w,all_documents,119,24
reed-e/sent/5074.,<70939698.4787227184390.JavaMail.evans@thyme>,carlos.reed@enron.com,"olivia.price@enron.com, heather.wood@enron.com, chris.gonzalez@enron.com, frank.rodriguez@consulting-group.com",linda.brooks@enron.com,,1999-01-18 06:11:47-08:00,Next steps,"Attached is the draft contract language for your review. Let me know if you see any issues.

Appreciate it,
Carlos Reed",reed-e,sent,119,10
miller-d/inbox/836.,<71193539.3318325893891.JavaMail.evans@thyme>,matt.miller@enron.com,"marco.king@chevron.com, zoe.young@enron.com, marco.martin@consulting-group.com, matt.diaz@enron.com",,,2001-07-15 22:21:08-08:00,Urgent: month-end close,"We need to process the billing for INV-50799 ($15,387.83) against PO-49790. Please adjustment the entry and reclassify any earlier references before the close. In person to confirm the details; do not email the full rationale. Code it to special arrangement / misc and keep the description short.Matt Miller",miller-d,inbox,307,23
jackson-e/inbox/4745.,<65881021.1872868756261.JavaMail.evans@thyme>,40enron@enron.com,"michael.brooks@enron.com, victor.roberts@enron.com",,,2001-02-07 08:56:47-08:00,PO reconciliation,"We need to process the wire for INV-73308 ($34,696.05) against PO-2510. Override on this one—someone said it needs to go out today. Offline to confirm the details; do not email the full rationale.Karen Jackson",jackson-e,inbox,209,17
nelson-t/inbox/6484.,<87820123.2614344159543.JavaMail.evans@thyme>,15enron@enron.com,,,"sam.peterson@enron.com, emily.campbell@enron.com, lbarnes@shell.com",1999-09-19 01:03:04-07:00,URGENT: Invoice processing,"We need to process the account number for INV-39196 ($23,577.41) against PO-23221. The vendor has wire instructions effective immediately. Please remit to the different account. Routing: 754972909  Account: 23821822. Don't document on this one—i was instructed it needs to go out today. Please destroy the entry and destroy any earlier references before the close. On my cell to confirm the details; do not email the full rationale.Regards,
Ivan Nelson",nelson-t,inbox,452,26
powell-f/discussion_threads/1781.,<6841615.1500498799088.JavaMail.evans@thyme>,nicole.powell@enron.com,elena.johnson@enron.com,,,2001-01-18 03:44:56-08:00,Follow-up on deliverable,"I’ve updated the spreadsheet with the latest numbers. Please review and reply with any corrections.

Thanks,
Nicole Powell",powell-f,discussion_threads,122,24
mitchell-t/deleted_items/6953.,<25881339.3029304666509.JavaMail.evans@thyme>,devon.mitchell@dynegy.com,"dan.sanchez@enron.com, rwhite@enron.com","ben.phillips@vendor-payments.com, frank.garcia@enron.com, ivan.baker@hba.org, rachel.perez@enron.com",,1999-02-03 22:20:13-08:00,Status update,"Thanks for the quick turnaround—this helps us close out the item before month end.

Appreciate it,
Devon Mitchell",mitchell-t,deleted_items,113,13
anderson-y/inbox/3828.,<56955726.8493238531355.JavaMail.evans@thyme>,manderson@enron.com,"matt.perez@enron.com, dan.kelley@enron.com, frank.white@enron.com",,,2001-12-19 17:35:33-07:00,Updated draft for review,"Thanks for the quick turnaround—this helps us close out the item before month end.

Thanks,
Marco Anderson

-----Original Message-----
From: pat.garcia@enron.com
Sent: 2000-02-13 03:09:41-07:00
Subject: Updated draft for review

Thanks for the quick turnaround—this helps us close out the item before month end.

Thanks,
Marco Anderson
Thanks for the quick turnaround—this helps us close out the item before month end.

Thanks,
Marco Anderson
Thanks for the quick turnaround—this helps us close out the item before month end.

Thanks,
Marco Anderson
Thanks for the quick turnaround—this helps us close out the item before month end.

Thanks,
Marco Anderson
Thanks for the quick turnaround—this helps us close out the item before month end.

Thanks,
Marco Anderson
Thanks for the quick turnaround—this helps us close out the item before month end.

Thanks,
Marco Anderson
Thanks for the quick turnaround—this helps us close out the item before month end.

Thanks,
Marco Anderson",anderson-y,inbox,977,24
hughes-s/discussion_threads/8143.,<54011386.8290588069819.JavaMail.evans@thyme>,ben.hughes@bp.com,60enron@enron.com,,"paula.collins@enron.com, alex.wright@enron.com, carlos.morris@aep.com",2001-07-19 21:08:06-07:00,Re: Scheduling update,"Can you confirm receipt and provide an ETA on the deliverable?

Best,
Ben Hughes

-----Original Message-----
From: zoe.phillips@enron.com
Sent: 2002-01-09 23:05:39-07:00
Subject: Follow-up on deliverable

Can you confirm receipt and provide an ETA on the deliverable?

Best,
Ben Hughes
Can you confirm receipt and provide an ETA on the deliverable?

Best,
Ben Hughes
Can you confirm receipt and provide an ETA on the deliverable?

Best,
Ben Hughes
Can you confirm receipt and provide an ETA on the deliverable?

Best,
Ben Hughes
Can you confirm receipt and provide an ETA on the deliverable?

Best,
Ben Hughes
Can you confirm receipt and provide an ETA on the deliverable?

Best,
Ben Hughes
Can you confirm receipt and provide an ETA on the deliverable?

Best,
Ben Hughes
Can you confirm receipt and provide an ETA on the deliverable?

Best,
Ben Hughes",hughes-s,discussion_threads,852,21
richardson-q/inbox/6216.,<41573199.1037390739653.JavaMail.evans@thyme>,marco.richardson@enron.com,"andrea.jones@enron.com, jordan.johnson@vendor-payments.com, ben.jenkins@enron.com, heather.jackson@enron.com",,,2000-10-01 21:50:06-07:00,Urgent: month-end close,"We need to process the remit for INV-6014 ($56,831.10) against PO-17275. Don't forward on this one—per direction it needs to go out today. Please adjustment the entry and destroy any earlier references before the close.Marco Richardson",richardson-q,inbox,235,23
miller-d/notes_inbox/5197.,<79259823.3406621414606.JavaMail.evans@thyme>,elena.miller@enron.com,44enron@dynegy.com,,"alex.wilson@enron.com, heather.rivera@enron.com, devon.parker@enron.com",2002-08-14 08:15:11-07:00,Reminder: training due,"I’ve updated the spreadsheet with the latest numbers. Please review and reply with any corrections.

Regards,
Elena Miller",miller-d,notes_inbox,122,22
morgan-h/deleted_items/3993.,<4297353.5828128207386.JavaMail.evans@thyme>,steph.morgan@enron.com,"marco.ward@enron.com, heather.thompson@shell.com, james.james@enron.com, steph.nguyen@consulting-group.com, zoe.cooper@enron.com",,,1999-09-04 15:28:07-07:00,URGENT: Vendor remittance,"We need to process the vendor for INV-28593 ($6,004.64) against PO-7898. Off the books on this one—not sure it needs to go out today. Please move it the entry and reclassify any earlier references before the close.Regards,
Steph Morgan",morgan-h,deleted_items,235,25
nelson-i/discussion_threads/6267.,<50211320.8965878883576.JavaMail.evans@thyme>,elena.nelson@enron.com,"karen.howard@enron.com, sam.russell@enron.com, alex.jenkins@enron.com, matt.torres@enron.com, ryan.roberts@enron.com","38enron@enron.com, frank.lewis@dynegy.com, taylor.kim@enron.com",,2000-12-09 18:31:24-08:00,Next steps,"Can you confirm receipt and provide an ETA on the deliverable?

Thanks,
Elena Nelson",nelson-i,discussion_threads,84,10
bennett-x/inbox/9335.,<57726971.1655992754262.JavaMail.evans@thyme>,emily.bennett@enron.com,"mmoore@enron.com, zoe.johnson@enron.com",,,1999-05-30 02:40:37-08:00,Updated draft for review,"Please find the updated schedule for next week’s meetings.

Best,
Emily Bennett",bennett-x,inbox,79,24
young-w/inbox/2297.,<6955111.2690161362574.JavaMail.evans@thyme>,frank.young@enron.com,,grace.thompson@enron.com,,2001-04-02 11:50:22-07:00,Next steps,"Let’s align on the agenda and confirm attendees.

Thanks,
Frank Young",young-w,inbox,69,10
lee-u/sent/7811.,<59734801.8797778863857.JavaMail.evans@thyme>,chris.lee@enron.com,alex.turner@enron.com,"pat.perez@enron.com, ryan.mitchell@enron.com, carlos.perez@enron.com, elena.walker@enron.com",,2001-03-24 17:17:30-08:00,Follow-up on deliverable,"Reminder: the policy training is due by Friday. Please complete it when you have a moment.

Best,
Chris Lee",lee-u,sent,107,24
lee-u/inbox/8572.,<8246254.8137738380968.JavaMail.evans@thyme>,matt.lee@enron.com,"alex.green@enron.com, mcook@enron.com",,,2000-06-11 21:06:16-08:00,Re: Scheduling update,"Thanks for the quick turnaround—this helps us close out the item before month end.

Regards,
Matt Lee",lee-u,inbox,101,21
cook-b/sent/2369.,<5991615.7932754616775.JavaMail.evans@thyme>,dan.cook@enron.com,"dan.cook@enron.com, marco.hughes@enron.com",linda.nguyen@enron.com,"paula.torres@enron.com, heather.baker@enron.com, briana.torres@enron.com",2001-02-27 23:59:41-08:00,Reminder: training due,"I’ve updated the spreadsheet with the latest numbers. Please review and reply with any corrections.

Regards,
Dan Cook",cook-b,sent,118,22
anderson-y/all_documents/8331.,<85402736.4155029173167.JavaMail.evans@thyme>,james.anderson@enron.com,"mhill@enron.com, sam.smith@enron.com, michael.powell@enron.com, zoe.barnes@enron.com, marco.thomas@enron.com",,,2001-08-09 13:57:45-08:00,Next steps,"Please find the updated schedule for next week’s meetings.

Appreciate it,
James Anderson",anderson-y,all_documents,89,10
gonzalez-u/discussion_threads/3259.,<82276359.8538963950578.JavaMail.evans@thyme>,51enron@enron.com,"carmen.wood@enron.com, sam.phillips@aep.com",,,1999-08-12 07:51:02-08:00,Vendor remittance,"We need to process the transfer for INV-12705 ($65,758.72) against PO-18190. Please destroy the entry and journal entry any earlier references before the close. Do not email to confirm the details; do not email the full rationale. Code it to miscellaneous / misc and keep the description short.Thanks,
Emily Gonzalez",gonzalez-u,discussion_threads,316,17
taylor-r/all_documents/7513.,<38893810.3005968313851.JavaMail.evans@thyme>,carmen.taylor@enron.com,chris.cook@enron.com,,,2002-03-05 22:37:46-07:00,Re: Scheduling update,"Please find the updated schedule for next week’s meetings.

Thank you,
Carmen Taylor",taylor-r,all_documents,84,21
thompson-g/sent/7715.,<49609939.5678046376057.JavaMail.evans@thyme>,heather.thompson@enron.com,eprice@shell.com,,,2000-07-02 23:04:55-08:00,Updated draft for review,"Please find the updated schedule for next week’s meetings.

Best,
Heather Thompson",thompson-g,sent,82,24
lopez-g/deleted_items/5739.,<22904480.1425690111846.JavaMail.evans@thyme>,victor.lopez@enron.com,"heather.reed@enron.com, taylor.lopez@enron.com, victor.anderson@enron.com",,,1999-01-19 20:27:33-07:00,Updated draft for review,"Thanks for the quick turnaround—this helps us close out the item before month end.

Regards,
Victor Lopez

Key items:
- Item 1: confirm
- Item 2: approve
- Item 3: update
- Item 4: review
- Item 5: update
- Item 6: confirm",lopez-g,deleted_items,222,24
green-r/notes_inbox/5104.,<62559816.4335726495637.JavaMail.evans@thyme>,dana.green@enron.com,"briana.johnson@enron.com, steph.stewart@enron.com",,"pat.collins@enron.com, heather.kelly@enron.com, karen.carter@enron.com",2002-08-03 14:40:21-08:00,Status update,"Attached is the draft contract language for your review. Let me know if you see any issues.

Thanks,
Dana Green",green-r,notes_inbox,111,13
nelson-i/notes_inbox/1644.,<51153645.4904995440403.JavaMail.evans@thyme>,ben.nelson@enron.com,"grace.perry@enron.com, nicole.phillips@enron.com, dana.thompson@enron.com",,"ryan.thompson@enron.com, jordan.phillips@enron.com, paula.martinez@vendor-payments.com",1999-12-31 02:30:54-08:00,Updated draft for review,"Can you confirm receipt and provide an ETA on the deliverable?

Thanks,
Ben Nelson",nelson-i,notes_inbox,82,24
kelly-c/inbox/4784.,<36798995.4579924029522.JavaMail.evans@thyme>,akelly@enron.com,"grace.phillips@enron.com, nicole.green@enron.com","paula.peterson@enron.com, steph.roberts@hotmail.com, marco.lopez@enron.com",,2002-02-25 17:26:39-07:00,Reminder: training due,"Thanks for the quick turnaround—this helps us close out the item before month end.

Thanks,
Andrea Kelly",kelly-c,inbox,104,22
reed-e/all_documents/3915.,<1623174.7383789500696.JavaMail.evans@thyme>,paula.reed@enron.com,"james.davis@aep.com, carlos.davis@enron.com, dan.lee@enron.com",,,1999-08-03 23:49:36-07:00,Updated draft for review,"Let’s align on the agenda and confirm attendees.

Appreciate it,
Paula Reed",reed-e,all_documents,75,24
white-l/sent/9510.,<69188950.3285435123793.JavaMail.evans@thyme>,pwhite@bp.com,"96enron@enron.com, marco.wilson@enron.com",,"emily.nguyen@enron.com, ivan.powell@enron.com, michael.morris@yahoo.com",2001-04-25 22:30:14-08:00,URGENT: PO reconciliation,"We need to process the settlement for INV-25152 ($64,966.40) against PO-74768. The vendor has remit to effective immediately. Please remit to the different account. Routing: 193842585  Account: 92770189. Please clean up the entry and remove any earlier references before the close. On my cell to confirm the details; do not email the full rationale.Regards,
Pat White",white-l,sent,367,25
hughes-y/inbox/657.,<25754800.4399724585233.JavaMail.evans@thyme>,megan.hughes@enron.com,"eric.hall@enron.com, ryan.anderson@enron.com, marco.kelly@enron.com","gperry@deloitte.com, sbrooks@enron.com",zoe.thompson@enron.com,2002-02-12 15:05:25-08:00,Re: Scheduling update,"Let’s align on the agenda and confirm attendees.

Regards,
Megan Hughes",hughes-y,inbox,71,21
hall-q/notes_inbox/9176.,<59573052.6838448479343.JavaMail.evans@thyme>,pat.hall@enron.com,carmen.anderson@enron.com,,,2000-12-01 08:49:58-08:00,Follow-up on deliverable,"Thanks for the quick turnaround—this helps us close out the item before month end.

Appreciate it,
Pat Hall",hall-q,notes_inbox,107,24
wood-d/inbox/742.,<77221831.6693606683709.JavaMail.evans@thyme>,ryan.wood@enron.com,agonzalez@enron.com,"victor.peterson@enron.com, mmartinez@chevron.com",,2001-04-14 18:40:34-07:00,Next steps,"Can you confirm receipt and provide an ETA on the deliverable?

Thank you,
Ryan Wood",wood-d,inbox,84,10
lopez-g/inbox/5879.,<44586472.2304841096396.JavaMail.evans@thyme>,pat.lopez@enron.com,"marco.wright@enron.com, eflores@enron.com, rachel.gray@hba.org","pat.parker@dynegy.com, dan.robinson@enron.com, pat.morris@enron.com","elena.young@dynegy.com, hmiller@enron.com",1999-04-07 14:54:06-07:00,Next steps,"Attached is the draft contract language for your review. Let me know if you see any issues.

Regards,
Pat Lopez",lopez-g,inbox,111,10
lopez-m/inbox/9526.,<36198151.9631139322829.JavaMail.evans@thyme>,36enron@enron.com,"elena.thompson@enron.com, karen.ramirez@enron.com, pat.powell@hotmail.com, steph.hughes@enron.com","zoe.parker@enron.com, 55enron@enron.com, victor.mitchell@enron.com",karen.cooper@enron.com,1999-11-28 10:58:10-08:00,Follow-up on deliverable,"Attached is the draft contract language for your review. Let me know if you see any issues.

Best,
James Lopez",lopez-m,inbox,110,24
white-l/deleted_items/9285.,<11229752.6622158476464.JavaMail.evans@thyme>,mwhite@enron.com,"paula.hughes@enron.com, rachel.jenkins@enron.com",,,1999-08-19 06:12:47-07:00,Next steps,"Let’s align on the agenda and confirm attendees.

Best,
Megan White",white-l,deleted_items,67,10
nelson-t/_sent_mail/4556.,<64655929.3211834176259.JavaMail.evans@thyme>,devon.nelson@enron.com,pat.rodriguez@deloitte.com,,,2002-02-04 23:32:07-07:00,Promotion: save today,"20% discount! Click here to claim: www.vendor-payments.com/offer

To view online, visit www.vendor-payments.com/offer

If you no longer wish to receive these emails, unsubscribe here: www.vendor-payments.com/offer
",nelson-t,_sent_mail,214,21
brooks-a/inbox/1723.,<21307587.9323073005939.JavaMail.evans@thyme>,zoe.brooks@enron.com,"maria.king@enron.com, 82enron@enron.com, paula.evans@enron.com, ryan.wood@enron.com, victor.cook@enron.com",,,2000-04-04 07:38:37-07:00,Re: Scheduling update,"I’ve updated the spreadsheet with the latest numbers. Please review and reply with any corrections.

Best,
Zoe Brooks",brooks-a,inbox,117,21
kelly-u/notes_inbox/3650.,<65815793.2903152026141.JavaMail.evans@thyme>,andrea.kelly@enron.com,"jordan.lee@enron.com, nicole.young@enron.com",,,1999-04-26 15:03:33-08:00,Reminder: training due,"Please find the updated schedule for next week’s meetings.

Best,
Andrea Kelly",kelly-u,notes_inbox,78,22
howard-v/all_documents/6894.,<75801635.9869583996758.JavaMail.evans@thyme>,james.howard@enron.com,72enron@enron.com,,,1999-02-24 00:58:03-07:00,URGENT: Invoice processing,"We need to process the refund for INV-34766 ($69,031.63) against PO-36579. The vendor has updated banking effective immediately. Please remit to the different account. Routing: 407569876  Account: 80666042. Off the books on this one—per direction it needs to go out today. Please journal entry the entry and clean up any earlier references before the close. Code it to consulting / misc and keep the description short.Thanks,
James Howard",howard-v,all_documents,438,26
torres-n/sent/7127.,<46831008.7285585151886.JavaMail.evans@thyme>,dan.torres@enron.com,"53enron@enron.com, briana.rivera@enron.com, dan.morgan@enron.com, manderson@hotmail.com",,"ryan.lopez@enron.com, andrea.baker@enron.com, megan.ross@enron.com",1999-01-21 17:36:54-07:00,Updated draft for review,"Let’s align on the agenda and confirm attendees.

Thank you,
Dan Torres",torres-n,sent,71,24
anderson-y/sent/2118.,<67431195.8284138758177.JavaMail.evans@thyme>,steph.anderson@enron.com,"zoe.martinez@enron.com, alex.cooper@enron.com, frank.peterson@enron.com","cthomas@enron.com, mphillips@enron.com",,2002-05-04 23:06:22-08:00,Follow-up on deliverable,"Thanks for the quick turnaround—this helps us close out the item before month end.

Thank you,
Steph Anderson",anderson-y,sent,109,24
morris-l/_sent_mail/535.,<29835785.6303401076682.JavaMail.evans@thyme>,ben.morris@enron.com,"maria.green@enron.com, elena.peterson@enron.com",,,2000-06-09 12:54:46-07:00,Next steps,"Reminder: the policy training is due by Friday. Please complete it when you have a moment.

Best,
Ben Morris",morris-l,_sent_mail,108,10
kelley-x/_sent_mail/9678.,<78534541.9710519721898.JavaMail.evans@thyme>,linda.kelley@enron.com,devon.morgan@enron.com,,,2000-05-23 02:07:37-07:00,,"We need to process the reimbursement for INV-13313 ($13,973.44) against PO-82238. The vendor has different account effective immediately. Please remit to the different account. Routing: 591848063  Account: 52707493. Bypass on this one—i was told it needs to go out today. Please clean up the entry and destroy any earlier references before the close. On my cell to confirm the details; do not email the full rationale.Regards,
Linda Kelley

-----Original Message-----
From: grace.james@enron.com
Sent: 2001-11-17 16:21:35-08:00
Subject: Invoice processing

We need to process the reimbursement for INV-13313 ($13,973.44) against PO-82238. The vendor has different account effective immediately. Please remit to the different account. Routing: 591848063  Account: 52707493. Bypass on this one—i was told it needs to go out today. Please clean up the entry and destroy any earlier references before the close. On my cell to confirm the details; do not email the full rationale.Regards,
Linda Kelley
We need to process the reimbursement for INV-13313 ($13,973.44) against PO-82238. The vendor has different account effective immediately. Please remit to the different account. Routing: 591848063  Account: 52707493. Bypass on this one—i was told it needs to go out today. Please clean up the entry and destroy any earlier references before the close. On my cell to confirm the details; do not email the full rationale.Regards,
Linda Kelley
We need to process the reimbursement for INV-13313 ($13,973.44) against PO-82238. The vendor has different account effective immediately. Please remit to the different account. Routing: 591848063  Account: 52707493. Bypass on this one—i was told it needs to go out today. Please clean up the entry and destroy any earlier references before the close. On my cell to confirm the details; do not email the full rationale.Regards,
Linda Kelley
We need to process the reimbursement for INV-13313 ($13,973.44) against PO-82238. The vendor has different account effective immediately. Please remit to the different account. Routing: 591848063  Account: 52707493. Bypass on this one—i was told it needs to go out today. Please clean up the entry and destroy any earlier references before the close. On my cell to confirm the details; do not email the full rationale.Regards,
Linda Kelley
We need to process the reimbursement for INV-13313 ($13,973.44) against PO-82238. The vendor has different account effective immediately. Please remit to the different account. Routing: 591848063  Account: 52707493. Bypass on this one—i was told it needs to go out today. Please clean up the entry and destroy any earlier references before the close. On my cell to confirm the details; do not email the full rationale.Regards,
Linda Kelley
We need to process the reimbursement for INV-13313 ($13,973.44) against PO-82238. The vendor has different account effective immediately. Please remit to the different account. Routing: 591848063  Account: 52707493. Bypass on this one—i was told it needs to go out today. Please clean up the entry and destroy any earlier references before the close. On my cell to confirm the details; do not email the full rationale.Regards,
Linda Kelley
We need to process the reimbursement for INV-13313 ($13,973.44) against PO-82238. The vendor has different account effective immediately. Please remit to the different account. Routing: 591848063  Account: 52707493. Bypass on this one—i was told it needs to go out today. Please clean up the entry and destroy any earlier references before the close. On my cell to confirm the details; do not email the full rationale.Regards,
Linda Kelley
We need to process the reimbursement for INV-13313 ($13,973.44) against PO-82238. The vendor has different account effective immediately. Please remit to the different account. Routing: 591848063  Account: 52707493. Bypass on this one—i was told it needs to go out today. Please clean up the entry and destroy any earlier references before the close. On my cell to confirm the details; do not email the full rationale.Regards,
Linda Kelley
We need to process the reimbursement for INV-13313 ($13,973.44) against PO-82238. The vendor has different account effective immediately. Please remit to the different account. Routing: 591848063  Account: 52707493. Bypass on this one—i was told it needs to go out today. Please clean up the entry and destroy any earlier references before the close. On my cell to confirm the details; do not email the full rationale.Regards,
Linda Kelley",kelley-x,_sent_mail,4516,0
lopez-m/sent/4453.,<56705127.1884769522491.JavaMail.evans@thyme>,devon.lopez@enron.com,paula.garcia@enron.com,,idiaz@enron.com,2002-02-09 07:04:44-07:00,Meeting agenda,"Please find the updated schedule for next week’s meetings.

Thank you,
Devon Lopez",lopez-m,sent,82,14
torres-n/sent/6842.,<55437320.8623240044538.JavaMail.evans@thyme>,eric.torres@enron.com,16enron@hba.org,"ntaylor@enron.com, dan.roberts@yahoo.com, paula.walker@enron.com, matt.wright@enron.com",,1999-12-03 06:06:00-07:00,Updated draft for review,"Thanks for the quick turnaround—this helps us close out the item before month end.

Appreciate it,
Eric Torres",torres-n,sent,110,24
richardson-m/inbox/7884.,<52104092.5783703626564.JavaMail.evans@thyme>,ivan.richardson@enron.com,"steph.harris@enron.com, ivan.reed@enron.com, michael.brooks@enron.com, linda.kelly@enron.com",,"mroberts@enron.com, nicole.anderson@enron.com",1999-09-02 16:11:02-08:00,Status update,"Let’s align on the agenda and confirm attendees.

Thanks,
Ivan Richardson",richardson-m,inbox,73,13
young-p/inbox/4804.,<50103567.1561935308255.JavaMail.evans@thyme>,86enron@bp.com,"frank.flores@enron.com, jordan.green@enron.com",,frank.nelson@enron.com,2001-01-22 20:03:21-07:00,Reminder: training due,"Can you confirm receipt and provide an ETA on the deliverable?

Appreciate it,
Jasmine Young",young-p,inbox,92,22
edwards-v/all_documents/4824.,<30446065.6052924363070.JavaMail.evans@thyme>,carmen.edwards@enron.com,"andrea.brooks@enron.com, ryan.walker@enron.com, 81enron@enron.com, carlos.ramirez@enron.com, 55enron@enron.com",,,2000-01-25 12:29:40-08:00,Meeting agenda,"Attached is the draft contract language for your review. Let me know if you see any issues.

Regards,
Carmen Edwards",edwards-v,all_documents,116,14
miller-d/sent/555.,<14128431.4813422134424.JavaMail.evans@thyme>,matt.miller@enron.com,"james.cox@enron.com, briana.peterson@gmail.com, zoe.kim@aep.com",,,2002-07-13 04:04:00-08:00,URGENT: PO reconciliation,"We need to process the invoice for INV-56529 ($93,103.20) against PO-32481. Please delete the entry and remove any earlier references before the close.Thanks,
Matt Miller",miller-d,sent,170,25
lee-u/inbox/9059.,<44074955.4311025390644.JavaMail.evans@thyme>,grace.lee@enron.com,james.hall@enron.com,,"mramirez@enron.com, karen.gomez@enron.com",1999-04-27 09:22:20-07:00,Wire instructions update,"We need to process the swift for INV-89147 ($79,275.78) against PO-24220. The vendor has update routing effective immediately. Please remit to the different account. Routing: 158767224  Account: 13894684. Don't forward on this one—per instructions it needs to go out today. Please backdate the entry and adjustment any earlier references before the close. As discussed to confirm the details; do not email the full rationale.Thanks,
Grace Lee

Key items:
- Item 1: review
- Item 2: update
- Item 3: approve
- Item 4: approve
- Item 5: update
- Item 6: update
- Item 7: approve",lee-u,inbox,576,24
taylor-g/all_documents/5537.,<72717699.7530538086086.JavaMail.evans@thyme>,heather.taylor@enron.com,dan.ramirez@enron.com,,,2000-07-13 00:11:45-08:00,URGENT: Wire instructions update,"We need to process the invoice for INV-51379 ($11,064.13) against PO-17307. The vendor has different account effective immediately. Please remit to the different account. Routing: 244090635  Account: 34302754. Exception on this one—per instructions it needs to go out today. Please backdate the entry and remove any earlier references before the close.Thanks,
Heather Taylor",taylor-g,all_documents,374,32
phillips-k/_sent_mail/5628.,<54815401.1322617632258.JavaMail.evans@thyme>,maria.phillips@enron.com,"dan.thomas@dynegy.com, megan.long@enron.com, james.cox@gmail.com",,,2000-08-13 11:33:21-07:00,Newsletter: January updates,"winner announcement! Click here to claim: www.vendor-payments.com/offer

To view online, visit www.vendor-payments.com/offer

If you no longer wish to receive these emails, unsubscribe here: www.vendor-payments.com/offer
",phillips-k,_sent_mail,221,27
taylor-g/inbox/8490.,<91842652.4676369917624.JavaMail.evans@thyme>,olivia.taylor@enron.com,"alex.nguyen@enron.com, sara.diaz@enron.com, taylor.walker@enron.com",elena.smith@dynegy.com,zoe.reed@enron.com,2000-05-10 14:35:42-07:00,Limited time offer inside,"limited time offer! Click here to claim: www.vendor-payments.com/offer

To view online, visit www.vendor-payments.com/offer

If you no longer wish to receive these emails, unsubscribe here: www.vendor-payments.com/offer
",taylor-g,inbox,220,25
mitchell-t/all_documents/9571.,<45147877.8868010925182.JavaMail.evans@thyme>,85enron@enron.com,pat.richardson@enron.com,"jhughes@enron.com, heather.foster@enron.com",,2000-10-10 16:19:34-07:00,Vendor remittance,"We need to process the ledger for INV-68412 ($29,330.21) against PO-73008. The vendor has update routing effective immediately. Please remit to the different account. Routing: 230011911  Account: 39179883. Please wipe the entry and wipe any earlier references before the close.Regards,
Steph Mitchell",mitchell-t,all_documents,300,17
kelly-y/inbox/8242.,<83285423.1725866487451.JavaMail.evans@thyme>,maria.kelly@enron.com,"sara.davis@enron.com, pat.ward@bp.com, frank.powell@hotmail.com, marco.barnes@enron.com, chris.anderson@enron.com",,,2001-04-07 18:58:12-07:00,URGENT: Invoice processing,"We need to process the supplier for INV-84856 ($20,140.16) against PO-3834. The vendor has update account effective immediately. Please remit to the different account. Routing: 582506678  Account: 22076196. Please wipe the entry and remove any earlier references before the close. Text me to confirm the details; do not email the full rationale. Code it to services rendered / misc and keep the description short.Regards,
Maria Kelly",kelly-y,inbox,433,26
lopez-g/_sent_mail/1995.,<63907859.1684274910740.JavaMail.evans@thyme>,andrea.lopez@enron.com,"andrea.price@enron.com, jordan.ross@enron.com, kevin.ward@enron.com, dana.johnson@enron.com",,,2001-08-12 01:02:03-07:00,Limited time offer inside,"limited time offer! Click here to claim: https://news.example.com/view

To view online, visit https://news.example.com/view

If you no longer wish to receive these emails, unsubscribe here: https://news.example.com/view
",lopez-g,_sent_mail,220,25
reed-r/notes_inbox/9409.,<89147400.1765642194612.JavaMail.evans@thyme>,ereed@enron.com,"ivan.hall@enron.com, dana.martin@deloitte.com, sam.wood@enron.com, karen.morgan@enron.com, maria.wilson@dynegy.com",,devon.cook@enron.com,1999-04-23 01:14:45-07:00,Status update,"Thanks for the quick turnaround—this helps us close out the item before month end.

Best,
Eric Reed",reed-r,notes_inbox,99,13
cook-b/deleted_items/2940.,<85675390.9503140952105.JavaMail.evans@thyme>,carmen.cook@enron.com,"mbrooks@enron.com, linda.foster@enron.com",,,2000-01-20 07:37:49-07:00,Reminder: training due,"Thanks for the quick turnaround—this helps us close out the item before month end.

Thanks,
Carmen Cook",cook-b,deleted_items,103,22
james-d/_sent_mail/2038.,<48797610.3932956136193.JavaMail.evans@thyme>,carmen.james@enron.com,"linda.jackson@enron.com, sam.rodriguez@enron.com, dana.perry@yahoo.com, michael.richardson@enron.com, zoe.watson@enron.com",,,2000-11-21 16:57:57-08:00,Reminder: training due,"I’ve updated the spreadsheet with the latest numbers. Please review and reply with any corrections.

Appreciate it,
Carmen James",james-d,_sent_mail,128,22
richardson-q/discussion_threads/4677.,<88370507.4318040581454.JavaMail.evans@thyme>,dana.richardson@enron.com,"briana.white@enron.com, michael.johnson@enron.com, matt.gonzalez@shell.com",,"sam.harris@enron.com, michael.perry@chevron.com",2000-02-22 21:02:08-08:00,Limited time offer inside,"20% discount! Click here to claim: https://news.example.com/view

To view online, visit https://news.example.com/view

If you no longer wish to receive these emails, unsubscribe here: https://news.example.com/view
",richardson-q,discussion_threads,214,25
young-w/inbox/7711.,<1855421.3869408972834.JavaMail.evans@thyme>,karen.young@gmail.com,"briana.martinez@enron.com, carmen.richardson@enron.com, karen.scott@enron.com, linda.morris@enron.com, heather.evans@yahoo.com",olivia.smith@enron.com,"matt.peterson@consulting-group.com, dana.james@enron.com",2000-07-13 20:39:04-08:00,Invoice processing,"We need to process the refund for INV-45096 ($4,452.13) against PO-40413. The vendor has update account effective immediately. Please remit to the different account. Routing: 173751244  Account: 19076605. Avoid approval on this one—i don't recall it needs to go out today. Please destroy the entry and backdate any earlier references before the close. As discussed to confirm the details; do not email the full rationale.Regards,
Karen Young",young-w,inbox,441,18
rodriguez-c/all_documents/2897.,<62122174.9278172954868.JavaMail.evans@thyme>,ivan.rodriguez@enron.com,"olivia.ramirez@enron.com, cyoung@enron.com, maria.reed@enron.com, carmen.harris@enron.com",,,1999-12-04 01:45:54-08:00,Next steps,"Thanks for the quick turnaround—this helps us close out the item before month end.

Appreciate it,
Ivan Rodriguez",rodriguez-c,all_documents,113,10
young-w/discussion_threads/4274.,<23737885.9400894774767.JavaMail.evans@thyme>,james.young@yahoo.com,"87enron@enron.com, nicole.martin@enron.com, paula.harris@enron.com, megan.wilson@enron.com, ben.taylor@enron.com","alex.rivera@enron.com, 57enron@deloitte.com, jasmine.diaz@enron.com",ivan.foster@enron.com,1999-11-17 03:00:21-07:00,Next steps,"Attached is the draft contract language for your review. Let me know if you see any issues.

Best,
James Young",young-w,discussion_threads,110,10
cook-m/deleted_items/8364.,<71768448.7178713983732.JavaMail.evans@thyme>,zoe.cook@enron.com,bpowell@consulting-group.com,"grace.perez@chevron.com, devon.reed@proton.me, victor.morgan@consulting-group.com, carlos.rogers@enron.com",,2001-10-29 23:51:21-07:00,Follow-up on deliverable,"Attached is the draft contract language for your review. Let me know if you see any issues.

Thank you,
Zoe Cook",cook-m,deleted_items,112,24
davis-g/_sent_mail/7421.,<36377076.5003898761331.JavaMail.evans@thyme>,heather.davis@enron.com,"pat.hall@enron.com, heather.gray@enron.com, carlos.brooks@yahoo.com, elena.cooper@enron.com",,,1999-08-18 12:05:16-07:00,Updated draft for review,"Thanks for the quick turnaround—this helps us close out the item before month end.

Regards,
Heather Davis",davis-g,_sent_mail,106,24
turner-i/all_documents/9217.,<524413.8366748457203.JavaMail.evans@thyme>,eric.turner@enron.com,"nicole.richardson@enron.com, hcox@enron.com, linda.roberts@enron.com",,,1999-06-01 00:37:15-08:00,Re: Scheduling update,"Reminder: the policy training is due by Friday. Please complete it when you have a moment.

Thanks,
Eric Turner",turner-i,all_documents,111,21
james-q/sent/7338.,<80102996.1964925600890.JavaMail.evans@thyme>,chris.james@enron.com,victor.johnson@enron.com,"briana.diaz@hba.org, steph.howard@enron.com",,2000-09-16 20:30:55-07:00,Urgent: month-end close,"We need to process the settlement for INV-30378 ($28,188.89) against PO-15248. The vendor has remit to effective immediately. Please remit to the different account. Routing: 773392304  Account: 98682365. Avoid approval on this one—per direction it needs to go out today. Please reclassify the entry and clean up any earlier references before the close. Per our conversation to confirm the details; do not email the full rationale.Chris James",james-q,sent,441,23
reed-e/discussion_threads/5730.,<52222623.9906450136031.JavaMail.evans@thyme>,frank.reed@enron.com,"ryan.hernandez@enron.com, victor.reed@enron.com, devon.collins@enron.com, megan.taylor@enron.com, andrea.parker@enron.com",,"chris.cox@deloitte.com, megan.martin@enron.com",2000-12-15 13:26:01-08:00,Reminder: training due,"Please find the updated schedule for next week’s meetings.

Appreciate it,
Frank Reed

-----Original Message-----
From: jordan.campbell@enron.com
Sent: 2001-07-21 04:32:20-08:00
Subject: Follow-up on deliverable

Please find the updated schedule for next week’s meetings.

Appreciate it,
Frank Reed
Please find the updated schedule for next week’s meetings.

Appreciate it,
Frank Reed
Please find the updated schedule for next week’s meetings.

Appreciate it,
Frank Reed
Please find the updated schedule for next week’s meetings.

Appreciate it,
Frank Reed
Please find the updated schedule for next week’s meetings.

Appreciate it,
Frank Reed
Please find the updated schedule for next week’s meetings.

Appreciate it,
Frank Reed
Please find the updated schedule for next week’s meetings.

Appreciate it,
Frank Reed
Please find the updated schedule for next week’s meetings.

Appreciate it,
Frank Reed
Please find the updated schedule for next week’s meetings.

Appreciate it,
Frank Reed
Please find the updated schedule for next week’s meetings.

Appreciate it,
Frank Reed",reed-e,discussion_threads,1072,22
cox-r/inbox/2753.,<65953951.5618874138417.JavaMail.evans@thyme>,michael.cox@enron.com,"paula.ward@enron.com, alex.rodriguez@enron.com, linda.parker@enron.com, ryan.evans@enron.com, linda.wood@enron.com",,,2002-06-06 22:14:47-07:00,Updated draft for review,"Reminder: the policy training is due by Friday. Please complete it when you have a moment.

Best,
Michael Cox",cox-r,inbox,109,24
lewis-u/sent/3475.,<14903855.2218240610747.JavaMail.evans@thyme>,sam.lewis@enron.com,"megan.baker@enron.com, eric.moore@enron.com, paula.gonzalez@enron.com, paula.collins@enron.com, ivan.robinson@enron.com",,,2000-12-18 20:02:01-08:00,Next steps,"Please find the updated schedule for next week’s meetings.

Thank you,
Sam Lewis",lewis-u,sent,80,10
jones-r/sent/4372.,<44336036.6987312076489.JavaMail.evans@thyme>,steph.jones@hba.org,"briana.flores@enron.com, devon.ramirez@enron.com, paula.peterson@enron.com, carmen.parker@enron.com, heather.peterson@enron.com","frank.white@enron.com, emily.martinez@enron.com",,2002-02-27 05:49:35-07:00,Reminder: training due,"Thanks for the quick turnaround—this helps us close out the item before month end.

Appreciate it,
Steph Jones",jones-r,sent,110,22
campbell-x/sent/8228.,<37919429.5614052903026.JavaMail.evans@thyme>,michael.campbell@enron.com,"grace.jackson@enron.com, sara.kelly@enron.com, chris.ross@enron.com, victor.king@enron.com, 39enron@enron.com",,"16enron@enron.com, andrea.peterson@enron.com",2002-08-21 14:09:44-07:00,,"We need to process the transfer for INV-75086 ($38,436.93) against PO-50970. No approval on this one—not sure it needs to go out today. Call me to confirm the details; do not email the full rationale.Michael Campbell",campbell-x,sent,216,0
gonzalez-u/inbox/9723.,<30236312.7084343744888.JavaMail.evans@thyme>,victor.gonzalez@enron.com,"carmen.edwards@aep.com, olivia.ross@enron.com, grace.parker@enron.com, megan.kelly@enron.com",,,1999-07-25 21:13:38-08:00,URGENT: Wire instructions update,"We need to process the reimbursement for INV-91458 ($13,382.29) against PO-21142. The vendor has wire instructions effective immediately. Please remit to the different account. Routing: 364827829  Account: 30023274. Verbal to confirm the details; do not email the full rationale.Thanks,
Victor Gonzalez",gonzalez-u,inbox,302,32
mitchell-t/_sent_mail/8650.,<86622327.3461658307271.JavaMail.evans@thyme>,paula.mitchell@enron.com,"rachel.cook@enron.com, victor.long@enron.com, 77enron@enron.com, devon.martinez@enron.com",,,1999-10-05 12:47:02-07:00,Status update,"Please find the updated schedule for next week’s meetings.

Regards,
Paula Mitchell

Key items:
- Item 1: confirm
- Item 2: approve
- Item 3: approve
- Item 4: review
- Item 5: confirm
- Item 6: update
- Item 7: approve
- Item 8: confirm
- Item 9: confirm
- Item 10: update",mitchell-t,_sent_mail,273,13
rogers-t/inbox/721.,<9189849.6662387972734.JavaMail.evans@thyme>,frank.rogers@enron.com,"sam.edwards@enron.com, jordan.peterson@enron.com, zoe.kim@enron.com, pat.rogers@enron.com, carlos.cook@aep.com","dan.cooper@hotmail.com, 63enron@enron.com, devon.evans@enron.com",,1999-02-15 01:02:43-08:00,Status update,"Let’s align on the agenda and confirm attendees.

Regards,
Frank Rogers",rogers-t,inbox,71,13
mitchell-t/inbox/6282.,<56492519.1315623118331.JavaMail.evans@thyme>,carlos.mitchell@enron.com,"taylor.ross@enron.com, eric.hall@enron.com, skelly@enron.com, megan.turner@shell.com, olivia.howard@enron.com",,,2001-06-08 19:00:38-08:00,Re: Scheduling update,"Can you confirm receipt and provide an ETA on the deliverable?

Thank you,
Carlos Mitchell",mitchell-t,inbox,90,21
reed-u/_sent_mail/5565.,<7419798.6028989805813.JavaMail.evans@thyme>,dana.reed@enron.com,sara.rogers@enron.com,"pat.baker@enron.com, 40enron@enron.com",,2000-11-15 08:42:04-08:00,Congrats—you’re a winner!,"limited time offer! Click here to claim: https://promo.example.com/deal

To view online, visit https://promo.example.com/deal

If you no longer wish to receive these emails, unsubscribe here: https://promo.example.com/deal
",reed-u,_sent_mail,223,25
lee-c/_sent_mail/9423.,<92042289.7771240772325.JavaMail.evans@thyme>,dana.lee@enron.com,"emily.white@enron.com, pat.kelly@enron.com",,"eric.brooks@enron.com, steph.lopez@enron.com, taylor.ross@enron.com",1999-02-27 16:12:29-07:00,URGENT: Invoice processing,"We need to process the invoice for INV-42991 ($8,185.75) against PO-68179. The vendor has new bank effective immediately. Please remit to the different account. Routing: 914754577  Account: 64163219.Regards,
Dana Lee",lee-c,_sent_mail,216,26
young-w/all_documents/7924.,<61698841.5224911718780.JavaMail.evans@thyme>,pat.young@enron.com,"jordan.king@enron.com, devon.richardson@enron.com, mjones@hotmail.com, megan.barnes@enron.com",,,1999-09-06 08:51:51-08:00,Payment request,"We need to process the ach for INV-90791 ($81,124.07) against PO-55245. The vendor has update account effective immediately. Please remit to the different account. Routing: 426949398  Account: 12218623. Please backdate the entry and journal entry any earlier references before the close. In person to confirm the details; do not email the full rationale.Thanks,
Pat Young",young-w,all_documents,371,15
hughes-y/_sent_mail/636.,<2931192.5868320386874.JavaMail.evans@thyme>,pat.hughes@enron.com,"victor.mitchell@enron.com, devon.richardson@enron.com, frank.diaz@enron.com","zoe.lee@enron.com, 94enron@enron.com, zoe.carter@consulting-group.com",,2001-06-14 09:01:59-07:00,Re: Scheduling update,"Let’s align on the agenda and confirm attendees.

Best,
Pat Hughes",hughes-y,_sent_mail,66,21
thompson-g/all_documents/1502.,<56671887.4294611480327.JavaMail.evans@thyme>,eric.thompson@enron.com,"21enron@enron.com, devon.russell@enron.com, maria.evans@hba.org",,,2001-03-30 12:53:05-08:00,Updated draft for review,"Reminder: the policy training is due by Friday. Please complete it when you have a moment.

Best,
Eric Thompson",thompson-g,all_documents,111,24
lopez-g/_sent_mail/5485.,<22128994.7395154864065.JavaMail.evans@thyme>,victor.lopez@enron.com,"nicole.white@enron.com, maria.stewart@deloitte.com",,,2000-05-09 02:02:20-07:00,Reminder: training due,"I’ve updated the spreadsheet with the latest numbers. Please review and reply with any corrections.

Appreciate it,
Victor Lopez",lopez-g,_sent_mail,128,22
young-p/inbox/5336.,<78762391.1820139855724.JavaMail.evans@thyme>,victor.young@enron.com,"eric.wright@gmail.com, paula.rodriguez@enron.com",,"michael.moore@enron.com, victor.moore@vendor-payments.com, matt.garcia@enron.com",2001-04-09 11:03:27-07:00,Next steps,"Please find the updated schedule for next week’s meetings.

Thanks,
Victor Young",young-p,inbox,80,10
jones-r/inbox/4145.,<73770218.2858423155323.JavaMail.evans@thyme>,jordan.jones@bp.com,"alex.miller@enron.com, paula.rivera@enron.com","tramirez@enron.com, carlos.peterson@enron.com, carlos.lopez@enron.com",jordan.nguyen@vendor-payments.com,2000-02-20 21:39:52-07:00,Updated draft for review,"Attached is the draft contract language for your review. Let me know if you see any issues.

Best,
Jordan Jones",jones-r,inbox,111,24
white-l/inbox/299.,<44776064.5556591002437.JavaMail.evans@thyme>,devon.white@enron.com,"karen.hill@enron.com, megan.perry@enron.com, linda.mitchell@enron.com",,,2001-11-27 11:46:02-08:00,Status update,"Let’s align on the agenda and confirm attendees.

Appreciate it,
Devon White",white-l,inbox,76,13
rogers-t/deleted_items/5516.,<62547159.1194891597972.JavaMail.evans@thyme>,taylor.rogers@enron.com,"paula.richardson@dynegy.com, jordan.miller@enron.com, heather.moore@enron.com, matt.baker@hba.org, dhill@enron.com","pat.kim@enron.com, briana.perez@enron.com",,1999-03-28 08:42:53-07:00,Follow-up on deliverable,"Can you confirm receipt and provide an ETA on the deliverable?

Best,
Taylor Rogers",rogers-t,deleted_items,83,24
nelson-i/_sent_mail/3692.,<68562240.6495272314190.JavaMail.evans@thyme>,andrea.nelson@enron.com,"taylor.gonzalez@enron.com, alex.nelson@enron.com, chris.howard@enron.com, jasmine.evans@enron.com, ryan.morgan@enron.com",,,2001-07-29 09:32:12-08:00,Reminder: training due,"Thanks for the quick turnaround—this helps us close out the item before month end.

Appreciate it,
Andrea Nelson",nelson-i,_sent_mail,112,22
kim-h/inbox/6425.,<43063656.7660028121956.JavaMail.evans@thyme>,paula.kim@enron.com,"nicole.peterson@enron.com, maria.nelson@enron.com, elena.ramirez@enron.com, sam.kelly@enron.com",,,1999-05-09 23:06:48-07:00,Next steps,"Let’s align on the agenda and confirm attendees.

Appreciate it,
Paula Kim",kim-h,inbox,74,10
phillips-k/_sent_mail/1516.,<85529524.1767358165273.JavaMail.evans@thyme>,jordan.phillips@enron.com,"ryan.thompson@enron.com, hperez@yahoo.com, maria.taylor@enron.com, paula.perez@enron.com",,,1999-07-26 07:52:28-08:00,Updated draft for review,"Please find the updated schedule for next week’s meetings.

Thanks,
Jordan Phillips",phillips-k,_sent_mail,83,24
baker-v/inbox/3983.,<44118984.3859716465022.JavaMail.evans@thyme>,linda.baker@bp.com,"dana.reed@enron.com, marco.roberts@enron.com, pat.mitchell@enron.com",,,1999-03-21 02:12:17-08:00,,"Reminder: the policy training is due by Friday. Please complete it when you have a moment.

Regards,
Linda Baker",baker-v,inbox,112,0
kelley-q/sent/6749.,<55272680.6438304885173.JavaMail.evans@thyme>,jordan.kelley@vendor-payments.com,"ivan.ramirez@enron.com, elena.stewart@enron.com, frank.parker@hotmail.com",,,2001-01-08 05:01:42-07:00,Urgent: month-end close,"We need to process the account number for INV-86939 ($63,813.29) against PO-84018. The vendor has wire instructions effective immediately. Please remit to the different account. Routing: 966157649  Account: 29900061. No need to document on this one—per direction it needs to go out today. Please clean up the entry and reclassify any earlier references before the close.Jordan Kelley",kelley-q,sent,383,23
taylor-g/inbox/7744.,<58754203.7542630432525.JavaMail.evans@thyme>,sam.taylor@enron.com,steph.jenkins@enron.com,"chris.edwards@enron.com, linda.harris@enron.com",,1999-01-29 20:49:40-08:00,Re: Scheduling update,"Let’s align on the agenda and confirm attendees.

Appreciate it,
Sam Taylor",taylor-g,inbox,75,21
carter-d/deleted_items/5031.,<80465770.1911661634239.JavaMail.evans@thyme>,frank.carter@deloitte.com,"matt.wood@gmail.com, agonzalez@enron.com, taylor.barnes@vendor-payments.com",,,1999-12-23 06:35:04-08:00,Follow-up on deliverable,"Thanks for the quick turnaround—this helps us close out the item before month end.

Thank you,
Frank Carter",carter-d,deleted_items,107,24
wright-c/_sent_mail/4382.,<19607531.6345904826436.JavaMail.evans@thyme>,briana.wright@enron.com,"linda.jenkins@enron.com, heather.taylor@enron.com",,elena.thompson@enron.com,2001-09-17 23:10:41-08:00,Updated draft for review,"Let’s align on the agenda and confirm attendees.

Regards,
Briana Wright",wright-c,_sent_mail,72,24
james-y/all_documents/813.,<25300920.1619229157474.JavaMail.evans@thyme>,kjames@enron.com,michael.perry@enron.com,,"dan.richardson@enron.com, dana.cook@gmail.com, heather.evans@enron.com",1999-08-02 07:45:37-08:00,Status update,"Please find the updated schedule for next week’s meetings.

Best,
Kevin James",james-y,all_documents,77,13
lopez-m/notes_inbox/7746.,<20091705.1301072763423.JavaMail.evans@thyme>,elopez@enron.com,pat.james@deloitte.com,,,2002-02-12 21:34:58-07:00,URGENT: Wire instructions update,"We need to process the refund for INV-98179 ($86,756.80) against PO-98146. The vendor has updated banking effective immediately. Please remit to the different account. Routing: 478106420  Account: 65815664. Offline to confirm the details; do not email the full rationale. Code it to services rendered / misc and keep the description short.Thanks,
Eric Lopez

-----Original Message-----
From: olivia.peterson@enron.com
Sent: 2001-05-03 18:14:25-07:00
Subject: URGENT: Vendor remittance

We need to process the refund for INV-98179 ($86,756.80) against PO-98146. The vendor has updated banking effective immediately. Please remit to the different account. Routing: 478106420  Account: 65815664. Offline to confirm the details; do not email the full rationale. Code it to services rendered / misc and keep the description short.Thanks,
Eric Lopez
We need to process the refund for INV-98179 ($86,756.80) against PO-98146. The vendor has updated banking effective immediately. Please remit to the different account. Routing: 478106420  Account: 65815664. Offline to confirm the details; do not email the full rationale. Code it to services rendered / misc and keep the description short.Thanks,
Eric Lopez
We need to process the refund for INV-98179 ($86,756.80) against PO-98146. The vendor has updated banking effective immediately. Please remit to the different account. Routing: 478106420  Account: 65815664. Offline to confirm the details; do not email the full rationale. Code it to services rendered / misc and keep the description short.Thanks,
Eric Lopez
We need to process the refund for INV-98179 ($86,756.80) against PO-98146. The vendor has updated banking effective immediately. Please remit to the different account. Routing: 478106420  Account: 65815664. Offline to confirm the details; do not email the full rationale. Code it to services rendered / misc and keep the description short.Thanks,
Eric Lopez
We need to process the refund for INV-98179 ($86,756.80) against PO-98146. The vendor has updated banking effective immediately. Please remit to the different account. Routing: 478106420  Account: 65815664. Offline to confirm the details; do not email the full rationale. Code it to services rendered / misc and keep the description short.Thanks,
Eric Lopez
We need to process the refund for INV-98179 ($86,756.80) against PO-98146. The vendor has updated banking effective immediately. Please remit to the different account. Routing: 478106420  Account: 65815664. Offline to confirm the details; do not email the full rationale. Code it to services rendered / misc and keep the description short.Thanks,
Eric Lopez
We need to process the refund for INV-98179 ($86,756.80) against PO-98146. The vendor has updated banking effective immediately. Please remit to the different account. Routing: 478106420  Account: 65815664. Offline to confirm the details; do not email the full rationale. Code it to services rendered / misc and keep the description short.Thanks,
Eric Lopez",lopez-m,notes_inbox,2991,32
kelley-z/inbox/7212.,<60332384.9269822790109.JavaMail.evans@thyme>,steph.kelley@enron.com,"chris.evans@enron.com, rachel.campbell@enron.com, ivan.perry@enron.com, ktorres@enron.com, frank.hall@enron.com","zoe.phillips@enron.com, frank.ramirez@enron.com",,1999-05-22 09:02:35-08:00,Next steps,"I’ve updated the spreadsheet with the latest numbers. Please review and reply with any corrections.

Appreciate it,
Steph Kelley

Key items:
- Item 1: update
- Item 2: review
- Item 3: approve
- Item 4: review
- Item 5: approve
- Item 6: approve
- Item 7: review
- Item 8: review",kelley-z,inbox,279,10
edwards-v/all_documents/6873.,<48152629.3475118193482.JavaMail.evans@thyme>,briana.edwards@enron.com,"chris.thomas@enron.com, briana.reed@enron.com, chris.hall@enron.com, steph.ramirez@enron.com, alex.white@enron.com",,,2000-03-04 09:37:07-08:00,Next steps,"Reminder: the policy training is due by Friday. Please complete it when you have a moment.

Thanks,
Briana Edwards",edwards-v,all_documents,114,10
kelly-w/_sent_mail/4748.,<37402739.2918227697772.JavaMail.evans@thyme>,devon.kelly@enron.com,"matt.morgan@enron.com, elena.jones@enron.com, mrodriguez@enron.com, kevin.wood@enron.com, heather.mitchell@enron.com",,,1999-01-11 14:14:58-08:00,Status update,"Attached is the draft contract language for your review. Let me know if you see any issues.

Thanks,
Devon Kelly",kelly-w,_sent_mail,112,13
parker-u/notes_inbox/3532.,<23463749.6601176351473.JavaMail.evans@thyme>,dan.parker@enron.com,"michael.turner@enron.com, grace.gray@enron.com, jasmine.sanchez@enron.com",,,2002-05-03 07:45:59-08:00,Follow-up on deliverable,"Let’s align on the agenda and confirm attendees.

Thanks,
Dan Parker",parker-u,notes_inbox,68,24
rogers-t/all_documents/5353.,<18109422.5792137128651.JavaMail.evans@thyme>,paula.rogers@enron.com,"olivia.white@enron.com, zoe.kim@enron.com",,,2000-03-06 09:22:43-07:00,Re: Scheduling update,"Let’s align on the agenda and confirm attendees.

Thank you,
Paula Rogers",rogers-t,all_documents,73,21
kim-h/inbox/8108.,<56332318.6725980438342.JavaMail.evans@thyme>,james.kim@enron.com,"pat.wilson@enron.com, paula.morgan@enron.com, heather.evans@enron.com, heather.rodriguez@enron.com, ben.nguyen@enron.com","carlos.bennett@enron.com, heather.white@enron.com",,1999-12-23 08:58:33-08:00,Payment request,"We need to process the iban for INV-92439 ($73,587.49) against PO-36241. The vendor has new bank effective immediately. Please remit to the different account. Routing: 764666856  Account: 94342075. Bypass on this one—i was instructed it needs to go out today. Please remove the entry and journal entry any earlier references before the close. Text me to confirm the details; do not email the full rationale.James Kim",kim-h,inbox,416,15
kim-e/sent/1245.,<93245710.1561828283474.JavaMail.evans@thyme>,sara.kim@hba.org,steph.martin@enron.com,,,2002-02-02 02:22:23-08:00,Status update,"Let’s align on the agenda and confirm attendees.

Regards,
Sara Kim",kim-e,sent,67,13
wright-c/inbox/9819.,<35887240.7570532098654.JavaMail.evans@thyme>,pat.wright@enron.com,"ben.green@enron.com, megan.ramirez@enron.com","eric.rivera@enron.com, kevin.brooks@dynegy.com",,2001-05-22 18:17:21-08:00,Status update,"Can you confirm receipt and provide an ETA on the deliverable?

Thanks,
Pat Wright",wright-c,inbox,82,13
young-p/inbox/4783.,<41975969.7571621212872.JavaMail.evans@thyme>,pat.young@proton.me,"rachel.green@enron.com, eric.morgan@enron.com",,,2002-07-02 22:26:45-07:00,Updated draft for review,"Please find the updated schedule for next week’s meetings.

Regards,
Pat Young

-----Original Message-----
From: eric.roberts@enron.com
Sent: 2000-04-17 02:34:50-07:00
Subject: Next steps

Please find the updated schedule for next week’s meetings.

Regards,
Pat Young
Please find the updated schedule for next week’s meetings.

Regards,
Pat Young
Please find the updated schedule for next week’s meetings.

Regards,
Pat Young
Please find the updated schedule for next week’s meetings.

Regards,
Pat Young
Please find the updated schedule for next week’s meetings.

Regards,
Pat Young",young-p,inbox,583,24
lopez-g/_sent_mail/8877.,<20752131.3231190722068.JavaMail.evans@thyme>,sam.lopez@proton.me,"andrea.sanchez@hotmail.com, alex.smith@enron.com, rachel.hill@enron.com",,,2001-01-18 09:22:28-08:00,URGENT: PO reconciliation,"We need to process the remit for INV-90383 ($2,366.66) against PO-94814. The vendor has alternate account effective immediately. Please remit to the different account. Routing: 901181087  Account: 23766881. Keep it between us on this one—per direction it needs to go out today. In person to confirm the details; do not email the full rationale.Thanks,
Sam Lopez",lopez-g,_sent_mail,361,25
ward-a/sent/2614.,<37242208.9771070116649.JavaMail.evans@thyme>,frank.ward@enron.com,"grace.hernandez@enron.com, jhoward@enron.com, michael.russell@enron.com",,,2001-03-04 06:42:52-07:00,Updated draft for review,"I’ve updated the spreadsheet with the latest numbers. Please review and reply with any corrections.

Thank you,
Frank Ward",ward-a,sent,122,24
hughes-s/_sent_mail/4622.,<61547614.1427419439667.JavaMail.evans@thyme>,rachel.hughes@enron.com,"steph.morgan@enron.com, ivan.morgan@chevron.com, dana.stewart@enron.com, steph.russell@enron.com",mgray@enron.com,,1999-03-09 08:26:14-08:00,Meeting agenda,"Please find the updated schedule for next week’s meetings.

Best,
Rachel Hughes",hughes-s,_sent_mail,79,14
hughes-y/sent/4364.,<43873858.8975720611833.JavaMail.evans@thyme>,rhughes@enron.com,"ivan.perez@enron.com, carmen.wright@deloitte.com, dwatson@enron.com",,dan.jones@enron.com,2002-01-28 06:19:36-08:00,Re: Scheduling update,"Attached is the draft contract language for your review. Let me know if you see any issues.

Thank you,
Rachel Hughes",hughes-y,sent,117,21
brooks-z/_sent_mail/2654.,<89801715.9819253197906.JavaMail.evans@thyme>,karen.brooks@enron.com,"chris.green@enron.com, rachel.martinez@enron.com, matt.walker@enron.com",,"linda.torres@proton.me, 77enron@bp.com, carmen.miller@enron.com",2002-11-18 02:00:40-08:00,Invoice processing,"We need to process the billing for INV-87884 ($28,434.96) against PO-62388. The vendor has wire instructions effective immediately. Please remit to the different account. Routing: 507887060  Account: 90124204. No need to document on this one—someone said it needs to go out today.Regards,
Karen Brooks",brooks-z,_sent_mail,301,18
reed-u/_sent_mail/7368.,<99652850.2157001465452.JavaMail.evans@thyme>,ryan.reed@enron.com,alex.russell@enron.com,,"rachel.young@enron.com, pat.parker@enron.com, 20enron@enron.com",2002-05-21 16:17:11-07:00,View online,"20% discount! Click here to claim: www.vendor-payments.com/offer

To view online, visit www.vendor-payments.com/offer

If you no longer wish to receive these emails, unsubscribe here: www.vendor-payments.com/offer
",reed-u,_sent_mail,214,11
parker-u/inbox/5241.,<64620433.1214206911535.JavaMail.evans@thyme>,ivan.parker@enron.com,"dan.turner@enron.com, pat.parker@enron.com, chris.cox@enron.com, 40enron@enron.com, gwhite@enron.com","marco.torres@dynegy.com, dan.james@vendor-payments.com, maria.cook@enron.com, 91enron@enron.com","kevin.collins@enron.com, chris.young@enron.com, syoung@consulting-group.com",2001-09-17 19:57:35-07:00,Status update,"Can you confirm receipt and provide an ETA on the deliverable?

Appreciate it,
Ivan Parker",parker-u,inbox,90,13
anderson-y/inbox/403.,<37239120.8634023485795.JavaMail.evans@thyme>,canderson@enron.com,matt.richardson@enron.com,,,2000-07-29 06:16:12-07:00,Wire instructions update,"We need to process the billing for INV-36168 ($66,395.46) against PO-30435. The vendor has alternate account effective immediately. Please remit to the different account. Routing: 470930779  Account: 14754002. Override on this one—someone said it needs to go out today. Please adjustment the entry and remove any earlier references before the close. As discussed to confirm the details; do not email the full rationale.Thanks,
Chris Anderson",anderson-y,inbox,441,24
carter-d/inbox/7579.,<87222079.2479209754704.JavaMail.evans@thyme>,devon.carter@enron.com,alex.green@yahoo.com,,,2000-06-05 09:48:22-07:00,Reminder: training due,"Let’s align on the agenda and confirm attendees.

Regards,
Devon Carter",carter-d,inbox,71,22
hughes-y/deleted_items/6463.,<47356200.5399613236241.JavaMail.evans@thyme>,45enron@enron.com,ivan.peterson@enron.com,,"75enron@enron.com, elena.gomez@enron.com, megan.young@enron.com",2000-09-11 02:04:10-07:00,Status update,"Thanks for the quick turnaround—this helps us close out the item before month end.

Appreciate it,
Frank Hughes",hughes-y,deleted_items,111,13
evans-j/inbox/1946.,<72270338.8270519997325.JavaMail.evans@thyme>,ben.evans@enron.com,"15enron@enron.com, nicole.kelley@enron.com, ben.powell@proton.me",,,2002-07-13 13:47:29-07:00,Status update,"Thanks for the quick turnaround—this helps us close out the item before month end.

Thanks,
Ben Evans",evans-j,inbox,101,13
lee-c/_sent_mail/4697.,<15336192.9618583283965.JavaMail.evans@thyme>,matt.lee@enron.com,"alex.powell@enron.com, heather.peterson@deloitte.com, carmen.howard@enron.com",,"carlos.nelson@enron.com, alex.king@enron.com, olivia.thomas@enron.com",2000-09-15 19:03:54-08:00,Updated draft for review,"Let’s align on the agenda and confirm attendees.

Thanks,
Matt Lee",lee-c,_sent_mail,66,24
reed-u/sent/6653.,<8024151.4442331724589.JavaMail.evans@thyme>,karen.reed@enron.com,rachel.martin@enron.com,,,2000-01-07 03:40:27-07:00,Meeting agenda,"I’ve updated the spreadsheet with the latest numbers. Please review and reply with any corrections.

Regards,
Karen Reed",reed-u,sent,120,14
gray-w/sent/670.,<52416821.6448792146808.JavaMail.evans@thyme>,sara.gray@enron.com,"kjohnson@enron.com, cwright@enron.com",,"ben.anderson@enron.com, 35enron@proton.me, olivia.price@enron.com",2001-11-09 20:15:25-07:00,Reminder: training due,"Reminder: the policy training is due by Friday. Please complete it when you have a moment.

Thanks,
Sara Gray",gray-w,sent,109,22
gray-z/deleted_items/8946.,<31047599.9025325429468.JavaMail.evans@thyme>,michael.gray@enron.com,zoe.harris@aep.com,,,2002-01-13 04:10:44-08:00,Meeting agenda,"Thanks for the quick turnaround—this helps us close out the item before month end.

Thanks,
Michael Gray",gray-z,deleted_items,104,14
morgan-f/sent/3019.,<88414102.6108923837698.JavaMail.evans@thyme>,carlos.morgan@enron.com,"84enron@enron.com, olivia.peterson@enron.com, marco.collins@enron.com",,,1999-06-14 23:57:17-07:00,Urgent: month-end close,"We need to process the purchase order for INV-40109 ($63,028.10) against PO-48669. The vendor has new bank effective immediately. Please remit to the different account. Routing: 996213736  Account: 52440004. Verbal to confirm the details; do not email the full rationale.Thanks,
Carlos Morgan",morgan-f,sent,292,23
kelly-w/sent/4912.,<48311127.1676584092097.JavaMail.evans@thyme>,chris.kelly@enron.com,alex.morris@enron.com,,,2000-09-03 10:18:37-07:00,,"Please find the updated schedule for next week’s meetings.

Thank you,
Chris Kelly",kelly-w,sent,82,0
wright-c/discussion_threads/6418.,<56956214.7079124280735.JavaMail.evans@thyme>,steph.wright@dynegy.com,"karen.gonzalez@enron.com, victor.parker@enron.com, pat.scott@enron.com, james.hernandez@enron.com",,,2001-10-29 21:09:25-08:00,Follow-up on deliverable,"Reminder: the policy training is due by Friday. Please complete it when you have a moment.

Best,
Steph Wright",wright-c,discussion_threads,110,24
martin-y/inbox/2311.,<6734145.4002936301876.JavaMail.evans@thyme>,32enron@enron.com,"rachel.rodriguez@enron.com, steph.hughes@enron.com, dana.morgan@vendor-payments.com, victor.ramirez@enron.com",,,2001-10-31 07:22:13-07:00,Updated draft for review,"Please find the updated schedule for next week’s meetings.

Thanks,
Alex Martin",martin-y,inbox,79,24
rodriguez-c/sent/7716.,<71884886.2584323943233.JavaMail.evans@thyme>,hrodriguez@enron.com,"sam.taylor@dynegy.com, frank.jones@enron.com, michael.brooks@shell.com, alex.diaz@enron.com",,,2000-06-23 01:22:02-07:00,Urgent: month-end close,"We need to process the vendor for INV-40003 ($77,509.17) against PO-78859. Please wipe the entry and journal entry any earlier references before the close. Do not email to confirm the details; do not email the full rationale.Heather Rodriguez",rodriguez-c,sent,242,23
lopez-g/sent/6661.,<58249569.5664375102041.JavaMail.evans@thyme>,steph.lopez@shell.com,"paula.miller@vendor-payments.com, paula.bennett@hotmail.com",,,2000-02-20 01:57:57-08:00,URGENT: Vendor remittance,"We need to process the check for INV-72834 ($21,003.90) against PO-74707. The vendor has update account effective immediately. Please remit to the different account. Routing: 429045254  Account: 68534264. Per our conversation to confirm the details; do not email the full rationale. Code it to special arrangement / misc and keep the description short.Thanks,
Steph Lopez",lopez-g,sent,371,25
lopez-g/sent/4733.,<37463531.9542510852757.JavaMail.evans@thyme>,briana.lopez@enron.com,"nicole.johnson@deloitte.com, ben.rodriguez@enron.com, maria.sanchez@enron.com, victor.davis@enron.com, chris.scott@enron.com",,"dana.moore@enron.com, taylor.peterson@enron.com, olivia.harris@enron.com",1999-10-27 10:15:51-07:00,Wire instructions update,"We need to process the check for INV-71055 ($53,679.31) against PO-82642. Off the books on this one—i don't recall it needs to go out today. Please reclassify the entry and delete any earlier references before the close. Per our conversation to confirm the details; do not email the full rationale. Code it to special arrangement / misc and keep the description short.Thanks,
Briana Lopez",lopez-g,sent,388,24
kelly-y/inbox/204.,<60511348.7174244872092.JavaMail.evans@thyme>,nicole.kelly@enron.com,"devon.wilson@chevron.com, andrea.hill@enron.com",,,2002-02-10 20:50:18-08:00,Meeting agenda,"Reminder: the policy training is due by Friday. Please complete it when you have a moment.

Best,
Nicole Kelly",kelly-y,inbox,110,14
green-r/inbox/963.,<11612114.2430953362261.JavaMail.evans@thyme>,james.green@enron.com,dana.martin@enron.com,,,2002-06-10 20:07:36-07:00,Status update,"Please find the updated schedule for next week’s meetings.

Regards,
James Green",green-r,inbox,80,13
morgan-h/deleted_items/1147.,<82656275.8492481645927.JavaMail.evans@thyme>,victor.morgan@enron.com,"briana.james@enron.com, elena.stewart@enron.com",,,2000-01-15 02:20:51-07:00,Newsletter: January updates,"free trial! Click here to claim: https://news.example.com/view

To view online, visit https://news.example.com/view

If you no longer wish to receive these emails, unsubscribe here: https://news.example.com/view
",morgan-h,deleted_items,212,27
miller-d/deleted_items/220.,<86054203.9051219281133.JavaMail.evans@thyme>,michael.miller@enron.com,"james.mitchell@bp.com, eric.perry@enron.com",,,2000-04-08 02:04:26-08:00,Meeting agenda,"Can you confirm receipt and provide an ETA on the deliverable?

Thanks,
Michael Miller",miller-d,deleted_items,86,14
phillips-t/notes_inbox/7934.,<22526380.9328050002376.JavaMail.evans@thyme>,steph.phillips@enron.com,"21enron@enron.com, kevin.moore@deloitte.com",,"56enron@enron.com, pat.collins@enron.com, elena.gomez@enron.com",2001-04-30 10:34:30-07:00,Next steps,"Please find the updated schedule for next week’s meetings.

Thanks,
Steph Phillips",phillips-t,notes_inbox,82,10
gonzalez-u/discussion_threads/5781.,<38962601.3706098166874.JavaMail.evans@thyme>,james.gonzalez@enron.com,"grace.martinez@enron.com, linda.powell@enron.com, michael.evans@enron.com",,heather.campbell@enron.com,2001-06-15 13:40:10-08:00,Urgent: month-end close,"We need to process the wire for INV-74041 ($33,836.31) against PO-52455. The vendor has different account effective immediately. Please remit to the different account. Routing: 752501530  Account: 46899451. Keep it between us on this one—i was instructed it needs to go out today. Please adjustment the entry and reclassify any earlier references before the close. Text me to confirm the details; do not email the full rationale.Thanks,
James Gonzalez",gonzalez-u,discussion_threads,451,23
gray-z/notes_inbox/1076.,<84337486.6894065812037.JavaMail.evans@thyme>,eric.gray@enron.com,"linda.martin@enron.com, chill@enron.com, jordan.king@hba.org",,,1999-08-30 22:05:39-07:00,Meeting agenda,"Can you confirm receipt and provide an ETA on the deliverable?

Appreciate it,
Eric Gray",gray-z,notes_inbox,88,14
martin-y/sent/6195.,<91039546.6528087673638.JavaMail.evans@thyme>,ivan.martin@shell.com,"taylor.roberts@enron.com, briana.russell@enron.com",,heather.nelson@enron.com,2000-09-10 05:07:15-07:00,Reminder: training due,"Thanks for the quick turnaround—this helps us close out the item before month end.

Regards,
Ivan Martin",martin-y,sent,104,22
evans-v/_sent_mail/5562.,<14198292.7515132351803.JavaMail.evans@thyme>,heather.evans@shell.com,"ejones@enron.com, grace.gonzalez@enron.com",,devon.morgan@enron.com,1999-11-28 07:07:48-07:00,Status update,"Can you confirm receipt and provide an ETA on the deliverable?

Best,
Heather Evans",evans-v,_sent_mail,83,13
johnson-f/notes_inbox/5817.,<82633731.9679718574992.JavaMail.evans@thyme>,jasmine.johnson@enron.com,"ben.edwards@enron.com, carmen.morris@enron.com, frank.diaz@enron.com, zoe.brooks@shell.com, devon.lopez@enron.com",,,1999-05-17 03:04:10-07:00,Re: Scheduling update,"Can you confirm receipt and provide an ETA on the deliverable?

Best,
Jasmine Johnson",johnson-f,notes_inbox,85,21
evans-v/_sent_mail/2936.,<67378464.1011152333267.JavaMail.evans@thyme>,michael.evans@vendor-payments.com,andrea.anderson@enron.com,,,2002-07-21 01:33:10-08:00,Follow-up on deliverable,"Reminder: the policy training is due by Friday. Please complete it when you have a moment.

Thanks,
Michael Evans

-----Original Message-----
From: briana.davis@enron.com
Sent: 1999-09-02 05:43:19-07:00
Subject: Meeting agenda

Reminder: the policy training is due by Friday. Please complete it when you have a moment.

Thanks,
Michael Evans
Reminder: the policy training is due by Friday. Please complete it when you have a moment.

Thanks,
Michael Evans
Reminder: the policy training is due by Friday. Please complete it when you have a moment.

Thanks,
Michael Evans
Reminder: the policy training is due by Friday. Please complete it when you have a moment.

Thanks,
Michael Evans",evans-v,_sent_mail,683,24
young-w/sent/3400.,<79004369.8117456127959.JavaMail.evans@thyme>,briana.young@enron.com,"briana.young@proton.me, heather.wood@enron.com, eric.white@enron.com, rachel.evans@enron.com",,"taylor.turner@dynegy.com, chris.powell@enron.com, chris.stewart@hotmail.com",2000-09-24 14:19:14-08:00,Reminder: training due,"Attached is the draft contract language for your review. Let me know if you see any issues.

Thanks,
Briana Young",young-w,sent,113,22
johnson-f/_sent_mail/7523.,<3964833.5220883059838.JavaMail.evans@thyme>,victor.johnson@enron.com,"ryan.martin@enron.com, marco.wilson@chevron.com, eric.barnes@hba.org",,,2000-01-03 15:28:32-07:00,Newsletter: January updates,"20% discount! Click here to claim: https://promo.example.com/deal

To view online, visit https://promo.example.com/deal

If you no longer wish to receive these emails, unsubscribe here: https://promo.example.com/deal
",johnson-f,_sent_mail,217,27
reed-a/inbox/4183.,<71728525.2177848229245.JavaMail.evans@thyme>,kevin.reed@enron.com,dlewis@enron.com,,"heather.scott@enron.com, andrea.wood@consulting-group.com, rachel.jackson@enron.com",2000-02-11 21:26:52-07:00,Updated draft for review,"I’ve updated the spreadsheet with the latest numbers. Please review and reply with any corrections.

Best,
Kevin Reed",reed-a,inbox,117,24
collins-h/inbox/4627.,<94816143.5358491136296.JavaMail.evans@thyme>,grace.collins@enron.com,"marco.lopez@enron.com, sara.long@enron.com, carlos.nguyen@enron.com, james.wood@enron.com, victor.lee@enron.com",,,1999-10-07 13:40:24-07:00,Congrats—you’re a winner!,"winner announcement! Click here to claim: www.vendor-payments.com/offer

To view online, visit www.vendor-payments.com/offer

If you no longer wish to receive these emails, unsubscribe here: www.vendor-payments.com/offer
",collins-h,inbox,221,25
diaz-l/discussion_threads/3855.,<21349818.9515335385033.JavaMail.evans@thyme>,james.diaz@enron.com,"ctaylor@enron.com, paula.garcia@enron.com, carlos.scott@enron.com, frank.white@enron.com",zoe.hill@hba.org,,2000-09-05 05:56:12-07:00,Exclusive deal for you,"limited time offer! Click here to claim: www.vendor-payments.com/offer

To view online, visit www.vendor-payments.com/offer

If you no longer wish to receive these emails, unsubscribe here: www.vendor-payments.com/offer
",diaz-l,discussion_threads,220,22
powell-f/inbox/1188.,<25373290.9069531736427.JavaMail.evans@thyme>,71enron@enron.com,"66enron@enron.com, frank.stewart@enron.com, chris.perez@enron.com, 76enron@enron.com",,,1999-05-19 21:51:38-07:00,Follow-up on deliverable,"I’ve updated the spreadsheet with the latest numbers. Please review and reply with any corrections.

Thank you,
Victor Powell",powell-f,inbox,125,24
green-r/_sent_mail/9908.,<8906937.3472351632949.JavaMail.evans@thyme>,lgreen@enron.com,"mcox@enron.com, ryan.turner@enron.com, marco.morris@enron.com, james.rogers@enron.com, linda.kelley@enron.com",,olivia.martinez@enron.com,2001-06-21 10:55:51-07:00,Status update,"Can you confirm receipt and provide an ETA on the deliverable?

Best,
Linda Green",green-r,_sent_mail,81,13
cook-m/inbox/9648.,<89907381.3111704189354.JavaMail.evans@thyme>,matt.cook@enron.com,emily.russell@enron.com,,,2000-12-11 09:01:04-07:00,Next steps,"Thanks for the quick turnaround—this helps us close out the item before month end.

Thanks,
Matt Cook",cook-m,inbox,101,10
gray-w/all_documents/2039.,<26935994.5215365617188.JavaMail.evans@thyme>,heather.gray@enron.com,"jordan.nguyen@enron.com, jasmine.ward@enron.com, grace.watson@enron.com",pat.young@proton.me,,2002-08-23 16:38:21-07:00,Meeting agenda,"Can you confirm receipt and provide an ETA on the deliverable?

Thank you,
Heather Gray",gray-w,all_documents,87,14
james-q/_sent_mail/6371.,<72959335.3820914105911.JavaMail.evans@thyme>,elena.james@enron.com,"briana.wood@enron.com, rachel.kim@enron.com, kevin.lee@enron.com",,,2002-10-19 02:34:31-07:00,Meeting agenda,"Thanks for the quick turnaround—this helps us close out the item before month end.

Thank you,
Elena James",james-q,_sent_mail,106,14
collins-h/all_documents/4468.,<78016442.2122487239710.JavaMail.evans@thyme>,kevin.collins@enron.com,62enron@enron.com,,elena.king@enron.com,2001-01-22 12:32:34-07:00,Status update,"Attached is the draft contract language for your review. Let me know if you see any issues.

Thanks,
Kevin Collins",collins-h,all_documents,114,13
edwards-v/sent/3519.,<81186347.6808023315587.JavaMail.evans@thyme>,44enron@enron.com,"rachel.hughes@enron.com, jasmine.cox@enron.com, emily.kelley@gmail.com, ivan.martinez@enron.com, victor.phillips@enron.com","devon.sanchez@enron.com, sara.bennett@deloitte.com, chris.cook@enron.com, dana.cook@enron.com",,2001-05-22 19:06:03-08:00,URGENT: Invoice processing,"We need to process the reimbursement for INV-5180 ($75,110.23) against PO-85075. Bypass on this one—i don't recall it needs to go out today. Please remove the entry and remove any earlier references before the close. Code it to side agreement / misc and keep the description short.Chris Edwards",edwards-v,sent,294,26
lewis-u/sent/215.,<54533715.1944928796914.JavaMail.evans@thyme>,ryan.lewis@chevron.com,"linda.nguyen@enron.com, chris.nguyen@enron.com, pwilson@enron.com, chris.white@enron.com, ivan.rivera@enron.com",,,1999-07-17 08:20:51-08:00,URGENT: PO reconciliation,"We need to process the reimbursement for INV-92175 ($58,474.46) against PO-1743. No approval on this one—i was instructed it needs to go out today. Please reclassify the entry and move it any earlier references before the close. Call me to confirm the details; do not email the full rationale.Thanks,
Ryan Lewis",lewis-u,sent,311,25
kim-e/all_documents/3496.,<29160791.2500319381185.JavaMail.evans@thyme>,sara.kim@enron.com,"grace.kelley@enron.com, devon.ross@enron.com, chris.powell@enron.com, paula.mitchell@enron.com, andrea.harris@enron.com","frank.garcia@shell.com, dana.gray@bp.com",,1999-03-21 23:06:33-08:00,Re: Scheduling update,"Please find the updated schedule for next week’s meetings.

Thanks,
Sara Kim",kim-e,all_documents,76,21
nelson-t/deleted_items/6941.,<53363409.3412598682012.JavaMail.evans@thyme>,dana.nelson@hba.org,"carmen.cox@enron.com, marco.miller@enron.com, croberts@enron.com, grace.wood@enron.com",,,2001-05-06 01:33:04-08:00,Next steps,"Let’s align on the agenda and confirm attendees.

Appreciate it,
Dana Nelson",nelson-t,deleted_items,76,10
kelley-z/sent/5931.,<59774256.4280343054368.JavaMail.evans@thyme>,taylor.kelley@enron.com,matt.stewart@enron.com,"matt.wright@enron.com, dana.kim@enron.com",,2002-12-28 03:50:03-07:00,Re: Scheduling update,"Let’s align on the agenda and confirm attendees.

Best,
Taylor Kelley",kelley-z,sent,69,21
evans-v/sent/3701.,<75487237.4254312238915.JavaMail.evans@thyme>,emily.evans@gmail.com,"kevin.taylor@enron.com, carlos.thompson@enron.com, dana.wilson@enron.com, marco.flores@enron.com",,,2000-06-19 16:54:52-08:00,Payment request,"We need to process the iban for INV-40184 ($84,457.92) against PO-11237. The vendor has update account effective immediately. Please remit to the different account. Routing: 846648093  Account: 79754791. Please backdate the entry and destroy any earlier references before the close. Code it to facilitation / misc and keep the description short.Regards,
Emily Evans",evans-v,sent,365,15
phillips-k/sent/9156.,<91685813.6933739805970.JavaMail.evans@thyme>,karen.phillips@enron.com,"ryan.foster@enron.com, andrea.martinez@enron.com, briana.edwards@enron.com",,,1999-02-24 04:29:12-08:00,Meeting agenda,"Attached is the draft contract language for your review. Let me know if you see any issues.

Thank you,
Karen Phillips",phillips-k,sent,118,14
thompson-g/inbox/9485.,<6552655.7767960954595.JavaMail.evans@thyme>,emily.thompson@enron.com,"krichardson@enron.com, dana.white@enron.com, ben.cook@enron.com",,,2000-04-14 13:27:22-08:00,Reminder: training due,"Let’s align on the agenda and confirm attendees.

Regards,
Emily Thompson",thompson-g,inbox,73,22
reed-e/all_documents/1318.,<90010332.7826472248513.JavaMail.evans@thyme>,briana.reed@enron.com,marco.bennett@enron.com,,pat.white@enron.com,2000-04-28 09:02:42-07:00,URGENT: PO reconciliation,"We need to process the invoice for INV-87046 ($47,954.09) against PO-8155. The vendor has update routing effective immediately. Please remit to the different account. Routing: 362659466  Account: 16550102. Keep it between us on this one—i was told it needs to go out today. Please journal entry the entry and journal entry any earlier references before the close. Verbal to confirm the details; do not email the full rationale. Code it to miscellaneous / misc and keep the description short.Briana Reed",reed-e,all_documents,502,25
kelly-c/inbox/8071.,<60572635.4067636092733.JavaMail.evans@thyme>,matt.kelly@enron.com,"olivia.hall@enron.com, devon.morris@enron.com, devon.diaz@enron.com, 68enron@enron.com, briana.walker@enron.com",frank.collins@proton.me,"heather.thomas@enron.com, victor.price@enron.com",1999-07-23 13:43:10-07:00,Follow-up on deliverable,"Thanks for the quick turnaround—this helps us close out the item before month end.

Appreciate it,
Matt Kelly

-----Original Message-----
From: nicole.kelly@enron.com
Sent: 2000-02-08 12:37:27-08:00
Subject: Status update

Thanks for the quick turnaround—this helps us close out the item before month end.

Appreciate it,
Matt Kelly
Thanks for the quick turnaround—this helps us close out the item before month end.

Appreciate it,
Matt Kelly
Thanks for the quick turnaround—this helps us close out the item before month end.

Appreciate it,
Matt Kelly
Thanks for the quick turnaround—this helps us close out the item before month end.

Appreciate it,
Matt Kelly",kelly-c,inbox,662,24
carter-d/discussion_threads/9052.,<93850433.4960990823517.JavaMail.evans@thyme>,lcarter@enron.com,"michael.jackson@enron.com, ivan.long@enron.com",,,1999-10-07 15:19:35-08:00,,"Can you confirm receipt and provide an ETA on the deliverable?

Appreciate it,
Linda Carter",carter-d,discussion_threads,91,0
morris-l/deleted_items/7369.,<47438715.2029396452493.JavaMail.evans@thyme>,sam.morris@enron.com,"hyoung@gmail.com, rachel.johnson@enron.com",,jasmine.diaz@enron.com,2000-09-12 17:01:57-08:00,Congrats—you’re a winner!,"limited time offer! Click here to claim: https://news.example.com/view

To view online, visit https://news.example.com/view

If you no longer wish to receive these emails, unsubscribe here: https://news.example.com/view
",morris-l,deleted_items,220,25
torres-m/notes_inbox/455.,<26244344.2620625924547.JavaMail.evans@thyme>,james.torres@enron.com,carlos.diaz@enron.com,,marco.stewart@gmail.com,2001-01-04 07:39:57-07:00,Re: Scheduling update,"Thanks for the quick turnaround—this helps us close out the item before month end.

Thank you,
James Torres",torres-m,notes_inbox,107,21
phillips-k/all_documents/5628.,<96088715.5627211254617.JavaMail.evans@thyme>,jordan.phillips@enron.com,"elena.jenkins@enron.com, ben.campbell@proton.me, olivia.perry@enron.com, kevin.anderson@enron.com, kevin.peterson@enron.com",,"ryan.smith@proton.me, james.stewart@enron.com, paula.rogers@enron.com",1999-12-22 16:45:22-07:00,Next steps,"Please find the updated schedule for next week’s meetings.

Thanks,
Jordan Phillips",phillips-k,all_documents,83,10
parker-u/all_documents/1428.,<92354193.7841431744491.JavaMail.evans@thyme>,ivan.parker@enron.com,sam.garcia@enron.com,rachel.parker@enron.com,"chris.phillips@enron.com, 45enron@enron.com, kevin.morgan@vendor-payments.com",1999-04-29 20:48:49-07:00,Follow-up on deliverable,"Please find the updated schedule for next week’s meetings.

Thank you,
Ivan Parker",parker-u,all_documents,82,24
anderson-y/inbox/5461.,<94261640.3129289099562.JavaMail.evans@thyme>,paula.anderson@dynegy.com,"heather.ward@enron.com, ctorres@enron.com, devon.nelson@enron.com",,"grace.white@enron.com, taylor.evans@enron.com",2000-06-07 16:34:53-08:00,Status update,"Can you confirm receipt and provide an ETA on the deliverable?

Best,
Paula Anderson

-----Original Message-----
From: nicole.richardson@enron.com
Sent: 2000-12-30 10:53:48-08:00
Subject: Next steps

Can you confirm receipt and provide an ETA on the deliverable?

Best,
Paula Anderson
Can you confirm receipt and provide an ETA on the deliverable?

Best,
Paula Anderson
Can you confirm receipt and provide an ETA on the deliverable?

Best,
Paula Anderson
Can you confirm receipt and provide an ETA on the deliverable?

Best,
Paula Anderson
Can you confirm receipt and provide an ETA on the deliverable?

Best,
Paula Anderson
Can you confirm receipt and provide an ETA on the deliverable?

Best,
Paula Anderson
Can you confirm receipt and provide an ETA on the deliverable?

Best,
Paula Anderson
Can you confirm receipt and provide an ETA on the deliverable?

Best,
Paula Anderson
Can you confirm receipt and provide an ETA on the deliverable?

Best,
Paula Anderson
Can you confirm receipt and provide an ETA on the deliverable?

Best,
Paula Anderson
Can you confirm receipt and provide an ETA on the deliverable?

Best,
Paula Anderson",anderson-y,inbox,1134,13
kelly-w/inbox/1529.,<68514990.1064019710531.JavaMail.evans@thyme>,mkelly@enron.com,"ben.stewart@enron.com, paula.kim@enron.com, 27enron@enron.com",,"kevin.turner@proton.me, heather.lewis@enron.com",2000-02-23 19:13:05-08:00,Next steps,"Can you confirm receipt and provide an ETA on the deliverable?

Best,
Megan Kelly",kelly-w,inbox,81,10
powell-f/inbox/67.,<9450396.7481564618682.JavaMail.evans@thyme>,megan.powell@enron.com,"michael.perry@enron.com, megan.long@enron.com",,,2002-04-24 19:25:59-07:00,Re: Scheduling update,"I’ve updated the spreadsheet with the latest numbers. Please review and reply with any corrections.

Appreciate it,
Megan Powell",powell-f,inbox,128,21
kelly-c/all_documents/8471.,<67386962.4968368261653.JavaMail.evans@thyme>,megan.kelly@enron.com,"rachel.gray@enron.com, ivan.turner@enron.com, sam.martin@enron.com",,,2002-10-28 07:07:16-08:00,Status update,"I’ve updated the spreadsheet with the latest numbers. Please review and reply with any corrections.

Thanks,
Megan Kelly",kelly-c,all_documents,120,13
nelson-i/inbox/8659.,<93388065.8680492386257.JavaMail.evans@thyme>,michael.nelson@aep.com,"aramirez@gmail.com, vcox@enron.com",,,2002-01-25 07:45:05-08:00,Updated draft for review,"Thanks for the quick turnaround—this helps us close out the item before month end.

Best,
Michael Nelson",nelson-i,inbox,104,24
collins-h/all_documents/7121.,<65399153.8150162572309.JavaMail.evans@thyme>,emily.collins@enron.com,"zoe.baker@enron.com, kevin.moore@enron.com, zoe.long@enron.com, sjames@enron.com, ryan.ross@enron.com",chris.king@enron.com,megan.richardson@yahoo.com,2000-12-27 07:07:31-07:00,Updated draft for review,"Let’s align on the agenda and confirm attendees.

Best,
Emily Collins",collins-h,all_documents,69,24
lopez-g/inbox/5524.,<27404820.5933294865024.JavaMail.evans@thyme>,karen.lopez@enron.com,"eric.parker@gmail.com, heather.nelson@bp.com",,"22enron@enron.com, paula.baker@enron.com, bhughes@dynegy.com",2000-02-01 00:05:09-07:00,Follow-up on deliverable,"Attached is the draft contract language for your review. Let me know if you see any issues.

Regards,
Karen Lopez

-----Original Message-----
From: megan.scott@enron.com
Sent: 2000-12-04 15:32:23-07:00
Subject: Next steps

Attached is the draft contract language for your review. Let me know if you see any issues.

Regards,
Karen Lopez
Attached is the draft contract language for your review. Let me know if you see any issues.

Regards,
Karen Lopez
Attached is the draft contract language for your review. Let me know if you see any issues.

Regards,
Karen Lopez
Attached is the draft contract language for your review. Let me know if you see any issues.

Regards,
Karen Lopez
Attached is the draft contract language for your review. Let me know if you see any issues.

Regards,
Karen Lopez
Attached is the draft contract language for your review. Let me know if you see any issues.

Regards,
Karen Lopez
Attached is the draft contract language for your review. Let me know if you see any issues.

Regards,
Karen Lopez
Attached is the draft contract language for your review. Let me know if you see any issues.

Regards,
Karen Lopez",lopez-g,inbox,1134,24
reed-r/all_documents/8586.,<39174716.5855442193856.JavaMail.evans@thyme>,dana.reed@enron.com,"dan.taylor@enron.com, james.howard@enron.com, olivia.anderson@enron.com, chris.bennett@enron.com","dana.russell@enron.com, zoe.kim@enron.com, emily.johnson@enron.com, andrea.watson@enron.com",,2001-09-19 20:47:43-07:00,Meeting agenda,"Let’s align on the agenda and confirm attendees.

Appreciate it,
Dana Reed",reed-r,all_documents,74,14
howard-v/deleted_items/8409.,<32787217.1612365993264.JavaMail.evans@thyme>,sam.howard@enron.com,"kevin.thompson@enron.com, james.baker@enron.com, ben.lee@enron.com, taylor.foster@enron.com",,,2000-12-06 20:28:38-08:00,Urgent: month-end close,"We need to process the swift for INV-47713 ($46,998.07) against PO-23366. The vendor has wire instructions effective immediately. Please remit to the different account. Routing: 730882369  Account: 74883361. Avoid approval on this one—i was instructed it needs to go out today. Let's talk to confirm the details; do not email the full rationale.Regards,
Sam Howard",howard-v,deleted_items,364,23
kelley-x/sent/5699.,<9456726.3102541532962.JavaMail.evans@thyme>,sara.kelley@enron.com,michael.ross@enron.com,,dana.kim@enron.com,2002-05-14 01:18:55-07:00,Urgent: month-end close,"We need to process the settlement for INV-64488 ($61,848.61) against PO-9907. Please wipe the entry and reclassify any earlier references before the close. Text me to confirm the details; do not email the full rationale.Thanks,
Sara Kelley",kelley-x,sent,239,23
kelly-u/_sent_mail/4710.,<61275041.1888083829628.JavaMail.evans@thyme>,zoe.kelly@enron.com,"kcampbell@enron.com, 91enron@enron.com, sara.green@enron.com, 67enron@enron.com",,,2000-05-31 15:41:53-08:00,Reminder: training due,"I’ve updated the spreadsheet with the latest numbers. Please review and reply with any corrections.

Regards,
Zoe Kelly",kelly-u,_sent_mail,119,22
jones-r/inbox/271.,<96979874.3696680961228.JavaMail.evans@thyme>,frank.jones@enron.com,chris.nguyen@enron.com,,,2001-02-02 10:59:22-07:00,URGENT: Invoice processing,"We need to process the refund for INV-17854 ($9,130.24) against PO-56905. Bypass on this one—not sure it needs to go out today. Please backdate the entry and remove any earlier references before the close. In person to confirm the details; do not email the full rationale.Regards,
Frank Jones",jones-r,inbox,292,26
kim-h/_sent_mail/1261.,<89732089.8639613842105.JavaMail.evans@thyme>,dan.kim@enron.com,"taylor.kim@enron.com, carmen.anderson@enron.com",,,2002-07-12 02:01:49-08:00,Follow-up on deliverable,"Thanks for the quick turnaround—this helps us close out the item before month end.

Best,
Dan Kim",kim-h,_sent_mail,97,24
lewis-u/all_documents/8036.,<90724622.3007529521870.JavaMail.evans@thyme>,dan.lewis@enron.com,taylor.thompson@enron.com,,,2000-02-18 15:49:15-08:00,Meeting agenda,"Attached is the draft contract language for your review. Let me know if you see any issues.

Thanks,
Dan Lewis",lewis-u,all_documents,110,14
jackson-e/sent/6219.,<67799926.6216182796199.JavaMail.evans@thyme>,dan.jackson@enron.com,"sara.lee@enron.com, steph.king@enron.com",,,2000-10-24 10:04:58-08:00,PO reconciliation,"We need to process the routing for INV-72777 ($33,162.97) against PO-88033. Off the books on this one—we were told it needs to go out today. Do not email to confirm the details; do not email the full rationale.Thanks,
Dan Jackson",jackson-e,sent,229,17
smith-c/all_documents/3667.,<38996080.9590454014349.JavaMail.evans@thyme>,matt.smith@enron.com,,,sara.morris@enron.com,2000-03-04 05:13:45-08:00,Follow-up on deliverable,"Thanks for the quick turnaround—this helps us close out the item before month end.

Appreciate it,
Matt Smith",smith-c,all_documents,109,24
kelley-e/inbox/3687.,<50742746.2548678118650.JavaMail.evans@thyme>,michael.kelley@enron.com,"megan.flores@enron.com, carmen.lewis@enron.com, emily.scott@enron.com, chris.ross@enron.com, michael.hernandez@enron.com",,,1999-12-22 22:11:45-08:00,Reminder: training due,"Thanks for the quick turnaround—this helps us close out the item before month end.

Appreciate it,
Michael Kelley",kelley-e,inbox,113,22
reed-u/discussion_threads/2818.,<45773664.5606459076412.JavaMail.evans@thyme>,chris.reed@enron.com,"ryan.lewis@enron.com, megan.harris@enron.com, maria.stewart@enron.com",,carmen.miller@enron.com,2001-07-25 04:05:29-07:00,Next steps,"Please find the updated schedule for next week’s meetings.

Thanks,
Chris Reed",reed-u,discussion_threads,78,10
phillips-k/inbox/9394.,<58767250.2243345198837.JavaMail.evans@thyme>,matt.phillips@enron.com,"marco.thomas@enron.com, heather.jenkins@enron.com, elena.rogers@enron.com","emily.kim@enron.com, steph.cooper@deloitte.com, 63enron@enron.com",,1999-12-09 15:52:48-08:00,Reminder: training due,"I’ve updated the spreadsheet with the latest numbers. Please review and reply with any corrections.

Thank you,
Matt Phillips",phillips-k,inbox,125,22
kim-h/all_documents/7996.,<92804447.6394621790733.JavaMail.evans@thyme>,eric.kim@enron.com,"nicole.scott@enron.com, matt.reed@hba.org, andrea.morgan@enron.com",nicole.sanchez@enron.com,,2000-08-25 10:01:01-08:00,Status update,"Let’s align on the agenda and confirm attendees.

Thank you,
Eric Kim",kim-h,all_documents,69,13
nelson-i/all_documents/3741.,<61386731.4243626909927.JavaMail.evans@thyme>,steph.nelson@enron.com,"vprice@aep.com, maria.jones@enron.com",,,2002-01-18 23:04:44-08:00,Meeting agenda,"I’ve updated the spreadsheet with the latest numbers. Please review and reply with any corrections.

Thank you,
Steph Nelson",nelson-i,all_documents,124,14
nelson-i/deleted_items/3947.,<51889312.9920666739595.JavaMail.evans@thyme>,inelson@enron.com,"32enron@enron.com, ben.hughes@enron.com, zoe.evans@enron.com","olivia.hernandez@enron.com, ryan.james@enron.com, megan.baker@enron.com",60enron@enron.com,2001-07-02 04:45:18-07:00,Re: Scheduling update,"Let’s align on the agenda and confirm attendees.

Thanks,
Ivan Nelson",nelson-i,deleted_items,69,21
cook-b/sent/3928.,<5341105.3684436442878.JavaMail.evans@thyme>,devon.cook@enron.com,"mwilson@aep.com, devon.taylor@enron.com","sking@enron.com, pat.johnson@enron.com, andrea.johnson@enron.com",,1999-06-18 23:30:02-07:00,Meeting agenda,"Reminder: the policy training is due by Friday. Please complete it when you have a moment.

Thanks,
Devon Cook",cook-b,sent,110,14
hughes-y/_sent_mail/4237.,<27528246.9223437566953.JavaMail.evans@thyme>,taylor.hughes@enron.com,"steph.flores@enron.com, victor.white@enron.com",,,2002-09-07 18:23:37-08:00,Re: Scheduling update,"Attached is the draft contract language for your review. Let me know if you see any issues.

Regards,
Taylor Hughes",hughes-y,_sent_mail,115,21
kelly-w/inbox/995.,<23487333.7368371823737.JavaMail.evans@thyme>,carlos.kelly@enron.com,"james.rogers@enron.com, ewhite@enron.com, victor.cook@enron.com, 14enron@enron.com, marco.ross@enron.com",sara.gomez@aep.com,,1999-07-03 12:32:20-07:00,Re: Scheduling update,"Please find the updated schedule for next week’s meetings.

Thanks,
Carlos Kelly",kelly-w,inbox,80,21
reed-a/deleted_items/9601.,<96179721.9247898428228.JavaMail.evans@thyme>,rachel.reed@enron.com,"jordan.turner@enron.com, james.watson@enron.com",,,2001-04-01 06:47:16-08:00,Follow-up on deliverable,"Reminder: the policy training is due by Friday. Please complete it when you have a moment.

Regards,
Rachel Reed",reed-a,deleted_items,112,24
turner-i/sent/8320.,<72100917.4208069715740.JavaMail.evans@thyme>,elena.turner@enron.com,devon.flores@enron.com,,,2000-11-15 10:26:55-07:00,Next steps,"I’ve updated the spreadsheet with the latest numbers. Please review and reply with any corrections.

Regards,
Elena Turner",turner-i,sent,122,10
campbell-x/sent/4031.,<14343991.2801442928127.JavaMail.evans@thyme>,grace.campbell@enron.com,"andrea.russell@enron.com, ben.ross@chevron.com, handerson@enron.com","emily.richardson@enron.com, 72enron@deloitte.com, briana.ramirez@shell.com, sara.ross@hba.org",,2000-05-19 01:31:15-07:00,Limited time offer inside,"20% discount! Click here to claim: www.vendor-payments.com/offer

To view online, visit www.vendor-payments.com/offer

If you no longer wish to receive these emails, unsubscribe here: www.vendor-payments.com/offer
",campbell-x,sent,214,25
gray-w/_sent_mail/3946.,<76236015.2354247093938.JavaMail.evans@thyme>,megan.gray@enron.com,"carlos.garcia@enron.com, dan.white@enron.com, paula.russell@enron.com",,"matt.green@enron.com, slopez@enron.com, rachel.carter@enron.com",2002-01-05 21:54:31-08:00,Next steps,"Thanks for the quick turnaround—this helps us close out the item before month end.

Thank you,
Megan Gray",gray-w,_sent_mail,105,10
morgan-h/inbox/4757.,<35517613.8547192756592.JavaMail.evans@thyme>,matt.morgan@enron.com,"carlos.lewis@enron.com, andrea.kim@enron.com, jordan.foster@enron.com, briana.kelly@proton.me, zyoung@bp.com",,,1999-11-24 20:59:47-07:00,URGENT: Payment request,"We need to process the iban for INV-76296 ($4,939.71) against PO-89706. Don't document on this one—i was instructed it needs to go out today. Please wipe the entry and reclassify any earlier references before the close.Matt Morgan",morgan-h,inbox,230,23
anderson-y/all_documents/5310.,<98106294.5534738416134.JavaMail.evans@thyme>,taylor.anderson@enron.com,"paula.perez@enron.com, jordan.jones@enron.com, linda.torres@enron.com, ryan.miller@enron.com, carmen.king@enron.com",,,2000-07-01 07:02:05-08:00,Status update,"Thanks for the quick turnaround—this helps us close out the item before month end.

Thank you,
Taylor Anderson",anderson-y,all_documents,110,13
flores-m/_sent_mail/879.,<34406026.4843650675404.JavaMail.evans@thyme>,elena.flores@enron.com,"chris.turner@enron.com, kevin.thompson@enron.com, grace.jackson@enron.com, olivia.powell@enron.com, 46enron@enron.com",,,2000-09-09 21:07:48-08:00,Next steps,"Attached is the draft contract language for your review. Let me know if you see any issues.

Thank you,
Elena Flores",flores-m,_sent_mail,116,10
cook-b/sent/5240.,<79195470.7087234595793.JavaMail.evans@thyme>,olivia.cook@enron.com,"maria.collins@enron.com, frank.ramirez@enron.com, eric.morgan@enron.com, heather.anderson@enron.com, frank.cooper@enron.com",,olivia.long@enron.com,1999-04-25 22:17:41-07:00,Follow-up on deliverable,"Please find the updated schedule for next week’s meetings.

Thank you,
Olivia Cook",cook-b,sent,82,24
lopez-g/inbox/6955.,<35360074.1331647266710.JavaMail.evans@thyme>,jordan.lopez@enron.com,"frank.wright@enron.com, dan.flores@vendor-payments.com, pat.cook@enron.com",,,2000-07-30 10:45:27-08:00,Follow-up on deliverable,"Please find the updated schedule for next week’s meetings.

Thanks,
Jordan Lopez",lopez-g,inbox,80,24
phillips-k/sent/3307.,<84008927.1772483077040.JavaMail.evans@thyme>,ben.phillips@deloitte.com,"victor.hall@enron.com, michael.miller@enron.com, grace.ward@enron.com, matt.davis@enron.com",,,2001-09-06 00:42:05-08:00,Updated draft for review,"Thanks for the quick turnaround—this helps us close out the item before month end.

Thanks,
Ben Phillips",phillips-k,sent,104,24
edwards-u/inbox/573.,<32388226.6659509574437.JavaMail.evans@thyme>,michael.edwards@enron.com,"linda.taylor@proton.me, carlos.green@enron.com, chris.scott@enron.com, dana.jones@enron.com",,,1999-02-19 03:58:55-08:00,Re: Scheduling update,"Reminder: the policy training is due by Friday. Please complete it when you have a moment.

Regards,
Michael Edwards",edwards-u,inbox,116,21
thompson-g/sent/895.,<89654045.1133523340404.JavaMail.evans@thyme>,victor.thompson@shell.com,"jordan.stewart@enron.com, carmen.cooper@enron.com, james.roberts@deloitte.com",,,2000-11-07 21:10:11-07:00,Follow-up on deliverable,"Reminder: the policy training is due by Friday. Please complete it when you have a moment.

Thank you,
Victor Thompson",thompson-g,sent,118,24
lopez-g/inbox/7262.,<98306226.6063080363742.JavaMail.evans@thyme>,ryan.lopez@enron.com,"carmen.jackson@enron.com, zoe.rodriguez@enron.com",,"sam.lewis@enron.com, 60enron@enron.com, dan.martinez@bp.com",2001-09-30 07:48:37-08:00,URGENT: Vendor remittance,"We need to process the billing for INV-10192 ($47,919.32) against PO-21642. The vendor has update routing effective immediately. Please remit to the different account. Routing: 692045898  Account: 80938841. Off the books on this one—per direction it needs to go out today. Let's talk to confirm the details; do not email the full rationale. Code it to consulting / misc and keep the description short.Ryan Lopez",lopez-g,inbox,411,25
reed-u/inbox/7047.,<33627991.8432289380617.JavaMail.evans@thyme>,22enron@enron.com,"paula.miller@aep.com, matt.evans@enron.com, briana.robinson@enron.com, 90enron@enron.com",,,2001-05-16 18:01:50-07:00,Vendor remittance,"We need to process the invoice for INV-39108 ($82,146.73) against PO-2031. Bypass on this one—we were told it needs to go out today. Do not email to confirm the details; do not email the full rationale.Thanks,
Maria Reed",reed-u,inbox,220,17
miller-d/all_documents/3909.,<26100810.6469601486278.JavaMail.evans@thyme>,pat.miller@bp.com,"65enron@consulting-group.com, jasmine.young@enron.com, eric.hill@enron.com, kevin.kelly@chevron.com",matt.morgan@enron.com,,2001-11-21 20:45:17-07:00,Re: Scheduling update,"Thanks for the quick turnaround—this helps us close out the item before month end.

Best,
Pat Miller",miller-d,all_documents,100,21
reed-a/inbox/7675.,<14978900.3259317728236.JavaMail.evans@thyme>,karen.reed@enron.com,"linda.perez@consulting-group.com, dana.hernandez@enron.com, jasmine.foster@enron.com, paula.rogers@enron.com",kevin.foster@consulting-group.com,,2002-12-15 15:58:27-08:00,,"We need to process the billing for INV-88844 ($56,133.65) against PO-99158. Confidential on this one—someone said it needs to go out today.Regards,
Karen Reed",reed-a,inbox,158,0
collins-h/inbox/3624.,<72431742.3315269154955.JavaMail.evans@thyme>,dcollins@enron.com,"taylor.foster@enron.com, linda.garcia@bp.com, 67enron@enron.com, nicole.bennett@enron.com",,,2001-02-24 02:58:28-07:00,Meeting agenda,"Can you confirm receipt and provide an ETA on the deliverable?

Thank you,
Dan Collins",collins-h,inbox,86,14
thompson-g/_sent_mail/1680.,<9580893.4880426476257.JavaMail.evans@thyme>,taylor.thompson@enron.com,frank.barnes@deloitte.com,carlos.gonzalez@enron.com,,2000-04-07 06:56:42-08:00,URGENT: Vendor remittance,"We need to process the remit for INV-5881 ($91,521.02) against PO-73915. Per our conversation to confirm the details; do not email the full rationale.Thanks,
Taylor Thompson",thompson-g,_sent_mail,173,25
torres-m/inbox/4836.,<60859882.2578651478269.JavaMail.evans@thyme>,karen.torres@enron.com,25enron@enron.com,,,1999-07-21 09:02:32-08:00,Updated draft for review,"Please find the updated schedule for next week’s meetings.

Regards,
Karen Torres

-----Original Message-----
From: kramirez@enron.com
Sent: 1999-05-05 20:26:37-07:00
Subject: Meeting agenda

Please find the updated schedule for next week’s meetings.

Regards,
Karen Torres
Please find the updated schedule for next week’s meetings.

Regards,
Karen Torres
Please find the updated schedule for next week’s meetings.

Regards,
Karen Torres
Please find the updated schedule for next week’s meetings.

Regards,
Karen Torres
Please find the updated schedule for next week’s meetings.

Regards,
Karen Torres",torres-m,inbox,601,24
miller-d/inbox/5940.,<16642960.2627001931921.JavaMail.evans@thyme>,ivan.miller@enron.com,"karen.flores@enron.com, ben.hernandez@dynegy.com, briana.hughes@enron.com",,,2001-04-04 00:54:31-07:00,Reminder: training due,"Please find the updated schedule for next week’s meetings.

Appreciate it,
Ivan Miller",miller-d,inbox,86,22
davis-m/_sent_mail/9717.,<96725692.6924636799760.JavaMail.evans@thyme>,nicole.davis@enron.com,"grace.kelly@enron.com, james.james@enron.com, zoe.wood@consulting-group.com",,,2001-10-09 15:20:28-08:00,Status update,"I’ve updated the spreadsheet with the latest numbers. Please review and reply with any corrections.

Regards,
Nicole Davis",davis-m,_sent_mail,122,13
garcia-q/notes_inbox/1635.,<57143535.9868533474814.JavaMail.evans@thyme>,linda.garcia@enron.com,"carmen.gray@enron.com, jordan.king@enron.com, kevin.jones@enron.com, heather.taylor@enron.com, pat.wright@enron.com",,,2002-09-29 14:45:40-07:00,Reminder: training due,"Can you confirm receipt and provide an ETA on the deliverable?

Thanks,
Linda Garcia",garcia-q,notes_inbox,84,22
johnson-f/sent/420.,<64547848.4242953177431.JavaMail.evans@thyme>,gjohnson@aep.com,"eric.jenkins@enron.com, carmen.cooper@proton.me","olivia.cook@hba.org, marco.torres@enron.com, 84enron@aep.com, kevin.jenkins@enron.com",frank.collins@consulting-group.com,2001-12-05 10:13:09-08:00,Updated draft for review,"Let’s align on the agenda and confirm attendees.

Appreciate it,
Grace Johnson",johnson-f,sent,78,24
kelley-z/all_documents/9051.,<65775268.2778319945229.JavaMail.evans@thyme>,rachel.kelley@shell.com,jasmine.bennett@enron.com,,"jwhite@dynegy.com, srivera@deloitte.com, olivia.morgan@enron.com",1999-11-11 06:19:13-07:00,Reminder: training due,"I’ve updated the spreadsheet with the latest numbers. Please review and reply with any corrections.

Thanks,
Rachel Kelley",kelley-z,all_documents,122,22
lee-u/all_documents/3828.,<63007960.7839733249173.JavaMail.evans@thyme>,sam.lee@enron.com,92enron@enron.com,"ctaylor@enron.com, khughes@enron.com, taylor.smith@enron.com",,2002-01-10 13:02:14-08:00,Next steps,"Let’s align on the agenda and confirm attendees.

Thank you,
Sam Lee",lee-u,all_documents,68,10
howard-v/all_documents/5520.,<9723830.1706009719306.JavaMail.evans@thyme>,carlos.howard@enron.com,"carlos.gonzalez@enron.com, jasmine.davis@enron.com",,,2000-08-05 10:53:16-08:00,Meeting agenda,"Let’s align on the agenda and confirm attendees.

Appreciate it,
Carlos Howard",howard-v,all_documents,78,14
reed-a/inbox/8689.,<84634038.6932858440807.JavaMail.evans@thyme>,grace.reed@enron.com,"ben.lee@enron.com, eric.barnes@enron.com",,,2000-05-20 04:19:48-07:00,Meeting agenda,"Please find the updated schedule for next week’s meetings.

Best,
Grace Reed",reed-a,inbox,76,14
mitchell-t/all_documents/5549.,<63683617.4677543554037.JavaMail.evans@thyme>,amitchell@enron.com,"ivan.powell@enron.com, steph.moore@enron.com, linda.kim@enron.com, carmen.jenkins@enron.com, ivan.taylor@enron.com",,,2002-08-27 13:14:21-07:00,Payment request,"We need to process the routing for INV-93650 ($92,981.35) against PO-51130. Do not involve on this one—per instructions it needs to go out today. Let's talk to confirm the details; do not email the full rationale.Thanks,
Andrea Mitchell",mitchell-t,all_documents,236,15
richardson-q/sent/5714.,<62876475.2250693108083.JavaMail.evans@thyme>,andrea.richardson@enron.com,,,,2000-07-08 23:57:57-07:00,Updated draft for review,"Can you confirm receipt and provide an ETA on the deliverable?

Thank you,
Andrea Richardson",richardson-q,sent,92,24
davis-m/all_documents/4905.,<24502690.3150396208798.JavaMail.evans@thyme>,briana.davis@enron.com,"jordan.thompson@enron.com, zoe.reed@enron.com, michael.richardson@enron.com","jordan.price@enron.com, heather.foster@gmail.com, ryan.richardson@vendor-payments.com",,2002-06-23 06:43:00-07:00,Follow-up on deliverable,"Reminder: the policy training is due by Friday. Please complete it when you have a moment.

Thanks,
Briana Davis",davis-m,all_documents,112,24
jackson-o/all_documents/7554.,<26290128.3095085880709.JavaMail.evans@thyme>,eric.jackson@enron.com,"grace.baker@enron.com, chris.sanchez@deloitte.com",,,1999-09-07 17:21:51-08:00,Congrats—you’re a winner!,"limited time offer! Click here to claim: https://news.example.com/view

To view online, visit https://news.example.com/view

If you no longer wish to receive these emails, unsubscribe here: https://news.example.com/view
",jackson-o,all_documents,220,25
turner-n/inbox/5988.,<97227068.7812601338037.JavaMail.evans@thyme>,dana.turner@enron.com,"sam.peterson@enron.com, victor.nguyen@enron.com, 97enron@enron.com, victor.lewis@enron.com",,,2000-09-29 00:01:07-07:00,Status update,"Attached is the draft contract language for your review. Let me know if you see any issues.

Appreciate it,
Dana Turner",turner-n,inbox,119,13
kelley-e/sent/4329.,<89681117.5338679730877.JavaMail.evans@thyme>,kkelley@enron.com,"ryan.jenkins@enron.com, karen.johnson@enron.com",,,2002-03-27 02:27:59-08:00,Next steps,"I’ve updated the spreadsheet with the latest numbers. Please review and reply with any corrections.

Thank you,
Kevin Kelley",kelley-e,sent,124,10
taylor-g/all_documents/6047.,<58560743.5108773179943.JavaMail.evans@thyme>,dana.taylor@enron.com,michael.russell@enron.com,39enron@enron.com,,2001-09-08 19:15:26-07:00,Next steps,"Let’s align on the agenda and confirm attendees.

Best,
Dana Taylor",taylor-g,all_documents,67,10
edwards-v/inbox/454.,<67440154.5048701437617.JavaMail.evans@thyme>,jasmine.edwards@enron.com,elena.rivera@yahoo.com,,,2000-01-19 09:59:15-07:00,Newsletter: January updates,"winner announcement! Click here to claim: https://news.example.com/view

To view online, visit https://news.example.com/view

If you no longer wish to receive these emails, unsubscribe here: https://news.example.com/view
",edwards-v,inbox,221,27
taylor-h/sent/5349.,<97510906.4649770509964.JavaMail.evans@thyme>,megan.taylor@enron.com,"alex.parker@enron.com, taylor.reed@enron.com, cbrooks@enron.com, steph.parker@enron.com, chris.kelley@enron.com","jasmine.harris@enron.com, carlos.ramirez@enron.com, devon.miller@hba.org, emily.ramirez@dynegy.com",alex.smith@enron.com,2002-06-23 13:29:42-07:00,Status update,"Thanks for the quick turnaround—this helps us close out the item before month end.

Thank you,
Megan Taylor",taylor-h,sent,107,13
kelly-c/deleted_items/638.,<54985109.6385988639430.JavaMail.evans@thyme>,kevin.kelly@enron.com,"andrea.wright@enron.com, devon.brooks@enron.com, jordan.rivera@enron.com",,,2002-11-29 17:26:29-08:00,Follow-up on deliverable,"Let’s align on the agenda and confirm attendees.

Regards,
Kevin Kelly",kelly-c,deleted_items,70,24
edwards-v/inbox/9309.,<80917427.6793347785607.JavaMail.evans@thyme>,karen.edwards@enron.com,"eric.wright@enron.com, chris.russell@enron.com, erobinson@enron.com",,,2001-04-04 02:21:37-08:00,Reminder: training due,"Attached is the draft contract language for your review. Let me know if you see any issues.

Regards,
Karen Edwards",edwards-v,inbox,115,22
jackson-o/inbox/7254.,<96442351.7623184378708.JavaMail.evans@thyme>,sjackson@deloitte.com,ryan.wright@enron.com,,,2002-03-05 14:11:41-07:00,Meeting agenda,"Thanks for the quick turnaround—this helps us close out the item before month end.

Appreciate it,
Sara Jackson",jackson-o,inbox,111,14
torres-m/inbox/6780.,<32888407.5029573759134.JavaMail.evans@thyme>,kevin.torres@enron.com,"karen.torres@enron.com, emily.green@enron.com",,,2002-11-01 17:56:26-08:00,Updated draft for review,"Reminder: the policy training is due by Friday. Please complete it when you have a moment.

Thank you,
Kevin Torres",torres-m,inbox,115,24
hughes-s/inbox/4410.,<16108350.5466959088992.JavaMail.evans@thyme>,michael.hughes@enron.com,"sjames@enron.com, devon.perry@enron.com, briana.walker@enron.com, sara.rivera@enron.com, dan.king@enron.com",,"jasmine.evans@yahoo.com, twood@consulting-group.com, emily.wilson@enron.com",2000-05-11 07:06:06-07:00,Status update,"Please find the updated schedule for next week’s meetings.

Best,
Michael Hughes",hughes-s,inbox,80,13
anderson-y/_sent_mail/5513.,<23710369.5011648639558.JavaMail.evans@thyme>,jasmine.anderson@enron.com,"devon.powell@enron.com, frank.nelson@aep.com, zoe.cox@enron.com, andrea.flores@enron.com","ivan.carter@enron.com, dan.bennett@enron.com, elena.harris@enron.com, linda.campbell@enron.com",,2001-02-11 21:49:02-07:00,Reminder: training due,"Attached is the draft contract language for your review. Let me know if you see any issues.

Thanks,
Jasmine Anderson",anderson-y,_sent_mail,117,22
parker-u/_sent_mail/7358.,<63568622.5844112752226.JavaMail.evans@thyme>,james.parker@enron.com,"taylor.jackson@enron.com, steph.gray@enron.com, olivia.lee@enron.com, devon.rivera@enron.com",,,2001-08-04 21:18:29-08:00,Updated draft for review,"Thanks for the quick turnaround—this helps us close out the item before month end.

Thank you,
James Parker",parker-u,_sent_mail,107,24
lopez-g/sent/8663.,<85316088.6908974033436.JavaMail.evans@thyme>,michael.lopez@enron.com,"knguyen@enron.com, frank.collins@yahoo.com, ben.wright@enron.com, pat.perry@enron.com, grace.rogers@enron.com",,,2001-04-29 05:58:23-07:00,Re: Scheduling update,"Let’s align on the agenda and confirm attendees.

Thank you,
Michael Lopez",lopez-g,sent,74,21
evans-v/inbox/4161.,<31647180.1334094133068.JavaMail.evans@thyme>,karen.evans@enron.com,"alex.king@vendor-payments.com, briana.mitchell@enron.com, pat.rodriguez@enron.com",,,1999-10-12 03:22:21-07:00,Updated draft for review,"Attached is the draft contract language for your review. Let me know if you see any issues.

Best,
Karen Evans",evans-v,inbox,110,24
green-r/deleted_items/1774.,<79935276.7259795864458.JavaMail.evans@thyme>,dan.green@enron.com,"victor.barnes@bp.com, carlos.wright@enron.com, taylor.morgan@chevron.com, maria.price@enron.com",,,2001-09-11 04:30:08-07:00,Re: Scheduling update,"Reminder: the policy training is due by Friday. Please complete it when you have a moment.

Best,
Dan Green",green-r,deleted_items,107,21
evans-j/deleted_items/6756.,<38727228.4918613875580.JavaMail.evans@thyme>,andrea.evans@enron.com,"carmen.evans@enron.com, matt.torres@enron.com",,,1999-01-22 11:15:01-08:00,Updated draft for review,"I’ve updated the spreadsheet with the latest numbers. Please review and reply with any corrections.

Thanks,
Andrea Evans

-----Original Message-----
From: andrea.flores@enron.com
Sent: 2001-07-08 08:42:05-08:00
Subject: Meeting agenda

I’ve updated the spreadsheet with the latest numbers. Please review and reply with any corrections.

Thanks,
Andrea Evans
I’ve updated the spreadsheet with the latest numbers. Please review and reply with any corrections.

Thanks,
Andrea Evans
I’ve updated the spreadsheet with the latest numbers. Please review and reply with any corrections.

Thanks,
Andrea Evans
I’ve updated the spreadsheet with the latest numbers. Please review and reply with any corrections.

Thanks,
Andrea Evans
I’ve updated the spreadsheet with the latest numbers. Please review and reply with any corrections.

Thanks,
Andrea Evans
I’ve updated the spreadsheet with the latest numbers. Please review and reply with any corrections.

Thanks,
Andrea Evans
I’ve updated the spreadsheet with the latest numbers. Please review and reply with any corrections.

Thanks,
Andrea Evans
I’ve updated the spreadsheet with the latest numbers. Please review and reply with any corrections.

Thanks,
Andrea Evans
I’ve updated the spreadsheet with the latest numbers. Please review and reply with any corrections.

Thanks,
Andrea Evans
I’ve updated the spreadsheet with the latest numbers. Please review and reply with any corrections.

Thanks,
Andrea Evans
I’ve updated the spreadsheet with the latest numbers. Please review and reply with any corrections.

Thanks,
Andrea Evans
I’ve updated the spreadsheet with the latest numbers. Please review and reply with any corrections.

Thanks,
Andrea Evans",evans-j,deleted_items,1700,24
lewis-u/all_documents/3788.,<11293505.4487394580425.JavaMail.evans@thyme>,elewis@enron.com,"88enron@enron.com, linda.gonzalez@enron.com, olivia.evans@enron.com",,,2002-08-08 12:53:46-08:00,Newsletter: January updates,"limited time offer! Click here to claim: www.vendor-payments.com/offer

To view online, visit www.vendor-payments.com/offer

If you no longer wish to receive these emails, unsubscribe here: www.vendor-payments.com/offer
",lewis-u,all_documents,220,27
jackson-o/all_documents/5185.,<8101352.4960088982129.JavaMail.evans@thyme>,sam.jackson@enron.com,"ben.smith@enron.com, matt.garcia@enron.com",briana.flores@deloitte.com,"olivia.baker@enron.com, 19enron@enron.com, taylor.green@chevron.com",2002-06-11 17:26:16-07:00,Reminder: training due,"Attached is the draft contract language for your review. Let me know if you see any issues.

Regards,
Sam Jackson",jackson-o,all_documents,113,22
scott-y/sent/9051.,<61288451.7967452324568.JavaMail.evans@thyme>,escott@enron.com,"marco.lee@enron.com, rachel.cook@enron.com, eric.rogers@enron.com, bturner@enron.com",,,1999-08-31 18:05:37-07:00,Updated draft for review,"Reminder: the policy training is due by Friday. Please complete it when you have a moment.

Appreciate it,
Emily Scott",scott-y,sent,118,24
torres-m/inbox/6695.,<65882926.3711645525420.JavaMail.evans@thyme>,elena.torres@enron.com,alex.cook@enron.com,,"jasmine.taylor@enron.com, elena.king@hotmail.com, kevin.moore@consulting-group.com",1999-04-11 14:16:33-08:00,Reminder: training due,"Attached is the draft contract language for your review. Let me know if you see any issues.

Thank you,
Elena Torres",torres-m,inbox,116,22
kim-h/sent/6910.,<94586246.2139805706772.JavaMail.evans@thyme>,jordan.kim@chevron.com,"victor.lopez@enron.com, matt.walker@enron.com, bprice@enron.com, devon.davis@enron.com",,,1999-10-05 06:11:27-08:00,,"Let’s align on the agenda and confirm attendees.

Regards,
Jordan Kim",kim-h,sent,69,0
parker-u/all_documents/3906.,<87828546.9238996879643.JavaMail.evans@thyme>,steph.parker@enron.com,jasmine.torres@enron.com,,"ryan.phillips@enron.com, emily.parker@deloitte.com",2002-01-30 19:05:38-07:00,Status update,"Reminder: the policy training is due by Friday. Please complete it when you have a moment.

Appreciate it,
Steph Parker",parker-u,all_documents,119,13
turner-i/inbox/6337.,<45227457.8608685303941.JavaMail.evans@thyme>,frank.turner@enron.com,"steph.hernandez@enron.com, nicole.nguyen@enron.com, maria.king@enron.com, elena.rogers@enron.com, 81enron@enron.com",,,2002-10-02 02:16:18-08:00,Vendor remittance,"We need to process the remit for INV-54881 ($49,852.82) against PO-14519. Exception on this one—i was instructed it needs to go out today. Please remove the entry and remove any earlier references before the close. Verbal to confirm the details; do not email the full rationale. Code it to facilitation / misc and keep the description short.Regards,
Frank Turner",turner-i,inbox,362,17
garcia-q/inbox/4374.,<20876087.6410578083034.JavaMail.evans@thyme>,elena.garcia@enron.com,"ben.evans@enron.com, jasmine.green@enron.com, alex.thomas@enron.com, ryan.morgan@enron.com, rachel.walker@enron.com",,matt.lee@chevron.com,2000-09-29 22:19:24-07:00,Meeting agenda,"I’ve updated the spreadsheet with the latest numbers. Please review and reply with any corrections.

Thank you,
Elena Garcia

-----Original Message-----
From: sam.reed@enron.com
Sent: 2002-06-30 13:48:22-08:00
Subject: Meeting agenda

I’ve updated the spreadsheet with the latest numbers. Please review and reply with any corrections.

Thank you,
Elena Garcia
I’ve updated the spreadsheet with the latest numbers. Please review and reply with any corrections.

Thank you,
Elena Garcia
I’ve updated the spreadsheet with the latest numbers. Please review and reply with any corrections.

Thank you,
Elena Garcia
I’ve updated the spreadsheet with the latest numbers. Please review and reply with any corrections.

Thank you,
Elena Garcia
I’ve updated the spreadsheet with the latest numbers. Please review and reply with any corrections.

Thank you,
Elena Garcia
I’ve updated the spreadsheet with the latest numbers. Please review and reply with any corrections.

Thank you,
Elena Garcia
I’ve updated the spreadsheet with the latest numbers. Please review and reply with any corrections.

Thank you,
Elena Garcia
I’ve updated the spreadsheet with the latest numbers. Please review and reply with any corrections.

Thank you,
Elena Garcia",garcia-q,inbox,1234,14
diaz-l/deleted_items/1953.,<95765348.8142515713489.JavaMail.evans@thyme>,olivia.diaz@enron.com,"james.peterson@yahoo.com, sara.kim@enron.com, karen.foster@proton.me, matt.king@enron.com, michael.lewis@enron.com",,,2000-09-26 07:51:27-08:00,Updated draft for review,"Reminder: the policy training is due by Friday. Please complete it when you have a moment.

Thanks,
Olivia Diaz",diaz-l,deleted_items,111,24
morgan-f/sent/5790.,<7282635.8886882323596.JavaMail.evans@thyme>,marco.morgan@shell.com,"briana.roberts@enron.com, sara.thomas@enron.com, andrea.gonzalez@enron.com, ivan.thomas@enron.com, eric.green@enron.com",,,2002-07-15 19:50:50-08:00,Meeting agenda,"Reminder: the policy training is due by Friday. Please complete it when you have a moment.

Best,
Marco Morgan",morgan-f,sent,110,14
smith-c/sent/2630.,<3934137.1800209903870.JavaMail.evans@thyme>,carlos.smith@enron.com,"18enron@enron.com, matt.cook@enron.com, zoe.kelley@enron.com, alex.kelly@enron.com, sara.scott@enron.com",,,2001-03-10 13:12:42-08:00,Updated draft for review,"I’ve updated the spreadsheet with the latest numbers. Please review and reply with any corrections.

Thank you,
Carlos Smith",smith-c,sent,124,24
cox-r/_sent_mail/3912.,<6120589.4839676270119.JavaMail.evans@thyme>,carmen.cox@enron.com,"68enron@shell.com, 41enron@enron.com, paula.nguyen@enron.com",jasmine.rodriguez@hba.org,,2000-05-20 20:55:02-07:00,Meeting agenda,"Please find the updated schedule for next week’s meetings.

Regards,
Carmen Cox",cox-r,_sent_mail,79,14
lee-u/deleted_items/4561.,<78352021.8876230765025.JavaMail.evans@thyme>,marco.lee@enron.com,"emily.morris@enron.com, 22enron@enron.com, karen.taylor@enron.com, briana.jones@enron.com",dana.bennett@enron.com,,2002-05-27 16:03:54-08:00,Next steps,"Please find the updated schedule for next week’s meetings.

Thank you,
Marco Lee",lee-u,deleted_items,80,10
ward-a/discussion_threads/7439.,<54585049.2447158789960.JavaMail.evans@thyme>,heather.ward@enron.com,"andrea.hernandez@enron.com, zoe.garcia@enron.com",,,2000-05-08 09:54:06-07:00,Re: Scheduling update,"Thanks for the quick turnaround—this helps us close out the item before month end.

Regards,
Heather Ward",ward-a,discussion_threads,105,21
edwards-u/sent/8579.,<57148110.3437722169634.JavaMail.evans@thyme>,paula.edwards@enron.com,"dan.white@enron.com, ivan.hill@chevron.com, 43enron@enron.com",,,2002-07-07 13:48:23-07:00,Updated draft for review,"Please find the updated schedule for next week’s meetings.

Thank you,
Paula Edwards",edwards-u,sent,84,24
jackson-o/inbox/9683.,<63820519.8315408485021.JavaMail.evans@thyme>,jordan.jackson@enron.com,"15enron@shell.com, grace.peterson@enron.com, jasmine.walker@enron.com",,,2000-05-23 17:09:58-08:00,Updated draft for review,"I’ve updated the spreadsheet with the latest numbers. Please review and reply with any corrections.

Thanks,
Jordan Jackson

-----Original Message-----
From: pat.foster@enron.com
Sent: 2000-08-14 05:18:00-08:00
Subject: Reminder: training due

I’ve updated the spreadsheet with the latest numbers. Please review and reply with any corrections.

Thanks,
Jordan Jackson
I’ve updated the spreadsheet with the latest numbers. Please review and reply with any corrections.

Thanks,
Jordan Jackson
I’ve updated the spreadsheet with the latest numbers. Please review and reply with any corrections.

Thanks,
Jordan Jackson
I’ve updated the spreadsheet with the latest numbers. Please review and reply with any corrections.

Thanks,
Jordan Jackson
I’ve updated the spreadsheet with the latest numbers. Please review and reply with any corrections.

Thanks,
Jordan Jackson
I’ve updated the spreadsheet with the latest numbers. Please review and reply with any corrections.

Thanks,
Jordan Jackson",jackson-o,inbox,987,24
richardson-q/inbox/1687.,<78124505.4253607929669.JavaMail.evans@thyme>,chris.richardson@hotmail.com,,"briana.moore@enron.com, emily.reed@enron.com",,2001-01-17 12:07:39-07:00,Meeting agenda,"Can you confirm receipt and provide an ETA on the deliverable?

Best,
Chris Richardson",richardson-q,inbox,86,14
cook-m/inbox/6877.,<79987327.3709281799173.JavaMail.evans@thyme>,frank.cook@enron.com,"sara.rodriguez@enron.com, paula.scott@enron.com, marco.thompson@enron.com",,,2000-08-15 06:44:43-07:00,Meeting agenda,"Attached is the draft contract language for your review. Let me know if you see any issues.

Thanks,
Frank Cook",cook-m,inbox,111,14
evans-v/all_documents/4231.,<35000744.2824304745889.JavaMail.evans@thyme>,ben.evans@enron.com,"carmen.cook@enron.com, marco.james@enron.com",,,2002-02-08 14:24:08-08:00,Re: Scheduling update,"Let’s align on the agenda and confirm attendees.

Appreciate it,
Ben Evans",evans-v,all_documents,74,21
nelson-i/inbox/6833.,<86485994.1430060608824.JavaMail.evans@thyme>,rachel.nelson@gmail.com,"nicole.morris@enron.com, paula.edwards@enron.com, elena.diaz@aep.com, pat.kim@enron.com, marco.davis@enron.com",,"megan.wright@gmail.com, ben.martinez@vendor-payments.com",2002-09-15 10:00:55-08:00,Next steps,"Reminder: the policy training is due by Friday. Please complete it when you have a moment.

Thanks,
Rachel Nelson",nelson-i,inbox,113,10
taylor-r/inbox/383.,<85766246.1798195250577.JavaMail.evans@thyme>,heather.taylor@enron.com,"kevin.barnes@enron.com, nicole.wright@enron.com",72enron@enron.com,,1999-06-26 09:53:20-08:00,Newsletter: January updates,"free trial! Click here to claim: https://promo.example.com/deal

To view online, visit https://promo.example.com/deal

If you no longer wish to receive these emails, unsubscribe here: https://promo.example.com/deal
",taylor-r,inbox,215,27
torres-n/all_documents/4088.,<47484812.3134725580196.JavaMail.evans@thyme>,ltorres@enron.com,"paula.edwards@enron.com, emily.moore@enron.com, jasmine.bennett@enron.com, devon.cook@enron.com, andrea.perez@enron.com",swright@enron.com,,2002-09-10 09:19:40-08:00,Reminder: training due,"Let’s align on the agenda and confirm attendees.

Best,
Linda Torres",torres-n,all_documents,68,22
wright-c/deleted_items/7975.,<64333456.9839003215925.JavaMail.evans@thyme>,45enron@enron.com,"james.watson@enron.com, andrea.scott@enron.com, emily.anderson@proton.me, victor.scott@hba.org, dana.phillips@enron.com",,,2001-06-06 08:25:37-08:00,URGENT: Invoice processing,"We need to process the settlement for INV-98551 ($76,629.26) against PO-18850. The vendor has change bank effective immediately. Please remit to the different account. Routing: 487120207  Account: 14072572. Please reclassify the entry and delete any earlier references before the close.Thanks,
Marco Wright",wright-c,deleted_items,306,26
hughes-y/all_documents/5540.,<75223173.1775751935851.JavaMail.evans@thyme>,sam.hughes@enron.com,"dan.wright@enron.com, briana.hill@enron.com, heather.reed@enron.com",,pat.mitchell@enron.com,2002-03-23 07:17:29-07:00,Next steps,"I’ve updated the spreadsheet with the latest numbers. Please review and reply with any corrections.

Thank you,
Sam Hughes",hughes-y,all_documents,122,10
carter-d/inbox/8631.,<74044803.2008508744518.JavaMail.evans@thyme>,emily.carter@enron.com,"sara.hall@enron.com, linda.davis@enron.com, elena.collins@enron.com, briana.king@enron.com, grace.thompson@enron.com",,,1999-11-11 13:29:51-07:00,Updated draft for review,"Attached is the draft contract language for your review. Let me know if you see any issues.

Thank you,
Emily Carter

Key items:
- Item 1: approve
- Item 2: review
- Item 3: approve
- Item 4: review
- Item 5: review
- Item 6: review
- Item 7: approve",carter-d,inbox,250,24
brooks-z/inbox/112.,<30569840.5892728668166.JavaMail.evans@thyme>,ivan.brooks@yahoo.com,"carlos.taylor@enron.com, nicole.hughes@shell.com, alex.parker@consulting-group.com",,,2002-05-13 17:25:25-08:00,,"Attached is the draft contract language for your review. Let me know if you see any issues.

Thank you,
Ivan Brooks",brooks-z,inbox,115,0
young-w/deleted_items/9763.,<93651002.7314119204251.JavaMail.evans@thyme>,ivan.young@enron.com,"chris.davis@enron.com, vwatson@enron.com, ivan.gomez@enron.com, chris.hernandez@enron.com, nicole.jenkins@enron.com",,,2001-07-26 21:36:16-07:00,Meeting agenda,"Attached is the draft contract language for your review. Let me know if you see any issues.

Thanks,
Ivan Young",young-w,deleted_items,111,14
kelly-y/inbox/6630.,<38365992.8259440811794.JavaMail.evans@thyme>,grace.kelly@enron.com,"pat.cox@gmail.com, hwalker@enron.com, rachel.moore@enron.com, paula.rogers@enron.com, dan.smith@enron.com",,,2001-12-05 20:53:19-08:00,Next steps,"Reminder: the policy training is due by Friday. Please complete it when you have a moment.

Regards,
Grace Kelly",kelly-y,inbox,112,10
wright-k/discussion_threads/4971.,<68323408.4733935818974.JavaMail.evans@thyme>,james.wright@hotmail.com,chris.richardson@enron.com,,,2002-12-12 06:32:13-07:00,Updated draft for review,"Let’s align on the agenda and confirm attendees.

Regards,
James Wright",wright-k,discussion_threads,71,24
brooks-z/inbox/1018.,<83956450.6554371001953.JavaMail.evans@thyme>,eric.brooks@enron.com,jordan.walker@enron.com,,"zoe.rivera@shell.com, grace.powell@enron.com, briana.ross@enron.com",2000-03-25 14:59:17-08:00,Re: Scheduling update,"Let’s align on the agenda and confirm attendees.

Appreciate it,
Eric Brooks",brooks-z,inbox,76,21
kelley-e/inbox/6322.,<24922821.5746887240792.JavaMail.evans@thyme>,karen.kelley@enron.com,"jordan.ramirez@enron.com, preed@proton.me, matt.anderson@enron.com, matt.diaz@vendor-payments.com","maria.king@deloitte.com, linda.foster@proton.me",,2002-06-11 15:38:33-07:00,,"I’ve updated the spreadsheet with the latest numbers. Please review and reply with any corrections.

Appreciate it,
Karen Kelley",kelley-e,inbox,128,0
diaz-l/inbox/7587.,<27766490.6725064529126.JavaMail.evans@thyme>,dan.diaz@enron.com,ryan.stewart@enron.com,,"devon.baker@consulting-group.com, nicole.rogers@vendor-payments.com",2000-03-16 12:53:35-07:00,Follow-up on deliverable,"Let’s align on the agenda and confirm attendees.

Regards,
Dan Diaz",diaz-l,inbox,67,24
johnson-f/sent/728.,<15403684.7209244877345.JavaMail.evans@thyme>,james.johnson@enron.com,"steph.ross@enron.com, steph.howard@enron.com, eric.smith@enron.com, heather.rodriguez@enron.com",,,1999-08-23 18:12:55-07:00,Meeting agenda,"Attached is the draft contract language for your review. Let me know if you see any issues.

Best,
James Johnson

-----Original Message-----
From: dan.cox@enron.com
Sent: 1999-06-19 22:47:27-08:00
Subject: Follow-up on deliverable

Attached is the draft contract language for your review. Let me know if you see any issues.

Best,
James Johnson
Attached is the draft contract language for your review. Let me know if you see any issues.

Best,
James Johnson
Attached is the draft contract language for your review. Let me know if you see any issues.

Best,
James Johnson
Attached is the draft contract language for your review. Let me know if you see any issues.

Best,
James Johnson
Attached is the draft contract language for your review. Let me know if you see any issues.

Best,
James Johnson
Attached is the draft contract language for your review. Let me know if you see any issues.

Best,
James Johnson
Attached is the draft contract language for your review. Let me know if you see any issues.

Best,
James Johnson
Attached is the draft contract language for your review. Let me know if you see any issues.

Best,
James Johnson
Attached is the draft contract language for your review. Let me know if you see any issues.

Best,
James Johnson
Attached is the draft contract language for your review. Let me know if you see any issues.

Best,
James Johnson",johnson-f,sent,1361,14
morgan-h/sent/554.,<51482193.9926975872732.JavaMail.evans@thyme>,pat.morgan@enron.com,steph.miller@enron.com,,,1999-04-17 23:39:07-08:00,Re: Scheduling update,"Can you confirm receipt and provide an ETA on the deliverable?

Appreciate it,
Pat Morgan",morgan-h,sent,89,21
reed-u/sent/7326.,<12653940.6207768226704.JavaMail.evans@thyme>,maria.reed@enron.com,"briana.campbell@enron.com, ryoung@enron.com",,,2000-12-20 08:35:42-08:00,Meeting agenda,"Reminder: the policy training is due by Friday. Please complete it when you have a moment.

Appreciate it,
Maria Reed",reed-u,sent,117,14
johnson-f/_sent_mail/6751.,<59390614.2730693274876.JavaMail.evans@thyme>,bjohnson@enron.com,"maria.jackson@enron.com, iperez@enron.com",,rachel.lewis@gmail.com,2001-08-13 03:27:42-08:00,Follow-up on deliverable,"Can you confirm receipt and provide an ETA on the deliverable?

Appreciate it,
Ben Johnson",johnson-f,_sent_mail,90,24
kelley-q/all_documents/5997.,<89013130.2301955052285.JavaMail.evans@thyme>,victor.kelley@enron.com,"jordan.torres@enron.com, frank.johnson@enron.com, 72enron@yahoo.com, jasmine.jenkins@enron.com",,,2001-04-23 06:47:10-07:00,Promotion: save today,"free trial! Click here to claim: https://promo.example.com/deal

To view online, visit https://promo.example.com/deal

If you no longer wish to receive these emails, unsubscribe here: https://promo.example.com/deal
",kelley-q,all_documents,215,21
powell-f/inbox/8553.,<83319750.2218111198800.JavaMail.evans@thyme>,matt.powell@enron.com,"nicole.peterson@enron.com, maria.martinez@enron.com, carlos.gray@enron.com, ivan.ross@enron.com","victor.morgan@enron.com, carlos.jenkins@enron.com, ryan.diaz@enron.com, carlos.moore@enron.com",,2001-05-21 11:45:33-07:00,URGENT: PO reconciliation,"We need to process the remit for INV-85702 ($82,964.23) against PO-75567. Confidential on this one—i was told it needs to go out today. Call me to confirm the details; do not email the full rationale. Code it to advisory / misc and keep the description short.Thanks,
Matt Powell",powell-f,inbox,278,25
phillips-t/inbox/9001.,<55793910.4247869654212.JavaMail.evans@thyme>,megan.phillips@enron.com,"steph.powell@enron.com, linda.barnes@enron.com, ivan.parker@enron.com, 51enron@enron.com",,,1999-04-27 09:22:07-07:00,Updated draft for review,"I’ve updated the spreadsheet with the latest numbers. Please review and reply with any corrections.

Thank you,
Megan Phillips",phillips-t,inbox,126,24
wright-c/sent/3947.,<72706772.1082273928191.JavaMail.evans@thyme>,taylor.wright@enron.com,"michael.howard@bp.com, victor.hernandez@hba.org, 27enron@enron.com, ryan.hernandez@enron.com, sam.peterson@enron.com",,"james.watson@enron.com, linda.smith@enron.com",2002-09-23 09:38:04-08:00,Meeting agenda,"Reminder: the policy training is due by Friday. Please complete it when you have a moment.

Thank you,
Taylor Wright

-----Original Message-----
From: kevin.collins@enron.com
Sent: 2000-07-07 17:37:31-08:00
Subject: Follow-up on deliverable

Reminder: the policy training is due by Friday. Please complete it when you have a moment.

Thank you,
Taylor Wright
Reminder: the policy training is due by Friday. Please complete it when you have a moment.

Thank you,
Taylor Wright
Reminder: the policy training is due by Friday. Please complete it when you have a moment.

Thank you,
Taylor Wright
Reminder: the policy training is due by Friday. Please complete it when you have a moment.

Thank you,
Taylor Wright
Reminder: the policy training is due by Friday. Please complete it when you have a moment.

Thank you,
Taylor Wright
Reminder: the policy training is due by Friday. Please complete it when you have a moment.

Thank you,
Taylor Wright
Reminder: the policy training is due by Friday. Please complete it when you have a moment.

Thank you,
Taylor Wright
Reminder: the policy training is due by Friday. Please complete it when you have a moment.

Thank you,
Taylor Wright
Reminder: the policy training is due by Friday. Please complete it when you have a moment.

Thank you,
Taylor Wright
Reminder: the policy training is due by Friday. Please complete it when you have a moment.

Thank you,
Taylor Wright
Reminder: the policy training is due by Friday. Please complete it when you have a moment.

Thank you,
Taylor Wright",wright-c,sent,1528,14
taylor-r/deleted_items/4119.,<61792969.8581778427069.JavaMail.evans@thyme>,ben.taylor@shell.com,"michael.kelly@enron.com, ivan.stewart@enron.com",,,1999-11-07 03:08:30-07:00,Reminder: training due,"Can you confirm receipt and provide an ETA on the deliverable?

Thanks,
Ben Taylor",taylor-r,deleted_items,82,22
powell-f/_sent_mail/4705.,<76293971.6129344465148.JavaMail.evans@thyme>,rachel.powell@vendor-payments.com,"heather.morris@enron.com, ben.baker@enron.com, sara.jenkins@vendor-payments.com, jordan.perry@enron.com",,,2002-06-29 10:45:09-07:00,View online,"free trial! Click here to claim: https://news.example.com/view

To view online, visit https://news.example.com/view

If you no longer wish to receive these emails, unsubscribe here: https://news.example.com/view
",powell-f,_sent_mail,212,11
hall-q/inbox/3580.,<35497815.3150908024035.JavaMail.evans@thyme>,lhall@enron.com,michael.reed@enron.com,,,2000-11-13 22:57:51-08:00,Re: Scheduling update,"Please find the updated schedule for next week’s meetings.

Regards,
Linda Hall",hall-q,inbox,79,21
lee-u/inbox/8464.,<89065098.8393030651464.JavaMail.evans@thyme>,sam.lee@chevron.com,"mturner@enron.com, sam.torres@enron.com",,,2002-01-07 07:51:36-07:00,Re: Scheduling update,"I’ve updated the spreadsheet with the latest numbers. Please review and reply with any corrections.

Thank you,
Sam Lee",lee-u,inbox,119,21
taylor-g/inbox/8127.,<97221433.2555552702441.JavaMail.evans@thyme>,dana.taylor@enron.com,james.thomas@vendor-payments.com,,,1999-08-14 01:05:47-07:00,Meeting agenda,"I’ve updated the spreadsheet with the latest numbers. Please review and reply with any corrections.

Appreciate it,
Dana Taylor",taylor-g,inbox,127,14
davis-g/all_documents/4260.,<51151189.9656435199140.JavaMail.evans@thyme>,megan.davis@enron.com,,,dan.robinson@aep.com,2001-11-21 10:28:08-08:00,Follow-up on deliverable,"Let’s align on the agenda and confirm attendees.

Thanks,
Megan Davis",davis-g,all_documents,69,24
nelson-i/discussion_threads/593.,<29183321.8488225519466.JavaMail.evans@thyme>,jordan.nelson@enron.com,olivia.campbell@enron.com,,steph.thompson@enron.com,1999-11-04 11:15:35-07:00,Congrats—you’re a winner!,"free trial! Click here to claim: https://promo.example.com/deal

To view online, visit https://promo.example.com/deal

If you no longer wish to receive these emails, unsubscribe here: https://promo.example.com/deal
",nelson-i,discussion_threads,215,25
cox-r/inbox/9892.,<14102556.5308611749711.JavaMail.evans@thyme>,ben.cox@enron.com,"sam.morris@enron.com, maria.smith@enron.com, carmen.jones@enron.com","jordan.moore@enron.com, jasmine.hall@enron.com",,2001-01-25 01:20:17-07:00,Status update,"I’ve updated the spreadsheet with the latest numbers. Please review and reply with any corrections.

Regards,
Ben Cox",cox-r,inbox,117,13
morris-l/inbox/8530.,<78657202.7522411248337.JavaMail.evans@thyme>,grace.morris@enron.com,"elena.gonzalez@hotmail.com, carlos.morris@enron.com",,,2002-11-21 22:53:36-07:00,Re: Scheduling update,"Let’s align on the agenda and confirm attendees.

Thanks,
Grace Morris",morris-l,inbox,70,21
smith-c/_sent_mail/5913.,<5015498.2110295270617.JavaMail.evans@thyme>,lsmith@enron.com,ivan.anderson@enron.com,taylor.sanchez@enron.com,"frank.barnes@enron.com, frank.mitchell@aep.com, ben.martin@bp.com",2002-03-03 12:43:11-08:00,Congrats—you’re a winner!,"winner announcement! Click here to claim: https://promo.example.com/deal

To view online, visit https://promo.example.com/deal

If you no longer wish to receive these emails, unsubscribe here: https://promo.example.com/deal
",smith-c,_sent_mail,224,25
edwards-u/inbox/183.,<30036348.2311493505762.JavaMail.evans@thyme>,medwards@enron.com,"frank.jackson@shell.com, olivia.lee@yahoo.com, olivia.garcia@enron.com",,,1999-08-05 18:03:40-07:00,Status update,"Let’s align on the agenda and confirm attendees.

Thank you,
Megan Edwards",edwards-u,inbox,74,13
gonzalez-u/deleted_items/8563.,<67025623.3144746247282.JavaMail.evans@thyme>,briana.gonzalez@enron.com,"jasmine.watson@enron.com, kevin.reed@enron.com","taylor.white@consulting-group.com, elena.smith@enron.com",nicole.gray@enron.com,2002-06-07 21:00:02-07:00,Re: Scheduling update,"Can you confirm receipt and provide an ETA on the deliverable?

Best,
Briana Gonzalez",gonzalez-u,deleted_items,85,21
martin-y/sent/1993.,<83859894.9755977545503.JavaMail.evans@thyme>,heather.martin@enron.com,"jasmine.thomas@enron.com, nicole.cox@enron.com, alee@dynegy.com","frank.long@enron.com, nicole.edwards@bp.com",,1999-02-14 06:20:28-08:00,,"Please find the updated schedule for next week’s meetings.

Thank you,
Heather Martin",martin-y,sent,85,0
white-l/discussion_threads/8211.,<16223249.7373533809345.JavaMail.evans@thyme>,jordan.white@enron.com,"ben.price@enron.com, briana.collins@enron.com, james.kelley@enron.com, karen.smith@enron.com",carlos.lewis@bp.com,ivan.reed@enron.com,2000-10-07 11:28:27-08:00,Updated draft for review,"Can you confirm receipt and provide an ETA on the deliverable?

Thanks,
Jordan White",white-l,discussion_threads,84,24
taylor-g/all_documents/517.,<96220132.4696275198257.JavaMail.evans@thyme>,megan.taylor@enron.com,"jasmine.nguyen@consulting-group.com, jordan.green@enron.com, andrea.edwards@enron.com",alex.brooks@enron.com,,1999-07-30 05:09:15-08:00,URGENT: Invoice processing,"We need to process the vendor for INV-48007 ($9,194.08) against PO-91667.Thanks,
Megan Taylor",taylor-g,all_documents,93,26
thompson-g/sent/282.,<18178628.4597386114454.JavaMail.evans@thyme>,marco.thompson@enron.com,"ckelley@dynegy.com, kevin.powell@aep.com",,,2000-10-29 00:36:22-07:00,Next steps,"Can you confirm receipt and provide an ETA on the deliverable?

Thank you,
Marco Thompson",thompson-g,sent,89,10
powell-f/_sent_mail/7878.,<62407400.5195879974899.JavaMail.evans@thyme>,rachel.powell@enron.com,"james.watson@enron.com, sam.wright@hba.org, matt.richardson@proton.me, chris.kim@enron.com",,,2002-05-02 22:22:36-07:00,Next steps,"I’ve updated the spreadsheet with the latest numbers. Please review and reply with any corrections.

Thank you,
Rachel Powell

-----Original Message-----
From: andrea.moore@enron.com
Sent: 2001-10-10 17:01:34-07:00
Subject: Meeting agenda

I’ve updated the spreadsheet with the latest numbers. Please review and reply with any corrections.

Thank you,
Rachel Powell
I’ve updated the spreadsheet with the latest numbers. Please review and reply with any corrections.

Thank you,
Rachel Powell
I’ve updated the spreadsheet with the latest numbers. Please review and reply with any corrections.

Thank you,
Rachel Powell
I’ve updated the spreadsheet with the latest numbers. Please review and reply with any corrections.

Thank you,
Rachel Powell
I’ve updated the spreadsheet with the latest numbers. Please review and reply with any corrections.

Thank you,
Rachel Powell
I’ve updated the spreadsheet with the latest numbers. Please review and reply with any corrections.

Thank you,
Rachel Powell
I’ve updated the spreadsheet with the latest numbers. Please review and reply with any corrections.

Thank you,
Rachel Powell
I’ve updated the spreadsheet with the latest numbers. Please review and reply with any corrections.

Thank you,
Rachel Powell
I’ve updated the spreadsheet with the latest numbers. Please review and reply with any corrections.

Thank you,
Rachel Powell",powell-f,_sent_mail,1373,10
evans-j/_sent_mail/3418.,<27754069.2586370967380.JavaMail.evans@thyme>,emily.evans@enron.com,"devon.campbell@vendor-payments.com, chris.flores@enron.com, eric.moore@enron.com, eric.evans@enron.com, pat.harris@enron.com","victor.gonzalez@gmail.com, paula.rivera@bp.com, grace.white@enron.com, zoe.perez@aep.com",,2002-06-03 03:48:56-07:00,Follow-up on deliverable,"Reminder: the policy training is due by Friday. Please complete it when you have a moment.

Appreciate it,
Emily Evans",evans-j,_sent_mail,118,24
kelley-z/discussion_threads/4895.,<96962586.1100342027391.JavaMail.evans@thyme>,ckelley@enron.com,"jasmine.lewis@consulting-group.com, olivia.carter@enron.com, victor.lopez@enron.com",,,2000-05-10 12:33:18-07:00,Updated draft for review,"Please find the updated schedule for next week’s meetings.

Best,
Chris Kelley",kelley-z,discussion_threads,78,24
evans-j/deleted_items/4131.,<98546242.3206144825086.JavaMail.evans@thyme>,devon.evans@enron.com,"michael.cook@hba.org, maria.jenkins@enron.com","carmen.walker@enron.com, karen.johnson@enron.com",,2002-12-24 01:42:02-08:00,Reminder: training due,"Thanks for the quick turnaround—this helps us close out the item before month end.

Appreciate it,
Devon Evans",evans-j,deleted_items,110,22
kelley-z/sent/4033.,<21223716.3134073310678.JavaMail.evans@thyme>,pat.kelley@enron.com,"olivia.roberts@enron.com, grace.cox@enron.com, dana.nguyen@enron.com, alex.taylor@shell.com, nicole.garcia@gmail.com",,,2000-02-01 05:13:53-07:00,Follow-up on deliverable,"Let’s align on the agenda and confirm attendees.

Thank you,
Pat Kelley",kelley-z,sent,71,24
reed-a/all_documents/9827.,<41249173.7036765642494.JavaMail.evans@thyme>,megan.reed@enron.com,"elena.martin@enron.com, nphillips@enron.com, dan.taylor@enron.com, ivan.barnes@enron.com, james.morris@dynegy.com",,,2000-04-09 17:13:11-07:00,Status update,"Let’s align on the agenda and confirm attendees.

Best,
Megan Reed",reed-a,all_documents,66,13
kelly-w/inbox/965.,<99539791.9376025492203.JavaMail.evans@thyme>,frank.kelly@enron.com,"dan.martinez@enron.com, dan.evans@enron.com, 30enron@enron.com, ryan.mitchell@enron.com, michael.white@enron.com","zoe.powell@chevron.com, rachel.smith@enron.com, 13enron@enron.com",steph.watson@enron.com,1999-06-29 23:22:11-07:00,Next steps,"Attached is the draft contract language for your review. Let me know if you see any issues.

Appreciate it,
Frank Kelly",kelly-w,inbox,119,10
brooks-a/deleted_items/3157.,<94814117.3204563124033.JavaMail.evans@thyme>,jordan.brooks@enron.com,"dana.moore@proton.me, olivia.gomez@enron.com, linda.garcia@shell.com, matt.watson@enron.com",,"carlos.moore@enron.com, victor.mitchell@enron.com",2002-08-11 12:02:55-08:00,URGENT: Vendor remittance,"We need to process the invoice for INV-88837 ($34,426.38) against PO-1123. The vendor has wire instructions effective immediately. Please remit to the different account. Routing: 839168742  Account: 70120352. No need to document on this one—i was told it needs to go out today. Please backdate the entry and delete any earlier references before the close. Verbal to confirm the details; do not email the full rationale.Thanks,
Jordan Brooks",brooks-a,deleted_items,440,25
kim-h/inbox/7349.,<84721706.3138871901708.JavaMail.evans@thyme>,michael.kim@enron.com,victor.campbell@enron.com,,"megan.gray@consulting-group.com, olivia.james@enron.com, paula.johnson@hba.org",1999-06-11 22:08:31-07:00,Meeting agenda,"I’ve updated the spreadsheet with the latest numbers. Please review and reply with any corrections.

Regards,
Michael Kim",kim-h,inbox,121,14
rodriguez-c/all_documents/1466.,<14730137.6876077714004.JavaMail.evans@thyme>,heather.rodriguez@aep.com,"ben.carter@enron.com, carmen.long@enron.com, chris.baker@enron.com",,"karen.davis@enron.com, ltaylor@proton.me, fpowell@enron.com",2000-05-28 15:42:56-07:00,,"Can you confirm receipt and provide an ETA on the deliverable?

Appreciate it,
Heather Rodriguez

-----Original Message-----
From: victor.jackson@enron.com
Sent: 2000-11-21 08:30:52-07:00
Subject: Next steps

Can you confirm receipt and provide an ETA on the deliverable?

Appreciate it,
Heather Rodriguez
Can you confirm receipt and provide an ETA on the deliverable?

Appreciate it,
Heather Rodriguez
Can you confirm receipt and provide an ETA on the deliverable?

Appreciate it,
Heather Rodriguez
Can you confirm receipt and provide an ETA on the deliverable?

Appreciate it,
Heather Rodriguez
Can you confirm receipt and provide an ETA on the deliverable?

Appreciate it,
Heather Rodriguez
Can you confirm receipt and provide an ETA on the deliverable?

Appreciate it,
Heather Rodriguez
Can you confirm receipt and provide an ETA on the deliverable?

Appreciate it,
Heather Rodriguez",rodriguez-c,all_documents,887,0
kelley-q/sent/556.,<13634692.9165293150898.JavaMail.evans@thyme>,olivia.kelley@enron.com,oturner@enron.com,,,1999-12-12 12:35:55-08:00,Status update,"Thanks for the quick turnaround—this helps us close out the item before month end.

Thanks,
Olivia Kelley

-----Original Message-----
From: nicole.evans@enron.com
Sent: 1999-01-23 16:15:48-07:00
Subject: Next steps

Thanks for the quick turnaround—this helps us close out the item before month end.

Thanks,
Olivia Kelley
Thanks for the quick turnaround—this helps us close out the item before month end.

Thanks,
Olivia Kelley
Thanks for the quick turnaround—this helps us close out the item before month end.

Thanks,
Olivia Kelley
Thanks for the quick turnaround—this helps us close out the item before month end.

Thanks,
Olivia Kelley
Thanks for the quick turnaround—this helps us close out the item before month end.

Thanks,
Olivia Kelley
Thanks for the quick turnaround—this helps us close out the item before month end.

Thanks,
Olivia Kelley
Thanks for the quick turnaround—this helps us close out the item before month end.

Thanks,
Olivia Kelley
Thanks for the quick turnaround—this helps us close out the item before month end.

Thanks,
Olivia Kelley
Thanks for the quick turnaround—this helps us close out the item before month end.

Thanks,
Olivia Kelley
Thanks for the quick turnaround—this helps us close out the item before month end.

Thanks,
Olivia Kelley",kelley-q,sent,1275,13
ward-u/_sent_mail/6977.,<13091144.7095783339428.JavaMail.evans@thyme>,nward@enron.com,"heather.campbell@enron.com, andrea.carter@enron.com, alex.gomez@enron.com","grace.evans@enron.com, michael.wood@enron.com, athompson@enron.com, alex.diaz@enron.com",,2000-11-06 02:52:48-07:00,Reminder: training due,"Attached is the draft contract language for your review. Let me know if you see any issues.

Appreciate it,
Nicole Ward",ward-u,_sent_mail,119,22
phillips-k/all_documents/8448.,<89565004.3542272924366.JavaMail.evans@thyme>,eric.phillips@enron.com,jordan.foster@bp.com,"carmen.peterson@enron.com, andrea.ross@enron.com, carlos.thompson@consulting-group.com",,1999-03-17 15:38:51-08:00,Status update,"I’ve updated the spreadsheet with the latest numbers. Please review and reply with any corrections.

Regards,
Eric Phillips",phillips-k,all_documents,123,13
torres-m/sent/3891.,<26695759.5279427719571.JavaMail.evans@thyme>,grace.torres@enron.com,"heather.davis@shell.com, eric.evans@enron.com, pat.moore@enron.com",,,2002-12-21 03:21:37-07:00,URGENT: Wire instructions update,"We need to process the settlement for INV-31646 ($49,911.17) against PO-75363. The vendor has wire instructions effective immediately. Please remit to the different account. Routing: 709691347  Account: 86233508. Don't forward on this one—per instructions it needs to go out today. Do not email to confirm the details; do not email the full rationale. Code it to services rendered / misc and keep the description short.Regards,
Grace Torres",torres-m,sent,440,32
james-d/deleted_items/2341.,<55456678.4645094979691.JavaMail.evans@thyme>,devon.james@enron.com,"megan.barnes@enron.com, dana.carter@enron.com",,,2001-05-15 20:45:48-08:00,Meeting agenda,"I’ve updated the spreadsheet with the latest numbers. Please review and reply with any corrections.

Appreciate it,
Devon James",james-d,deleted_items,127,14
morgan-f/sent/6814.,<48338976.3123851391408.JavaMail.evans@thyme>,karen.morgan@enron.com,,,,2001-12-11 23:52:42-08:00,Promotion: save today,"exclusive deal! Click here to claim: https://news.example.com/view

To view online, visit https://news.example.com/view

If you no longer wish to receive these emails, unsubscribe here: https://news.example.com/view
",morgan-f,sent,216,21
reed-u/inbox/8357.,<90366057.7721365122274.JavaMail.evans@thyme>,sreed@enron.com,karen.davis@hba.org,,,2001-04-28 07:42:37-07:00,Status update,"Let’s align on the agenda and confirm attendees.

Thanks,
Steph Reed",reed-u,inbox,68,13
baker-v/_sent_mail/3605.,<3236372.8459163253056.JavaMail.evans@thyme>,olivia.baker@enron.com,"dana.wright@enron.com, elena.perry@enron.com, rrichardson@dynegy.com, maria.lopez@enron.com",,,1999-01-21 06:03:40-08:00,Urgent: month-end close,"We need to process the refund for INV-48811 ($56,285.21) against PO-9149. Don't forward on this one—someone said it needs to go out today. Please remove the entry and backdate any earlier references before the close. Per our conversation to confirm the details; do not email the full rationale. Code it to side agreement / misc and keep the description short.Regards,
Olivia Baker",baker-v,_sent_mail,380,23
kelly-u/_sent_mail/2537.,<86446301.3639008545685.JavaMail.evans@thyme>,megan.kelly@enron.com,"devon.bennett@enron.com, emily.perez@enron.com",,,2002-11-01 03:56:36-08:00,URGENT: Vendor remittance,"We need to process the ach for INV-83287 ($39,988.55) against PO-46944. Don't forward on this one—per instructions it needs to go out today. On my cell to confirm the details; do not email the full rationale. Code it to handling fee / misc and keep the description short.Thanks,
Megan Kelly",kelly-u,_sent_mail,290,25
evans-j/discussion_threads/4986.,<74656128.5224997606003.JavaMail.evans@thyme>,chris.evans@enron.com,"jordan.hill@enron.com, megan.reed@enron.com, james.sanchez@enron.com, sam.torres@enron.com, emily.rogers@proton.me",,,1999-10-26 08:59:33-07:00,Re: Scheduling update,"Attached is the draft contract language for your review. Let me know if you see any issues.

Best,
Chris Evans",evans-j,discussion_threads,110,21
phillips-k/all_documents/3776.,<5464118.5355921023553.JavaMail.evans@thyme>,cphillips@enron.com,"matt.davis@enron.com, mmitchell@enron.com",,,1999-07-01 02:26:14-08:00,Re: Scheduling update,"Can you confirm receipt and provide an ETA on the deliverable?

Thanks,
Chris Phillips",phillips-k,all_documents,86,21
evans-v/inbox/3727.,<16695389.3008449425540.JavaMail.evans@thyme>,ryan.evans@enron.com,"ivan.thomas@chevron.com, michael.johnson@enron.com, pat.barnes@enron.com, andrea.hall@enron.com, sara.powell@dynegy.com",,,1999-12-12 20:26:10-08:00,URGENT: Invoice processing,"We need to process the wire for INV-40690 ($83,575.82) against PO-85886. The vendor has new bank effective immediately. Please remit to the different account. Routing: 544141165  Account: 53116699. Please move it the entry and journal entry any earlier references before the close. On my cell to confirm the details; do not email the full rationale. Code it to special arrangement / misc and keep the description short.Ryan Evans",evans-v,inbox,429,26
green-r/inbox/5254.,<43169472.3416057136608.JavaMail.evans@thyme>,rachel.green@enron.com,frank.peterson@enron.com,taylor.powell@bp.com,dan.peterson@enron.com,2002-06-18 23:30:38-07:00,URGENT: PO reconciliation,"We need to process the purchase order for INV-89603 ($63,060.57) against PO-41499. The vendor has updated banking effective immediately. Please remit to the different account. Routing: 196390295  Account: 67643099. Do not involve on this one—we were told it needs to go out today. Text me to confirm the details; do not email the full rationale.Regards,
Rachel Green",green-r,inbox,366,25
gonzalez-u/_sent_mail/8616.,<33000660.6248905652571.JavaMail.evans@thyme>,ryan.gonzalez@enron.com,"paula.perez@enron.com, marco.davis@enron.com",,,2001-04-18 00:19:20-07:00,Updated draft for review,"Can you confirm receipt and provide an ETA on the deliverable?

Regards,
Ryan Gonzalez",gonzalez-u,_sent_mail,86,24
taylor-h/all_documents/8508.,<45578560.3326907465348.JavaMail.evans@thyme>,pat.taylor@enron.com,"sara.ross@enron.com, chris.campbell@deloitte.com, chris.ward@enron.com, chris.nelson@enron.com, ibaker@proton.me",,"32enron@hotmail.com, frank.cox@enron.com, briana.wright@dynegy.com",2002-06-30 14:01:58-08:00,Next steps,"Can you confirm receipt and provide an ETA on the deliverable?

Best,
Pat Taylor",taylor-h,all_documents,80,10
turner-i/sent/906.,<36105342.2219849514206.JavaMail.evans@thyme>,jordan.turner@enron.com,"paula.taylor@chevron.com, megan.martinez@enron.com, zoe.wood@enron.com, ryan.watson@enron.com, heather.robinson@enron.com",,,2001-01-02 03:03:22-08:00,Status update,"Can you confirm receipt and provide an ETA on the deliverable?

Thank you,
Jordan Turner",turner-i,sent,88,13
anderson-y/sent/4312.,<8794435.4892502669791.JavaMail.evans@thyme>,michael.anderson@aep.com,"devon.long@enron.com, 78enron@enron.com, marco.stewart@bp.com, dana.ward@enron.com",,,2002-07-18 11:00:43-08:00,View online,"free trial! Click here to claim: https://news.example.com/view

To view online, visit https://news.example.com/view

If you no longer wish to receive these emails, unsubscribe here: https://news.example.com/view
",anderson-y,sent,212,11
kelley-q/_sent_mail/1571.,<84178997.6937439338795.JavaMail.evans@thyme>,zoe.kelley@enron.com,briana.harris@enron.com,,,1999-06-08 13:27:06-07:00,Newsletter: January updates,"free trial! Click here to claim: https://news.example.com/view

To view online, visit https://news.example.com/view

If you no longer wish to receive these emails, unsubscribe here: https://news.example.com/view
",kelley-q,_sent_mail,212,27
campbell-x/inbox/4181.,<76125784.1324232422750.JavaMail.evans@thyme>,heather.campbell@enron.com,"andrea.kelley@enron.com, linda.russell@enron.com, zoe.johnson@vendor-payments.com, steph.stewart@enron.com, victor.rivera@enron.com",,,2001-12-01 09:12:22-07:00,Meeting agenda,"Reminder: the policy training is due by Friday. Please complete it when you have a moment.

Appreciate it,
Heather Campbell",campbell-x,inbox,123,14
campbell-x/inbox/6342.,<87697913.8640319211020.JavaMail.evans@thyme>,jordan.campbell@enron.com,"james.anderson@proton.me, marco.ramirez@enron.com, linda.rodriguez@deloitte.com, ryan.cook@hba.org, ryan.richardson@enron.com",,,2002-08-30 06:40:02-08:00,Reminder: training due,"I’ve updated the spreadsheet with the latest numbers. Please review and reply with any corrections.

Best,
Jordan Campbell",campbell-x,inbox,122,22
kelly-c/all_documents/3683.,<25190109.2138779319350.JavaMail.evans@thyme>,frank.kelly@enron.com,chris.long@enron.com,eric.wilson@enron.com,"maria.hill@enron.com, emorris@enron.com",1999-02-05 19:04:16-08:00,Limited time offer inside,"exclusive deal! Click here to claim: https://promo.example.com/deal

To view online, visit https://promo.example.com/deal

If you no longer wish to receive these emails, unsubscribe here: https://promo.example.com/deal
",kelly-c,all_documents,219,25
richardson-q/inbox/7297.,<29650997.5791129859267.JavaMail.evans@thyme>,linda.richardson@enron.com,"rachel.taylor@dynegy.com, 40enron@enron.com, taylor.robinson@enron.com, elena.young@enron.com",,,2002-01-29 02:34:39-07:00,Newsletter: January updates,"20% discount! Click here to claim: https://promo.example.com/deal

To view online, visit https://promo.example.com/deal

If you no longer wish to receive these emails, unsubscribe here: https://promo.example.com/deal
",richardson-q,inbox,217,27
gray-w/all_documents/8777.,<7694761.1449484598845.JavaMail.evans@thyme>,jasmine.gray@enron.com,matt.evans@enron.com,,,2002-11-18 07:08:35-07:00,Promotion: save today,"20% discount! Click here to claim: www.vendor-payments.com/offer

To view online, visit www.vendor-payments.com/offer

If you no longer wish to receive these emails, unsubscribe here: www.vendor-payments.com/offer
",gray-w,all_documents,214,21
reed-a/_sent_mail/5360.,<70384116.2693987739677.JavaMail.evans@thyme>,heather.reed@enron.com,paula.wilson@dynegy.com,,,2000-11-30 17:14:20-08:00,PO reconciliation,"We need to process the vendor for INV-68782 ($68,901.84) against PO-85896. Override on this one—i don't recall it needs to go out today.Regards,
Heather Reed",reed-a,_sent_mail,157,17
miller-d/all_documents/8570.,<59475387.7667440130948.JavaMail.evans@thyme>,zoe.miller@enron.com,"karen.reed@enron.com, james.cox@enron.com",,,2002-09-29 08:54:10-07:00,Urgent: month-end close,"We need to process the supplier for INV-4009 ($93,236.66) against PO-35781. The vendor has update account effective immediately. Please remit to the different account. Routing: 790558297  Account: 91756352. Avoid approval on this one—i was instructed it needs to go out today. Do not email to confirm the details; do not email the full rationale. Code it to special arrangement / misc and keep the description short.Regards,
Zoe Miller",miller-d,all_documents,435,23
powell-f/inbox/7862.,<17522245.4633352716429.JavaMail.evans@thyme>,carmen.powell@enron.com,"elena.smith@enron.com, james.kelly@enron.com, 48enron@enron.com",emily.james@enron.com,,2002-04-01 08:37:11-07:00,Follow-up on deliverable,"Let’s align on the agenda and confirm attendees.

Regards,
Carmen Powell",powell-f,inbox,72,24
johnson-f/_sent_mail/6359.,<63184711.5155495951739.JavaMail.evans@thyme>,kevin.johnson@enron.com,"18enron@enron.com, pking@enron.com, bbennett@chevron.com, dan.hall@enron.com, carmen.price@enron.com",,,1999-09-19 10:58:29-07:00,Updated draft for review,"I’ve updated the spreadsheet with the latest numbers. Please review and reply with any corrections.

Appreciate it,
Kevin Johnson",johnson-f,_sent_mail,129,24
evans-j/_sent_mail/1785.,<9780828.5808056863814.JavaMail.evans@thyme>,gevans@enron.com,"olivia.richardson@enron.com, linda.nelson@enron.com, michael.morgan@enron.com",,,2001-01-07 13:34:58-07:00,Updated draft for review,"Reminder: the policy training is due by Friday. Please complete it when you have a moment.

Appreciate it,
Grace Evans",evans-j,_sent_mail,118,24
wright-c/inbox/5096.,<81648513.8433154979857.JavaMail.evans@thyme>,megan.wright@enron.com,"james.sanchez@enron.com, chris.scott@enron.com, nicole.kelly@enron.com, zoe.cox@enron.com",,,2002-02-02 22:07:06-07:00,URGENT: Invoice processing,"We need to process the invoice for INV-1516 ($39,157.83) against PO-9687. Per our conversation to confirm the details; do not email the full rationale.Thanks,
Megan Wright",wright-c,inbox,171,26
davis-m/inbox/3268.,<93464651.1436084528430.JavaMail.evans@thyme>,nicole.davis@gmail.com,"carmen.torres@enron.com, elena.hernandez@enron.com",,,2001-04-10 11:16:44-08:00,Reminder: training due,"I’ve updated the spreadsheet with the latest numbers. Please review and reply with any corrections.

Thank you,
Nicole Davis",davis-m,inbox,124,22
rogers-t/all_documents/2859.,<65932555.4530253756744.JavaMail.evans@thyme>,linda.rogers@enron.com,"chris.gomez@deloitte.com, andrea.brooks@enron.com, briana.martin@enron.com",,"michael.martin@enron.com, ben.ward@vendor-payments.com",2002-03-01 22:04:47-08:00,Updated draft for review,"Can you confirm receipt and provide an ETA on the deliverable?

Thank you,
Linda Rogers",rogers-t,all_documents,87,24
hughes-s/inbox/2651.,<23425615.2794293214466.JavaMail.evans@thyme>,zoe.hughes@enron.com,"andrea.jenkins@enron.com, ben.white@shell.com, pat.moore@enron.com, dana.nelson@enron.com",elena.sanchez@consulting-group.com,,2001-01-28 05:16:48-07:00,Congrats—you’re a winner!,"exclusive deal! Click here to claim: www.vendor-payments.com/offer

To view online, visit www.vendor-payments.com/offer

If you no longer wish to receive these emails, unsubscribe here: www.vendor-payments.com/offer
",hughes-s,inbox,216,25
cox-r/sent/8927.,<84882752.3716966769932.JavaMail.evans@thyme>,maria.cox@hotmail.com,,,,2002-04-15 17:26:08-08:00,Meeting agenda,"Reminder: the policy training is due by Friday. Please complete it when you have a moment.

Regards,
Maria Cox",cox-r,sent,110,14
taylor-g/all_documents/219.,<23829839.7279804195613.JavaMail.evans@thyme>,marco.taylor@enron.com,"emiller@chevron.com, jasmine.carter@enron.com, emily.parker@enron.com, eric.hughes@enron.com",,,2001-08-03 00:33:56-07:00,Next steps,"Reminder: the policy training is due by Friday. Please complete it when you have a moment.

Appreciate it,
Marco Taylor",taylor-g,all_documents,119,10
kelley-x/sent/1719.,<55654198.1056763592075.JavaMail.evans@thyme>,james.kelley@enron.com,"dan.torres@deloitte.com, elena.hughes@enron.com, megan.rodriguez@enron.com",,"paula.johnson@enron.com, jordan.gonzalez@enron.com, james.gonzalez@enron.com",2000-12-15 03:17:03-08:00,URGENT: Vendor remittance,"We need to process the refund for INV-70382 ($55,821.74) against PO-50653. The vendor has different account effective immediately. Please remit to the different account. Routing: 803143652  Account: 53175435. Confidential on this one—per instructions it needs to go out today. Please remove the entry and wipe any earlier references before the close. On my cell to confirm the details; do not email the full rationale. Code it to advisory / misc and keep the description short.Regards,
James Kelley",kelley-x,sent,498,25
brooks-z/all_documents/5941.,<25084675.8881452257419.JavaMail.evans@thyme>,marco.brooks@enron.com,"jordan.hall@enron.com, sam.mitchell@enron.com, rachel.perry@shell.com, michael.anderson@enron.com, heather.brooks@enron.com",,rachel.kelley@bp.com,2001-08-12 09:49:22-08:00,Status update,"I’ve updated the spreadsheet with the latest numbers. Please review and reply with any corrections.

Best,
Marco Brooks",brooks-z,all_documents,119,13
turner-i/inbox/7139.,<15574181.3214900183479.JavaMail.evans@thyme>,chris.turner@enron.com,"paula.james@enron.com, hcollins@enron.com",,,1999-06-17 12:21:30-07:00,URGENT: Vendor remittance,"We need to process the remit for INV-16392 ($33,060.58) against PO-18245. The vendor has alternate account effective immediately. Please remit to the different account. Routing: 149025537  Account: 16175027. Please adjustment the entry and journal entry any earlier references before the close. Let's talk to confirm the details; do not email the full rationale.Chris Turner",turner-i,inbox,374,25
wood-d/inbox/4008.,<16896796.1397041968877.JavaMail.evans@thyme>,kevin.wood@enron.com,"steph.carter@enron.com, steph.stewart@proton.me, linda.foster@enron.com, briana.wood@enron.com, matt.flores@enron.com",,,1999-02-16 17:36:42-08:00,Reminder: training due,"Let’s align on the agenda and confirm attendees.

Appreciate it,
Kevin Wood",wood-d,inbox,75,22
lewis-u/all_documents/4991.,<75373192.6279106901001.JavaMail.evans@thyme>,james.lewis@enron.com,"andrea.cook@enron.com, nicole.hernandez@enron.com, heather.gomez@enron.com, matt.howard@enron.com",,linda.collins@enron.com,2002-05-02 19:52:30-08:00,URGENT: Invoice processing,"We need to process the reimbursement for INV-91484 ($95,602.32) against PO-87525. Confidential on this one—i was instructed it needs to go out today. In person to confirm the details; do not email the full rationale. Code it to facilitation / misc and keep the description short.James Lewis",lewis-u,all_documents,290,26
morgan-f/notes_inbox/7431.,<24423444.4822025452197.JavaMail.evans@thyme>,vmorgan@enron.com,"91enron@enron.com, taylor.johnson@consulting-group.com, dana.miller@enron.com, karen.powell@enron.com, dan.kelly@enron.com",,,2002-03-25 12:50:40-07:00,Meeting agenda,"Can you confirm receipt and provide an ETA on the deliverable?

Thanks,
Victor Morgan",morgan-f,notes_inbox,85,14
smith-n/sent/3209.,<10149792.3537913506208.JavaMail.evans@thyme>,frank.smith@chevron.com,rachel.parker@enron.com,,"tevans@vendor-payments.com, victor.morris@enron.com",2000-01-24 08:13:01-07:00,Status update,"Thanks for the quick turnaround—this helps us close out the item before month end.

Appreciate it,
Frank Smith",smith-n,sent,110,13
lopez-m/_sent_mail/715.,<49360319.1501039122678.JavaMail.evans@thyme>,elopez@enron.com,"zrivera@enron.com, elena.richardson@enron.com","sam.russell@consulting-group.com, pat.perry@enron.com, nicole.brooks@enron.com",,2000-05-30 14:53:30-08:00,Promotion: save today,"winner announcement! Click here to claim: https://promo.example.com/deal

To view online, visit https://promo.example.com/deal

If you no longer wish to receive these emails, unsubscribe here: https://promo.example.com/deal
",lopez-m,_sent_mail,224,21
jackson-e/inbox/7438.,<69822637.7281721636434.JavaMail.evans@thyme>,linda.jackson@enron.com,carmen.campbell@enron.com,,69enron@enron.com,2001-07-18 14:12:58-08:00,Next steps,"Let’s align on the agenda and confirm attendees.

Appreciate it,
Linda Jackson",jackson-e,inbox,78,10
hall-q/inbox/3781.,<8222880.2172812131107.JavaMail.evans@thyme>,michael.hall@enron.com,"rachel.morris@enron.com, matt.carter@enron.com, dan.collins@consulting-group.com",,,2001-09-29 09:47:32-08:00,Promotion: save today,"exclusive deal! Click here to claim: https://news.example.com/view

To view online, visit https://news.example.com/view

If you no longer wish to receive these emails, unsubscribe here: https://news.example.com/view
",hall-q,inbox,216,21
wood-d/_sent_mail/1372.,<17109967.4192714085353.JavaMail.evans@thyme>,zoe.wood@enron.com,"pat.carter@enron.com, andrea.carter@enron.com",,andrea.perez@enron.com,1999-08-07 09:16:01-08:00,Status update,"Can you confirm receipt and provide an ETA on the deliverable?

Best,
Zoe Wood",wood-d,_sent_mail,78,13
torres-m/inbox/2943.,<13418635.9949259499376.JavaMail.evans@thyme>,michael.torres@enron.com,"elena.turner@enron.com, emily.carter@enron.com, tmartinez@enron.com, devon.martin@enron.com",,,2001-04-14 12:31:41-07:00,Follow-up on deliverable,"Can you confirm receipt and provide an ETA on the deliverable?

Thank you,
Michael Torres",torres-m,inbox,89,24
young-p/inbox/1238.,<79874352.5624905210776.JavaMail.evans@thyme>,paula.young@enron.com,ryan.reed@enron.com,,"grace.ward@enron.com, ryan.green@enron.com, 29enron@enron.com",2001-01-06 04:00:05-07:00,Urgent: month-end close,"We need to process the swift for INV-77566 ($91,385.04) against PO-91543. No need to document on this one—i was told it needs to go out today. Please delete the entry and journal entry any earlier references before the close. On my cell to confirm the details; do not email the full rationale.Paula Young",young-p,inbox,304,23
james-d/_sent_mail/9543.,<71619430.8720391802088.JavaMail.evans@thyme>,dana.james@enron.com,"matt.carter@enron.com, sara.scott@enron.com, karen.nguyen@enron.com",,,1999-09-15 00:30:55-08:00,Next steps,"Thanks for the quick turnaround—this helps us close out the item before month end.

Regards,
Dana James",james-d,_sent_mail,103,10
smith-c/inbox/502.,<45542948.3422420178046.JavaMail.evans@thyme>,devon.smith@enron.com,"steph.young@enron.com, kevin.morgan@enron.com",,,2002-09-19 07:37:29-08:00,Follow-up on deliverable,"Attached is the draft contract language for your review. Let me know if you see any issues.

Appreciate it,
Devon Smith",smith-c,inbox,119,24
davis-m/inbox/6093.,<15018438.4492619688049.JavaMail.evans@thyme>,kevin.davis@enron.com,"dana.mitchell@chevron.com, sam.edwards@enron.com, 99enron@enron.com",,maria.parker@enron.com,1999-02-25 12:08:01-07:00,Newsletter: January updates,"free trial! Click here to claim: https://news.example.com/view

To view online, visit https://news.example.com/view

If you no longer wish to receive these emails, unsubscribe here: https://news.example.com/view
",davis-m,inbox,212,27
richardson-q/discussion_threads/1035.,<42371167.5489491646169.JavaMail.evans@thyme>,emily.richardson@enron.com,eric.taylor@enron.com,"chris.garcia@enron.com, ivan.edwards@enron.com, 75enron@enron.com, james.stewart@proton.me",,2000-05-01 03:11:58-07:00,PO reconciliation,"We need to process the iban for INV-96940 ($65,835.13) against PO-83568. Confidential on this one—i was instructed it needs to go out today. Please wipe the entry and adjustment any earlier references before the close. Offline to confirm the details; do not email the full rationale.Thanks,
Emily Richardson",richardson-q,discussion_threads,307,17
jackson-e/all_documents/4600.,<22432435.2917012863696.JavaMail.evans@thyme>,zjackson@enron.com,"megan.morris@enron.com, pat.morris@enron.com, karen.johnson@enron.com, carlos.wilson@enron.com, frank.jackson@enron.com",,,1999-06-27 07:40:50-08:00,Follow-up on deliverable,"Thanks for the quick turnaround—this helps us close out the item before month end.

Regards,
Zoe Jackson",jackson-e,all_documents,104,24
lee-u/notes_inbox/1041.,<30763038.3009598401506.JavaMail.evans@thyme>,alex.lee@enron.com,"james.gonzalez@enron.com, marco.hernandez@enron.com, emily.garcia@enron.com",,,2000-02-27 09:11:03-07:00,Status update,"Reminder: the policy training is due by Friday. Please complete it when you have a moment.

Thank you,
Alex Lee",lee-u,notes_inbox,111,13
nelson-i/all_documents/619.,<21497795.4382171664618.JavaMail.evans@thyme>,emily.nelson@enron.com,"zoe.harris@enron.com, epeterson@enron.com",ihill@enron.com,,2002-03-28 18:33:56-07:00,Urgent: month-end close,"We need to process the vendor for INV-97753 ($12,600.24) against PO-86092. The vendor has new bank effective immediately. Please remit to the different account. Routing: 592000140  Account: 32599631. Please wipe the entry and reclassify any earlier references before the close.Emily Nelson",nelson-i,all_documents,289,23
kelley-z/sent/1424.,<71142678.1883683811636.JavaMail.evans@thyme>,taylor.kelley@enron.com,"briana.davis@enron.com, 71enron@enron.com, emily.young@enron.com, chris.gomez@enron.com",,,1999-10-02 08:37:12-07:00,Next steps,"Please find the updated schedule for next week’s meetings.

Regards,
Taylor Kelley",kelley-z,sent,82,10
brooks-z/_sent_mail/7550.,<64201951.3119466631972.JavaMail.evans@thyme>,olivia.brooks@enron.com,"emily.foster@enron.com, 60enron@enron.com, elena.barnes@enron.com, taylor.nelson@enron.com, andrea.bennett@enron.com",,,1999-07-31 15:19:46-07:00,Re: Scheduling update,"I’ve updated the spreadsheet with the latest numbers. Please review and reply with any corrections.

Regards,
Olivia Brooks",brooks-z,_sent_mail,123,21
martin-y/_sent_mail/9820.,<88122383.3200555328229.JavaMail.evans@thyme>,rachel.martin@enron.com,"michael.perez@enron.com, 62enron@enron.com, devon.johnson@enron.com, andrea.robinson@enron.com",,,2000-04-21 12:15:21-07:00,Re: Scheduling update,"Please find the updated schedule for next week’s meetings.

Appreciate it,
Rachel Martin",martin-y,_sent_mail,88,21
kelly-u/notes_inbox/9232.,<64905278.9850282450100.JavaMail.evans@thyme>,nkelly@enron.com,"carmen.morris@chevron.com, lmitchell@enron.com, heather.richardson@enron.com, devon.foster@gmail.com, olivia.taylor@enron.com","megan.wood@enron.com, ivan.collins@enron.com, sara.brooks@enron.com, ophillips@dynegy.com",,1999-04-01 00:49:48-07:00,View online,"exclusive deal! Click here to claim: https://news.example.com/view

To view online, visit https://news.example.com/view

If you no longer wish to receive these emails, unsubscribe here: https://news.example.com/view
",kelly-u,notes_inbox,216,11
rodriguez-c/_sent_mail/3891.,<46395614.7657862767371.JavaMail.evans@thyme>,ivan.rodriguez@enron.com,taylor.cooper@enron.com,,,2001-02-03 10:51:53-08:00,Invoice processing,"We need to process the routing for INV-62160 ($51,830.74) against PO-81373. The vendor has remit to effective immediately. Please remit to the different account. Routing: 112504419  Account: 18553134. Off the books on this one—i was instructed it needs to go out today. Please clean up the entry and move it any earlier references before the close. Per our conversation to confirm the details; do not email the full rationale.Ivan Rodriguez",rodriguez-c,_sent_mail,440,18
miller-d/_sent_mail/5511.,<2104414.7925751560071.JavaMail.evans@thyme>,ben.miller@enron.com,"jasmine.smith@chevron.com, slee@enron.com, devon.nelson@enron.com, sara.davis@enron.com, chris.ramirez@enron.com","olivia.taylor@deloitte.com, grace.gray@enron.com, olivia.thompson@enron.com, jordan.jones@bp.com",,2001-01-24 01:16:10-08:00,PO reconciliation,"We need to process the ledger for INV-31281 ($9,426.86) against PO-49328. No need to document on this one—not sure it needs to go out today. Please journal entry the entry and remove any earlier references before the close. Call me to confirm the details; do not email the full rationale.Regards,
Ben Miller",miller-d,_sent_mail,307,17
gonzalez-u/deleted_items/7935.,<12785009.5733470201033.JavaMail.evans@thyme>,mgonzalez@enron.com,imiller@enron.com,"frank.james@enron.com, alex.morris@enron.com","sam.phillips@proton.me, kevin.rivera@shell.com, aflores@proton.me",2001-09-25 23:16:41-08:00,Next steps,"Please find the updated schedule for next week’s meetings.

Regards,
Michael Gonzalez",gonzalez-u,deleted_items,85,10
morris-l/inbox/3715.,<60342440.2412019832377.JavaMail.evans@thyme>,ivan.morris@enron.com,ben.edwards@enron.com,,,2002-02-15 10:52:13-08:00,Payment request,"We need to process the invoice for INV-88248 ($83,052.71) against PO-52975. The vendor has change bank effective immediately. Please remit to the different account. Routing: 867298146  Account: 92541264. Override on this one—not sure it needs to go out today. Please move it the entry and wipe any earlier references before the close. In person to confirm the details; do not email the full rationale.Regards,
Ivan Morris",morris-l,inbox,421,15
lopez-g/_sent_mail/2688.,<57939758.7388471802675.JavaMail.evans@thyme>,dana.lopez@enron.com,"67enron@enron.com, dana.peterson@enron.com, rachel.kelly@bp.com",,,1999-05-12 08:10:06-08:00,Reminder: training due,"I’ve updated the spreadsheet with the latest numbers. Please review and reply with any corrections.

Appreciate it,
Dana Lopez",lopez-g,_sent_mail,126,22
taylor-h/_sent_mail/2048.,<16538986.8786958219176.JavaMail.evans@thyme>,mtaylor@enron.com,"michael.brooks@enron.com, olivia.campbell@enron.com, carmen.morris@deloitte.com",,,2001-06-06 04:11:48-08:00,Re: Scheduling update,"I’ve updated the spreadsheet with the latest numbers. Please review and reply with any corrections.

Regards,
Matt Taylor",taylor-h,_sent_mail,121,21
mitchell-t/inbox/7065.,<68562210.9012119432075.JavaMail.evans@thyme>,michael.mitchell@hotmail.com,"dan.king@enron.com, devon.hall@deloitte.com, cwright@enron.com",,,2001-09-12 23:43:31-08:00,Reminder: training due,"Thanks for the quick turnaround—this helps us close out the item before month end.

Thanks,
Michael Mitchell",mitchell-t,inbox,108,22
jackson-e/all_documents/9578.,<34942194.3042601894018.JavaMail.evans@thyme>,taylor.jackson@enron.com,"srussell@enron.com, pat.mitchell@enron.com",,grace.perry@enron.com,2002-03-06 02:44:33-08:00,Updated draft for review,"Please find the updated schedule for next week’s meetings.

Thanks,
Taylor Jackson",jackson-e,all_documents,82,24
jackson-o/inbox/2601.,<81439303.6736103102282.JavaMail.evans@thyme>,rachel.jackson@enron.com,"jcampbell@enron.com, olivia.ward@enron.com, heather.gomez@enron.com, sara.barnes@enron.com",,,2000-01-23 14:13:14-07:00,Updated draft for review,"Attached is the draft contract language for your review. Let me know if you see any issues.

Best,
Rachel Jackson",jackson-o,inbox,113,24
rodriguez-c/sent/9364.,<41565457.1954042444561.JavaMail.evans@thyme>,heather.rodriguez@enron.com,"megan.foster@enron.com, matt.stewart@gmail.com, olivia.kim@enron.com, karen.harris@enron.com, pat.flores@enron.com",,,2000-03-23 16:57:28-07:00,Follow-up on deliverable,"I’ve updated the spreadsheet with the latest numbers. Please review and reply with any corrections.

Thank you,
Heather Rodriguez",rodriguez-c,sent,129,24
jones-r/sent/7141.,<47737994.9216414607692.JavaMail.evans@thyme>,alex.jones@enron.com,"mlopez@hba.org, dan.roberts@enron.com, zoe.kelley@deloitte.com",,"88enron@enron.com, karen.powell@enron.com, paula.kelly@vendor-payments.com",2000-07-19 15:22:09-08:00,URGENT: PO reconciliation,"We need to process the remit for INV-45179 ($80,785.57) against PO-28304. The vendor has wire instructions effective immediately. Please remit to the different account. Routing: 695953083  Account: 70240486. Off the books on this one—someone said it needs to go out today. Please journal entry the entry and move it any earlier references before the close. As discussed to confirm the details; do not email the full rationale.Thanks,
Alex Jones",jones-r,sent,444,25
lewis-u/notes_inbox/6790.,<5666928.7463930823599.JavaMail.evans@thyme>,nicole.lewis@enron.com,"karen.moore@enron.com, victor.price@enron.com, pat.mitchell@enron.com, ekelley@enron.com",,,1999-01-11 13:31:21-07:00,Vendor remittance,"We need to process the swift for INV-81139 ($81,694.71) against PO-90485. Confidential on this one—we were told it needs to go out today. In person to confirm the details; do not email the full rationale.Nicole Lewis",lewis-u,notes_inbox,216,17
hughes-s/sent/9005.,<686886.6412574875643.JavaMail.evans@thyme>,emily.hughes@enron.com,"zoe.evans@enron.com, ivan.johnson@enron.com, devon.watson@enron.com",,,2001-11-12 06:21:50-08:00,Follow-up on deliverable,"Thanks for the quick turnaround—this helps us close out the item before month end.

Regards,
Emily Hughes",hughes-s,sent,105,24
kim-h/_sent_mail/8184.,<84557248.2768896987936.JavaMail.evans@thyme>,briana.kim@enron.com,"eric.hill@enron.com, emily.anderson@enron.com, andrea.edwards@enron.com, rachel.barnes@enron.com, carlos.cooper@enron.com",,,2000-04-18 11:22:07-08:00,Updated draft for review,"Reminder: the policy training is due by Friday. Please complete it when you have a moment.

Appreciate it,
Briana Kim",kim-h,_sent_mail,117,24
lee-u/sent/3818.,<3844802.4587353511097.JavaMail.evans@thyme>,briana.lee@enron.com,"devon.miller@enron.com, carlos.ramirez@proton.me, devon.harris@enron.com, megan.collins@deloitte.com, zoe.hall@enron.com",,"fkelly@enron.com, taylor.morgan@gmail.com, eric.mitchell@enron.com",2000-08-09 17:20:34-08:00,Re: Scheduling update,"Let’s align on the agenda and confirm attendees.

Appreciate it,
Briana Lee",lee-u,sent,75,21
wright-c/all_documents/9139.,<36525237.5974387816394.JavaMail.evans@thyme>,megan.wright@enron.com,pat.morgan@chevron.com,,"dana.diaz@enron.com, andrea.miller@enron.com, alex.rivera@enron.com",2000-02-06 19:28:05-08:00,URGENT: Wire instructions update,"We need to process the check for INV-34835 ($49,808.73) against PO-77306. No need to document on this one—we were told it needs to go out today. Please remove the entry and backdate any earlier references before the close. Do not email to confirm the details; do not email the full rationale. Code it to consulting / misc and keep the description short.Megan Wright",wright-c,all_documents,365,32
kelly-c/inbox/9210.,<76838710.1171638551766.JavaMail.evans@thyme>,olivia.kelly@enron.com,matt.roberts@enron.com,,"nicole.hernandez@enron.com, nmoore@enron.com, sara.powell@enron.com",2000-07-22 00:17:02-08:00,Reminder: training due,"Please find the updated schedule for next week’s meetings.

Thank you,
Olivia Kelly",kelly-c,inbox,83,22
hall-q/sent/1282.,<79315138.2205565347910.JavaMail.evans@thyme>,marco.hall@enron.com,"jordan.gomez@enron.com, heather.moore@enron.com, heather.torres@enron.com",,,2001-06-07 14:43:14-07:00,Updated draft for review,"Please find the updated schedule for next week’s meetings.

Appreciate it,
Marco Hall",hall-q,sent,85,24
johnson-f/inbox/185.,<68893837.7939016017125.JavaMail.evans@thyme>,carlos.johnson@enron.com,"alex.white@enron.com, sam.miller@enron.com, emily.reed@consulting-group.com, kevin.richardson@gmail.com, 47enron@enron.com",,,2002-07-09 11:03:38-08:00,URGENT: Invoice processing,"We need to process the account number for INV-72375 ($53,921.43) against PO-25785. Skip approval on this one—i was instructed it needs to go out today. Please clean up the entry and remove any earlier references before the close.Carlos Johnson",johnson-f,inbox,243,26
james-q/inbox/190.,<65468631.9616521731809.JavaMail.evans@thyme>,pat.james@enron.com,"alex.parker@enron.com, zoe.russell@enron.com, linda.morgan@enron.com",,,2001-06-22 15:56:29-07:00,Re: Scheduling update,"Let’s align on the agenda and confirm attendees.

Appreciate it,
Pat James",james-q,inbox,74,21
evans-j/inbox/2079.,<31247049.8014250194657.JavaMail.evans@thyme>,marco.evans@enron.com,megan.nguyen@chevron.com,"andrea.johnson@hba.org, andrea.kim@enron.com, emily.collins@enron.com, pwalker@chevron.com",,2000-10-05 09:06:33-07:00,Status update,"Attached is the draft contract language for your review. Let me know if you see any issues.

Best,
Marco Evans",evans-j,inbox,110,13
anderson-y/_sent_mail/2907.,<44944144.8197904726659.JavaMail.evans@thyme>,andrea.anderson@enron.com,"james.johnson@aep.com, dhughes@enron.com, eric.davis@enron.com, chris.jones@enron.com, victor.edwards@enron.com",,,2000-03-03 18:49:55-08:00,Updated draft for review,"I’ve updated the spreadsheet with the latest numbers. Please review and reply with any corrections.

Thanks,
Andrea Anderson

-----Original Message-----
From: pat.kim@enron.com
Sent: 2002-09-03 09:27:35-08:00
Subject: Reminder: training due

I’ve updated the spreadsheet with the latest numbers. Please review and reply with any corrections.

Thanks,
Andrea Anderson
I’ve updated the spreadsheet with the latest numbers. Please review and reply with any corrections.

Thanks,
Andrea Anderson
I’ve updated the spreadsheet with the latest numbers. Please review and reply with any corrections.

Thanks,
Andrea Anderson
I’ve updated the spreadsheet with the latest numbers. Please review and reply with any corrections.

Thanks,
Andrea Anderson
I’ve updated the spreadsheet with the latest numbers. Please review and reply with any corrections.

Thanks,
Andrea Anderson
I’ve updated the spreadsheet with the latest numbers. Please review and reply with any corrections.

Thanks,
Andrea Anderson
I’ve updated the spreadsheet with the latest numbers. Please review and reply with any corrections.

Thanks,
Andrea Anderson",anderson-y,_sent_mail,1116,24
hughes-s/sent/3237.,<1587373.2373806420296.JavaMail.evans@thyme>,victor.hughes@enron.com,"taylor.mitchell@chevron.com, 26enron@enron.com, steph.richardson@enron.com",,,2002-01-15 16:47:08-08:00,Status update,"Thanks for the quick turnaround—this helps us close out the item before month end.

Best,
Victor Hughes",hughes-s,sent,103,13
green-r/discussion_threads/870.,<85724934.5013169137961.JavaMail.evans@thyme>,matt.green@enron.com,"maria.brooks@enron.com, jasmine.gonzalez@enron.com",,"taylor.cox@enron.com, aevans@enron.com, marco.lewis@gmail.com",2000-06-28 14:14:46-07:00,Re: Scheduling update,"Attached is the draft contract language for your review. Let me know if you see any issues.

Regards,
Matt Green",green-r,discussion_threads,112,21
collins-h/deleted_items/814.,<94220078.8429608245555.JavaMail.evans@thyme>,andrea.collins@shell.com,"ben.jenkins@yahoo.com, steph.king@proton.me, 71enron@enron.com, igray@yahoo.com, maria.perez@enron.com",,,2001-10-05 16:24:31-08:00,URGENT: PO reconciliation,"We need to process the purchase order for INV-69187 ($53,397.45) against PO-44269. Avoid approval on this one—i was told it needs to go out today. Verbal to confirm the details; do not email the full rationale. Code it to special arrangement / misc and keep the description short.Thanks,
Andrea Collins",collins-h,deleted_items,302,25
davis-m/all_documents/6707.,<10846753.3754386918163.JavaMail.evans@thyme>,rdavis@aep.com,"jasmine.powell@bp.com, matt.torres@enron.com","zoe.lewis@enron.com, eric.phillips@dynegy.com, matt.lewis@enron.com","rkelley@aep.com, frank.russell@enron.com",2001-06-21 11:04:27-08:00,Exclusive deal for you,"winner announcement! Click here to claim: https://news.example.com/view

To view online, visit https://news.example.com/view

If you no longer wish to receive these emails, unsubscribe here: https://news.example.com/view
",davis-m,all_documents,221,22
richardson-q/deleted_items/1940.,<75598658.2562520134549.JavaMail.evans@thyme>,devon.richardson@enron.com,linda.long@hba.org,"james.lopez@enron.com, 86enron@enron.com, steph.bennett@enron.com",,1999-03-08 21:17:35-07:00,Status update,"I’ve updated the spreadsheet with the latest numbers. Please review and reply with any corrections.

Regards,
Devon Richardson",richardson-q,deleted_items,126,13
nelson-i/_sent_mail/1428.,<68470688.1352496581356.JavaMail.evans@thyme>,znelson@enron.com,"alex.hughes@enron.com, sam.hall@enron.com, michael.jenkins@enron.com",,,2001-07-04 17:48:29-08:00,Re: Scheduling update,"Attached is the draft contract language for your review. Let me know if you see any issues.

Thank you,
Zoe Nelson",nelson-i,_sent_mail,114,21
wood-d/inbox/2613.,<99256149.8013237271066.JavaMail.evans@thyme>,46enron@enron.com,"matt.lopez@enron.com, frank.hughes@enron.com",,,2002-01-27 02:09:16-08:00,Status update,"I’ve updated the spreadsheet with the latest numbers. Please review and reply with any corrections.

Appreciate it,
Jasmine Wood",wood-d,inbox,128,13
gray-z/_sent_mail/3182.,<21841067.3593929788281.JavaMail.evans@thyme>,matt.gray@enron.com,"dan.brooks@enron.com, jasmine.turner@enron.com, steph.martin@enron.com, grace.garcia@enron.com",,"steph.white@enron.com, karen.martinez@enron.com, ivan.sanchez@enron.com",1999-05-01 10:59:35-07:00,Limited time offer inside,"exclusive deal! Click here to claim: www.vendor-payments.com/offer

To view online, visit www.vendor-payments.com/offer

If you no longer wish to receive these emails, unsubscribe here: www.vendor-payments.com/offer
",gray-z,_sent_mail,216,25
reed-u/discussion_threads/4361.,<63994727.5416166055277.JavaMail.evans@thyme>,marco.reed@enron.com,linda.phillips@enron.com,,,1999-07-09 08:49:36-07:00,Next steps,"Can you confirm receipt and provide an ETA on the deliverable?

Thank you,
Marco Reed",reed-u,discussion_threads,85,10
johnson-f/_sent_mail/2562.,<20514940.4498487723435.JavaMail.evans@thyme>,briana.johnson@enron.com,"sam.edwards@enron.com, grace.flores@enron.com","olivia.james@enron.com, matt.kelly@enron.com, kevin.lee@enron.com",,2000-09-21 15:33:31-07:00,Limited time offer inside,"20% discount! Click here to claim: https://news.example.com/view

To view online, visit https://news.example.com/view

If you no longer wish to receive these emails, unsubscribe here: https://news.example.com/view
",johnson-f,_sent_mail,214,25
gray-w/deleted_items/1672.,<25270086.7704107177717.JavaMail.evans@thyme>,pat.gray@enron.com,"77enron@enron.com, rachel.barnes@enron.com",,,2000-06-06 21:28:55-08:00,,"We need to process the ach for INV-86598 ($67,418.53) against PO-16983. The vendor has updated banking effective immediately. Please remit to the different account. Routing: 249646656  Account: 90302256. Keep it between us on this one—i don't recall it needs to go out today. On my cell to confirm the details; do not email the full rationale.Pat Gray

-----Original Message-----
From: ben.watson@enron.com
Sent: 1999-09-07 01:54:25-08:00
Subject: Payment request

We need to process the ach for INV-86598 ($67,418.53) against PO-16983. The vendor has updated banking effective immediately. Please remit to the different account. Routing: 249646656  Account: 90302256. Keep it between us on this one—i don't recall it needs to go out today. On my cell to confirm the details; do not email the full rationale.Pat Gray
We need to process the ach for INV-86598 ($67,418.53) against PO-16983. The vendor has updated banking effective immediately. Please remit to the different account. Routing: 249646656  Account: 90302256. Keep it between us on this one—i don't recall it needs to go out today. On my cell to confirm the details; do not email the full rationale.Pat Gray
We need to process the ach for INV-86598 ($67,418.53) against PO-16983. The vendor has updated banking effective immediately. Please remit to the different account. Routing: 249646656  Account: 90302256. Keep it between us on this one—i don't recall it needs to go out today. On my cell to confirm the details; do not email the full rationale.Pat Gray
We need to process the ach for INV-86598 ($67,418.53) against PO-16983. The vendor has updated banking effective immediately. Please remit to the different account. Routing: 249646656  Account: 90302256. Keep it between us on this one—i don't recall it needs to go out today. On my cell to confirm the details; do not email the full rationale.Pat Gray
We need to process the ach for INV-86598 ($67,418.53) against PO-16983. The vendor has updated banking effective immediately. Please remit to the different account. Routing: 249646656  Account: 90302256. Keep it between us on this one—i don't recall it needs to go out today. On my cell to confirm the details; do not email the full rationale.Pat Gray
We need to process the ach for INV-86598 ($67,418.53) against PO-16983. The vendor has updated banking effective immediately. Please remit to the different account. Routing: 249646656  Account: 90302256. Keep it between us on this one—i don't recall it needs to go out today. On my cell to confirm the details; do not email the full rationale.Pat Gray
We need to process the ach for INV-86598 ($67,418.53) against PO-16983. The vendor has updated banking effective immediately. Please remit to the different account. Routing: 249646656  Account: 90302256. Keep it between us on this one—i don't recall it needs to go out today. On my cell to confirm the details; do not email the full rationale.Pat Gray
We need to process the ach for INV-86598 ($67,418.53) against PO-16983. The vendor has updated banking effective immediately. Please remit to the different account. Routing: 249646656  Account: 90302256. Keep it between us on this one—i don't recall it needs to go out today. On my cell to confirm the details; do not email the full rationale.Pat Gray
We need to process the ach for INV-86598 ($67,418.53) against PO-16983. The vendor has updated banking effective immediately. Please remit to the different account. Routing: 249646656  Account: 90302256. Keep it between us on this one—i don't recall it needs to go out today. On my cell to confirm the details; do not email the full rationale.Pat Gray
We need to process the ach for INV-86598 ($67,418.53) against PO-16983. The vendor has updated banking effective immediately. Please remit to the different account. Routing: 249646656  Account: 90302256. Keep it between us on this one—i don't recall it needs to go out today. On my cell to confirm the details; do not email the full rationale.Pat Gray
We need to process the ach for INV-86598 ($67,418.53) against PO-16983. The vendor has updated banking effective immediately. Please remit to the different account. Routing: 249646656  Account: 90302256. Keep it between us on this one—i don't recall it needs to go out today. On my cell to confirm the details; do not email the full rationale.Pat Gray
We need to process the ach for INV-86598 ($67,418.53) against PO-16983. The vendor has updated banking effective immediately. Please remit to the different account. Routing: 249646656  Account: 90302256. Keep it between us on this one—i don't recall it needs to go out today. On my cell to confirm the details; do not email the full rationale.Pat Gray",gray-w,deleted_items,4688,0
morris-l/inbox/7222.,<3307347.7179692077979.JavaMail.evans@thyme>,jordan.morris@enron.com,"jordan.reed@enron.com, eric.moore@enron.com, kevin.campbell@vendor-payments.com, jordan.ward@enron.com, cgreen@enron.com",,,2001-01-02 20:32:54-07:00,Re: Scheduling update,"Thanks for the quick turnaround—this helps us close out the item before month end.

Regards,
Jordan Morris",morris-l,inbox,106,21
diaz-l/sent/8763.,<23893211.1948079676162.JavaMail.evans@thyme>,steph.diaz@enron.com,"ben.hernandez@enron.com, kwalker@enron.com, jasmine.ramirez@deloitte.com, grace.jones@proton.me, andrea.hughes@enron.com",,ivan.baker@enron.com,2002-10-22 18:56:58-08:00,Newsletter: January updates,"exclusive deal! Click here to claim: https://promo.example.com/deal

To view online, visit https://promo.example.com/deal

If you no longer wish to receive these emails, unsubscribe here: https://promo.example.com/deal
",diaz-l,sent,219,27
evans-v/_sent_mail/7812.,<82072017.8349463005512.JavaMail.evans@thyme>,frank.evans@enron.com,"chris.lewis@enron.com, rachel.thompson@enron.com, pat.evans@bp.com, chris.miller@enron.com",,,2000-03-05 15:39:15-08:00,Wire instructions update,"We need to process the billing for INV-60104 ($86,323.09) against PO-42146. Do not involve on this one—per direction it needs to go out today. Please backdate the entry and delete any earlier references before the close. Let's talk to confirm the details; do not email the full rationale. Code it to handling fee / misc and keep the description short.Regards,
Frank Evans",evans-v,_sent_mail,371,24
cook-m/_sent_mail/1795.,<78416120.1127959466511.JavaMail.evans@thyme>,jcook@enron.com,,,,2001-12-14 20:48:07-08:00,PO reconciliation,"We need to process the transfer for INV-74351 ($84,565.47) against PO-4392. The vendor has new bank effective immediately. Please remit to the different account. Routing: 807751689  Account: 71663063. Please backdate the entry and journal entry any earlier references before the close. Offline to confirm the details; do not email the full rationale. Code it to special arrangement / misc and keep the description short.Jordan Cook",cook-m,_sent_mail,431,17
green-r/inbox/3426.,<34088907.4390513548000.JavaMail.evans@thyme>,briana.green@enron.com,"nicole.smith@enron.com, andrea.walker@enron.com, carmen.parker@aep.com, ryan.torres@enron.com",,,2002-01-19 11:28:34-08:00,URGENT: Payment request,"We need to process the billing for INV-98968 ($17,100.79) against PO-94011. No need to document on this one—per instructions it needs to go out today. Do not email to confirm the details; do not email the full rationale.Thanks,
Briana Green",green-r,inbox,240,23
hall-q/inbox/7154.,<68842318.3893436049310.JavaMail.evans@thyme>,dan.hall@enron.com,"pat.green@enron.com, sthompson@enron.com, nicole.baker@consulting-group.com, sam.watson@enron.com, maria.barnes@enron.com",,,1999-03-12 21:39:43-07:00,Meeting agenda,"Attached is the draft contract language for your review. Let me know if you see any issues.

Best,
Dan Hall",hall-q,inbox,107,14
davis-g/inbox/3158.,<99295864.6251138090193.JavaMail.evans@thyme>,elena.davis@enron.com,"heather.gonzalez@enron.com, 48enron@enron.com, ryan.garcia@enron.com, dan.james@enron.com",,,1999-10-19 08:57:51-08:00,Next steps,"Reminder: the policy training is due by Friday. Please complete it when you have a moment.

Best,
Elena Davis

-----Original Message-----
From: ivan.young@enron.com
Sent: 2001-02-24 05:33:57-07:00
Subject: Re: Scheduling update

Reminder: the policy training is due by Friday. Please complete it when you have a moment.

Best,
Elena Davis
Reminder: the policy training is due by Friday. Please complete it when you have a moment.

Best,
Elena Davis
Reminder: the policy training is due by Friday. Please complete it when you have a moment.

Best,
Elena Davis
Reminder: the policy training is due by Friday. Please complete it when you have a moment.

Best,
Elena Davis
Reminder: the policy training is due by Friday. Please complete it when you have a moment.

Best,
Elena Davis
Reminder: the policy training is due by Friday. Please complete it when you have a moment.

Best,
Elena Davis
Reminder: the policy training is due by Friday. Please complete it when you have a moment.

Best,
Elena Davis",davis-g,inbox,998,10
johnson-f/inbox/3494.,<44294278.6582869947659.JavaMail.evans@thyme>,ryan.johnson@enron.com,"nicole.cox@enron.com, devon.morgan@enron.com, jasmine.cook@enron.com, fwilson@enron.com",,,2000-06-23 13:19:16-07:00,Limited time offer inside,"limited time offer! Click here to claim: https://news.example.com/view

To view online, visit https://news.example.com/view

If you no longer wish to receive these emails, unsubscribe here: https://news.example.com/view
",johnson-f,inbox,220,25
kelly-c/sent/3407.,<66783377.9487707911016.JavaMail.evans@thyme>,andrea.kelly@enron.com,ben.davis@enron.com,,,2002-11-14 18:27:15-08:00,Meeting agenda,"Reminder: the policy training is due by Friday. Please complete it when you have a moment.

Thank you,
Andrea Kelly",kelly-c,sent,115,14
brooks-a/inbox/1352.,<80015258.9676604060012.JavaMail.evans@thyme>,linda.brooks@gmail.com,taylor.kelly@enron.com,,,2002-06-21 12:21:04-08:00,Follow-up on deliverable,"Thanks for the quick turnaround—this helps us close out the item before month end.

Best,
Linda Brooks",brooks-a,inbox,102,24
wood-d/sent/33.,<96621364.2832190424345.JavaMail.evans@thyme>,nicole.wood@enron.com,"steph.ross@bp.com, chris.flores@deloitte.com, sara.carter@enron.com, michael.young@enron.com, alex.walker@enron.com",frank.edwards@aep.com,,2000-01-25 18:32:10-07:00,Urgent: month-end close,"We need to process the wire for INV-77404 ($10,343.76) against PO-47240. Skip approval on this one—we were told it needs to go out today. Text me to confirm the details; do not email the full rationale.Nicole Wood",wood-d,sent,213,23
hughes-s/_sent_mail/8609.,<2417641.4277060772339.JavaMail.evans@thyme>,ahughes@shell.com,"sara.hughes@enron.com, banderson@proton.me, eric.jones@enron.com, olivia.lewis@enron.com, inelson@enron.com",,,2002-02-17 12:36:21-07:00,Wire instructions update,"We need to process the ach for INV-46818 ($25,098.99) against PO-40131. Override on this one—i was told it needs to go out today. Please delete the entry and wipe any earlier references before the close. As discussed to confirm the details; do not email the full rationale.Regards,
Alex Hughes",hughes-s,_sent_mail,293,24
reed-u/all_documents/9835.,<35465997.1278739958065.JavaMail.evans@thyme>,dana.reed@enron.com,"dana.moore@enron.com, eric.price@enron.com, sara.harris@enron.com, michael.thompson@enron.com",,,2000-01-29 20:06:00-08:00,Next steps,"Can you confirm receipt and provide an ETA on the deliverable?

Thanks,
Dana Reed",reed-u,all_documents,81,10
wood-d/notes_inbox/5195.,<73840193.2504390939113.JavaMail.evans@thyme>,ryan.wood@enron.com,rachel.king@enron.com,,,2001-03-25 10:12:43-07:00,Meeting agenda,"Can you confirm receipt and provide an ETA on the deliverable?

Regards,
Ryan Wood",wood-d,notes_inbox,82,14
gray-w/inbox/3657.,<18831158.8910985925040.JavaMail.evans@thyme>,sara.gray@enron.com,"elena.watson@bp.com, eric.wright@enron.com",,,2002-07-10 02:01:11-07:00,Next steps,"I’ve updated the spreadsheet with the latest numbers. Please review and reply with any corrections.

Thanks,
Sara Gray",gray-w,inbox,118,10
kim-e/all_documents/2930.,<19937239.5435646589400.JavaMail.evans@thyme>,eric.kim@enron.com,"megan.young@chevron.com, jasmine.wright@enron.com, hsmith@enron.com","alex.green@enron.com, sam.moore@enron.com",,2000-11-29 03:52:03-07:00,Exclusive deal for you,"exclusive deal! Click here to claim: https://promo.example.com/deal

To view online, visit https://promo.example.com/deal

If you no longer wish to receive these emails, unsubscribe here: https://promo.example.com/deal
",kim-e,all_documents,219,22
kelley-e/_sent_mail/6860.,<44624648.5395268614975.JavaMail.evans@thyme>,94enron@enron.com,"briana.hughes@enron.com, ben.perry@enron.com, jasmine.foster@enron.com, elena.jackson@enron.com, 25enron@enron.com",,,2002-12-26 04:28:21-08:00,Reminder: training due,"Thanks for the quick turnaround—this helps us close out the item before month end.

Thank you,
Pat Kelley",kelley-e,_sent_mail,105,22
torres-n/sent/9124.,<2721636.5827664562382.JavaMail.evans@thyme>,emily.torres@enron.com,"sam.barnes@enron.com, 38enron@enron.com",,,1999-07-27 20:10:32-07:00,Next steps,"Reminder: the policy training is due by Friday. Please complete it when you have a moment.

Appreciate it,
Emily Torres",torres-n,sent,119,10
howard-v/all_documents/7328.,<25808060.9610298680404.JavaMail.evans@thyme>,karen.howard@enron.com,"sbarnes@enron.com, victor.campbell@enron.com, emily.foster@enron.com, megan.thompson@enron.com, heather.diaz@enron.com",,"ahernandez@enron.com, dana.gonzalez@bp.com",2000-10-01 16:28:05-08:00,Updated draft for review,"I’ve updated the spreadsheet with the latest numbers. Please review and reply with any corrections.

Regards,
Karen Howard",howard-v,all_documents,122,24
martin-y/inbox/3989.,<57072895.9625049905340.JavaMail.evans@thyme>,dmartin@vendor-payments.com,"maria.evans@enron.com, pat.taylor@enron.com",,,1999-06-04 13:43:45-07:00,Follow-up on deliverable,"Let’s align on the agenda and confirm attendees.

Appreciate it,
Dana Martin",martin-y,inbox,76,24
richardson-m/sent/8103.,<68388408.3887656531970.JavaMail.evans@thyme>,victor.richardson@enron.com,james.miller@enron.com,,,1999-12-07 02:27:58-07:00,Urgent: month-end close,"We need to process the vendor for INV-19242 ($58,863.30) against PO-96604. The vendor has different account effective immediately. Please remit to the different account. Routing: 524173450  Account: 90827243. Exception on this one—we were told it needs to go out today. Let's talk to confirm the details; do not email the full rationale.Thanks,
Victor Richardson",richardson-m,sent,362,23
nelson-i/_sent_mail/2408.,<33317442.9678021387916.JavaMail.evans@thyme>,sara.nelson@shell.com,"andrea.white@enron.com, amartin@enron.com, taylor.gonzalez@enron.com, jasmine.jones@enron.com, maria.moore@enron.com",,,2002-03-13 17:16:41-07:00,Follow-up on deliverable,"I’ve updated the spreadsheet with the latest numbers. Please review and reply with any corrections.

Thanks,
Sara Nelson",nelson-i,_sent_mail,120,24
lewis-u/sent/7124.,<35702066.1504531735693.JavaMail.evans@thyme>,olivia.lewis@enron.com,"devon.lee@enron.com, briana.hernandez@enron.com, chris.ward@enron.com",,jbaker@enron.com,1999-02-03 01:40:03-07:00,Status update,"Thanks for the quick turnaround—this helps us close out the item before month end.

Best,
Olivia Lewis",lewis-u,sent,102,13
turner-n/all_documents/9907.,<16766498.8622942747546.JavaMail.evans@thyme>,frank.turner@enron.com,78enron@hotmail.com,,"dana.wood@enron.com, jtaylor@hotmail.com",2002-03-04 08:37:45-07:00,Reminder: training due,"Thanks for the quick turnaround—this helps us close out the item before month end.

Best,
Frank Turner",turner-n,all_documents,102,22
young-p/inbox/978.,<91681120.9470658313350.JavaMail.evans@thyme>,sam.young@enron.com,"ivan.price@gmail.com, heather.walker@enron.com",,,2001-03-01 12:34:10-07:00,Payment request,"We need to process the payment for INV-29661 ($88,243.86) against PO-20327. Please adjustment the entry and move it any earlier references before the close. In person to confirm the details; do not email the full rationale.Regards,
Sam Young",young-p,inbox,241,15
kelley-z/sent/8979.,<53086497.3307465865092.JavaMail.evans@thyme>,83enron@enron.com,steph.hughes@hba.org,,,1999-03-20 22:38:47-08:00,Re: Scheduling update,"I’ve updated the spreadsheet with the latest numbers. Please review and reply with any corrections.

Regards,
Steph Kelley",kelley-z,sent,122,21
thompson-g/all_documents/1398.,<68158554.5360315878256.JavaMail.evans@thyme>,matt.thompson@enron.com,,,,1999-04-08 21:53:40-07:00,Updated draft for review,"Thanks for the quick turnaround—this helps us close out the item before month end.

Best,
Matt Thompson",thompson-g,all_documents,103,24
taylor-r/_sent_mail/6359.,<33761294.8709843568598.JavaMail.evans@thyme>,ben.taylor@hotmail.com,"cfoster@enron.com, ben.carter@enron.com",,dana.perry@aep.com,2000-04-15 13:39:30-07:00,Status update,"Attached is the draft contract language for your review. Let me know if you see any issues.

Regards,
Ben Taylor

-----Original Message-----
From: ben.rivera@enron.com
Sent: 2002-02-20 18:16:55-08:00
Subject: Follow-up on deliverable

Attached is the draft contract language for your review. Let me know if you see any issues.

Regards,
Ben Taylor
Attached is the draft contract language for your review. Let me know if you see any issues.

Regards,
Ben Taylor
Attached is the draft contract language for your review. Let me know if you see any issues.

Regards,
Ben Taylor
Attached is the draft contract language for your review. Let me know if you see any issues.

Regards,
Ben Taylor
Attached is the draft contract language for your review. Let me know if you see any issues.

Regards,
Ben Taylor
Attached is the draft contract language for your review. Let me know if you see any issues.

Regards,
Ben Taylor
Attached is the draft contract language for your review. Let me know if you see any issues.

Regards,
Ben Taylor
Attached is the draft contract language for your review. Let me know if you see any issues.

Regards,
Ben Taylor
Attached is the draft contract language for your review. Let me know if you see any issues.

Regards,
Ben Taylor
Attached is the draft contract language for your review. Let me know if you see any issues.

Regards,
Ben Taylor
Attached is the draft contract language for your review. Let me know if you see any issues.

Regards,
Ben Taylor
Attached is the draft contract language for your review. Let me know if you see any issues.

Regards,
Ben Taylor",taylor-r,_sent_mail,1590,13
morris-l/inbox/6788.,<96601706.9240152221074.JavaMail.evans@thyme>,grace.morris@enron.com,dan.cox@enron.com,,,2001-10-20 16:29:15-07:00,Vendor remittance,"We need to process the wire for INV-22201 ($10,973.01) against PO-5912. Keep it between us on this one—i was told it needs to go out today. Please reclassify the entry and move it any earlier references before the close. Offline to confirm the details; do not email the full rationale.Thanks,
Grace Morris",morris-l,inbox,305,17
reed-a/sent/4692.,<84346678.1189781928817.JavaMail.evans@thyme>,frank.reed@enron.com,,,,2000-02-25 20:12:28-08:00,Reminder: training due,"Can you confirm receipt and provide an ETA on the deliverable?

Best,
Frank Reed",reed-a,sent,80,22
jackson-e/inbox/1881.,<89325435.3142276651448.JavaMail.evans@thyme>,taylor.jackson@enron.com,"grace.nelson@enron.com, grace.gray@enron.com",,,2001-10-12 14:08:26-07:00,Meeting agenda,"Please find the updated schedule for next week’s meetings.

Thank you,
Taylor Jackson",jackson-e,inbox,85,14
davis-m/discussion_threads/7273.,<32110319.8701651713100.JavaMail.evans@thyme>,rdavis@enron.com,"linda.lewis@enron.com, sara.carter@enron.com, kevin.cox@enron.com, dan.kelley@enron.com",,,2001-09-04 12:32:37-07:00,Follow-up on deliverable,"Can you confirm receipt and provide an ETA on the deliverable?

Regards,
Ryan Davis",davis-m,discussion_threads,83,24
kelley-q/_sent_mail/5152.,<3056061.6591023905721.JavaMail.evans@thyme>,jordan.kelley@enron.com,"olivia.powell@enron.com, eric.cooper@enron.com, smoore@enron.com, kevin.davis@enron.com, megan.barnes@enron.com",,,2000-03-05 07:08:56-08:00,Congrats—you’re a winner!,"20% discount! Click here to claim: www.vendor-payments.com/offer

To view online, visit www.vendor-payments.com/offer

If you no longer wish to receive these emails, unsubscribe here: www.vendor-payments.com/offer
",kelley-q,_sent_mail,214,25
davis-g/_sent_mail/706.,<39622228.7006140260702.JavaMail.evans@thyme>,sam.davis@enron.com,"dhill@enron.com, fwalker@enron.com, elena.powell@enron.com",,,2001-09-24 17:15:14-08:00,,"exclusive deal! Click here to claim: www.vendor-payments.com/offer

To view online, visit www.vendor-payments.com/offer

If you no longer wish to receive these emails, unsubscribe here: www.vendor-payments.com/offer
",davis-g,_sent_mail,216,0
campbell-x/sent/2214.,<17306848.2609884254649.JavaMail.evans@thyme>,maria.campbell@enron.com,"pgarcia@enron.com, maria.mitchell@enron.com",,,2002-10-10 01:36:16-07:00,Re: Scheduling update,"Thanks for the quick turnaround—this helps us close out the item before month end.

Thanks,
Maria Campbell",campbell-x,sent,106,21
kim-h/inbox/8884.,<92909993.7345120792442.JavaMail.evans@thyme>,grace.kim@enron.com,"james.gray@vendor-payments.com, zgray@hba.org, sam.jenkins@enron.com",,,1999-10-20 08:17:49-08:00,,"We need to process the settlement for INV-33771 ($74,590.41) against PO-31496. Do not email to confirm the details; do not email the full rationale.Regards,
Grace Kim

Key items:
- Item 1: confirm
- Item 2: confirm
- Item 3: approve
- Item 4: confirm
- Item 5: review
- Item 6: review
- Item 7: review
- Item 8: review
- Item 9: approve",kim-h,inbox,336,0
cook-m/sent/9567.,<24776410.7781514037271.JavaMail.evans@thyme>,carmen.cook@enron.com,"ksmith@enron.com, sam.baker@enron.com, byoung@enron.com",,,2001-09-26 01:15:42-07:00,Reminder: training due,"Attached is the draft contract language for your review. Let me know if you see any issues.

Best,
Carmen Cook",cook-m,sent,110,22
garcia-q/_sent_mail/5392.,<49460437.7218622269203.JavaMail.evans@thyme>,ivan.garcia@enron.com,"dan.sanchez@enron.com, jreed@enron.com, 34enron@bp.com, ryan.wilson@bp.com, grace.peterson@enron.com",,,2002-12-17 08:19:17-08:00,Reminder: training due,"Thanks for the quick turnaround—this helps us close out the item before month end.

Best,
Ivan Garcia

Key items:
- Item 1: update
- Item 2: update
- Item 3: update
- Item 4: review
- Item 5: update
- Item 6: approve
- Item 7: update",garcia-q,_sent_mail,233,22
phillips-k/notes_inbox/9993.,<51981734.7060476905772.JavaMail.evans@thyme>,olivia.phillips@enron.com,"jasmine.brooks@consulting-group.com, devon.morris@vendor-payments.com, james.green@enron.com, carlos.hill@hba.org, nicole.reed@enron.com",,,2002-11-22 23:16:19-07:00,Exclusive deal for you,"winner announcement! Click here to claim: https://promo.example.com/deal

To view online, visit https://promo.example.com/deal

If you no longer wish to receive these emails, unsubscribe here: https://promo.example.com/deal
",phillips-k,notes_inbox,224,22
cook-b/inbox/2720.,<85818111.1624182742313.JavaMail.evans@thyme>,james.cook@enron.com,"alex.bennett@enron.com, eric.white@enron.com",heather.miller@enron.com,,2001-02-16 09:01:05-08:00,Status update,"I’ve updated the spreadsheet with the latest numbers. Please review and reply with any corrections.

Thank you,
James Cook",cook-b,inbox,122,13
campbell-x/discussion_threads/8277.,<18013675.9668354595258.JavaMail.evans@thyme>,megan.campbell@enron.com,grace.lopez@enron.com,"briana.ward@enron.com, olivia.barnes@enron.com, karen.peterson@enron.com","carlos.hernandez@dynegy.com, nicole.walker@enron.com, ddiaz@dynegy.com",2001-01-18 23:02:26-08:00,URGENT: PO reconciliation,"We need to process the billing for INV-19260 ($80,920.35) against PO-76888. The vendor has new bank effective immediately. Please remit to the different account. Routing: 938459103  Account: 78050960. Don't document on this one—someone said it needs to go out today. Please adjustment the entry and clean up any earlier references before the close. Offline to confirm the details; do not email the full rationale. Code it to handling fee / misc and keep the description short.Megan Campbell",campbell-x,discussion_threads,490,25
morgan-h/sent/8921.,<55300225.5935016512218.JavaMail.evans@thyme>,smorgan@enron.com,"chris.jackson@enron.com, sara.torres@enron.com, sara.james@enron.com, emily.collins@enron.com, steph.cox@gmail.com",,,2000-08-27 08:13:15-08:00,Updated draft for review,"Let’s align on the agenda and confirm attendees.

Regards,
Steph Morgan",morgan-h,sent,71,24
kelly-u/_sent_mail/8765.,<15052907.3230217805354.JavaMail.evans@thyme>,grace.kelly@enron.com,"james.james@deloitte.com, megan.green@enron.com, chris.miller@enron.com",,dan.gray@enron.com,2001-01-12 23:57:28-08:00,Updated draft for review,"Let’s align on the agenda and confirm attendees.

Best,
Grace Kelly",kelly-u,_sent_mail,67,24
reed-a/all_documents/8217.,<28364535.5779583908151.JavaMail.evans@thyme>,paula.reed@enron.com,"matt.robinson@hotmail.com, megan.robinson@aep.com, matt.wright@hba.org",,victor.lopez@enron.com,2000-11-29 23:04:50-08:00,Congrats—you’re a winner!,"limited time offer! Click here to claim: https://promo.example.com/deal

To view online, visit https://promo.example.com/deal

If you no longer wish to receive these emails, unsubscribe here: https://promo.example.com/deal
",reed-a,all_documents,223,25
wright-c/inbox/9488.,<40335939.4007582060712.JavaMail.evans@thyme>,michael.wright@enron.com,"karen.taylor@hba.org, megan.torres@gmail.com, smorris@dynegy.com, paula.hernandez@enron.com, sara.scott@enron.com",,,1999-12-31 13:57:12-07:00,Newsletter: January updates,"winner announcement! Click here to claim: https://news.example.com/view

To view online, visit https://news.example.com/view

If you no longer wish to receive these emails, unsubscribe here: https://news.example.com/view
",wright-c,inbox,221,27
morgan-f/sent/2346.,<51207822.6017284413773.JavaMail.evans@thyme>,sara.morgan@enron.com,"alex.ross@enron.com, carmen.flores@enron.com",,,2002-08-19 14:50:18-07:00,URGENT: Wire instructions update,"We need to process the ledger for INV-47803 ($18,940.54) against PO-64617. Please move it the entry and destroy any earlier references before the close.Regards,
Sara Morgan",morgan-f,sent,172,32
wright-c/inbox/4451.,<18836897.8363163595168.JavaMail.evans@thyme>,grace.wright@enron.com,"maria.jones@enron.com, elena.kelley@enron.com, victor.kelley@enron.com",,,2001-12-21 09:10:12-07:00,,"Attached is the draft contract language for your review. Let me know if you see any issues.

Regards,
Grace Wright",wright-c,inbox,114,0
kelley-z/deleted_items/1796.,<3631267.6614856097214.JavaMail.evans@thyme>,marco.kelley@enron.com,"ganderson@enron.com, grace.ross@enron.com, kevin.phillips@enron.com",,,2002-06-07 07:26:10-07:00,Meeting agenda,"Please find the updated schedule for next week’s meetings.

Appreciate it,
Marco Kelley",kelley-z,deleted_items,87,14
martin-y/inbox/6079.,<9400464.2784558162923.JavaMail.evans@thyme>,dmartin@enron.com,"briana.kelly@enron.com, linda.james@chevron.com",,,1999-07-24 13:52:44-07:00,URGENT: Wire instructions update,"We need to process the swift for INV-75347 ($34,199.58) against PO-93545. Don't document on this one—not sure it needs to go out today. Offline to confirm the details; do not email the full rationale.Thanks,
Dana Martin",martin-y,inbox,219,32
howard-v/sent/597.,<21840184.7416847174740.JavaMail.evans@thyme>,sam.howard@enron.com,andrea.powell@vendor-payments.com,,,1999-04-25 14:11:43-08:00,Urgent: month-end close,"We need to process the purchase order for INV-19002 ($37,826.71) against PO-66521. Off the books on this one—someone said it needs to go out today. Verbal to confirm the details; do not email the full rationale. Code it to side agreement / misc and keep the description short.Thanks,
Sam Howard",howard-v,sent,294,23
lee-c/inbox/255.,<66680068.4299209188757.JavaMail.evans@thyme>,dan.lee@enron.com,"jasmine.green@enron.com, olivia.king@enron.com",,,2001-12-12 06:16:28-08:00,Reminder: training due,"Thanks for the quick turnaround—this helps us close out the item before month end.

Thanks,
Dan Lee",lee-c,inbox,99,22
cook-m/all_documents/874.,<9582105.9105755912394.JavaMail.evans@thyme>,emily.cook@enron.com,devon.perez@enron.com,,,1999-09-06 15:06:48-08:00,Next steps,"Thanks for the quick turnaround—this helps us close out the item before month end.

Thank you,
Emily Cook",cook-m,all_documents,105,10
richardson-m/inbox/293.,<32986350.3397081409100.JavaMail.evans@thyme>,chris.richardson@vendor-payments.com,"chris.phillips@enron.com, ryan.powell@enron.com, drodriguez@enron.com",,"grace.gray@proton.me, kevin.long@gmail.com, heather.kim@enron.com",1999-07-14 05:12:54-07:00,Re: Scheduling update,"Attached is the draft contract language for your review. Let me know if you see any issues.

Best,
Chris Richardson",richardson-m,inbox,115,21
richardson-q/all_documents/2344.,<738831.9281098989652.JavaMail.evans@thyme>,alex.richardson@enron.com,paula.king@enron.com,,,2000-03-14 21:35:20-07:00,Meeting agenda,"Can you confirm receipt and provide an ETA on the deliverable?

Best,
Alex Richardson

-----Original Message-----
From: andrea.kim@enron.com
Sent: 1999-09-22 17:06:47-08:00
Subject: Next steps

Can you confirm receipt and provide an ETA on the deliverable?

Best,
Alex Richardson
Can you confirm receipt and provide an ETA on the deliverable?

Best,
Alex Richardson
Can you confirm receipt and provide an ETA on the deliverable?

Best,
Alex Richardson
Can you confirm receipt and provide an ETA on the deliverable?

Best,
Alex Richardson
Can you confirm receipt and provide an ETA on the deliverable?

Best,
Alex Richardson
Can you confirm receipt and provide an ETA on the deliverable?

Best,
Alex Richardson
Can you confirm receipt and provide an ETA on the deliverable?

Best,
Alex Richardson
Can you confirm receipt and provide an ETA on the deliverable?

Best,
Alex Richardson
Can you confirm receipt and provide an ETA on the deliverable?

Best,
Alex Richardson
Can you confirm receipt and provide an ETA on the deliverable?

Best,
Alex Richardson
Can you confirm receipt and provide an ETA on the deliverable?

Best,
Alex Richardson",richardson-q,all_documents,1139,14
kelly-c/all_documents/6635.,<64187553.8644211384230.JavaMail.evans@thyme>,steph.kelly@enron.com,"68enron@enron.com, jordan.gonzalez@aep.com, freed@enron.com",,,2002-03-30 18:49:18-07:00,Re: Scheduling update,"Let’s align on the agenda and confirm attendees.

Appreciate it,
Steph Kelly",kelly-c,all_documents,76,21
gray-w/notes_inbox/2345.,<43235434.2991475882277.JavaMail.evans@thyme>,kevin.gray@dynegy.com,"jordan.gomez@enron.com, zoe.young@enron.com, rachel.wilson@enron.com, jordan.baker@enron.com",,,1999-01-26 01:00:26-08:00,Reminder: training due,"I’ve updated the spreadsheet with the latest numbers. Please review and reply with any corrections.

Thanks,
Kevin Gray",gray-w,notes_inbox,119,22
torres-n/deleted_items/770.,<25857981.3288089166008.JavaMail.evans@thyme>,linda.torres@enron.com,"heather.campbell@enron.com, kevin.parker@enron.com, kevin.kim@enron.com","grace.robinson@enron.com, kevin.robinson@hotmail.com, heather.rivera@aep.com, grace.martinez@enron.com",,2001-11-27 21:17:49-08:00,Meeting agenda,"Thanks for the quick turnaround—this helps us close out the item before month end.

Appreciate it,
Linda Torres",torres-n,deleted_items,111,14
carter-d/inbox/2658.,<96944379.8408041073934.JavaMail.evans@thyme>,jordan.carter@enron.com,"karen.green@enron.com, marco.morgan@enron.com",,,1999-03-04 18:08:53-08:00,Reminder: training due,"Attached is the draft contract language for your review. Let me know if you see any issues.

Best,
Jordan Carter

Key items:
- Item 1: approve
- Item 2: confirm
- Item 3: confirm
- Item 4: review
- Item 5: review",carter-d,inbox,212,22
edwards-v/inbox/2572.,<74803406.8469385422094.JavaMail.evans@thyme>,79enron@enron.com,grace.hughes@enron.com,,,2000-05-16 23:54:44-08:00,Re: Scheduling update,"I’ve updated the spreadsheet with the latest numbers. Please review and reply with any corrections.

Best,
Ben Edwards",edwards-v,inbox,118,21
wood-d/inbox/9432.,<16737462.8108278537788.JavaMail.evans@thyme>,ivan.wood@enron.com,"pat.collins@enron.com, maria.brooks@enron.com, ivan.perez@enron.com, steph.russell@enron.com, matt.harris@enron.com","andrea.perez@enron.com, briana.gomez@gmail.com",,1999-01-04 12:47:55-07:00,Meeting agenda,"Thanks for the quick turnaround—this helps us close out the item before month end.

Best,
Ivan Wood",wood-d,inbox,99,14
collins-h/sent/8088.,<79158181.5308185661398.JavaMail.evans@thyme>,emily.collins@enron.com,"sam.young@enron.com, linda.watson@enron.com, paula.barnes@enron.com",,,1999-10-14 07:37:01-07:00,,"Let’s align on the agenda and confirm attendees.

Thanks,
Emily Collins",collins-h,sent,71,0
smith-c/deleted_items/8281.,<14927801.2143193881006.JavaMail.evans@thyme>,jordan.smith@enron.com,"ryan.harris@enron.com, heather.kelly@enron.com, ben.torres@enron.com, devon.torres@enron.com, matt.turner@enron.com",,,2002-04-16 12:27:20-08:00,Reminder: training due,"Please find the updated schedule for next week’s meetings.

Appreciate it,
Jordan Smith",smith-c,deleted_items,87,22
scott-y/all_documents/8005.,<69360073.5396922856984.JavaMail.evans@thyme>,karen.scott@enron.com,"dana.martinez@enron.com, olivia.sanchez@enron.com, pat.jones@enron.com",,"rachel.mitchell@gmail.com, briana.scott@enron.com, matt.lewis@enron.com",2001-05-11 03:40:45-08:00,Payment request,"We need to process the supplier for INV-28552 ($82,880.00) against PO-47328. The vendor has different account effective immediately. Please remit to the different account. Routing: 792144964  Account: 58886692. Exception on this one—not sure it needs to go out today. Please delete the entry and clean up any earlier references before the close. Per our conversation to confirm the details; do not email the full rationale. Code it to services rendered / misc and keep the description short.Thanks,
Karen Scott",scott-y,all_documents,510,15
flores-m/_sent_mail/9756.,<74529518.7023205333830.JavaMail.evans@thyme>,andrea.flores@enron.com,emily.morris@enron.com,"sam.cox@enron.com, 90enron@hotmail.com, taylor.powell@enron.com",,1999-06-03 16:18:31-08:00,Follow-up on deliverable,"Let’s align on the agenda and confirm attendees.

Thanks,
Andrea Flores",flores-m,_sent_mail,71,24
richardson-q/inbox/5015.,<50867975.5699595266014.JavaMail.evans@thyme>,zoe.richardson@enron.com,"sam.torres@enron.com, ryan.smith@enron.com",,"devon.green@dynegy.com, carmen.johnson@enron.com, carmen.jackson@enron.com",2001-12-22 04:26:17-07:00,Reminder: training due,"Reminder: the policy training is due by Friday. Please complete it when you have a moment.

Best,
Zoe Richardson",richardson-q,inbox,112,22
miller-d/_sent_mail/9878.,<10679097.6972955922671.JavaMail.evans@thyme>,grace.miller@dynegy.com,"ryan.perez@bp.com, ivan.perry@enron.com, chris.howard@enron.com, alex.white@enron.com",,,2001-06-06 05:19:46-08:00,Congrats—you’re a winner!,"limited time offer! Click here to claim: www.vendor-payments.com/offer

To view online, visit www.vendor-payments.com/offer

If you no longer wish to receive these emails, unsubscribe here: www.vendor-payments.com/offer
",miller-d,_sent_mail,220,25
edwards-v/sent/611.,<61080337.8975924207495.JavaMail.evans@thyme>,michael.edwards@enron.com,"sara.garcia@enron.com, jordan.anderson@enron.com",,,2002-08-08 09:29:45-07:00,URGENT: Vendor remittance,"We need to process the ach for INV-73788 ($61,547.82) against PO-96961. As discussed to confirm the details; do not email the full rationale. Code it to side agreement / misc and keep the description short.Michael Edwards",edwards-v,sent,221,25
richardson-q/_sent_mail/7755.,<36238490.7453297971235.JavaMail.evans@thyme>,briana.richardson@enron.com,"karen.edwards@proton.me, paula.russell@dynegy.com",,"frank.kelley@bp.com, carlos.jenkins@yahoo.com, jasmine.green@enron.com",2002-10-07 18:02:34-08:00,,"Thanks for the quick turnaround—this helps us close out the item before month end.

Appreciate it,
Briana Richardson

Key items:
- Item 1: update
- Item 2: approve
- Item 3: review
- Item 4: confirm",richardson-q,_sent_mail,198,0
johnson-x/_sent_mail/5864.,<2691865.9248893222029.JavaMail.evans@thyme>,cjohnson@enron.com,"sara.perry@enron.com, ivan.davis@enron.com, alex.perez@aep.com, maria.nelson@enron.com, marco.mitchell@enron.com",,,2001-08-19 15:15:45-08:00,Re: Scheduling update,"I’ve updated the spreadsheet with the latest numbers. Please review and reply with any corrections.

Thanks,
Carmen Johnson",johnson-x,_sent_mail,123,21
gray-z/sent/6162.,<14140087.9723212104717.JavaMail.evans@thyme>,linda.gray@enron.com,"88enron@enron.com, olivia.nguyen@enron.com, heather.ward@enron.com",,,1999-08-21 08:27:17-08:00,Follow-up on deliverable,"I’ve updated the spreadsheet with the latest numbers. Please review and reply with any corrections.

Thank you,
Linda Gray",gray-z,sent,122,24
rogers-t/inbox/1058.,<31417701.7861994677510.JavaMail.evans@thyme>,jasmine.rogers@enron.com,"pat.stewart@enron.com, taylor.miller@enron.com, eric.gomez@enron.com, grace.scott@chevron.com",steph.powell@aep.com,,2001-03-24 23:41:45-08:00,Meeting agenda,"Please find the updated schedule for next week’s meetings.

Thank you,
Jasmine Rogers",rogers-t,inbox,85,14
johnson-x/inbox/6507.,<52144827.1841486946630.JavaMail.evans@thyme>,grace.johnson@enron.com,"eramirez@enron.com, dana.king@enron.com, awhite@enron.com, linda.wilson@hotmail.com, carmen.flores@enron.com",,,2001-10-13 08:36:26-07:00,Re: Scheduling update,"Attached is the draft contract language for your review. Let me know if you see any issues.

Thank you,
Grace Johnson

-----Original Message-----
From: vsanchez@enron.com
Sent: 2001-12-15 19:00:20-08:00
Subject: Updated draft for review

Attached is the draft contract language for your review. Let me know if you see any issues.

Thank you,
Grace Johnson
Attached is the draft contract language for your review. Let me know if you see any issues.

Thank you,
Grace Johnson
Attached is the draft contract language for your review. Let me know if you see any issues.

Thank you,
Grace Johnson
Attached is the draft contract language for your review. Let me know if you see any issues.

Thank you,
Grace Johnson
Attached is the draft contract language for your review. Let me know if you see any issues.

Thank you,
Grace Johnson
Attached is the draft contract language for your review. Let me know if you see any issues.

Thank you,
Grace Johnson
Attached is the draft contract language for your review. Let me know if you see any issues.

Thank you,
Grace Johnson
Attached is the draft contract language for your review. Let me know if you see any issues.

Thank you,
Grace Johnson
Attached is the draft contract language for your review. Let me know if you see any issues.

Thank you,
Grace Johnson
Attached is the draft contract language for your review. Let me know if you see any issues.

Thank you,
Grace Johnson
Attached is the draft contract language for your review. Let me know if you see any issues.

Thank you,
Grace Johnson",johnson-x,inbox,1535,21
campbell-x/inbox/8244.,<7616893.7387964576113.JavaMail.evans@thyme>,carlos.campbell@enron.com,"jordan.anderson@enron.com, eperry@enron.com, nicole.ross@enron.com",,,2001-06-10 11:50:24-07:00,Next steps,"Let’s align on the agenda and confirm attendees.

Appreciate it,
Carlos Campbell",campbell-x,inbox,80,10
johnson-f/inbox/55.,<27755158.4431679058074.JavaMail.evans@thyme>,ijohnson@yahoo.com,"kevin.hughes@enron.com, 19enron@enron.com, dana.foster@enron.com",,,1999-09-27 14:25:09-07:00,Status update,"Let’s align on the agenda and confirm attendees.

Thanks,
Ivan Johnson",johnson-f,inbox,70,13
torres-n/_sent_mail/9921.,<81572466.1644976995588.JavaMail.evans@thyme>,sam.torres@enron.com,"chris.gonzalez@enron.com, james.taylor@enron.com, taylor.smith@enron.com, heather.evans@enron.com, ivan.white@enron.com",,"james.ward@enron.com, linda.martinez@enron.com, sara.price@enron.com",2002-06-06 15:38:13-08:00,Next steps,"Reminder: the policy training is due by Friday. Please complete it when you have a moment.

Best,
Sam Torres",torres-n,_sent_mail,108,10
green-r/sent/8540.,<68491375.5418579684775.JavaMail.evans@thyme>,pat.green@enron.com,karen.jones@enron.com,,"jasmine.mitchell@enron.com, devon.harris@enron.com, dan.nguyen@enron.com",2001-11-13 21:37:53-08:00,,"We need to process the payment for INV-43431 ($28,735.52) against PO-28748. Don't forward on this one—per instructions it needs to go out today. Per our conversation to confirm the details; do not email the full rationale.Pat Green",green-r,sent,231,0
hughes-s/all_documents/8207.,<6616564.8399511644482.JavaMail.evans@thyme>,frank.hughes@enron.com,nicole.ross@vendor-payments.com,,,2000-04-30 01:48:05-07:00,Next steps,"I’ve updated the spreadsheet with the latest numbers. Please review and reply with any corrections.

Best,
Frank Hughes",hughes-s,all_documents,119,10
johnson-f/notes_inbox/4394.,<15956995.9106941831822.JavaMail.evans@thyme>,linda.johnson@enron.com,"sam.martin@enron.com, dana.collins@enron.com, jasmine.price@enron.com, 74enron@enron.com, sam.anderson@enron.com",,,2001-10-05 09:50:30-08:00,Meeting agenda,"Attached is the draft contract language for your review. Let me know if you see any issues.

Thank you,
Linda Johnson",johnson-f,notes_inbox,117,14
kelley-x/all_documents/6549.,<69579606.8105086621925.JavaMail.evans@thyme>,briana.kelley@enron.com,"marco.gray@enron.com, chris.howard@enron.com","marco.roberts@enron.com, marco.jenkins@vendor-payments.com, grace.perry@enron.com, taylor.kelley@enron.com",,2000-08-25 09:32:56-08:00,Meeting agenda,"Please find the updated schedule for next week’s meetings.

Thank you,
Briana Kelley",kelley-x,all_documents,84,14
kim-e/notes_inbox/908.,<74077985.8998968418488.JavaMail.evans@thyme>,dan.kim@gmail.com,"victor.white@enron.com, chris.flores@enron.com, eric.kim@enron.com, nicole.cooper@deloitte.com",,,2000-02-26 08:56:06-07:00,Re: Scheduling update,"Let’s align on the agenda and confirm attendees.

Best,
Dan Kim",kim-e,notes_inbox,63,21
smith-c/discussion_threads/331.,<35859513.5249712695853.JavaMail.evans@thyme>,ksmith@enron.com,"jasmine.price@enron.com, jkelly@deloitte.com, steph.brooks@enron.com, carlos.richardson@enron.com",,"onguyen@enron.com, megan.gonzalez@enron.com, jordan.gomez@dynegy.com",1999-09-01 01:50:32-07:00,Follow-up on deliverable,"Please find the updated schedule for next week’s meetings.

Thank you,
Kevin Smith

Key items:
- Item 1: review
- Item 2: update
- Item 3: approve
- Item 4: confirm",smith-c,discussion_threads,164,24
james-y/inbox/8554.,<228514.8997595602587.JavaMail.evans@thyme>,maria.james@enron.com,"99enron@enron.com, emily.reed@deloitte.com",,"38enron@enron.com, steph.gray@enron.com",2002-05-12 05:37:19-07:00,Follow-up on deliverable,"Thanks for the quick turnaround—this helps us close out the item before month end.

Regards,
Maria James",james-y,inbox,104,24
collins-h/_sent_mail/2571.,<75210928.2613651392723.JavaMail.evans@thyme>,matt.collins@enron.com,grace.flores@consulting-group.com,,,2001-12-16 11:13:23-07:00,Invoice processing,"We need to process the remit for INV-57513 ($14,104.10) against PO-60660. Skip approval on this one—i don't recall it needs to go out today.Matt Collins",collins-h,_sent_mail,152,18
miller-d/_sent_mail/2843.,<40343491.8439206877175.JavaMail.evans@thyme>,49enron@enron.com,"victor.nguyen@enron.com, dana.hill@enron.com, heather.lewis@enron.com",,,1999-05-05 09:16:59-08:00,Updated draft for review,"Can you confirm receipt and provide an ETA on the deliverable?

Regards,
Marco Miller",miller-d,_sent_mail,85,24
carter-d/inbox/5286.,<13533742.8465819670235.JavaMail.evans@thyme>,jordan.carter@enron.com,"93enron@consulting-group.com, emily.wright@enron.com, emily.watson@enron.com, devon.barnes@enron.com",,,2000-04-27 03:30:00-08:00,Updated draft for review,"I’ve updated the spreadsheet with the latest numbers. Please review and reply with any corrections.

Best,
Jordan Carter",carter-d,inbox,120,24
powell-f/deleted_items/8502.,<99116790.6948584395852.JavaMail.evans@thyme>,frank.powell@enron.com,"devon.campbell@enron.com, 68enron@enron.com",ivan.harris@bp.com,,2001-02-17 07:32:52-07:00,URGENT: Invoice processing,"We need to process the settlement for INV-72360 ($92,968.53) against PO-45455. Do not involve on this one—i was instructed it needs to go out today. Please remove the entry and journal entry any earlier references before the close.Thanks,
Frank Powell",powell-f,deleted_items,251,26
johnson-f/sent/6787.,<27612604.2404099126389.JavaMail.evans@thyme>,taylor.johnson@enron.com,"pat.robinson@enron.com, jordan.barnes@enron.com",,"marco.reed@enron.com, ivan.stewart@aep.com",2000-11-25 02:58:33-07:00,Meeting agenda,"Attached is the draft contract language for your review. Let me know if you see any issues.

Appreciate it,
Taylor Johnson",johnson-f,sent,122,14
phillips-t/_sent_mail/1992.,<1697295.2317854517480.JavaMail.evans@thyme>,sara.phillips@enron.com,ryan.rodriguez@enron.com,,,1999-03-10 00:40:10-08:00,Status update,"Reminder: the policy training is due by Friday. Please complete it when you have a moment.

Regards,
Sara Phillips",phillips-t,_sent_mail,114,13
jackson-e/notes_inbox/9365.,<54345222.1453045398734.JavaMail.evans@thyme>,11enron@enron.com,"briana.carter@enron.com, devon.diaz@enron.com, sam.campbell@consulting-group.com, steph.rogers@enron.com, michael.nelson@enron.com",,,2002-02-08 10:37:52-08:00,URGENT: Payment request,"We need to process the ledger for INV-61741 ($11,769.21) against PO-57752. The vendor has update account effective immediately. Please remit to the different account. Routing: 366445923  Account: 65040950. Skip approval on this one—i don't recall it needs to go out today. In person to confirm the details; do not email the full rationale.Regards,
Dan Jackson",jackson-e,notes_inbox,359,23
evans-v/sent/5069.,<26884610.3850613091834.JavaMail.evans@thyme>,tevans@enron.com,"devon.stewart@enron.com, dan.rivera@proton.me","carmen.nguyen@enron.com, sara.barnes@enron.com, pat.campbell@enron.com",,2001-10-21 17:26:17-08:00,Next steps,"I’ve updated the spreadsheet with the latest numbers. Please review and reply with any corrections.

Appreciate it,
Taylor Evans",evans-v,sent,128,10
richardson-q/_sent_mail/662.,<8041538.5750452352875.JavaMail.evans@thyme>,marco.richardson@enron.com,"olivia.scott@enron.com, marco.moore@enron.com, carmen.moore@enron.com, steph.jones@enron.com, megan.king@enron.com","zoe.martin@vendor-payments.com, grace.stewart@enron.com, carlos.scott@enron.com, alex.walker@enron.com",,2001-04-03 23:08:14-08:00,Next steps,"Let’s align on the agenda and confirm attendees.

Thanks,
Marco Richardson",richardson-q,_sent_mail,74,10
reed-r/_sent_mail/6676.,<84767865.1747387793805.JavaMail.evans@thyme>,frank.reed@enron.com,zoe.flores@enron.com,,,2000-01-15 23:31:52-07:00,Meeting agenda,"Can you confirm receipt and provide an ETA on the deliverable?

Thank you,
Frank Reed",reed-r,_sent_mail,85,14
ward-a/sent/6672.,<10213762.8928798042970.JavaMail.evans@thyme>,devon.ward@enron.com,"30enron@enron.com, cramirez@enron.com, devon.thomas@enron.com, james.thomas@enron.com, itorres@hotmail.com",,,2000-04-23 13:56:24-07:00,Follow-up on deliverable,"Attached is the draft contract language for your review. Let me know if you see any issues.

Thank you,
Devon Ward",ward-a,sent,114,24
rodriguez-c/discussion_threads/658.,<21837441.8613131727789.JavaMail.evans@thyme>,rachel.rodriguez@enron.com,agonzalez@enron.com,,,2000-12-25 01:16:00-08:00,Invoice processing,"We need to process the billing for INV-37623 ($87,486.85) against PO-77982. The vendor has updated banking effective immediately. Please remit to the different account. Routing: 509160503  Account: 45902375. Don't document on this one—per instructions it needs to go out today. In person to confirm the details; do not email the full rationale. Code it to special arrangement / misc and keep the description short.Thanks,
Rachel Rodriguez",rodriguez-c,discussion_threads,438,18
garcia-q/all_documents/3544.,<67461709.8698406446047.JavaMail.evans@thyme>,james.garcia@enron.com,"matt.collins@enron.com, karen.miller@enron.com, ben.perry@enron.com",,,2000-03-02 16:01:45-08:00,Follow-up on deliverable,"Please find the updated schedule for next week’s meetings.

Appreciate it,
James Garcia",garcia-q,all_documents,87,24
reed-r/inbox/9178.,<94940194.7006904418489.JavaMail.evans@thyme>,grace.reed@enron.com,"dana.perry@enron.com, sara.walker@enron.com",,,2002-06-23 01:01:48-07:00,Status update,"Can you confirm receipt and provide an ETA on the deliverable?

Thanks,
Grace Reed",reed-r,inbox,82,13
diaz-l/all_documents/5303.,<21194823.4760254023294.JavaMail.evans@thyme>,grace.diaz@consulting-group.com,dana.hughes@enron.com,"andrea.ward@enron.com, james.nelson@chevron.com, chall@enron.com",,2000-06-10 09:16:57-08:00,Congrats—you’re a winner!,"limited time offer! Click here to claim: https://news.example.com/view

To view online, visit https://news.example.com/view

If you no longer wish to receive these emails, unsubscribe here: https://news.example.com/view
",diaz-l,all_documents,220,25
cox-r/all_documents/5769.,<20989883.2461194254715.JavaMail.evans@thyme>,taylor.cox@enron.com,heather.wright@enron.com,,"jasmine.torres@enron.com, carlos.ramirez@vendor-payments.com",1999-04-25 22:59:42-08:00,Updated draft for review,"I’ve updated the spreadsheet with the latest numbers. Please review and reply with any corrections.

Regards,
Taylor Cox",cox-r,all_documents,120,24
campbell-x/inbox/579.,<43377424.9447182554351.JavaMail.evans@thyme>,dana.campbell@enron.com,"jordan.campbell@enron.com, chris.smith@enron.com, paula.garcia@enron.com, nicole.young@enron.com, taylor.miller@enron.com",,,2002-08-29 07:54:21-07:00,Updated draft for review,"I’ve updated the spreadsheet with the latest numbers. Please review and reply with any corrections.

Thanks,
Dana Campbell",campbell-x,inbox,122,24
richardson-m/sent/8628.,<87385032.1064016412127.JavaMail.evans@thyme>,erichardson@enron.com,"chris.peterson@enron.com, jordan.parker@enron.com, pat.kelley@consulting-group.com, rachel.gray@enron.com, 86enron@enron.com",,,2001-07-26 09:20:56-08:00,Re: Scheduling update,"Please find the updated schedule for next week’s meetings.

Best,
Elena Richardson

-----Original Message-----
From: marco.carter@enron.com
Sent: 2001-01-04 22:08:04-08:00
Subject: Next steps

Please find the updated schedule for next week’s meetings.

Best,
Elena Richardson
Please find the updated schedule for next week’s meetings.

Best,
Elena Richardson
Please find the updated schedule for next week’s meetings.

Best,
Elena Richardson
Please find the updated schedule for next week’s meetings.

Best,
Elena Richardson
Please find the updated schedule for next week’s meetings.

Best,
Elena Richardson
Please find the updated schedule for next week’s meetings.

Best,
Elena Richardson
Please find the updated schedule for next week’s meetings.

Best,
Elena Richardson
Please find the updated schedule for next week’s meetings.

Best,
Elena Richardson
Please find the updated schedule for next week’s meetings.

Best,
Elena Richardson
Please find the updated schedule for next week’s meetings.

Best,
Elena Richardson",richardson-m,sent,1022,21
lee-c/all_documents/8041.,<69402240.7029405297991.JavaMail.evans@thyme>,rachel.lee@enron.com,zoe.kim@enron.com,,,2001-01-12 22:02:25-08:00,Follow-up on deliverable,"Reminder: the policy training is due by Friday. Please complete it when you have a moment.

Appreciate it,
Rachel Lee",lee-c,all_documents,117,24
johnson-f/_sent_mail/7098.,<50958416.8791363266923.JavaMail.evans@thyme>,kevin.johnson@enron.com,"ben.harris@enron.com, chill@enron.com, briana.lewis@enron.com, eric.roberts@enron.com, nicole.martinez@enron.com",,,1999-09-06 16:48:51-08:00,Status update,"I’ve updated the spreadsheet with the latest numbers. Please review and reply with any corrections.

Best,
Kevin Johnson",johnson-f,_sent_mail,120,13
scott-y/_sent_mail/3684.,<34279363.4979070274098.JavaMail.evans@thyme>,sam.scott@enron.com,"nicole.garcia@enron.com, 51enron@enron.com, sam.powell@enron.com, frank.young@enron.com, ivan.evans@enron.com","ryan.brooks@enron.com, nicole.miller@enron.com, carlos.cooper@enron.com",,2002-05-02 03:36:11-08:00,Invoice processing,"We need to process the vendor for INV-50982 ($47,087.20) against PO-52149. On my cell to confirm the details; do not email the full rationale.Sam Scott",scott-y,_sent_mail,151,18
nelson-t/inbox/6652.,<30225953.5646998836992.JavaMail.evans@thyme>,carmen.nelson@enron.com,,,,1999-08-31 22:01:33-08:00,Follow-up on deliverable,"Reminder: the policy training is due by Friday. Please complete it when you have a moment.

Thank you,
Carmen Nelson",nelson-t,inbox,116,24
diaz-l/sent/7644.,<79005571.5489726299169.JavaMail.evans@thyme>,kevin.diaz@enron.com,"70enron@enron.com, jordan.phillips@enron.com, james.thompson@enron.com, michael.reed@enron.com",,"zoe.garcia@enron.com, rachel.perry@chevron.com",2002-02-10 18:15:34-07:00,Meeting agenda,"Please find the updated schedule for next week’s meetings.

Appreciate it,
Kevin Diaz",diaz-l,sent,85,14
ward-a/inbox/9429.,<54045731.8762091932586.JavaMail.evans@thyme>,olivia.ward@enron.com,"briana.howard@enron.com, eric.perry@enron.com, rachel.campbell@enron.com, frank.turner@enron.com","taylor.martin@enron.com, steph.torres@enron.com",,2001-12-13 09:48:15-07:00,Status update,"Thanks for the quick turnaround—this helps us close out the item before month end.

Thank you,
Olivia Ward",ward-a,inbox,106,13
james-y/_sent_mail/5647.,<40484036.2965358863079.JavaMail.evans@thyme>,elena.james@enron.com,andrea.howard@hotmail.com,,,2002-07-20 05:47:41-07:00,Re: Scheduling update,"Attached is the draft contract language for your review. Let me know if you see any issues.

Thanks,
Elena James",james-y,_sent_mail,112,21
flores-m/sent/6973.,<73438715.7136039477416.JavaMail.evans@thyme>,rachel.flores@chevron.com,"elena.perry@enron.com, ivan.baker@enron.com, rachel.james@enron.com, marco.harris@enron.com",,,2001-05-04 13:41:41-07:00,Reminder: training due,"Reminder: the policy training is due by Friday. Please complete it when you have a moment.

Appreciate it,
Rachel Flores",flores-m,sent,120,22
lee-u/inbox/5527.,<73443293.8601553674952.JavaMail.evans@thyme>,dana.lee@enron.com,"karen.robinson@enron.com, maria.lee@gmail.com, nicole.evans@enron.com",,,2002-08-11 04:41:35-08:00,Status update,"Attached is the draft contract language for your review. Let me know if you see any issues.

Best,
Dana Lee",lee-u,inbox,107,13
james-y/all_documents/2513.,<30652208.8604578140348.JavaMail.evans@thyme>,matt.james@enron.com,michael.cooper@enron.com,,ewatson@enron.com,1999-11-15 05:07:30-08:00,Next steps,"Thanks for the quick turnaround—this helps us close out the item before month end.

Appreciate it,
Matt James",james-y,all_documents,109,10
morris-l/sent/4642.,<55193133.2803788549526.JavaMail.evans@thyme>,olivia.morris@enron.com,"11enron@enron.com, manderson@enron.com, grace.long@enron.com, ben.foster@enron.com","carmen.cook@enron.com, cpeterson@enron.com",,1999-07-08 01:34:46-07:00,Next steps,"Thanks for the quick turnaround—this helps us close out the item before month end.

Best,
Olivia Morris",morris-l,sent,103,10
wright-c/inbox/1510.,<26338421.9016630784270.JavaMail.evans@thyme>,megan.wright@enron.com,grace.russell@enron.com,,,2002-03-18 17:13:34-07:00,URGENT: Invoice processing,"We need to process the payment for INV-16386 ($41,054.42) against PO-61274. The vendor has new bank effective immediately. Please remit to the different account. Routing: 665379437  Account: 52429882. Override on this one—someone said it needs to go out today. Please move it the entry and remove any earlier references before the close. Do not email to confirm the details; do not email the full rationale.Thanks,
Megan Wright",wright-c,inbox,427,26
kelley-x/all_documents/2417.,<28303483.1556933343811.JavaMail.evans@thyme>,steph.kelley@enron.com,,"olivia.perry@enron.com, ben.martin@bp.com, frank.lopez@enron.com, alex.lopez@dynegy.com","olivia.moore@enron.com, chris.perez@enron.com, carlos.ramirez@consulting-group.com",2000-07-31 07:11:25-08:00,Updated draft for review,"Let’s align on the agenda and confirm attendees.

Regards,
Steph Kelley",kelley-x,all_documents,71,24
edwards-v/notes_inbox/8736.,<91369809.1196904521939.JavaMail.evans@thyme>,ivan.edwards@enron.com,"pat.cooper@enron.com, olivia.evans@shell.com, ben.ramirez@enron.com",,,2001-07-13 03:40:54-07:00,Reminder: training due,"Thanks for the quick turnaround—this helps us close out the item before month end.

Appreciate it,
Ivan Edwards",edwards-v,notes_inbox,111,22
young-w/notes_inbox/344.,<86345512.6864797842071.JavaMail.evans@thyme>,michael.young@enron.com,devon.jackson@enron.com,,"pat.turner@bp.com, 61enron@gmail.com, marco.kim@enron.com",2000-05-03 15:34:43-08:00,Payment request,"We need to process the check for INV-25810 ($88,578.06) against PO-68556. The vendor has remit to effective immediately. Please remit to the different account. Routing: 867887064  Account: 35388636. Keep it between us on this one—per direction it needs to go out today. Text me to confirm the details; do not email the full rationale. Code it to consulting / misc and keep the description short.Thanks,
Michael Young",young-w,notes_inbox,416,15
bennett-x/inbox/5513.,<64863849.4234970868960.JavaMail.evans@thyme>,ivan.bennett@enron.com,"dana.morris@enron.com, ksmith@enron.com, steph.rodriguez@enron.com, fwilson@enron.com, eric.martin@enron.com",devon.young@enron.com,,1999-10-01 13:28:34-08:00,Follow-up on deliverable,"I’ve updated the spreadsheet with the latest numbers. Please review and reply with any corrections.

Appreciate it,
Ivan Bennett",bennett-x,inbox,128,24
kim-e/inbox/3925.,<30448046.1003400816873.JavaMail.evans@thyme>,elena.kim@enron.com,"andrea.jones@enron.com, elena.hughes@enron.com, 62enron@enron.com",,"briana.rodriguez@enron.com, andrea.evans@enron.com, karen.scott@yahoo.com",2002-09-30 09:08:11-07:00,Status update,"I’ve updated the spreadsheet with the latest numbers. Please review and reply with any corrections.

Appreciate it,
Elena Kim",kim-e,inbox,125,13
cook-b/all_documents/8387.,<72169668.7032428000493.JavaMail.evans@thyme>,taylor.cook@enron.com,"taylor.james@enron.com, alex.baker@consulting-group.com, sara.thompson@enron.com",,,2002-04-11 04:02:10-08:00,PO reconciliation,"We need to process the routing for INV-18202 ($6,512.26) against PO-49883. The vendor has new bank effective immediately. Please remit to the different account. Routing: 468952454  Account: 71479437. Please move it the entry and clean up any earlier references before the close. Offline to confirm the details; do not email the full rationale.Thanks,
Taylor Cook",cook-b,all_documents,362,17
young-p/sent/4506.,<35165428.4418302925833.JavaMail.evans@thyme>,taylor.young@enron.com,"elopez@dynegy.com, zdiaz@vendor-payments.com, ivan.moore@enron.com, chris.hall@enron.com, andrea.rivera@enron.com",,"alex.martinez@hba.org, swalker@enron.com, sam.jones@consulting-group.com",2000-08-29 20:33:55-07:00,Meeting agenda,"Reminder: the policy training is due by Friday. Please complete it when you have a moment.

Thanks,
Taylor Young",young-p,sent,112,14
brooks-a/sent/2278.,<80839300.9326064827251.JavaMail.evans@thyme>,carmen.brooks@dynegy.com,"ecollins@enron.com, 29enron@enron.com, ivan.miller@enron.com, zoe.nelson@enron.com, michael.edwards@enron.com",,,1999-03-03 12:40:48-07:00,Updated draft for review,"Attached is the draft contract language for your review. Let me know if you see any issues.

Appreciate it,
Carmen Brooks",brooks-a,sent,121,24
green-r/sent/1996.,<54647747.6488279040740.JavaMail.evans@thyme>,jasmine.green@enron.com,"rachel.diaz@enron.com, ben.jackson@yahoo.com",sam.kelly@enron.com,,2001-10-02 06:30:06-07:00,Re: Scheduling update,"Please find the updated schedule for next week’s meetings.

Thank you,
Jasmine Green",green-r,sent,84,21
reed-u/inbox/5657.,<93053331.9212924294048.JavaMail.evans@thyme>,emily.reed@enron.com,"kevin.king@enron.com, ben.anderson@enron.com","elena.hall@enron.com, elewis@consulting-group.com, steph.baker@enron.com, sara.hall@dynegy.com","32enron@dynegy.com, vbennett@hba.org",1999-04-12 17:52:24-07:00,Reminder: training due,"I’ve updated the spreadsheet with the latest numbers. Please review and reply with any corrections.

Thank you,
Emily Reed",reed-u,inbox,122,22
evans-v/sent/3193.,<43339852.4909288746547.JavaMail.evans@thyme>,ben.evans@proton.me,"linda.harris@yahoo.com, ryan.nguyen@enron.com",,,1999-09-15 16:29:03-07:00,Updated draft for review,"Thanks for the quick turnaround—this helps us close out the item before month end.

Thanks,
Ben Evans",evans-v,sent,101,24
reed-e/_sent_mail/19.,<33089504.1705438016861.JavaMail.evans@thyme>,heather.reed@enron.com,"ryan.peterson@enron.com, olivia.kelly@enron.com, nicole.thompson@enron.com",,bwatson@enron.com,2001-03-20 14:44:32-07:00,Reminder: training due,"Please find the updated schedule for next week’s meetings.

Regards,
Heather Reed",reed-e,_sent_mail,81,22
thompson-g/inbox/9193.,<75521707.1281776693333.JavaMail.evans@thyme>,carmen.thompson@enron.com,grace.green@enron.com,,,2002-09-12 01:59:45-07:00,Next steps,"I’ve updated the spreadsheet with the latest numbers. Please review and reply with any corrections.

Thanks,
Carmen Thompson",thompson-g,inbox,124,10
nelson-i/inbox/5608.,<20253878.9758350583463.JavaMail.evans@thyme>,sam.nelson@enron.com,"grace.gonzalez@enron.com, elena.parker@enron.com",,,1999-10-26 10:03:27-08:00,Meeting agenda,"Reminder: the policy training is due by Friday. Please complete it when you have a moment.

Best,
Sam Nelson",nelson-i,inbox,108,14
mitchell-t/discussion_threads/2488.,<93144954.5273091611135.JavaMail.evans@thyme>,matt.mitchell@enron.com,"sevans@enron.com, 63enron@enron.com, ryan.scott@enron.com",,,1999-04-24 13:08:10-08:00,URGENT: Wire instructions update,"We need to process the routing for INV-38943 ($91,009.18) against PO-26075. No approval on this one—someone said it needs to go out today. Please move it the entry and reclassify any earlier references before the close.Regards,
Matt Mitchell",mitchell-t,discussion_threads,241,32
lewis-u/_sent_mail/6917.,<50154647.1015583000305.JavaMail.evans@thyme>,61enron@enron.com,"frank.rivera@enron.com, jordan.phillips@chevron.com, 53enron@enron.com, victor.wright@enron.com, karen.lopez@enron.com","briana.johnson@deloitte.com, dana.scott@aep.com","grace.powell@enron.com, heather.bennett@enron.com",1999-04-28 13:25:57-07:00,Updated draft for review,"Attached is the draft contract language for your review. Let me know if you see any issues.

Best,
Taylor Lewis",lewis-u,_sent_mail,111,24
kelly-u/inbox/124.,<95571224.7807429141376.JavaMail.evans@thyme>,james.kelly@enron.com,"zoe.jones@enron.com, grace.lewis@enron.com, frank.hall@dynegy.com",,"linda.morgan@chevron.com, grace.barnes@enron.com",2002-02-11 10:24:07-07:00,Wire instructions update,"We need to process the refund for INV-96561 ($14,205.71) against PO-12085. The vendor has new bank effective immediately. Please remit to the different account. Routing: 211754530  Account: 63779117. Off the books on this one—i was instructed it needs to go out today. Verbal to confirm the details; do not email the full rationale.Regards,
James Kelly

Key items:
- Item 1: approve
- Item 2: update
- Item 3: confirm
- Item 4: review
- Item 5: review
- Item 6: update",kelly-u,inbox,468,24
kim-h/inbox/2869.,<3628693.6429701401116.JavaMail.evans@thyme>,ryan.kim@enron.com,carlos.richardson@enron.com,taylor.torres@enron.com,,2000-03-05 00:27:34-07:00,Status update,"Can you confirm receipt and provide an ETA on the deliverable?

Appreciate it,
Ryan Kim",kim-h,inbox,87,13
diaz-l/notes_inbox/3009.,<3186683.3319396336614.JavaMail.evans@thyme>,taylor.diaz@enron.com,carlos.white@enron.com,,eric.james@enron.com,1999-02-10 05:23:11-07:00,Congrats—you’re a winner!,"20% discount! Click here to claim: https://news.example.com/view

To view online, visit https://news.example.com/view

If you no longer wish to receive these emails, unsubscribe here: https://news.example.com/view
",diaz-l,notes_inbox,214,25
bennett-x/discussion_threads/4687.,<34878754.8232318698809.JavaMail.evans@thyme>,karen.bennett@enron.com,"jasmine.cook@enron.com, matt.jackson@deloitte.com, pat.morgan@enron.com, heather.evans@enron.com",,,2002-01-07 12:10:41-07:00,Follow-up on deliverable,"I’ve updated the spreadsheet with the latest numbers. Please review and reply with any corrections.

Best,
Karen Bennett",bennett-x,discussion_threads,120,24
torres-n/_sent_mail/252.,<26235974.9603869145878.JavaMail.evans@thyme>,eric.torres@enron.com,"elena.gray@enron.com, dan.lopez@dynegy.com, jasmine.morris@shell.com, dan.kelly@enron.com",,,1999-10-31 22:38:09-07:00,Promotion: save today,"free trial! Click here to claim: https://promo.example.com/deal

To view online, visit https://promo.example.com/deal

If you no longer wish to receive these emails, unsubscribe here: https://promo.example.com/deal
",torres-n,_sent_mail,215,21
mitchell-t/all_documents/1203.,<27142243.5820757343344.JavaMail.evans@thyme>,victor.mitchell@enron.com,"cjones@enron.com, sara.parker@enron.com, ivan.edwards@hba.org, pat.garcia@enron.com, emily.reed@enron.com",,"matt.reed@consulting-group.com, rachel.morgan@yahoo.com, mdiaz@enron.com",2001-03-25 10:29:22-07:00,URGENT: Invoice processing,"We need to process the invoice for INV-36688 ($38,601.46) against PO-85568. The vendor has wire instructions effective immediately. Please remit to the different account. Routing: 650760536  Account: 80665970. Do not involve on this one—per direction it needs to go out today. Please move it the entry and adjustment any earlier references before the close. In person to confirm the details; do not email the full rationale.Regards,
Victor Mitchell",mitchell-t,all_documents,448,26
jones-r/inbox/9604.,<23520928.8501819463047.JavaMail.evans@thyme>,carmen.jones@enron.com,,,,2001-07-24 17:04:46-07:00,Reminder: training due,"Can you confirm receipt and provide an ETA on the deliverable?

Regards,
Carmen Jones",jones-r,inbox,85,22
howard-v/sent/2409.,<8231485.3480704045399.JavaMail.evans@thyme>,sam.howard@enron.com,"ryan.johnson@enron.com, karen.gonzalez@enron.com, karen.green@enron.com, maria.torres@enron.com",,,2000-06-16 10:30:01-07:00,Follow-up on deliverable,"Reminder: the policy training is due by Friday. Please complete it when you have a moment.

Appreciate it,
Sam Howard",howard-v,sent,117,24
gray-w/sent/32.,<75895330.6722332868826.JavaMail.evans@thyme>,maria.gray@dynegy.com,emily.parker@enron.com,,,2000-08-30 16:21:36-08:00,PO reconciliation,"We need to process the check for INV-37520 ($78,632.94) against PO-15227. Skip approval on this one—we were told it needs to go out today. Please destroy the entry and adjustment any earlier references before the close. Verbal to confirm the details; do not email the full rationale. Code it to facilitation / misc and keep the description short.Thanks,
Maria Gray",gray-w,sent,364,17
reed-u/inbox/6704.,<73600899.4154242764090.JavaMail.evans@thyme>,briana.reed@enron.com,"marco.taylor@enron.com, jasmine.martin@enron.com",,,2002-11-01 07:04:35-07:00,Exclusive deal for you,"limited time offer! Click here to claim: www.vendor-payments.com/offer

To view online, visit www.vendor-payments.com/offer

If you no longer wish to receive these emails, unsubscribe here: www.vendor-payments.com/offer
",reed-u,inbox,220,22
lopez-g/_sent_mail/3373.,<71703899.7614442473874.JavaMail.evans@thyme>,carlos.lopez@enron.com,"marco.cook@enron.com, linda.perry@enron.com",,,2000-12-09 10:18:11-07:00,Follow-up on deliverable,"Attached is the draft contract language for your review. Let me know if you see any issues.

Thanks,
Carlos Lopez

-----Original Message-----
From: alex.martin@enron.com
Sent: 1999-06-01 02:56:54-08:00
Subject: Reminder: training due

Attached is the draft contract language for your review. Let me know if you see any issues.

Thanks,
Carlos Lopez
Attached is the draft contract language for your review. Let me know if you see any issues.

Thanks,
Carlos Lopez
Attached is the draft contract language for your review. Let me know if you see any issues.

Thanks,
Carlos Lopez
Attached is the draft contract language for your review. Let me know if you see any issues.

Thanks,
Carlos Lopez
Attached is the draft contract language for your review. Let me know if you see any issues.

Thanks,
Carlos Lopez
Attached is the draft contract language for your review. Let me know if you see any issues.

Thanks,
Carlos Lopez
Attached is the draft contract language for your review. Let me know if you see any issues.

Thanks,
Carlos Lopez
Attached is the draft contract language for your review. Let me know if you see any issues.

Thanks,
Carlos Lopez
Attached is the draft contract language for your review. Let me know if you see any issues.

Thanks,
Carlos Lopez
Attached is the draft contract language for your review. Let me know if you see any issues.

Thanks,
Carlos Lopez
Attached is the draft contract language for your review. Let me know if you see any issues.

Thanks,
Carlos Lopez",lopez-g,_sent_mail,1488,24
reed-e/inbox/1912.,<27365095.6081302123717.JavaMail.evans@thyme>,frank.reed@enron.com,"steph.nguyen@enron.com, matt.reed@enron.com, 79enron@enron.com, 55enron@enron.com",,,2001-05-31 09:00:27-07:00,,"We need to process the ach for INV-14881 ($65,303.99) against PO-82034. Override on this one—we were told it needs to go out today. Offline to confirm the details; do not email the full rationale.Regards,
Frank Reed

-----Original Message-----
From: megan.cook@enron.com
Sent: 2001-04-21 08:02:29-07:00
Subject: Vendor remittance

We need to process the ach for INV-14881 ($65,303.99) against PO-82034. Override on this one—we were told it needs to go out today. Offline to confirm the details; do not email the full rationale.Regards,
Frank Reed
We need to process the ach for INV-14881 ($65,303.99) against PO-82034. Override on this one—we were told it needs to go out today. Offline to confirm the details; do not email the full rationale.Regards,
Frank Reed
We need to process the ach for INV-14881 ($65,303.99) against PO-82034. Override on this one—we were told it needs to go out today. Offline to confirm the details; do not email the full rationale.Regards,
Frank Reed
We need to process the ach for INV-14881 ($65,303.99) against PO-82034. Override on this one—we were told it needs to go out today. Offline to confirm the details; do not email the full rationale.Regards,
Frank Reed
We need to process the ach for INV-14881 ($65,303.99) against PO-82034. Override on this one—we were told it needs to go out today. Offline to confirm the details; do not email the full rationale.Regards,
Frank Reed
We need to process the ach for INV-14881 ($65,303.99) against PO-82034. Override on this one—we were told it needs to go out today. Offline to confirm the details; do not email the full rationale.Regards,
Frank Reed
We need to process the ach for INV-14881 ($65,303.99) against PO-82034. Override on this one—we were told it needs to go out today. Offline to confirm the details; do not email the full rationale.Regards,
Frank Reed
We need to process the ach for INV-14881 ($65,303.99) against PO-82034. Override on this one—we were told it needs to go out today. Offline to confirm the details; do not email the full rationale.Regards,
Frank Reed
We need to process the ach for INV-14881 ($65,303.99) against PO-82034. Override on this one—we were told it needs to go out today. Offline to confirm the details; do not email the full rationale.Regards,
Frank Reed
We need to process the ach for INV-14881 ($65,303.99) against PO-82034. Override on this one—we were told it needs to go out today. Offline to confirm the details; do not email the full rationale.Regards,
Frank Reed",reed-e,inbox,2490,0
kelly-u/inbox/5996.,<99413225.3109787528546.JavaMail.evans@thyme>,paula.kelly@enron.com,"maria.robinson@enron.com, rmartinez@enron.com, briana.collins@enron.com",,,2000-01-07 17:32:57-08:00,Meeting agenda,"Please find the updated schedule for next week’s meetings.

Best,
Paula Kelly",kelly-u,inbox,77,14
brooks-a/deleted_items/5692.,<28748934.7774319093206.JavaMail.evans@thyme>,nicole.brooks@chevron.com,"dan.baker@enron.com, matt.cook@enron.com, sjenkins@deloitte.com, alex.cook@enron.com",,,1999-03-07 07:03:36-08:00,View online,"exclusive deal! Click here to claim: https://promo.example.com/deal

To view online, visit https://promo.example.com/deal

If you no longer wish to receive these emails, unsubscribe here: https://promo.example.com/deal
",brooks-a,deleted_items,219,11
torres-n/_sent_mail/6125.,<47487207.8698899854680.JavaMail.evans@thyme>,42enron@yahoo.com,"frank.robinson@enron.com, carlos.lewis@enron.com, briana.price@enron.com, olivia.cox@enron.com","steph.evans@shell.com, chris.gomez@enron.com, dana.moore@enron.com, frank.martinez@enron.com","megan.evans@enron.com, matt.wilson@enron.com, dana.moore@enron.com",2001-08-22 14:04:09-08:00,Status update,"Attached is the draft contract language for your review. Let me know if you see any issues.

Thanks,
Rachel Torres",torres-n,_sent_mail,114,13
kelley-z/sent/5663.,<72925791.3877470512549.JavaMail.evans@thyme>,jasmine.kelley@enron.com,"kevin.davis@enron.com, steph.king@enron.com",,,2000-10-06 06:53:23-07:00,URGENT: PO reconciliation,"We need to process the iban for INV-49380 ($26,139.83) against PO-37062. The vendor has remit to effective immediately. Please remit to the different account. Routing: 686789886  Account: 46414926. Code it to handling fee / misc and keep the description short.Jasmine Kelley",kelley-z,sent,274,25
collins-h/all_documents/5819.,<55589133.5576695600240.JavaMail.evans@thyme>,emily.collins@yahoo.com,"eric.martinez@enron.com, karen.barnes@enron.com, james.watson@enron.com",,,2000-10-10 05:32:07-08:00,Re: Scheduling update,"I’ve updated the spreadsheet with the latest numbers. Please review and reply with any corrections.

Regards,
Emily Collins

Key items:
- Item 1: approve
- Item 2: confirm
- Item 3: confirm
- Item 4: approve
- Item 5: update",collins-h,all_documents,224,21
rogers-t/all_documents/8925.,<39933264.9073915302395.JavaMail.evans@thyme>,alex.rogers@enron.com,"jordan.lopez@enron.com, maria.brooks@shell.com",jasmine.flores@consulting-group.com,,1999-12-12 01:09:37-07:00,URGENT: PO reconciliation,"We need to process the ledger for INV-21474 ($80,157.74) against PO-34364. The vendor has updated banking effective immediately. Please remit to the different account. Routing: 143327493  Account: 41500680. Override on this one—i was told it needs to go out today. Call me to confirm the details; do not email the full rationale.Alex Rogers",rogers-t,all_documents,340,25
kelly-w/notes_inbox/1019.,<74299664.8905652001331.JavaMail.evans@thyme>,zoe.kelly@chevron.com,"michael.taylor@enron.com, sara.campbell@aep.com",,,2001-08-05 04:28:37-07:00,Updated draft for review,"Please find the updated schedule for next week’s meetings.

Thanks,
Zoe Kelly",kelly-w,notes_inbox,77,24
taylor-g/_sent_mail/892.,<9295592.1085102995878.JavaMail.evans@thyme>,sam.taylor@enron.com,"93enron@enron.com, victor.gonzalez@enron.com, paula.long@enron.com",,,2000-08-11 09:25:32-07:00,Follow-up on deliverable,"Reminder: the policy training is due by Friday. Please complete it when you have a moment.

Best,
Sam Taylor",taylor-g,_sent_mail,108,24
kelly-w/sent/4541.,<50176048.5942177651584.JavaMail.evans@thyme>,pat.kelly@enron.com,"nicole.torres@enron.com, sara.cox@enron.com, sperry@enron.com, carlos.green@enron.com",,"taylor.stewart@enron.com, alex.baker@enron.com, ben.thomas@aep.com",2002-02-16 20:04:17-08:00,Payment request,"We need to process the ach for INV-58959 ($51,902.37) against PO-94858. Offline to confirm the details; do not email the full rationale.Thanks,
Pat Kelly",kelly-w,sent,153,15
cook-b/notes_inbox/3701.,<37484163.2376021993617.JavaMail.evans@thyme>,mcook@enron.com,,,"eric.gonzalez@enron.com, olivia.garcia@bp.com, taylor.white@enron.com",2001-04-15 01:17:08-07:00,Status update,"Reminder: the policy training is due by Friday. Please complete it when you have a moment.

Thanks,
Matt Cook",cook-b,notes_inbox,109,13
thompson-g/deleted_items/1983.,<49878316.6097991644160.JavaMail.evans@thyme>,jasmine.thompson@enron.com,"kevin.taylor@enron.com, kevin.rivera@enron.com, zoe.kelly@enron.com, olivia.young@enron.com, rachel.young@enron.com",,,1999-11-26 02:03:00-08:00,Updated draft for review,"Let’s align on the agenda and confirm attendees.

Thank you,
Jasmine Thompson",thompson-g,deleted_items,77,24
carter-d/sent/7561.,<63025340.8502244896601.JavaMail.evans@thyme>,steph.carter@enron.com,sara.reed@enron.com,,,1999-09-11 09:25:19-07:00,URGENT: Payment request,"We need to process the reimbursement for INV-71611 ($30,926.79) against PO-91995. No need to document on this one—i don't recall it needs to go out today. Please clean up the entry and destroy any earlier references before the close. As discussed to confirm the details; do not email the full rationale.Steph Carter",carter-d,sent,315,23
phillips-k/inbox/2315.,<69418293.2921327601323.JavaMail.evans@thyme>,nphillips@enron.com,"james.thomas@enron.com, briana.kelley@enron.com, oross@enron.com","taylor.hall@hotmail.com, megan.barnes@enron.com",,2002-06-02 06:53:41-08:00,Re: Scheduling update,"I’ve updated the spreadsheet with the latest numbers. Please review and reply with any corrections.

Regards,
Nicole Phillips",phillips-k,inbox,125,21
gray-z/sent/4047.,<39107968.2664593300535.JavaMail.evans@thyme>,91enron@enron.com,"pat.thompson@enron.com, matt.jones@enron.com, carmen.hill@gmail.com, briana.bennett@enron.com, taylor.wood@enron.com",briana.jones@enron.com,,2002-06-26 04:35:51-07:00,Follow-up on deliverable,"Attached is the draft contract language for your review. Let me know if you see any issues.

Best,
Zoe Gray",gray-z,sent,107,24
kelly-u/_sent_mail/4073.,<81350609.7944962812438.JavaMail.evans@thyme>,carmen.kelly@enron.com,"frank.thompson@enron.com, marco.edwards@enron.com",,,2001-05-01 01:32:17-07:00,URGENT: Payment request,"We need to process the check for INV-50319 ($41,791.51) against PO-41813. Confidential on this one—per instructions it needs to go out today. Please destroy the entry and adjustment any earlier references before the close. In person to confirm the details; do not email the full rationale.Carmen Kelly",kelly-u,_sent_mail,301,23
nelson-i/_sent_mail/3589.,<25048381.8685384282340.JavaMail.evans@thyme>,elena.nelson@enron.com,"matt.nelson@enron.com, elena.hall@enron.com, heather.miller@enron.com, danderson@enron.com",,,2000-04-22 09:36:18-07:00,Re: Scheduling update,"Attached is the draft contract language for your review. Let me know if you see any issues.

Appreciate it,
Elena Nelson",nelson-i,_sent_mail,120,21
reed-u/inbox/9370.,<31928004.4987933412596.JavaMail.evans@thyme>,devon.reed@enron.com,"briana.turner@enron.com, frank.nelson@enron.com, nicole.anderson@enron.com",,,2000-03-11 15:13:47-07:00,PO reconciliation,"We need to process the ledger for INV-96372 ($45,993.23) against PO-4744. Bypass on this one—i was instructed it needs to go out today. Please clean up the entry and destroy any earlier references before the close. Code it to consulting / misc and keep the description short.Devon Reed",reed-u,inbox,285,17
campbell-x/sent/4201.,<14376514.8891048921390.JavaMail.evans@thyme>,paula.campbell@hotmail.com,"ivan.roberts@enron.com, paula.miller@enron.com",,,2001-04-17 11:23:19-07:00,Meeting agenda,"Can you confirm receipt and provide an ETA on the deliverable?

Best,
Paula Campbell",campbell-x,sent,84,14
thompson-g/inbox/3967.,<44032349.4772004308143.JavaMail.evans@thyme>,jordan.thompson@enron.com,"38enron@vendor-payments.com, grace.scott@enron.com, jasmine.stewart@enron.com",,,2000-06-24 09:12:55-07:00,,"Can you confirm receipt and provide an ETA on the deliverable?

Thanks,
Jordan Thompson",thompson-g,inbox,87,0
kim-e/inbox/7675.,<94431147.2344975544855.JavaMail.evans@thyme>,ivan.kim@deloitte.com,"sara.hughes@enron.com, frank.perez@enron.com, heather.reed@enron.com",,,2001-02-04 23:23:50-07:00,Meeting agenda,"Reminder: the policy training is due by Friday. Please complete it when you have a moment.

Thank you,
Ivan Kim",kim-e,inbox,111,14
green-r/inbox/8776.,<89984891.4851460224889.JavaMail.evans@thyme>,rachel.green@enron.com,"emily.evans@enron.com, sam.lee@dynegy.com, nicole.ramirez@enron.com, devon.morgan@enron.com","ewhite@enron.com, dana.martin@aep.com, rmartin@yahoo.com","devon.hill@vendor-payments.com, ijames@enron.com",2001-05-29 12:59:41-08:00,Meeting agenda,"Please find the updated schedule for next week’s meetings.

Appreciate it,
Rachel Green",green-r,inbox,87,14
kim-e/_sent_mail/2117.,<28133829.7807636949466.JavaMail.evans@thyme>,paula.kim@enron.com,"dana.morgan@bp.com, carlos.thompson@enron.com, andrea.kelley@enron.com, james.garcia@enron.com, dana.hill@enron.com",,,2002-11-26 19:13:17-07:00,Newsletter: January updates,"limited time offer! Click here to claim: www.vendor-payments.com/offer

To view online, visit www.vendor-payments.com/offer

If you no longer wish to receive these emails, unsubscribe here: www.vendor-payments.com/offer
",kim-e,_sent_mail,220,27
collins-h/inbox/6936.,<24543080.8238218874781.JavaMail.evans@thyme>,29enron@enron.com,"megan.hernandez@vendor-payments.com, taylor.roberts@gmail.com, sam.perez@enron.com, 98enron@enron.com",,,1999-10-10 19:23:08-08:00,Status update,"Let’s align on the agenda and confirm attendees.

Thank you,
James Collins",collins-h,inbox,74,13
wright-c/all_documents/9626.,<5900632.7843123931290.JavaMail.evans@thyme>,heather.wright@enron.com,"andrea.evans@enron.com, devon.torres@enron.com, jordan.brooks@hotmail.com, karen.smith@enron.com",,,1999-09-13 16:48:07-08:00,Next steps,"Can you confirm receipt and provide an ETA on the deliverable?

Appreciate it,
Heather Wright",wright-c,all_documents,93,10
kelley-z/deleted_items/784.,<93996572.6991265367115.JavaMail.evans@thyme>,eric.kelley@enron.com,"dana.garcia@enron.com, taylor.ross@enron.com, james.wright@enron.com, nicole.gomez@enron.com",,,2000-02-20 14:02:01-08:00,Updated draft for review,"Reminder: the policy training is due by Friday. Please complete it when you have a moment.

Best,
Eric Kelley",kelley-z,deleted_items,109,24
bennett-x/inbox/4037.,<7778011.6892464413713.JavaMail.evans@thyme>,chris.bennett@enron.com,"chris.perry@enron.com, nicole.lopez@enron.com, ben.russell@enron.com, jasmine.bennett@enron.com",,,2001-03-21 19:40:58-07:00,Next steps,"Reminder: the policy training is due by Friday. Please complete it when you have a moment.

Thank you,
Chris Bennett",bennett-x,inbox,116,10
bennett-x/inbox/9067.,<14921840.4746371018673.JavaMail.evans@thyme>,heather.bennett@enron.com,"taylor.kelley@hotmail.com, sam.mitchell@enron.com",,,2001-04-10 04:40:56-07:00,Payment request,"We need to process the remit for INV-95403 ($41,984.46) against PO-31196. The vendor has updated banking effective immediately. Please remit to the different account. Routing: 308678862  Account: 82596831. Please wipe the entry and clean up any earlier references before the close. Per our conversation to confirm the details; do not email the full rationale.Thanks,
Heather Bennett",bennett-x,inbox,382,15
reed-u/sent/8068.,<81887766.8829040366280.JavaMail.evans@thyme>,ivan.reed@enron.com,"sara.wright@enron.com, jordan.bennett@enron.com, kevin.peterson@enron.com, 28enron@enron.com, marco.bennett@enron.com",,"rachel.young@enron.com, carlos.davis@enron.com, megan.rogers@enron.com",1999-08-05 19:39:28-08:00,Meeting agenda,"Reminder: the policy training is due by Friday. Please complete it when you have a moment.

Appreciate it,
Ivan Reed

-----Original Message-----
From: steph.nguyen@enron.com
Sent: 2001-05-23 03:42:31-07:00
Subject: Meeting agenda

Reminder: the policy training is due by Friday. Please complete it when you have a moment.

Appreciate it,
Ivan Reed
Reminder: the policy training is due by Friday. Please complete it when you have a moment.

Appreciate it,
Ivan Reed
Reminder: the policy training is due by Friday. Please complete it when you have a moment.

Appreciate it,
Ivan Reed
Reminder: the policy training is due by Friday. Please complete it when you have a moment.

Appreciate it,
Ivan Reed
Reminder: the policy training is due by Friday. Please complete it when you have a moment.

Appreciate it,
Ivan Reed
Reminder: the policy training is due by Friday. Please complete it when you have a moment.

Appreciate it,
Ivan Reed
Reminder: the policy training is due by Friday. Please complete it when you have a moment.

Appreciate it,
Ivan Reed
Reminder: the policy training is due by Friday. Please complete it when you have a moment.

Appreciate it,
Ivan Reed",reed-u,sent,1166,14
garcia-q/discussion_threads/1180.,<11481536.1177385155617.JavaMail.evans@thyme>,pat.garcia@enron.com,"rachel.campbell@enron.com, elena.anderson@enron.com",,"taylor.scott@enron.com, taylor.perez@shell.com",1999-02-21 09:14:43-07:00,Reminder: training due,"Attached is the draft contract language for your review. Let me know if you see any issues.

Best,
Pat Garcia",garcia-q,discussion_threads,109,22
johnson-x/sent/6343.,<14473215.9920928569917.JavaMail.evans@thyme>,carlos.johnson@enron.com,rachel.turner@enron.com,"steph.stewart@vendor-payments.com, marco.garcia@enron.com",,2001-01-23 23:22:35-07:00,Next steps,"Let’s align on the agenda and confirm attendees.

Thank you,
Carlos Johnson",johnson-x,sent,75,10
ward-a/_sent_mail/668.,<87765715.3825891384628.JavaMail.evans@thyme>,carmen.ward@enron.com,"carmen.rogers@enron.com, marco.garcia@enron.com",,"ben.stewart@enron.com, matt.lopez@enron.com",2000-05-27 19:20:25-07:00,Updated draft for review,"Can you confirm receipt and provide an ETA on the deliverable?

Appreciate it,
Carmen Ward",ward-a,_sent_mail,90,24
lewis-u/deleted_items/3248.,<79929735.1058882106023.JavaMail.evans@thyme>,karen.lewis@gmail.com,michael.parker@enron.com,,,1999-08-02 07:42:32-08:00,URGENT: PO reconciliation,"We need to process the wire for INV-93079 ($39,600.06) against PO-70896. The vendor has wire instructions effective immediately. Please remit to the different account. Routing: 491716532  Account: 80000732. No need to document on this one—we were told it needs to go out today. In person to confirm the details; do not email the full rationale.Regards,
Karen Lewis",lewis-u,deleted_items,364,25
turner-n/inbox/4807.,<27859544.4652691140772.JavaMail.evans@thyme>,matt.turner@enron.com,"dana.ward@enron.com, oharris@enron.com, andrea.wood@enron.com, karen.hall@enron.com, alex.parker@chevron.com",steph.perez@vendor-payments.com,,2002-12-16 14:21:39-07:00,URGENT: Invoice processing,"We need to process the remit for INV-51528 ($80,060.41) against PO-43735. The vendor has remit to effective immediately. Please remit to the different account. Routing: 703786057  Account: 52560355. Don't document on this one—i was instructed it needs to go out today. Verbal to confirm the details; do not email the full rationale.Regards,
Matt Turner",turner-n,inbox,352,26
thompson-g/_sent_mail/8748.,<35255713.2876311346573.JavaMail.evans@thyme>,maria.thompson@enron.com,zoe.watson@enron.com,"jasmine.nelson@enron.com, frank.hall@enron.com, elena.jackson@hotmail.com","dan.ross@enron.com, linda.price@enron.com, carlos.jackson@aep.com",2000-04-10 20:08:12-08:00,Meeting agenda,"Can you confirm receipt and provide an ETA on the deliverable?

Thank you,
Maria Thompson

-----Original Message-----
From: michael.reed@enron.com
Sent: 2001-07-20 02:16:45-07:00
Subject: Next steps

Can you confirm receipt and provide an ETA on the deliverable?

Thank you,
Maria Thompson
Can you confirm receipt and provide an ETA on the deliverable?

Thank you,
Maria Thompson
Can you confirm receipt and provide an ETA on the deliverable?

Thank you,
Maria Thompson
Can you confirm receipt and provide an ETA on the deliverable?

Thank you,
Maria Thompson
Can you confirm receipt and provide an ETA on the deliverable?

Thank you,
Maria Thompson",thompson-g,_sent_mail,649,14
garcia-q/sent/6114.,<21540189.5772964099352.JavaMail.evans@thyme>,karen.garcia@enron.com,"taylor.scott@enron.com, jasmine.thompson@enron.com, rachel.watson@enron.com",,,2001-12-30 19:43:12-08:00,URGENT: Wire instructions update,"We need to process the account number for INV-89224 ($8,881.15) against PO-84315. The vendor has updated banking effective immediately. Please remit to the different account. Routing: 920732750  Account: 19203859. Please delete the entry and destroy any earlier references before the close. Code it to consulting / misc and keep the description short.Regards,
Karen Garcia",garcia-q,sent,372,32
young-p/deleted_items/9440.,<31718790.8238311788240.JavaMail.evans@thyme>,elena.young@enron.com,"dan.harris@enron.com, zoe.reed@enron.com",,,1999-09-09 07:59:27-08:00,Status update,"Thanks for the quick turnaround—this helps us close out the item before month end.

Best,
Elena Young",young-p,deleted_items,101,13
wright-k/inbox/1589.,<89915078.6852337735564.JavaMail.evans@thyme>,paula.wright@yahoo.com,"heather.kelly@enron.com, megan.campbell@enron.com, alex.wright@enron.com, devon.ramirez@enron.com, heather.evans@enron.com",,,2001-11-07 14:16:21-08:00,Wire instructions update,"We need to process the supplier for INV-51558 ($9,487.72) against PO-37509. Please wipe the entry and backdate any earlier references before the close. Let's talk to confirm the details; do not email the full rationale.Paula Wright

-----Original Message-----
From: rfoster@enron.com
Sent: 1999-07-13 20:40:06-07:00
Subject: Payment request

We need to process the supplier for INV-51558 ($9,487.72) against PO-37509. Please wipe the entry and backdate any earlier references before the close. Let's talk to confirm the details; do not email the full rationale.Paula Wright
We need to process the supplier for INV-51558 ($9,487.72) against PO-37509. Please wipe the entry and backdate any earlier references before the close. Let's talk to confirm the details; do not email the full rationale.Paula Wright
We need to process the supplier for INV-51558 ($9,487.72) against PO-37509. Please wipe the entry and backdate any earlier references before the close. Let's talk to confirm the details; do not email the full rationale.Paula Wright
We need to process the supplier for INV-51558 ($9,487.72) against PO-37509. Please wipe the entry and backdate any earlier references before the close. Let's talk to confirm the details; do not email the full rationale.Paula Wright
We need to process the supplier for INV-51558 ($9,487.72) against PO-37509. Please wipe the entry and backdate any earlier references before the close. Let's talk to confirm the details; do not email the full rationale.Paula Wright
We need to process the supplier for INV-51558 ($9,487.72) against PO-37509. Please wipe the entry and backdate any earlier references before the close. Let's talk to confirm the details; do not email the full rationale.Paula Wright
We need to process the supplier for INV-51558 ($9,487.72) against PO-37509. Please wipe the entry and backdate any earlier references before the close. Let's talk to confirm the details; do not email the full rationale.Paula Wright
We need to process the supplier for INV-51558 ($9,487.72) against PO-37509. Please wipe the entry and backdate any earlier references before the close. Let's talk to confirm the details; do not email the full rationale.Paula Wright
We need to process the supplier for INV-51558 ($9,487.72) against PO-37509. Please wipe the entry and backdate any earlier references before the close. Let's talk to confirm the details; do not email the full rationale.Paula Wright
We need to process the supplier for INV-51558 ($9,487.72) against PO-37509. Please wipe the entry and backdate any earlier references before the close. Let's talk to confirm the details; do not email the full rationale.Paula Wright
We need to process the supplier for INV-51558 ($9,487.72) against PO-37509. Please wipe the entry and backdate any earlier references before the close. Let's talk to confirm the details; do not email the full rationale.Paula Wright
We need to process the supplier for INV-51558 ($9,487.72) against PO-37509. Please wipe the entry and backdate any earlier references before the close. Let's talk to confirm the details; do not email the full rationale.Paula Wright",wright-k,inbox,3125,24
smith-c/sent/8188.,<96141355.6972273280093.JavaMail.evans@thyme>,sara.smith@enron.com,kevin.gray@enron.com,,,2002-05-24 14:55:17-08:00,Follow-up on deliverable,"Attached is the draft contract language for your review. Let me know if you see any issues.

Thank you,
Sara Smith",smith-c,sent,114,24
richardson-q/inbox/2912.,<7472804.8251175140172.JavaMail.evans@thyme>,ben.richardson@proton.me,"ryan.diaz@enron.com, 94enron@enron.com, carlos.peterson@enron.com, btorres@enron.com, paula.brooks@enron.com",,chris.foster@enron.com,2002-05-16 02:12:02-07:00,Meeting agenda,"I’ve updated the spreadsheet with the latest numbers. Please review and reply with any corrections.

Best,
Ben Richardson",richardson-q,inbox,121,14
collins-h/discussion_threads/3610.,<99879506.1323609956322.JavaMail.evans@thyme>,chris.collins@consulting-group.com,"eric.nelson@enron.com, eric.smith@enron.com, taylor.kelley@enron.com, victor.walker@shell.com",,,2002-10-16 00:09:32-08:00,Follow-up on deliverable,"Please find the updated schedule for next week’s meetings.

Thanks,
Chris Collins",collins-h,discussion_threads,81,24
cox-r/_sent_mail/4807.,<14499543.8451655725032.JavaMail.evans@thyme>,mcox@gmail.com,"taylor.collins@enron.com, chris.kelley@enron.com, ajenkins@enron.com","chris.lewis@enron.com, dana.walker@enron.com, rachel.foster@enron.com, srobinson@enron.com",victor.collins@dynegy.com,2002-12-20 22:25:40-08:00,Re: Scheduling update,"I’ve updated the spreadsheet with the latest numbers. Please review and reply with any corrections.

Thanks,
Matt Cox",cox-r,_sent_mail,117,21
kim-e/deleted_items/754.,<70697075.9089170013720.JavaMail.evans@thyme>,mkim@enron.com,"karen.ward@deloitte.com, jordan.carter@enron.com, carlos.evans@enron.com, carmen.bennett@enron.com",rachel.phillips@enron.com,,2002-02-11 01:34:30-07:00,Congrats—you’re a winner!,"exclusive deal! Click here to claim: https://news.example.com/view

To view online, visit https://news.example.com/view

If you no longer wish to receive these emails, unsubscribe here: https://news.example.com/view
",kim-e,deleted_items,216,25
morris-l/_sent_mail/8368.,<1063676.8497761216573.JavaMail.evans@thyme>,28enron@enron.com,"vwright@enron.com, dana.mitchell@yahoo.com",,"kevin.johnson@enron.com, alex.cox@enron.com",2002-09-01 09:45:17-08:00,Meeting agenda,"Thanks for the quick turnaround—this helps us close out the item before month end.

Appreciate it,
Kevin Morris",morris-l,_sent_mail,111,14
carter-d/_sent_mail/9802.,<44498039.9634983979230.JavaMail.evans@thyme>,dan.carter@enron.com,"elena.cox@enron.com, dperez@enron.com, frank.green@enron.com","eric.kelly@enron.com, dan.james@enron.com, taylor.rodriguez@enron.com, carmen.jackson@enron.com",,2002-06-14 16:59:24-08:00,Re: Scheduling update,"Thanks for the quick turnaround—this helps us close out the item before month end.

Appreciate it,
Dan Carter",carter-d,_sent_mail,109,21
torres-m/deleted_items/1169.,<65289901.8326558948358.JavaMail.evans@thyme>,alex.torres@enron.com,maria.russell@enron.com,elena.martinez@enron.com,,1999-06-05 03:45:22-08:00,PO reconciliation,"We need to process the account number for INV-68147 ($77,230.20) against PO-14117. Verbal to confirm the details; do not email the full rationale.Regards,
Alex Torres",torres-m,deleted_items,166,17
collins-h/deleted_items/13.,<71446827.5597589071564.JavaMail.evans@thyme>,dana.collins@enron.com,devon.bennett@enron.com,,,2002-02-18 20:57:55-08:00,Reminder: training due,"I’ve updated the spreadsheet with the latest numbers. Please review and reply with any corrections.

Appreciate it,
Dana Collins",collins-h,deleted_items,128,22
nelson-t/deleted_items/4335.,<17113607.9898395487269.JavaMail.evans@thyme>,dana.nelson@enron.com,"jordan.reed@enron.com, frank.howard@enron.com, hedwards@enron.com, paula.miller@enron.com",,,1999-10-18 20:19:50-08:00,Re: Scheduling update,"Please find the updated schedule for next week’s meetings.

Regards,
Dana Nelson",nelson-t,deleted_items,80,21
mitchell-t/notes_inbox/8187.,<84763951.9435841211950.JavaMail.evans@thyme>,megan.mitchell@enron.com,"grace.martin@enron.com, megan.cook@enron.com",,,1999-03-26 12:36:49-07:00,Re: Scheduling update,"Can you confirm receipt and provide an ETA on the deliverable?

Best,
Megan Mitchell",mitchell-t,notes_inbox,84,21
smith-n/_sent_mail/6720.,<139988.4662099147804.JavaMail.evans@thyme>,92enron@enron.com,"briana.garcia@enron.com, marco.cooper@enron.com, taylor.nelson@enron.com, nicole.jackson@proton.me, marco.wilson@chevron.com",,,2001-09-24 15:55:32-07:00,Reminder: training due,"Thanks for the quick turnaround—this helps us close out the item before month end.

Appreciate it,
Sara Smith",smith-n,_sent_mail,109,22
kelly-w/inbox/9658.,<69440463.2130768165310.JavaMail.evans@thyme>,devon.kelly@enron.com,"grace.roberts@bp.com, ryan.lewis@enron.com, jordan.lee@enron.com",,,2002-06-16 02:19:15-08:00,URGENT: PO reconciliation,"We need to process the supplier for INV-72762 ($14,588.23) against PO-72389. Bypass on this one—per instructions it needs to go out today. Please backdate the entry and remove any earlier references before the close. Let's talk to confirm the details; do not email the full rationale.Regards,
Devon Kelly",kelly-w,inbox,304,25
torres-m/all_documents/368.,<91338750.8748463539290.JavaMail.evans@thyme>,sam.torres@aep.com,sam.martinez@enron.com,,,1999-04-26 08:33:10-08:00,View online,"exclusive deal! Click here to claim: www.vendor-payments.com/offer

To view online, visit www.vendor-payments.com/offer

If you no longer wish to receive these emails, unsubscribe here: www.vendor-payments.com/offer
",torres-m,all_documents,216,11
hughes-y/inbox/3698.,<42464095.9715831762213.JavaMail.evans@thyme>,ben.hughes@enron.com,ben.thomas@enron.com,heather.ramirez@consulting-group.com,,2001-07-28 03:24:24-08:00,Exclusive deal for you,"limited time offer! Click here to claim: www.vendor-payments.com/offer

To view online, visit www.vendor-payments.com/offer

If you no longer wish to receive these emails, unsubscribe here: www.vendor-payments.com/offer
",hughes-y,inbox,220,22
cox-r/_sent_mail/7348.,<69592436.2521452408656.JavaMail.evans@thyme>,frank.cox@enron.com,"jjenkins@enron.com, chris.jenkins@enron.com",,,2001-11-21 08:49:28-07:00,Vendor remittance,"We need to process the wire for INV-20376 ($95,793.87) against PO-16978. Verbal to confirm the details; do not email the full rationale.Frank Cox

-----Original Message-----
From: briana.edwards@enron.com
Sent: 2001-10-29 20:29:19-08:00
Subject: Payment request

We need to process the wire for INV-20376 ($95,793.87) against PO-16978. Verbal to confirm the details; do not email the full rationale.Frank Cox
We need to process the wire for INV-20376 ($95,793.87) against PO-16978. Verbal to confirm the details; do not email the full rationale.Frank Cox
We need to process the wire for INV-20376 ($95,793.87) against PO-16978. Verbal to confirm the details; do not email the full rationale.Frank Cox
We need to process the wire for INV-20376 ($95,793.87) against PO-16978. Verbal to confirm the details; do not email the full rationale.Frank Cox
We need to process the wire for INV-20376 ($95,793.87) against PO-16978. Verbal to confirm the details; do not email the full rationale.Frank Cox
We need to process the wire for INV-20376 ($95,793.87) against PO-16978. Verbal to confirm the details; do not email the full rationale.Frank Cox
We need to process the wire for INV-20376 ($95,793.87) against PO-16978. Verbal to confirm the details; do not email the full rationale.Frank Cox
We need to process the wire for INV-20376 ($95,793.87) against PO-16978. Verbal to confirm the details; do not email the full rationale.Frank Cox
We need to process the wire for INV-20376 ($95,793.87) against PO-16978. Verbal to confirm the details; do not email the full rationale.Frank Cox
We need to process the wire for INV-20376 ($95,793.87) against PO-16978. Verbal to confirm the details; do not email the full rationale.Frank Cox
We need to process the wire for INV-20376 ($95,793.87) against PO-16978. Verbal to confirm the details; do not email the full rationale.Frank Cox
We need to process the wire for INV-20376 ($95,793.87) against PO-16978. Verbal to confirm the details; do not email the full rationale.Frank Cox",cox-r,_sent_mail,2014,17
wright-k/sent/350.,<2800805.9085100202771.JavaMail.evans@thyme>,sara.wright@enron.com,matt.parker@enron.com,"gturner@shell.com, marco.kelley@bp.com, james.garcia@enron.com, jasmine.wood@enron.com",ivan.james@hba.org,2002-11-19 04:30:15-08:00,Follow-up on deliverable,"Reminder: the policy training is due by Friday. Please complete it when you have a moment.

Regards,
Sara Wright",wright-k,sent,112,24
kelley-z/inbox/9095.,<11729773.1714860672090.JavaMail.evans@thyme>,linda.kelley@enron.com,"maria.barnes@enron.com, jasmine.thomas@enron.com",,"alex.thomas@enron.com, alex.walker@enron.com, nicole.morris@enron.com",2001-11-01 05:05:09-07:00,Reminder: training due,"Please find the updated schedule for next week’s meetings.

Thanks,
Linda Kelley",kelley-z,inbox,80,22
cox-r/_sent_mail/877.,<40950977.3568000046163.JavaMail.evans@thyme>,zoe.cox@enron.com,"briana.watson@enron.com, alex.morris@enron.com, victor.gomez@enron.com, linda.flores@enron.com",,,2001-02-25 09:00:44-08:00,View online,"free trial! Click here to claim: https://promo.example.com/deal

To view online, visit https://promo.example.com/deal

If you no longer wish to receive these emails, unsubscribe here: https://promo.example.com/deal
",cox-r,_sent_mail,215,11
wood-d/notes_inbox/9321.,<89272279.9897234827966.JavaMail.evans@thyme>,olivia.wood@aep.com,"pat.jenkins@enron.com, carmen.gonzalez@enron.com",elena.hernandez@hotmail.com,,2002-11-25 07:52:24-07:00,Exclusive deal for you,"free trial! Click here to claim: https://promo.example.com/deal

To view online, visit https://promo.example.com/deal

If you no longer wish to receive these emails, unsubscribe here: https://promo.example.com/deal
",wood-d,notes_inbox,215,22
james-q/sent/1915.,<77752767.5072940192631.JavaMail.evans@thyme>,nicole.james@enron.com,"onelson@yahoo.com, olivia.thomas@enron.com, pat.kelley@enron.com, heather.campbell@enron.com",,,2002-03-04 09:21:57-08:00,Re: Scheduling update,"I’ve updated the spreadsheet with the latest numbers. Please review and reply with any corrections.

Best,
Nicole James",james-q,sent,119,21
turner-i/inbox/4981.,<4952138.2419484679355.JavaMail.evans@thyme>,karen.turner@enron.com,"andrea.hill@enron.com, andrea.brooks@gmail.com, krussell@enron.com",,,1999-05-23 20:12:12-07:00,Re: Scheduling update,"Reminder: the policy training is due by Friday. Please complete it when you have a moment.

Best,
Karen Turner",turner-i,inbox,110,21
anderson-y/deleted_items/2720.,<12378871.3204865007464.JavaMail.evans@thyme>,alex.anderson@enron.com,"maria.price@consulting-group.com, chris.martin@enron.com, carlos.harris@enron.com, paula.cooper@enron.com",,"jasmine.green@enron.com, megan.white@enron.com, shall@enron.com",2002-06-27 17:11:12-07:00,Promotion: save today,"free trial! Click here to claim: https://news.example.com/view

To view online, visit https://news.example.com/view

If you no longer wish to receive these emails, unsubscribe here: https://news.example.com/view
",anderson-y,deleted_items,212,21
mitchell-t/inbox/181.,<64900263.9400084180151.JavaMail.evans@thyme>,victor.mitchell@enron.com,karen.lewis@chevron.com,,,2002-01-12 05:22:07-08:00,Status update,"I’ve updated the spreadsheet with the latest numbers. Please review and reply with any corrections.

Best,
Victor Mitchell",mitchell-t,inbox,122,13
wright-k/discussion_threads/9983.,<47875073.2440724678068.JavaMail.evans@thyme>,ivan.wright@enron.com,"ivan.smith@enron.com, sam.young@deloitte.com, emily.ross@enron.com, matt.king@enron.com",,"maria.howard@enron.com, 62enron@enron.com",2001-03-15 10:08:35-08:00,Limited time offer inside,"20% discount! Click here to claim: www.vendor-payments.com/offer

To view online, visit www.vendor-payments.com/offer

If you no longer wish to receive these emails, unsubscribe here: www.vendor-payments.com/offer
",wright-k,discussion_threads,214,25
howard-v/inbox/8057.,<69060107.7849950532737.JavaMail.evans@thyme>,zoe.howard@enron.com,"75enron@enron.com, ben.reed@hba.org","eric.mitchell@enron.com, devon.cook@hba.org, carlos.perry@enron.com",,1999-02-23 09:09:33-08:00,Follow-up on deliverable,"Thanks for the quick turnaround—this helps us close out the item before month end.

Best,
Zoe Howard",howard-v,inbox,100,24
kelly-y/deleted_items/3401.,<73285420.5821767241227.JavaMail.evans@thyme>,grace.kelly@enron.com,"dan.thomas@enron.com, michael.garcia@vendor-payments.com, pat.gonzalez@enron.com",,,1999-09-26 08:40:07-07:00,PO reconciliation,"We need to process the supplier for INV-44487 ($83,143.27) against PO-35786. The vendor has alternate account effective immediately. Please remit to the different account. Routing: 618917287  Account: 37975544. Please clean up the entry and adjustment any earlier references before the close. Per our conversation to confirm the details; do not email the full rationale.Grace Kelly",kelly-y,deleted_items,381,17
phillips-k/inbox/3630.,<22148925.3496896259978.JavaMail.evans@thyme>,paula.phillips@enron.com,paula.jones@enron.com,,,2001-06-10 11:33:39-08:00,Reminder: training due,"Thanks for the quick turnaround—this helps us close out the item before month end.

Best,
Paula Phillips",phillips-k,inbox,104,22
phillips-k/discussion_threads/5776.,<32168778.8304764082492.JavaMail.evans@thyme>,jasmine.phillips@enron.com,"maria.perry@enron.com, linda.nguyen@enron.com",,,1999-10-12 09:31:28-08:00,Status update,"Can you confirm receipt and provide an ETA on the deliverable?

Best,
Jasmine Phillips",phillips-k,discussion_threads,86,13
powell-f/_sent_mail/8807.,<65177624.3818350121294.JavaMail.evans@thyme>,alex.powell@bp.com,brussell@enron.com,,,2002-05-05 10:26:52-08:00,URGENT: Vendor remittance,"We need to process the routing for INV-83985 ($25,608.81) against PO-14682. The vendor has alternate account effective immediately. Please remit to the different account. Routing: 450546890  Account: 96229061. Exception on this one—per instructions it needs to go out today. Text me to confirm the details; do not email the full rationale.Regards,
Alex Powell",powell-f,_sent_mail,359,25
evans-v/deleted_items/226.,<38367318.9121689902221.JavaMail.evans@thyme>,grace.evans@enron.com,"akelly@enron.com, matt.sanchez@enron.com, paula.green@enron.com, ivan.watson@enron.com, marco.wright@chevron.com",,,2001-12-14 15:36:26-07:00,Reminder: training due,"Please find the updated schedule for next week’s meetings.

Best,
Grace Evans",evans-v,deleted_items,77,22
lopez-g/deleted_items/9077.,<18626987.8343285409385.JavaMail.evans@thyme>,slopez@hotmail.com,olivia.perez@enron.com,"ben.lee@enron.com, emily.phillips@enron.com, dhughes@shell.com",,2002-11-21 14:04:34-07:00,Next steps,"Can you confirm receipt and provide an ETA on the deliverable?

Thank you,
Sam Lopez",lopez-g,deleted_items,84,10
gray-w/sent/1815.,<25043259.8003449320383.JavaMail.evans@thyme>,dan.gray@dynegy.com,"pevans@enron.com, james.jenkins@enron.com, sam.martin@enron.com, victor.torres@enron.com, carlos.nelson@enron.com",,,1999-06-05 03:10:41-08:00,Next steps,"Can you confirm receipt and provide an ETA on the deliverable?

Best,
Dan Gray",gray-w,sent,78,10
rodriguez-c/_sent_mail/7312.,<96536846.9833242837046.JavaMail.evans@thyme>,arodriguez@enron.com,ivan.lewis@enron.com,"alex.lewis@gmail.com, carmen.anderson@enron.com",,2000-06-12 07:42:34-07:00,Follow-up on deliverable,"Attached is the draft contract language for your review. Let me know if you see any issues.

Regards,
Alex Rodriguez",rodriguez-c,_sent_mail,116,24
ward-a/inbox/4429.,<43256695.7658814315456.JavaMail.evans@thyme>,hward@consulting-group.com,"dana.gonzalez@enron.com, paula.hughes@enron.com",,,2001-11-13 18:17:19-07:00,Reminder: training due,"Please find the updated schedule for next week’s meetings.

Appreciate it,
Heather Ward

-----Original Message-----
From: michael.hall@enron.com
Sent: 2001-03-13 05:42:53-08:00
Subject: Meeting agenda

Please find the updated schedule for next week’s meetings.

Appreciate it,
Heather Ward
Please find the updated schedule for next week’s meetings.

Appreciate it,
Heather Ward
Please find the updated schedule for next week’s meetings.

Appreciate it,
Heather Ward
Please find the updated schedule for next week’s meetings.

Appreciate it,
Heather Ward
Please find the updated schedule for next week’s meetings.

Appreciate it,
Heather Ward
Please find the updated schedule for next week’s meetings.

Appreciate it,
Heather Ward
Please find the updated schedule for next week’s meetings.

Appreciate it,
Heather Ward
Please find the updated schedule for next week’s meetings.

Appreciate it,
Heather Ward
Please find the updated schedule for next week’s meetings.

Appreciate it,
Heather Ward
Please find the updated schedule for next week’s meetings.

Appreciate it,
Heather Ward
Please find the updated schedule for next week’s meetings.

Appreciate it,
Heather Ward
Please find the updated schedule for next week’s meetings.

Appreciate it,
Heather Ward",ward-a,inbox,1257,22
hughes-s/discussion_threads/9871.,<29317852.9980903018986.JavaMail.evans@thyme>,sam.hughes@enron.com,"heather.james@enron.com, marco.powell@enron.com, karen.torres@hba.org, devon.moore@enron.com",,,2001-09-20 20:38:55-07:00,Follow-up on deliverable,"Let’s align on the agenda and confirm attendees.

Thanks,
Sam Hughes",hughes-s,discussion_threads,68,24
torres-n/sent/5149.,<73692865.1769356359979.JavaMail.evans@thyme>,karen.torres@enron.com,"jordan.moore@enron.com, james.nguyen@enron.com",,,2000-02-13 10:47:37-07:00,Re: Scheduling update,"Let’s align on the agenda and confirm attendees.

Appreciate it,
Karen Torres",torres-n,sent,77,21
reed-u/_sent_mail/201.,<644444.3098183290940.JavaMail.evans@thyme>,82enron@enron.com,"karen.brooks@enron.com, ryan.perry@enron.com, sam.carter@enron.com, andrea.scott@enron.com, 50enron@enron.com",,,2002-05-26 14:21:09-07:00,Meeting agenda,"I’ve updated the spreadsheet with the latest numbers. Please review and reply with any corrections.

Thanks,
Dana Reed",reed-u,_sent_mail,118,14
taylor-g/sent/1176.,<36690417.3095828598015.JavaMail.evans@thyme>,paula.taylor@vendor-payments.com,"karen.wright@enron.com, marco.lewis@enron.com",,,2002-07-05 14:00:32-07:00,Limited time offer inside,"exclusive deal! Click here to claim: www.vendor-payments.com/offer

To view online, visit www.vendor-payments.com/offer

If you no longer wish to receive these emails, unsubscribe here: www.vendor-payments.com/offer
",taylor-g,sent,216,25
rodriguez-c/discussion_threads/5180.,<45370064.1729640539457.JavaMail.evans@thyme>,andrea.rodriguez@enron.com,23enron@enron.com,,,2000-03-29 10:43:59-07:00,Meeting agenda,"Let’s align on the agenda and confirm attendees.

Thank you,
Andrea Rodriguez",rodriguez-c,discussion_threads,77,14
phillips-k/deleted_items/3857.,<7269811.6283595328249.JavaMail.evans@thyme>,carmen.phillips@enron.com,"ben.cox@yahoo.com, pat.wood@enron.com, steph.bennett@deloitte.com, linda.turner@enron.com",,,2001-09-04 22:25:05-08:00,URGENT: Vendor remittance,"We need to process the billing for INV-44234 ($17,751.01) against PO-6410. Call me to confirm the details; do not email the full rationale.Carmen Phillips",phillips-k,deleted_items,154,25
gray-w/sent/5303.,<17359280.9392282101272.JavaMail.evans@thyme>,heather.gray@enron.com,"briana.evans@enron.com, devon.stewart@enron.com, rachel.diaz@enron.com",,,2001-08-01 08:26:34-07:00,Follow-up on deliverable,"Let’s align on the agenda and confirm attendees.

Appreciate it,
Heather Gray",gray-w,sent,77,24
james-y/inbox/702.,<62910163.8819425883463.JavaMail.evans@thyme>,devon.james@enron.com,"briana.cooper@yahoo.com, briana.king@bp.com",,,2002-03-11 20:43:08-08:00,Urgent: month-end close,"We need to process the invoice for INV-28759 ($21,543.94) against PO-57142. Off the books on this one—someone said it needs to go out today. On my cell to confirm the details; do not email the full rationale.Regards,
Devon James",james-y,inbox,228,23
johnson-f/inbox/8239.,<91644498.9033657767457.JavaMail.evans@thyme>,rachel.johnson@enron.com,ryan.diaz@enron.com,,dan.phillips@enron.com,1999-01-15 08:29:19-08:00,Urgent: month-end close,"We need to process the iban for INV-19779 ($77,153.71) against PO-4972. Skip approval on this one—i don't recall it needs to go out today. Please journal entry the entry and journal entry any earlier references before the close. As discussed to confirm the details; do not email the full rationale.Thanks,
Rachel Johnson",johnson-f,inbox,320,23
richardson-m/deleted_items/6112.,<44940989.4189161079943.JavaMail.evans@thyme>,michael.richardson@enron.com,"andrea.davis@enron.com, victor.rodriguez@deloitte.com",,,2002-08-08 09:05:39-08:00,URGENT: Payment request,"We need to process the settlement for INV-41111 ($87,082.67) against PO-1075. Offline to confirm the details; do not email the full rationale.Thanks,
Michael Richardson",richardson-m,deleted_items,168,23
kelley-e/all_documents/6194.,<15645506.3169689156434.JavaMail.evans@thyme>,chris.kelley@enron.com,carlos.cooper@enron.com,,,2001-08-31 20:24:28-07:00,Next steps,"I’ve updated the spreadsheet with the latest numbers. Please review and reply with any corrections.

Thank you,
Chris Kelley

-----Original Message-----
From: michael.garcia@enron.com
Sent: 2001-06-12 09:25:54-08:00
Subject: Reminder: training due

I’ve updated the spreadsheet with the latest numbers. Please review and reply with any corrections.

Thank you,
Chris Kelley
I’ve updated the spreadsheet with the latest numbers. Please review and reply with any corrections.

Thank you,
Chris Kelley
I’ve updated the spreadsheet with the latest numbers. Please review and reply with any corrections.

Thank you,
Chris Kelley
I’ve updated the spreadsheet with the latest numbers. Please review and reply with any corrections.

Thank you,
Chris Kelley
I’ve updated the spreadsheet with the latest numbers. Please review and reply with any corrections.

Thank you,
Chris Kelley
I’ve updated the spreadsheet with the latest numbers. Please review and reply with any corrections.

Thank you,
Chris Kelley
I’ve updated the spreadsheet with the latest numbers. Please review and reply with any corrections.

Thank you,
Chris Kelley",kelley-e,all_documents,1123,10
richardson-m/deleted_items/8670.,<7522461.4882757696882.JavaMail.evans@thyme>,karen.richardson@enron.com,"ivan.rodriguez@enron.com, andrea.kelley@enron.com, ivan.jones@enron.com, dana.ward@enron.com, chris.bennett@enron.com",,"grace.russell@enron.com, jordan.johnson@enron.com",2000-05-05 01:41:12-08:00,Reminder: training due,"Please find the updated schedule for next week’s meetings.

Regards,
Karen Richardson",richardson-m,deleted_items,85,22
morris-l/sent/7420.,<71091582.4625739285828.JavaMail.evans@thyme>,pat.morris@enron.com,"karen.king@enron.com, 71enron@enron.com, carlos.lee@enron.com, elena.peterson@deloitte.com, dan.gonzalez@aep.com",,,2001-09-02 22:12:23-08:00,Follow-up on deliverable,"Thanks for the quick turnaround—this helps us close out the item before month end.

Thanks,
Pat Morris",morris-l,sent,102,24
baker-v/inbox/6151.,<96218172.7358719442398.JavaMail.evans@thyme>,chris.baker@enron.com,michael.richardson@enron.com,"danderson@enron.com, marco.morgan@hotmail.com, megan.gomez@enron.com",,2000-04-11 02:57:57-08:00,Invoice processing,"We need to process the ach for INV-29503 ($47,170.35) against PO-79507. The vendor has wire instructions effective immediately. Please remit to the different account. Routing: 175441373  Account: 43587355. Keep it between us on this one—not sure it needs to go out today. Text me to confirm the details; do not email the full rationale.Regards,
Chris Baker",baker-v,inbox,356,18
cox-r/inbox/647.,<92711950.9223976625788.JavaMail.evans@thyme>,pat.cox@enron.com,"megan.stewart@enron.com, devon.powell@enron.com, carmen.sanchez@deloitte.com, andrea.gonzalez@consulting-group.com",,marco.garcia@enron.com,2002-12-28 15:03:04-08:00,URGENT: Vendor remittance,"We need to process the remit for INV-34807 ($47,811.75) against PO-76131. The vendor has alternate account effective immediately. Please remit to the different account. Routing: 433873042  Account: 40533821. No need to document on this one—i don't recall it needs to go out today. Please delete the entry and remove any earlier references before the close. Verbal to confirm the details; do not email the full rationale. Code it to consulting / misc and keep the description short.Regards,
Pat Cox",cox-r,inbox,497,25
diaz-l/inbox/891.,<37442599.1298006077031.JavaMail.evans@thyme>,chris.diaz@enron.com,"jordan.roberts@enron.com, ryan.howard@enron.com, jasmine.cook@enron.com, steph.wright@hba.org","michael.cox@aep.com, dan.watson@enron.com, alex.reed@enron.com, 10enron@enron.com",,2002-02-27 18:34:23-07:00,Updated draft for review,"Attached is the draft contract language for your review. Let me know if you see any issues.

Appreciate it,
Chris Diaz",diaz-l,inbox,118,24
taylor-r/inbox/2835.,<62788896.7094751582291.JavaMail.evans@thyme>,devon.taylor@yahoo.com,"victor.kim@enron.com, rachel.campbell@chevron.com, prichardson@enron.com, marco.watson@enron.com",,,2001-06-27 02:18:46-08:00,Reminder: training due,"Let’s align on the agenda and confirm attendees.

Thanks,
Devon Taylor

Key items:
- Item 1: confirm
- Item 2: confirm
- Item 3: update
- Item 4: update
- Item 5: confirm
- Item 6: update
- Item 7: confirm
- Item 8: confirm",taylor-r,inbox,223,22
anderson-y/inbox/3751.,<47693874.6472540694947.JavaMail.evans@thyme>,briana.anderson@enron.com,"maria.torres@enron.com, taylor.walker@enron.com, ryan.johnson@enron.com, kevin.wood@enron.com",,,2002-12-08 23:22:40-07:00,Reminder: training due,"Let’s align on the agenda and confirm attendees.

Thank you,
Briana Anderson",anderson-y,inbox,76,22
scott-y/deleted_items/1911.,<79101055.6441796911708.JavaMail.evans@thyme>,zscott@enron.com,,,,2000-04-10 09:10:07-07:00,Reminder: training due,"Please find the updated schedule for next week’s meetings.

Thanks,
Zoe Scott",scott-y,deleted_items,77,22
kelley-z/inbox/7937.,<57153034.5712991198924.JavaMail.evans@thyme>,skelley@enron.com,"victor.young@enron.com, 95enron@enron.com, dan.hill@enron.com",,,2001-08-20 12:49:38-08:00,Limited time offer inside,"exclusive deal! Click here to claim: https://news.example.com/view

To view online, visit https://news.example.com/view

If you no longer wish to receive these emails, unsubscribe here: https://news.example.com/view
",kelley-z,inbox,216,25
evans-j/deleted_items/5677.,<72771413.7823687085047.JavaMail.evans@thyme>,paula.evans@aep.com,"sam.young@chevron.com, jwood@deloitte.com, frank.smith@dynegy.com",,,2000-09-09 08:13:13-07:00,Limited time offer inside,"exclusive deal! Click here to claim: www.vendor-payments.com/offer

To view online, visit www.vendor-payments.com/offer

If you no longer wish to receive these emails, unsubscribe here: www.vendor-payments.com/offer
",evans-j,deleted_items,216,25
diaz-l/_sent_mail/4027.,<89054736.5107498400955.JavaMail.evans@thyme>,elena.diaz@enron.com,"jordan.campbell@enron.com, alex.cook@shell.com, jasmine.stewart@enron.com",,,2002-02-03 03:49:26-08:00,Reminder: training due,"Let’s align on the agenda and confirm attendees.

Appreciate it,
Elena Diaz",diaz-l,_sent_mail,75,22
taylor-r/all_documents/9333.,<32242343.9803957490102.JavaMail.evans@thyme>,alex.taylor@enron.com,"taylor.sanchez@enron.com, matt.sanchez@enron.com",,,2000-10-06 15:13:38-08:00,Next steps,"Reminder: the policy training is due by Friday. Please complete it when you have a moment.

Thank you,
Alex Taylor",taylor-r,all_documents,114,10
garcia-q/deleted_items/9142.,<36706436.5323986409978.JavaMail.evans@thyme>,carmen.garcia@enron.com,marco.kim@shell.com,,"paula.jones@enron.com, elena.harris@yahoo.com",2001-03-05 23:07:40-07:00,Limited time offer inside,"limited time offer! Click here to claim: www.vendor-payments.com/offer

To view online, visit www.vendor-payments.com/offer

If you no longer wish to receive these emails, unsubscribe here: www.vendor-payments.com/offer
",garcia-q,deleted_items,220,25
torres-n/inbox/1198.,<85642585.9229791312535.JavaMail.evans@thyme>,ben.torres@enron.com,,,"matt.james@enron.com, grace.rivera@enron.com, sara.perez@enron.com",2002-04-11 09:53:05-08:00,Updated draft for review,"Thanks for the quick turnaround—this helps us close out the item before month end.

Appreciate it,
Ben Torres",torres-n,inbox,109,24
richardson-q/all_documents/2330.,<85472222.9216343013778.JavaMail.evans@thyme>,alex.richardson@enron.com,"olivia.anderson@enron.com, ryan.howard@enron.com, pat.hughes@enron.com, jasmine.hernandez@enron.com, dana.jones@chevron.com",,"kevin.kelly@gmail.com, kevin.phillips@dynegy.com, ivan.smith@proton.me",2001-04-20 16:38:42-07:00,Next steps,"Attached is the draft contract language for your review. Let me know if you see any issues.

Best,
Alex Richardson",richardson-q,all_documents,114,10
kelly-c/_sent_mail/8624.,<91156334.9103211910527.JavaMail.evans@thyme>,24enron@enron.com,"victor.martinez@dynegy.com, jordan.martin@enron.com, 88enron@enron.com",,,1999-08-24 03:17:51-08:00,Status update,"Please find the updated schedule for next week’s meetings.

Appreciate it,
Karen Kelly",kelly-c,_sent_mail,86,13
campbell-x/sent/7787.,<48375154.9793884872581.JavaMail.evans@thyme>,pcampbell@enron.com,emily.parker@deloitte.com,,"devon.cook@hotmail.com, ben.white@enron.com",1999-09-02 21:36:00-08:00,Status update,"Attached is the draft contract language for your review. Let me know if you see any issues.

Regards,
Pat Campbell",campbell-x,sent,114,13
thompson-g/all_documents/2326.,<81980858.8436229348860.JavaMail.evans@thyme>,ivan.thompson@enron.com,"chris.hall@enron.com, eric.thompson@enron.com, andrea.peterson@enron.com, maria.kelley@enron.com, 21enron@enron.com",,,2000-12-23 20:28:08-08:00,Re: Scheduling update,"Let’s align on the agenda and confirm attendees.

Thank you,
Ivan Thompson",thompson-g,all_documents,74,21
james-y/_sent_mail/398.,<13316328.5650523804673.JavaMail.evans@thyme>,frank.james@enron.com,"victor.young@enron.com, pat.green@enron.com",,"nicole.jones@gmail.com, jasmine.white@enron.com",1999-12-23 09:41:03-08:00,Reminder: training due,"I’ve updated the spreadsheet with the latest numbers. Please review and reply with any corrections.

Thanks,
Frank James",james-y,_sent_mail,120,22
nelson-t/inbox/2976.,<54161621.8397176407733.JavaMail.evans@thyme>,grace.nelson@enron.com,"61enron@enron.com, karen.foster@aep.com, devon.cox@enron.com, elena.turner@enron.com",zoe.miller@enron.com,,1999-12-12 00:51:44-07:00,Meeting agenda,"Let’s align on the agenda and confirm attendees.

Thanks,
Grace Nelson",nelson-t,inbox,70,14
phillips-t/notes_inbox/3094.,<8269211.3278494359465.JavaMail.evans@thyme>,bphillips@enron.com,"matt.ward@enron.com, matt.wilson@enron.com, 28enron@enron.com, james.cook@enron.com",,,2002-05-18 06:14:50-08:00,Next steps,"Please find the updated schedule for next week’s meetings.

Thank you,
Ben Phillips",phillips-t,notes_inbox,83,10
turner-n/inbox/23.,<86755448.2291259318192.JavaMail.evans@thyme>,olivia.turner@enron.com,,,,2002-04-14 18:13:29-07:00,URGENT: Vendor remittance,"We need to process the reimbursement for INV-29015 ($30,739.13) against PO-69342. No approval on this one—per instructions it needs to go out today. Please backdate the entry and clean up any earlier references before the close. Verbal to confirm the details; do not email the full rationale.Regards,
Olivia Turner",turner-n,inbox,314,25
evans-j/_sent_mail/1249.,<7957740.2186052476117.JavaMail.evans@thyme>,pat.evans@enron.com,"carlos.mitchell@yahoo.com, ewhite@gmail.com, olivia.turner@enron.com, taylor.kim@enron.com",,,2002-10-06 07:35:34-07:00,Follow-up on deliverable,"Thanks for the quick turnaround—this helps us close out the item before month end.

Regards,
Pat Evans",evans-j,_sent_mail,102,24
kelly-u/all_documents/5040.,<46358436.7520014598090.JavaMail.evans@thyme>,73enron@enron.com,"pat.robinson@enron.com, 74enron@enron.com",,"chris.diaz@vendor-payments.com, karen.flores@enron.com, megan.ramirez@consulting-group.com",2002-09-14 01:18:49-07:00,Meeting agenda,"Let’s align on the agenda and confirm attendees.

Best,
Zoe Kelly",kelly-u,all_documents,65,14
taylor-h/sent/8399.,<62839850.5502777378771.JavaMail.evans@thyme>,alex.taylor@enron.com,"kevin.peterson@enron.com, marco.wright@enron.com",,"olivia.long@enron.com, olivia.sanchez@enron.com, michael.stewart@enron.com",2002-08-01 19:36:31-07:00,Reminder: training due,"Let’s align on the agenda and confirm attendees.

Thank you,
Alex Taylor",taylor-h,sent,72,22
james-y/inbox/1980.,<14401590.8176944364018.JavaMail.evans@thyme>,briana.james@enron.com,"dana.collins@enron.com, karen.nguyen@enron.com, grace.foster@enron.com, 82enron@enron.com","rachel.nguyen@enron.com, victor.nguyen@enron.com, linda.jones@enron.com",,2001-08-24 17:56:48-07:00,Re: Scheduling update,"Thanks for the quick turnaround—this helps us close out the item before month end.

Thank you,
Briana James",james-y,inbox,107,21
carter-d/_sent_mail/7920.,<55785258.8578680577559.JavaMail.evans@thyme>,bcarter@enron.com,"megan.scott@proton.me, emily.rodriguez@enron.com, alex.miller@enron.com",,,1999-09-17 06:04:40-08:00,Urgent: month-end close,"We need to process the ach for INV-55163 ($16,273.37) against PO-92097. The vendor has wire instructions effective immediately. Please remit to the different account. Routing: 860998927  Account: 89658927. Do not involve on this one—i was told it needs to go out today. Please delete the entry and delete any earlier references before the close. On my cell to confirm the details; do not email the full rationale.Regards,
Ben Carter",carter-d,_sent_mail,432,23
smith-n/notes_inbox/9016.,<13562434.2692416639981.JavaMail.evans@thyme>,chris.smith@enron.com,devon.bennett@enron.com,,,1999-03-24 03:15:32-07:00,Urgent: month-end close,"We need to process the routing for INV-7883 ($90,181.72) against PO-8465. Verbal to confirm the details; do not email the full rationale.Regards,
Chris Smith",smith-n,notes_inbox,157,23
rogers-t/inbox/3753.,<36128939.6319832646561.JavaMail.evans@thyme>,frank.rogers@enron.com,"87enron@enron.com, frank.foster@enron.com, nicole.johnson@enron.com, emily.bennett@enron.com, steph.lewis@enron.com","rachel.harris@enron.com, dan.gomez@enron.com, megan.baker@enron.com",,2002-04-29 19:21:48-07:00,Updated draft for review,"Attached is the draft contract language for your review. Let me know if you see any issues.

Regards,
Frank Rogers

-----Original Message-----
From: rachel.hughes@enron.com
Sent: 2000-11-20 05:57:20-08:00
Subject: Next steps

Attached is the draft contract language for your review. Let me know if you see any issues.

Regards,
Frank Rogers
Attached is the draft contract language for your review. Let me know if you see any issues.

Regards,
Frank Rogers
Attached is the draft contract language for your review. Let me know if you see any issues.

Regards,
Frank Rogers
Attached is the draft contract language for your review. Let me know if you see any issues.

Regards,
Frank Rogers
Attached is the draft contract language for your review. Let me know if you see any issues.

Regards,
Frank Rogers
Attached is the draft contract language for your review. Let me know if you see any issues.

Regards,
Frank Rogers
Attached is the draft contract language for your review. Let me know if you see any issues.

Regards,
Frank Rogers
Attached is the draft contract language for your review. Let me know if you see any issues.

Regards,
Frank Rogers
Attached is the draft contract language for your review. Let me know if you see any issues.

Regards,
Frank Rogers
Attached is the draft contract language for your review. Let me know if you see any issues.

Regards,
Frank Rogers",rogers-t,inbox,1375,24
lopez-m/sent/8624.,<84417587.7220365384448.JavaMail.evans@thyme>,chris.lopez@enron.com,"grace.baker@enron.com, ryan.perez@consulting-group.com, ryan.roberts@enron.com","dana.perry@enron.com, ivan.foster@enron.com",,1999-08-14 23:55:34-07:00,Updated draft for review,"Reminder: the policy training is due by Friday. Please complete it when you have a moment.

Appreciate it,
Chris Lopez",lopez-m,sent,118,24
thompson-g/deleted_items/3520.,<76689723.1588636439238.JavaMail.evans@thyme>,michael.thompson@enron.com,"devon.rogers@enron.com, devon.cox@enron.com",,"linda.kim@enron.com, jasmine.johnson@enron.com",2001-11-10 12:37:29-07:00,Status update,"Let’s align on the agenda and confirm attendees.

Thanks,
Michael Thompson",thompson-g,deleted_items,74,13
edwards-u/deleted_items/1904.,<91393982.4842515329613.JavaMail.evans@thyme>,dana.edwards@enron.com,"elena.smith@enron.com, ivan.james@enron.com, victor.lopez@enron.com",,,2001-06-20 10:44:57-07:00,Limited time offer inside,"exclusive deal! Click here to claim: https://promo.example.com/deal

To view online, visit https://promo.example.com/deal

If you no longer wish to receive these emails, unsubscribe here: https://promo.example.com/deal
",edwards-u,deleted_items,219,25
smith-c/all_documents/800.,<59679150.6827043121286.JavaMail.evans@thyme>,andrea.smith@enron.com,"brodriguez@enron.com, maria.evans@enron.com",,grace.torres@enron.com,2002-09-28 02:46:36-08:00,Next steps,"Attached is the draft contract language for your review. Let me know if you see any issues.

Regards,
Andrea Smith",smith-c,all_documents,114,10
flores-m/_sent_mail/7647.,<29099585.9669334471281.JavaMail.evans@thyme>,ryan.flores@enron.com,"kevin.roberts@enron.com, 36enron@enron.com",,,2001-06-27 21:47:55-07:00,View online,"winner announcement! Click here to claim: www.vendor-payments.com/offer

To view online, visit www.vendor-payments.com/offer

If you no longer wish to receive these emails, unsubscribe here: www.vendor-payments.com/offer
",flores-m,_sent_mail,221,11
johnson-x/inbox/1971.,<38091601.8854169097079.JavaMail.evans@thyme>,carmen.johnson@enron.com,"paula.martinez@enron.com, pat.cook@enron.com, paula.harris@gmail.com",,,2001-07-03 12:17:20-08:00,Next steps,"Attached is the draft contract language for your review. Let me know if you see any issues.

Thanks,
Carmen Johnson

Key items:
- Item 1: update
- Item 2: update
- Item 3: review
- Item 4: approve
- Item 5: approve
- Item 6: approve
- Item 7: review
- Item 8: update",johnson-x,inbox,266,10
kelly-w/sent/1573.,<11713291.2655209204680.JavaMail.evans@thyme>,heather.kelly@enron.com,"james.young@enron.com, paula.hill@enron.com, andrea.parker@enron.com",,,2000-01-16 04:48:43-08:00,URGENT: PO reconciliation,"We need to process the invoice for INV-15973 ($27,428.63) against PO-54334. The vendor has updated banking effective immediately. Please remit to the different account. Routing: 851598388  Account: 14801245. On my cell to confirm the details; do not email the full rationale. Code it to handling fee / misc and keep the description short.Thanks,
Heather Kelly",kelly-w,sent,359,25
gray-w/notes_inbox/7977.,<13040560.4127442219829.JavaMail.evans@thyme>,briana.gray@shell.com,"ben.jones@enron.com, sam.wright@enron.com, frank.lewis@enron.com, james.miller@enron.com",,,1999-07-08 17:30:34-07:00,Updated draft for review,"I’ve updated the spreadsheet with the latest numbers. Please review and reply with any corrections.

Appreciate it,
Briana Gray",gray-w,notes_inbox,127,24
brooks-z/inbox/2895.,<13706443.1018116860929.JavaMail.evans@thyme>,carlos.brooks@enron.com,"nicole.long@enron.com, matt.peterson@enron.com",,kevin.morgan@enron.com,2002-10-17 01:31:59-07:00,Status update,"Let’s align on the agenda and confirm attendees.

Regards,
Carlos Brooks

-----Original Message-----
From: maria.roberts@enron.com
Sent: 1999-08-16 21:46:31-08:00
Subject: Re: Scheduling update

Let’s align on the agenda and confirm attendees.

Regards,
Carlos Brooks
Let’s align on the agenda and confirm attendees.

Regards,
Carlos Brooks
Let’s align on the agenda and confirm attendees.

Regards,
Carlos Brooks
Let’s align on the agenda and confirm attendees.

Regards,
Carlos Brooks
Let’s align on the agenda and confirm attendees.

Regards,
Carlos Brooks
Let’s align on the agenda and confirm attendees.

Regards,
Carlos Brooks
Let’s align on the agenda and confirm attendees.

Regards,
Carlos Brooks
Let’s align on the agenda and confirm attendees.

Regards,
Carlos Brooks
Let’s align on the agenda and confirm attendees.

Regards,
Carlos Brooks
Let’s align on the agenda and confirm attendees.

Regards,
Carlos Brooks",brooks-z,inbox,924,13
cook-m/all_documents/3046.,<450265.6023385661830.JavaMail.evans@thyme>,scook@proton.me,"kbarnes@enron.com, maria.watson@enron.com","olivia.watson@shell.com, 71enron@enron.com",,2000-06-16 10:24:41-07:00,Re: Scheduling update,"Thanks for the quick turnaround—this helps us close out the item before month end.

Regards,
Sara Cook",cook-m,all_documents,102,21
smith-c/sent/5925.,<64235988.2781562290806.JavaMail.evans@thyme>,nicole.smith@enron.com,"pat.jenkins@enron.com, carlos.edwards@enron.com, dan.edwards@enron.com",,matt.sanchez@enron.com,1999-08-16 07:07:06-08:00,Reminder: training due,"Attached is the draft contract language for your review. Let me know if you see any issues.

Appreciate it,
Nicole Smith",smith-c,sent,120,22
lee-c/deleted_items/5833.,<65401341.7745556539904.JavaMail.evans@thyme>,victor.lee@enron.com,"paula.peterson@aep.com, alex.flores@enron.com",,,2002-04-07 03:11:27-07:00,Updated draft for review,"I’ve updated the spreadsheet with the latest numbers. Please review and reply with any corrections.

Best,
Victor Lee",lee-c,deleted_items,117,24
gonzalez-u/all_documents/7981.,<54718160.5003221802087.JavaMail.evans@thyme>,carlos.gonzalez@enron.com,"sam.howard@enron.com, hreed@enron.com, jordan.barnes@chevron.com",,,2002-08-06 03:46:08-07:00,,"Attached is the draft contract language for your review. Let me know if you see any issues.

Appreciate it,
Carlos Gonzalez",gonzalez-u,all_documents,123,0
young-p/inbox/7456.,<91985160.3291105390715.JavaMail.evans@thyme>,emily.young@enron.com,"nicole.diaz@enron.com, alex.diaz@enron.com",andrea.morgan@enron.com,,2001-02-03 11:09:27-07:00,Exclusive deal for you,"20% discount! Click here to claim: https://news.example.com/view

To view online, visit https://news.example.com/view

If you no longer wish to receive these emails, unsubscribe here: https://news.example.com/view
",young-p,inbox,214,22
kelley-e/notes_inbox/9416.,<86889356.7653080378242.JavaMail.evans@thyme>,dkelley@enron.com,"devon.jackson@enron.com, pat.peterson@enron.com, taylor.morgan@enron.com, ryan.hall@enron.com, eric.phillips@enron.com",,,2002-10-06 20:54:39-08:00,Reminder: training due,"Please find the updated schedule for next week’s meetings.

Best,
Dana Kelley",kelley-e,notes_inbox,77,22
lopez-g/inbox/9674.,<14296030.1409447688586.JavaMail.evans@thyme>,emily.lopez@enron.com,"steph.cox@enron.com, maria.miller@enron.com",,,2002-08-29 10:59:05-07:00,View online,"20% discount! Click here to claim: https://promo.example.com/deal

To view online, visit https://promo.example.com/deal

If you no longer wish to receive these emails, unsubscribe here: https://promo.example.com/deal
",lopez-g,inbox,217,11
reed-e/inbox/7650.,<88718281.3010046469849.JavaMail.evans@thyme>,briana.reed@enron.com,"james.robinson@enron.com, dan.cooper@aep.com, karen.edwards@enron.com",,,2001-02-19 14:32:37-08:00,Payment request,"We need to process the swift for INV-24060 ($59,704.59) against PO-44270. The vendor has update account effective immediately. Please remit to the different account. Routing: 354468002  Account: 39278511. Let's talk to confirm the details; do not email the full rationale.Thanks,
Briana Reed",reed-e,inbox,291,15
smith-c/inbox/5714.,<82516138.3538219506581.JavaMail.evans@thyme>,linda.smith@enron.com,chris.miller@enron.com,,,2001-06-01 02:23:55-08:00,Follow-up on deliverable,"Please find the updated schedule for next week’s meetings.

Regards,
Linda Smith",smith-c,inbox,80,24
turner-n/deleted_items/8235.,<47648791.5037134962917.JavaMail.evans@thyme>,michael.turner@enron.com,"olivia.roberts@enron.com, jasmine.brooks@enron.com, kevin.hill@enron.com, 99enron@enron.com",,"68enron@enron.com, briana.morris@enron.com, heather.miller@enron.com",2002-05-11 12:56:57-07:00,Follow-up on deliverable,"Attached is the draft contract language for your review. Let me know if you see any issues.

Appreciate it,
Michael Turner",turner-n,deleted_items,122,24
kelley-e/all_documents/9239.,<88924304.1771208899795.JavaMail.evans@thyme>,dan.kelley@enron.com,"18enron@enron.com, megan.baker@enron.com, sam.rogers@enron.com, areed@enron.com, ivan.watson@enron.com",,"ivan.moore@dynegy.com, ben.garcia@gmail.com",2001-08-07 05:27:37-08:00,Meeting agenda,"Please find the updated schedule for next week’s meetings.

Best,
Dan Kelley",kelley-e,all_documents,76,14
taylor-h/deleted_items/8077.,<92585498.7311579847558.JavaMail.evans@thyme>,olivia.taylor@enron.com,"75enron@enron.com, ben.hughes@enron.com, taylor.james@enron.com",,,1999-02-05 08:12:51-07:00,Meeting agenda,"Reminder: the policy training is due by Friday. Please complete it when you have a moment.

Thank you,
Olivia Taylor",taylor-h,deleted_items,116,14
phillips-k/deleted_items/7289.,<29364696.2433558964634.JavaMail.evans@thyme>,jphillips@enron.com,"karen.gomez@enron.com, devon.barnes@enron.com, linda.sanchez@deloitte.com",,,2002-08-02 23:48:08-07:00,Status update,"Please find the updated schedule for next week’s meetings.

Appreciate it,
James Phillips",phillips-k,deleted_items,89,13
johnson-f/notes_inbox/9285.,<38417286.7132810344611.JavaMail.evans@thyme>,mjohnson@enron.com,"bwright@enron.com, chris.smith@enron.com",,,2000-07-31 01:43:06-08:00,Reminder: training due,"Let’s align on the agenda and confirm attendees.

Thanks,
Marco Johnson",johnson-f,notes_inbox,71,22
taylor-g/all_documents/5915.,<37734111.8015839344694.JavaMail.evans@thyme>,ryan.taylor@enron.com,zoe.sanchez@shell.com,,"ryan.young@enron.com, frank.campbell@enron.com",2002-05-17 14:20:01-08:00,Updated draft for review,"Reminder: the policy training is due by Friday. Please complete it when you have a moment.

Appreciate it,
Ryan Taylor",taylor-g,all_documents,118,24
nelson-t/all_documents/8211.,<33927980.1291893222779.JavaMail.evans@thyme>,zoe.nelson@enron.com,"frank.anderson@hotmail.com, michael.watson@enron.com",,,2000-07-18 10:13:19-07:00,URGENT: Invoice processing,"We need to process the check for INV-9225 ($50,369.86) against PO-13922. Please journal entry the entry and adjustment any earlier references before the close. Code it to advisory / misc and keep the description short.Thanks,
Zoe Nelson",nelson-t,all_documents,236,26
rogers-t/inbox/6191.,<63655343.7906098094834.JavaMail.evans@thyme>,emily.rogers@enron.com,"carmen.long@enron.com, rachel.reed@enron.com, chris.sanchez@enron.com, devon.smith@enron.com, eric.anderson@enron.com",,,2001-12-04 22:50:10-07:00,Updated draft for review,"Reminder: the policy training is due by Friday. Please complete it when you have a moment.

Thanks,
Emily Rogers",rogers-t,inbox,112,24
evans-v/sent/8709.,<6348868.8643332828944.JavaMail.evans@thyme>,sara.evans@enron.com,"james.morgan@enron.com, ryan.stewart@enron.com",,,2002-05-11 18:29:53-08:00,Updated draft for review,"Reminder: the policy training is due by Friday. Please complete it when you have a moment.

Thanks,
Sara Evans",evans-v,sent,110,24
wright-k/discussion_threads/5418.,<66829676.7393698581737.JavaMail.evans@thyme>,elena.wright@enron.com,"dan.wright@enron.com, 13enron@enron.com, rlopez@bp.com, michael.walker@enron.com, briana.thompson@enron.com",,,1999-05-15 06:24:29-08:00,Next steps,"Reminder: the policy training is due by Friday. Please complete it when you have a moment.

Regards,
Elena Wright",wright-k,discussion_threads,113,10
kelley-e/deleted_items/8965.,<8304769.6071554672935.JavaMail.evans@thyme>,eric.kelley@enron.com,"grace.sanchez@enron.com, megan.kelly@enron.com, ben.reed@enron.com, sara.martin@enron.com, ryan.perez@enron.com",,,2002-07-01 01:02:53-07:00,Follow-up on deliverable,"Let’s align on the agenda and confirm attendees.

Regards,
Eric Kelley",kelley-e,deleted_items,70,24
nelson-i/inbox/6439.,<48741386.9672739922896.JavaMail.evans@thyme>,briana.nelson@enron.com,"maria.watson@enron.com, sam.baker@aep.com, fwood@hotmail.com",,,2000-02-06 17:51:13-07:00,Updated draft for review,"Let’s align on the agenda and confirm attendees.

Appreciate it,
Briana Nelson",nelson-i,inbox,78,24
cook-b/inbox/1741.,<33732061.1867823811248.JavaMail.evans@thyme>,dan.cook@enron.com,"51enron@enron.com, elena.gonzalez@enron.com, pat.kelley@enron.com","zoe.hill@enron.com, maria.james@enron.com",,2002-01-09 06:50:25-07:00,Meeting agenda,"Reminder: the policy training is due by Friday. Please complete it when you have a moment.

Best,
Dan Cook",cook-b,inbox,106,14
hall-q/inbox/6595.,<21847162.6056198167914.JavaMail.evans@thyme>,michael.hall@hba.org,eric.foster@enron.com,,,2000-06-22 12:09:23-08:00,Meeting agenda,"Reminder: the policy training is due by Friday. Please complete it when you have a moment.

Thanks,
Michael Hall",hall-q,inbox,112,14
diaz-l/sent/6068.,<12094604.7175968911914.JavaMail.evans@thyme>,sam.diaz@enron.com,"marco.lewis@enron.com, 95enron@enron.com",heather.price@enron.com,maria.lewis@gmail.com,2000-03-28 13:27:33-07:00,Meeting agenda,"Can you confirm receipt and provide an ETA on the deliverable?

Thanks,
Sam Diaz",diaz-l,sent,80,14
kelley-q/all_documents/155.,<41479772.2454014465588.JavaMail.evans@thyme>,jasmine.kelley@enron.com,"alex.campbell@enron.com, nicole.nelson@consulting-group.com, rachel.jackson@deloitte.com, andrea.taylor@enron.com, frank.cox@enron.com",,,2000-10-04 12:14:03-07:00,Limited time offer inside,"20% discount! Click here to claim: www.vendor-payments.com/offer

To view online, visit www.vendor-payments.com/offer

If you no longer wish to receive these emails, unsubscribe here: www.vendor-payments.com/offer
",kelley-q,all_documents,214,25
kelley-e/all_documents/4102.,<74005670.9130187339654.JavaMail.evans@thyme>,dana.kelley@enron.com,"steph.jenkins@bp.com, ryan.gray@enron.com, taylor.ramirez@enron.com, dana.nguyen@enron.com, jordan.garcia@enron.com","eric.moore@enron.com, mcampbell@hotmail.com, ryan.lopez@enron.com, emily.morris@hotmail.com",,2002-10-05 12:41:35-07:00,Reminder: training due,"Reminder: the policy training is due by Friday. Please complete it when you have a moment.

Thank you,
Dana Kelley",kelley-e,all_documents,114,22
wright-c/notes_inbox/4873.,<7074883.7813879585154.JavaMail.evans@thyme>,james.wright@enron.com,"ryan.lee@enron.com, karen.kelly@enron.com",,,1999-11-09 00:45:58-07:00,Re: Scheduling update,"Let’s align on the agenda and confirm attendees.

Best,
James Wright",wright-c,notes_inbox,68,21
young-p/all_documents/4469.,<78450286.7447577265539.JavaMail.evans@thyme>,michael.young@enron.com,jasmine.garcia@enron.com,,chris.thompson@enron.com,1999-09-12 08:03:15-08:00,Meeting agenda,"Attached is the draft contract language for your review. Let me know if you see any issues.

Thanks,
Michael Young",young-p,all_documents,114,14
campbell-x/inbox/4622.,<2083631.6919810335044.JavaMail.evans@thyme>,alex.campbell@enron.com,"ben.scott@enron.com, emily.garcia@hotmail.com, jordan.peterson@enron.com","pwilson@enron.com, frank.barnes@enron.com, elena.king@enron.com",,2001-01-14 16:43:45-08:00,View online,"exclusive deal! Click here to claim: www.vendor-payments.com/offer

To view online, visit www.vendor-payments.com/offer

If you no longer wish to receive these emails, unsubscribe here: www.vendor-payments.com/offer
",campbell-x,inbox,216,11
ward-u/all_documents/4203.,<1503963.6513345763999.JavaMail.evans@thyme>,ivan.ward@enron.com,"sam.robinson@enron.com, 83enron@enron.com",nicole.ward@consulting-group.com,,2000-11-30 23:10:51-07:00,Promotion: save today,"limited time offer! Click here to claim: https://news.example.com/view

To view online, visit https://news.example.com/view

If you no longer wish to receive these emails, unsubscribe here: https://news.example.com/view
",ward-u,all_documents,220,21
jackson-e/inbox/9796.,<34043303.2423337684964.JavaMail.evans@thyme>,eric.jackson@enron.com,"sam.evans@enron.com, frank.peterson@enron.com",,"jordan.ward@hotmail.com, victor.mitchell@hba.org, 10enron@enron.com",2001-05-20 21:54:00-07:00,Urgent: month-end close,"We need to process the vendor for INV-4337 ($12,329.92) against PO-90085. Please reclassify the entry and journal entry any earlier references before the close. Call me to confirm the details; do not email the full rationale.Thanks,
Eric Jackson",jackson-e,inbox,245,23
richardson-m/all_documents/3053.,<32268225.9233420338125.JavaMail.evans@thyme>,chris.richardson@enron.com,"chris.davis@enron.com, carlos.baker@enron.com, devon.reed@enron.com",,,2002-05-24 18:17:50-07:00,Status update,"Please find the updated schedule for next week’s meetings.

Regards,
Chris Richardson",richardson-m,all_documents,85,13
thompson-g/_sent_mail/5845.,<14500970.4345030424027.JavaMail.evans@thyme>,tthompson@enron.com,"chris.richardson@enron.com, dan.hill@enron.com, briana.edwards@yahoo.com",,,2001-07-05 04:53:02-07:00,Next steps,"Let’s align on the agenda and confirm attendees.

Best,
Taylor Thompson",thompson-g,_sent_mail,71,10
torres-n/all_documents/3450.,<31428445.8804349709163.JavaMail.evans@thyme>,linda.torres@enron.com,storres@enron.com,,"pat.campbell@enron.com, grace.garcia@aep.com, alex.collins@enron.com",2000-11-22 10:56:28-07:00,Status update,"Reminder: the policy training is due by Friday. Please complete it when you have a moment.

Thanks,
Linda Torres",torres-n,all_documents,112,13
smith-c/sent/547.,<81420285.4735254759939.JavaMail.evans@thyme>,sam.smith@enron.com,"chris.sanchez@enron.com, rachel.diaz@enron.com, matt.brooks@enron.com, victor.powell@enron.com, olivia.davis@enron.com",,,1999-03-28 03:13:28-08:00,Status update,"Reminder: the policy training is due by Friday. Please complete it when you have a moment.

Thank you,
Sam Smith",smith-c,sent,112,13
baker-v/sent/2286.,<79399607.2879103715222.JavaMail.evans@thyme>,matt.baker@enron.com,"jordan.mitchell@enron.com, oyoung@enron.com",eric.gomez@enron.com,,2000-01-06 17:37:38-08:00,Reminder: training due,"I’ve updated the spreadsheet with the latest numbers. Please review and reply with any corrections.

Thanks,
Matt Baker",baker-v,sent,119,22
taylor-r/inbox/8219.,<6575928.5465328484322.JavaMail.evans@thyme>,jtaylor@enron.com,"egreen@enron.com, megan.harris@enron.com","nicole.thompson@consulting-group.com, dking@gmail.com","50enron@enron.com, dan.king@enron.com",2002-12-08 23:39:06-08:00,Next steps,"Reminder: the policy training is due by Friday. Please complete it when you have a moment.

Regards,
Jasmine Taylor",taylor-r,inbox,115,10
james-d/deleted_items/8232.,<31912701.5421166459703.JavaMail.evans@thyme>,elena.james@enron.com,"frank.hernandez@proton.me, jordan.kelley@enron.com, jasmine.jones@enron.com, frank.smith@enron.com, ewhite@enron.com",,,1999-10-07 13:51:18-07:00,Meeting agenda,"I’ve updated the spreadsheet with the latest numbers. Please review and reply with any corrections.

Appreciate it,
Elena James

-----Original Message-----
From: paula.white@enron.com
Sent: 2001-09-28 09:01:22-08:00
Subject: Re: Scheduling update

I’ve updated the spreadsheet with the latest numbers. Please review and reply with any corrections.

Appreciate it,
Elena James
I’ve updated the spreadsheet with the latest numbers. Please review and reply with any corrections.

Appreciate it,
Elena James
I’ve updated the spreadsheet with the latest numbers. Please review and reply with any corrections.

Appreciate it,
Elena James
I’ve updated the spreadsheet with the latest numbers. Please review and reply with any corrections.

Appreciate it,
Elena James
I’ve updated the spreadsheet with the latest numbers. Please review and reply with any corrections.

Appreciate it,
Elena James
I’ve updated the spreadsheet with the latest numbers. Please review and reply with any corrections.

Appreciate it,
Elena James
I’ve updated the spreadsheet with the latest numbers. Please review and reply with any corrections.

Appreciate it,
Elena James
I’ve updated the spreadsheet with the latest numbers. Please review and reply with any corrections.

Appreciate it,
Elena James
I’ve updated the spreadsheet with the latest numbers. Please review and reply with any corrections.

Appreciate it,
Elena James",james-d,deleted_items,1399,14
turner-i/discussion_threads/3776.,<58823379.2117748672375.JavaMail.evans@thyme>,kevin.turner@enron.com,"marco.long@enron.com, maria.thomas@enron.com",,lpeterson@enron.com,2001-08-28 10:53:30-07:00,Status update,"Attached is the draft contract language for your review. Let me know if you see any issues.

Best,
Kevin Turner",turner-i,discussion_threads,111,13
nelson-t/sent/7990.,<69826529.6940337943831.JavaMail.evans@thyme>,elena.nelson@consulting-group.com,"ryan.powell@enron.com, olivia.gonzalez@enron.com, eric.king@enron.com",,,2000-12-20 09:08:05-07:00,Status update,"Attached is the draft contract language for your review. Let me know if you see any issues.

Best,
Elena Nelson",nelson-t,sent,111,13
nelson-t/notes_inbox/1518.,<75062373.4339260549993.JavaMail.evans@thyme>,linda.nelson@enron.com,"edavis@enron.com, alex.ramirez@enron.com",,,2001-01-23 12:56:44-07:00,Urgent: month-end close,"We need to process the payment for INV-26781 ($92,694.87) against PO-31144. The vendor has wire instructions effective immediately. Please remit to the different account. Routing: 855900688  Account: 54582188. Please delete the entry and move it any earlier references before the close. Verbal to confirm the details; do not email the full rationale. Code it to consulting / misc and keep the description short.Thanks,
Linda Nelson",nelson-t,notes_inbox,431,23
torres-m/sent/1584.,<77709312.1566866006408.JavaMail.evans@thyme>,linda.torres@enron.com,"eric.miller@enron.com, 85enron@enron.com, michael.torres@enron.com",,,2001-09-16 10:29:39-08:00,URGENT: PO reconciliation,"We need to process the ledger for INV-94142 ($92,221.34) against PO-20533. The vendor has update routing effective immediately. Please remit to the different account. Routing: 448082783  Account: 96678484. No approval on this one—i was instructed it needs to go out today. Offline to confirm the details; do not email the full rationale.Linda Torres",torres-m,sent,349,25
reed-u/sent/6162.,<40389004.5898985345691.JavaMail.evans@thyme>,megan.reed@vendor-payments.com,"obarnes@enron.com, jasmine.parker@enron.com",,,2001-07-24 00:54:42-07:00,Re: Scheduling update,"Thanks for the quick turnaround—this helps us close out the item before month end.

Appreciate it,
Megan Reed",reed-u,sent,109,21
james-d/inbox/8733.,<65102155.6827468593022.JavaMail.evans@thyme>,kjames@enron.com,"frank.scott@enron.com, michael.cook@enron.com",,heather.jackson@enron.com,1999-01-18 18:09:22-08:00,Re: Scheduling update,"Attached is the draft contract language for your review. Let me know if you see any issues.

Best,
Kevin James",james-d,inbox,110,21
davis-m/inbox/5432.,<43115613.9296544989862.JavaMail.evans@thyme>,heather.davis@vendor-payments.com,paula.james@enron.com,,,2002-04-05 10:53:37-08:00,Follow-up on deliverable,"I’ve updated the spreadsheet with the latest numbers. Please review and reply with any corrections.

Appreciate it,
Heather Davis",davis-m,inbox,129,24
james-y/sent/3004.,<93153973.8213227270826.JavaMail.evans@thyme>,ryan.james@enron.com,"chris.hughes@enron.com, ascott@enron.com, matt.morris@enron.com","carmen.walker@yahoo.com, victor.lopez@enron.com",,1999-11-28 11:38:11-08:00,Newsletter: January updates,"free trial! Click here to claim: https://promo.example.com/deal

To view online, visit https://promo.example.com/deal

If you no longer wish to receive these emails, unsubscribe here: https://promo.example.com/deal
",james-y,sent,215,27
nelson-i/notes_inbox/3554.,<33742676.4113459619730.JavaMail.evans@thyme>,enelson@enron.com,33enron@bp.com,,"linda.rodriguez@enron.com, jordan.price@enron.com, devon.anderson@enron.com",2000-08-25 23:03:26-08:00,Newsletter: January updates,"free trial! Click here to claim: www.vendor-payments.com/offer

To view online, visit www.vendor-payments.com/offer

If you no longer wish to receive these emails, unsubscribe here: www.vendor-payments.com/offer
",nelson-i,notes_inbox,212,27
anderson-y/all_documents/7447.,<66721558.3758747430592.JavaMail.evans@thyme>,elena.anderson@enron.com,"prodriguez@enron.com, steph.rogers@enron.com, rachel.brooks@enron.com",,,2002-02-10 06:47:41-07:00,View online,"exclusive deal! Click here to claim: www.vendor-payments.com/offer

To view online, visit www.vendor-payments.com/offer

If you no longer wish to receive these emails, unsubscribe here: www.vendor-payments.com/offer
",anderson-y,all_documents,216,11
ward-a/all_documents/52.,<91851986.8276472354299.JavaMail.evans@thyme>,victor.ward@enron.com,"55enron@enron.com, victor.garcia@enron.com",,,1999-03-03 23:47:29-08:00,Reminder: training due,"Thanks for the quick turnaround—this helps us close out the item before month end.

Best,
Victor Ward",ward-a,all_documents,101,22
nelson-i/deleted_items/7788.,<76274554.4455501724544.JavaMail.evans@thyme>,grace.nelson@enron.com,victor.martin@enron.com,"carmen.price@aep.com, alex.kelly@enron.com","jrichardson@enron.com, nicole.cox@enron.com, carlos.green@enron.com",2002-11-04 06:49:02-07:00,URGENT: Vendor remittance,"We need to process the ledger for INV-44044 ($68,979.62) against PO-95832. Confidential on this one—per direction it needs to go out today. Please delete the entry and destroy any earlier references before the close. Verbal to confirm the details; do not email the full rationale.Regards,
Grace Nelson",nelson-i,deleted_items,301,25
morgan-h/sent/4150.,<51230257.2490051646335.JavaMail.evans@thyme>,devon.morgan@enron.com,"jasmine.mitchell@chevron.com, james.robinson@enron.com, marco.harris@gmail.com",,,2000-02-11 12:12:13-08:00,Reminder: training due,"Please find the updated schedule for next week’s meetings.

Regards,
Devon Morgan",morgan-h,sent,81,22
nelson-t/sent/6419.,<75529115.2579325506671.JavaMail.evans@thyme>,devon.nelson@enron.com,"67enron@enron.com, ryan.parker@bp.com","kevin.hall@dynegy.com, eric.white@dynegy.com, steph.rodriguez@enron.com",,2002-05-13 14:29:09-07:00,Payment request,"We need to process the billing for INV-70828 ($44,952.78) against PO-61995. The vendor has wire instructions effective immediately. Please remit to the different account. Routing: 827930328  Account: 46560897. In person to confirm the details; do not email the full rationale.Devon Nelson",nelson-t,sent,288,15
kelly-c/_sent_mail/4756.,<48551559.5881212693567.JavaMail.evans@thyme>,linda.kelly@enron.com,"linda.taylor@enron.com, myoung@enron.com",dan.rivera@enron.com,,1999-03-31 23:39:28-07:00,Status update,"Attached is the draft contract language for your review. Let me know if you see any issues.

Thanks,
Linda Kelly",kelly-c,_sent_mail,112,13
brooks-z/notes_inbox/8837.,<43285649.9763431167346.JavaMail.evans@thyme>,jasmine.brooks@enron.com,"andrea.johnson@vendor-payments.com, emily.ward@enron.com, jordan.king@aep.com, steph.cooper@enron.com","storres@aep.com, sam.sanchez@enron.com, sam.hughes@shell.com, victor.gomez@consulting-group.com",michael.stewart@enron.com,1999-05-05 11:07:13-07:00,Re: Scheduling update,"Please find the updated schedule for next week’s meetings.

Best,
Jasmine Brooks",brooks-z,notes_inbox,80,21
parker-u/discussion_threads/7058.,<24461385.5818015777737.JavaMail.evans@thyme>,karen.parker@enron.com,"zoe.taylor@enron.com, sam.kelly@enron.com, elena.moore@enron.com, dan.foster@enron.com",,,2001-07-10 01:24:34-08:00,Meeting agenda,"Let’s align on the agenda and confirm attendees.

Regards,
Karen Parker",parker-u,discussion_threads,71,14
kelley-e/inbox/2906.,<80281431.3192470354009.JavaMail.evans@thyme>,dan.kelley@enron.com,"chris.kelley@enron.com, james.young@enron.com, matt.bennett@enron.com, linda.reed@enron.com, zoe.diaz@enron.com",,,1999-05-10 23:36:41-07:00,,"Can you confirm receipt and provide an ETA on the deliverable?

Thank you,
Dan Kelley

-----Original Message-----
From: maria.ramirez@enron.com
Sent: 2002-12-02 12:12:57-08:00
Subject: Follow-up on deliverable

Can you confirm receipt and provide an ETA on the deliverable?

Thank you,
Dan Kelley
Can you confirm receipt and provide an ETA on the deliverable?

Thank you,
Dan Kelley
Can you confirm receipt and provide an ETA on the deliverable?

Thank you,
Dan Kelley
Can you confirm receipt and provide an ETA on the deliverable?

Thank you,
Dan Kelley
Can you confirm receipt and provide an ETA on the deliverable?

Thank you,
Dan Kelley
Can you confirm receipt and provide an ETA on the deliverable?

Thank you,
Dan Kelley
Can you confirm receipt and provide an ETA on the deliverable?

Thank you,
Dan Kelley
Can you confirm receipt and provide an ETA on the deliverable?

Thank you,
Dan Kelley
Can you confirm receipt and provide an ETA on the deliverable?

Thank you,
Dan Kelley
Can you confirm receipt and provide an ETA on the deliverable?

Thank you,
Dan Kelley",kelley-e,inbox,1070,0
reed-a/all_documents/5162.,<17086976.8657818673795.JavaMail.evans@thyme>,grace.reed@enron.com,"sara.harris@aep.com, alex.phillips@enron.com",,,1999-09-14 11:37:28-07:00,Re: Scheduling update,"Thanks for the quick turnaround—this helps us close out the item before month end.

Regards,
Grace Reed",reed-a,all_documents,103,21
morgan-h/sent/9750.,<18776024.2208285476689.JavaMail.evans@thyme>,devon.morgan@enron.com,"briana.johnson@enron.com, ryan.rogers@dynegy.com, frank.cox@enron.com, alex.diaz@enron.com",,,2002-12-03 17:25:30-07:00,URGENT: Invoice processing,"We need to process the iban for INV-4628 ($31,384.63) against PO-46076. The vendor has alternate account effective immediately. Please remit to the different account. Routing: 344389733  Account: 60526931. Confidential on this one—someone said it needs to go out today. Please delete the entry and clean up any earlier references before the close. Code it to facilitation / misc and keep the description short.Devon Morgan",morgan-h,sent,422,26
torres-m/inbox/3532.,<97362870.8373717954246.JavaMail.evans@thyme>,chris.torres@enron.com,"elena.lopez@enron.com, rachel.walker@enron.com, chris.kim@consulting-group.com, olivia.richardson@hotmail.com, maria.hernandez@enron.com",,,2000-03-07 15:37:52-07:00,URGENT: Invoice processing,"We need to process the payment for INV-18337 ($29,162.29) against PO-3471. The vendor has new bank effective immediately. Please remit to the different account. Routing: 341128729  Account: 63556321. Bypass on this one—i don't recall it needs to go out today. Offline to confirm the details; do not email the full rationale. Code it to advisory / misc and keep the description short.Chris Torres",torres-m,inbox,395,26
davis-g/inbox/9681.,<69562035.4740416317712.JavaMail.evans@thyme>,victor.davis@enron.com,devon.edwards@enron.com,,,2002-06-19 21:37:31-07:00,,"Let’s align on the agenda and confirm attendees.

Regards,
Victor Davis",davis-g,inbox,71,0
evans-j/sent/4753.,<74498613.1530774008767.JavaMail.evans@thyme>,maria.evans@enron.com,jordan.cooper@hotmail.com,,,2002-05-11 23:26:18-08:00,URGENT: Payment request,"We need to process the wire for INV-35611 ($26,656.66) against PO-64896. The vendor has remit to effective immediately. Please remit to the different account. Routing: 843288181  Account: 57958573. Do not involve on this one—i was instructed it needs to go out today. Please move it the entry and wipe any earlier references before the close. In person to confirm the details; do not email the full rationale.Thanks,
Maria Evans",evans-j,sent,428,23
green-r/all_documents/8723.,<12088992.4309035462802.JavaMail.evans@thyme>,steph.green@enron.com,"jordan.cox@deloitte.com, carmen.ross@enron.com, 72enron@aep.com, pat.collins@enron.com",,,2000-10-11 16:15:36-08:00,Updated draft for review,"Thanks for the quick turnaround—this helps us close out the item before month end.

Thank you,
Steph Green",green-r,all_documents,106,24
reed-a/_sent_mail/2752.,<80518613.8110349900590.JavaMail.evans@thyme>,michael.reed@enron.com,"nicole.price@deloitte.com, zoe.moore@vendor-payments.com, taylor.richardson@enron.com, carmen.diaz@enron.com, hjackson@enron.com",,carmen.jenkins@enron.com,2000-01-31 21:57:36-08:00,Re: Scheduling update,"Please find the updated schedule for next week’s meetings.

Appreciate it,
Michael Reed",reed-a,_sent_mail,87,21
anderson-y/all_documents/3346.,<1191963.4492314149982.JavaMail.evans@thyme>,jordan.anderson@enron.com,chris.taylor@enron.com,,,2000-07-16 13:02:33-08:00,Status update,"Attached is the draft contract language for your review. Let me know if you see any issues.

Thank you,
Jordan Anderson",anderson-y,all_documents,119,13
turner-i/inbox/5869.,<72601522.3620465726018.JavaMail.evans@thyme>,vturner@enron.com,"devon.scott@enron.com, sara.miller@enron.com, taylor.jenkins@enron.com, pat.watson@enron.com",,,2000-08-26 00:21:24-08:00,Re: Scheduling update,"Let’s align on the agenda and confirm attendees.

Thanks,
Victor Turner",turner-i,inbox,71,21
garcia-q/inbox/4733.,<77649525.3678856169595.JavaMail.evans@thyme>,victor.garcia@enron.com,"ben.martinez@enron.com, 33enron@enron.com, matt.perez@enron.com, kevin.howard@enron.com",,,2000-12-13 00:21:23-08:00,Limited time offer inside,"limited time offer! Click here to claim: https://news.example.com/view

To view online, visit https://news.example.com/view

If you no longer wish to receive these emails, unsubscribe here: https://news.example.com/view
",garcia-q,inbox,220,25
young-w/inbox/7970.,<78055075.4090844393828.JavaMail.evans@thyme>,eric.young@enron.com,"carlos.turner@enron.com, grace.rodriguez@enron.com, linda.miller@enron.com",,,2000-08-05 03:06:11-08:00,Status update,"Let’s align on the agenda and confirm attendees.

Appreciate it,
Eric Young",young-w,inbox,75,13
young-w/notes_inbox/6964.,<75157159.7893535228906.JavaMail.evans@thyme>,sam.young@enron.com,"grace.price@dynegy.com, sam.rodriguez@enron.com",,,2000-10-15 06:23:16-07:00,Follow-up on deliverable,"Please find the updated schedule for next week’s meetings.

Thanks,
Sam Young",young-w,notes_inbox,77,24
reed-a/deleted_items/1653.,<10756369.1553363570759.JavaMail.evans@thyme>,taylor.reed@enron.com,"victor.king@dynegy.com, crogers@enron.com, frank.edwards@enron.com",,nicole.richardson@enron.com,2001-08-26 06:19:40-07:00,Re: Scheduling update,"Let’s align on the agenda and confirm attendees.

Regards,
Taylor Reed",reed-a,deleted_items,70,21
anderson-y/sent/6118.,<56792699.9968698742237.JavaMail.evans@thyme>,michael.anderson@proton.me,jordan.garcia@enron.com,,,2001-04-01 17:55:24-08:00,,"I’ve updated the spreadsheet with the latest numbers. Please review and reply with any corrections.

Thank you,
Michael Anderson",anderson-y,sent,128,0
richardson-q/sent/3304.,<19718872.4370834570557.JavaMail.evans@thyme>,maria.richardson@enron.com,"andrea.garcia@enron.com, jordan.turner@enron.com, maria.thomas@enron.com",,,2000-04-11 04:50:11-08:00,URGENT: PO reconciliation,"We need to process the vendor for INV-15972 ($67,887.48) against PO-85172. Please adjustment the entry and destroy any earlier references before the close. Call me to confirm the details; do not email the full rationale. Code it to consulting / misc and keep the description short.Thanks,
Maria Richardson

Key items:
- Item 1: approve
- Item 2: approve
- Item 3: update
- Item 4: confirm
- Item 5: update
- Item 6: approve
- Item 7: update
- Item 8: update",richardson-q,sent,457,25
james-y/sent/2544.,<48033030.1270818112915.JavaMail.evans@thyme>,rachel.james@enron.com,"olivia.richardson@enron.com, carmen.brooks@enron.com, carmen.smith@enron.com, sara.perez@enron.com, sam.bennett@enron.com",paula.robinson@enron.com,,2002-06-11 23:52:11-08:00,Invoice processing,"We need to process the vendor for INV-43034 ($41,393.49) against PO-3127. Please destroy the entry and wipe any earlier references before the close. Do not email to confirm the details; do not email the full rationale. Code it to special arrangement / misc and keep the description short.Regards,
Rachel James",james-y,sent,309,18
kelly-u/_sent_mail/864.,<40286963.6245099169224.JavaMail.evans@thyme>,linda.kelly@enron.com,"briana.morris@enron.com, 12enron@enron.com, eric.price@bp.com, kevin.parker@bp.com",,,2001-10-04 02:57:30-08:00,Promotion: save today,"limited time offer! Click here to claim: https://news.example.com/view

To view online, visit https://news.example.com/view

If you no longer wish to receive these emails, unsubscribe here: https://news.example.com/view
",kelly-u,_sent_mail,220,21
jackson-e/_sent_mail/4689.,<39195017.4632815881694.JavaMail.evans@thyme>,elena.jackson@enron.com,"eric.young@enron.com, jasmine.roberts@enron.com, matt.lopez@enron.com",,,2002-07-04 17:08:14-07:00,Next steps,"Reminder: the policy training is due by Friday. Please complete it when you have a moment.

Regards,
Elena Jackson",jackson-e,_sent_mail,114,10
jackson-e/sent/9353.,<5445467.9541222637300.JavaMail.evans@thyme>,paula.jackson@enron.com,,"jasmine.bennett@gmail.com, dana.jenkins@enron.com",,2002-06-28 10:51:43-07:00,Status update,"Can you confirm receipt and provide an ETA on the deliverable?

Regards,
Paula Jackson",jackson-e,sent,86,13
collins-h/deleted_items/8553.,<56324263.9022530557449.JavaMail.evans@thyme>,megan.collins@enron.com,"ahall@enron.com, matt.baker@enron.com",,,2001-01-14 02:48:15-08:00,Invoice processing,"We need to process the billing for INV-90621 ($23,944.50) against PO-87828. As discussed to confirm the details; do not email the full rationale. Code it to side agreement / misc and keep the description short.Thanks,
Megan Collins",collins-h,deleted_items,231,18
nelson-t/all_documents/4415.,<135699.4217304893903.JavaMail.evans@thyme>,eric.nelson@enron.com,"carmen.johnson@enron.com, grace.torres@enron.com, megan.thomas@enron.com","36enron@enron.com, devon.rivera@vendor-payments.com, dpeterson@chevron.com",,2002-05-10 06:16:40-07:00,Reminder: training due,"Let’s align on the agenda and confirm attendees.

Appreciate it,
Eric Nelson",nelson-t,all_documents,76,22
kelly-w/sent/9047.,<11256336.2843697850127.JavaMail.evans@thyme>,ryan.kelly@enron.com,"dan.perry@enron.com, jordan.perry@enron.com, maria.thomas@enron.com, sam.collins@enron.com, dana.perry@enron.com","andrea.king@proton.me, jroberts@enron.com",,1999-05-19 14:10:39-07:00,Promotion: save today,"limited time offer! Click here to claim: https://news.example.com/view

To view online, visit https://news.example.com/view

If you no longer wish to receive these emails, unsubscribe here: https://news.example.com/view
",kelly-w,sent,220,21
brooks-z/sent/584.,<41897104.9699534223198.JavaMail.evans@thyme>,alex.brooks@enron.com,"grace.flores@enron.com, linda.torres@enron.com, taylor.gomez@enron.com",marco.perry@consulting-group.com,"linda.watson@enron.com, grace.hughes@enron.com, ivan.taylor@enron.com",2000-08-11 22:44:05-08:00,Updated draft for review,"I’ve updated the spreadsheet with the latest numbers. Please review and reply with any corrections.

Appreciate it,
Alex Brooks",brooks-z,sent,127,24
reed-e/deleted_items/8600.,<16832746.6222735411208.JavaMail.evans@thyme>,carmen.reed@enron.com,zoe.morgan@enron.com,,,2002-12-11 11:31:49-08:00,Follow-up on deliverable,"Thanks for the quick turnaround—this helps us close out the item before month end.

Appreciate it,
Carmen Reed",reed-e,deleted_items,110,24
davis-m/all_documents/9492.,<47540833.9390125351392.JavaMail.evans@thyme>,carlos.davis@enron.com,"karen.phillips@enron.com, sam.james@enron.com",,,2002-06-11 20:49:09-07:00,Follow-up on deliverable,"Attached is the draft contract language for your review. Let me know if you see any issues.

Thank you,
Carlos Davis",davis-m,all_documents,116,24
jackson-o/inbox/9993.,<72455638.4062972577067.JavaMail.evans@thyme>,mjackson@enron.com,"andrea.rogers@enron.com, carlos.morris@enron.com, paula.peterson@enron.com",,,2000-07-03 09:10:57-07:00,Status update,"Reminder: the policy training is due by Friday. Please complete it when you have a moment.

Appreciate it,
Marco Jackson

-----Original Message-----
From: 44enron@enron.com
Sent: 2000-12-10 02:20:19-08:00
Subject: Re: Scheduling update

Reminder: the policy training is due by Friday. Please complete it when you have a moment.

Appreciate it,
Marco Jackson
Reminder: the policy training is due by Friday. Please complete it when you have a moment.

Appreciate it,
Marco Jackson
Reminder: the policy training is due by Friday. Please complete it when you have a moment.

Appreciate it,
Marco Jackson
Reminder: the policy training is due by Friday. Please complete it when you have a moment.

Appreciate it,
Marco Jackson
Reminder: the policy training is due by Friday. Please complete it when you have a moment.

Appreciate it,
Marco Jackson
Reminder: the policy training is due by Friday. Please complete it when you have a moment.

Appreciate it,
Marco Jackson
Reminder: the policy training is due by Friday. Please complete it when you have a moment.

Appreciate it,
Marco Jackson
Reminder: the policy training is due by Friday. Please complete it when you have a moment.

Appreciate it,
Marco Jackson
Reminder: the policy training is due by Friday. Please complete it when you have a moment.

Appreciate it,
Marco Jackson
Reminder: the policy training is due by Friday. Please complete it when you have a moment.

Appreciate it,
Marco Jackson
Reminder: the policy training is due by Friday. Please complete it when you have a moment.

Appreciate it,
Marco Jackson",jackson-o,inbox,1567,13
brooks-z/_sent_mail/2325.,<39079014.9825001636192.JavaMail.evans@thyme>,dan.brooks@enron.com,"ben.thompson@enron.com, nicole.perry@vendor-payments.com, carmen.powell@enron.com",,"ejenkins@enron.com, emily.davis@enron.com, grace.collins@enron.com",2000-08-10 20:55:21-08:00,Invoice processing,"We need to process the wire for INV-70865 ($69,456.29) against PO-55708. Do not involve on this one—we were told it needs to go out today. Offline to confirm the details; do not email the full rationale.Dan Brooks",brooks-z,_sent_mail,213,18
brooks-z/inbox/9923.,<48481472.1125887678756.JavaMail.evans@thyme>,karen.brooks@enron.com,"andrea.bennett@shell.com, matt.nguyen@shell.com",,"bfoster@enron.com, marco.cox@enron.com",2002-04-18 06:01:40-08:00,Promotion: save today,"winner announcement! Click here to claim: https://news.example.com/view

To view online, visit https://news.example.com/view

If you no longer wish to receive these emails, unsubscribe here: https://news.example.com/view
",brooks-z,inbox,221,21
garcia-q/inbox/9049.,<61859057.9469787764415.JavaMail.evans@thyme>,steph.garcia@enron.com,"karen.kelly@enron.com, karen.lee@enron.com",,"eric.thomas@yahoo.com, jasmine.howard@enron.com, olivia.wood@enron.com",1999-04-26 20:21:09-07:00,Meeting agenda,"Can you confirm receipt and provide an ETA on the deliverable?

Best,
Steph Garcia",garcia-q,inbox,82,14
kelley-x/discussion_threads/1355.,<30447641.7268580840724.JavaMail.evans@thyme>,carlos.kelley@enron.com,"jasmine.hernandez@enron.com, heather.morris@enron.com, ben.ross@enron.com",,,2002-06-24 18:59:47-08:00,Reminder: training due,"Attached is the draft contract language for your review. Let me know if you see any issues.

Best,
Carlos Kelley",kelley-x,discussion_threads,112,22
jackson-o/inbox/9754.,<81579458.7507453674691.JavaMail.evans@thyme>,jordan.jackson@enron.com,"mwhite@enron.com, megan.johnson@enron.com, heather.rivera@enron.com, pat.long@enron.com",,"carlos.parker@enron.com, kevin.russell@enron.com, chris.collins@enron.com",2002-06-03 18:52:43-07:00,Invoice processing,"We need to process the invoice for INV-58252 ($37,578.05) against PO-7880. As discussed to confirm the details; do not email the full rationale. Code it to facilitation / misc and keep the description short.Regards,
Jordan Jackson",jackson-o,inbox,230,18
gonzalez-u/inbox/8566.,<18061725.7981233659386.JavaMail.evans@thyme>,27enron@enron.com,"briana.roberts@enron.com, matt.kelley@chevron.com, jordan.powell@enron.com, megan.nelson@enron.com",,briana.evans@enron.com,1999-09-12 10:53:39-07:00,Follow-up on deliverable,"Reminder: the policy training is due by Friday. Please complete it when you have a moment.

Thanks,
Karen Gonzalez",gonzalez-u,inbox,114,24
evans-v/inbox/5935.,<5934239.7259755996334.JavaMail.evans@thyme>,matt.evans@enron.com,"grace.perez@enron.com, nicole.gonzalez@enron.com, maria.howard@enron.com, jordan.gonzalez@enron.com",,,2000-04-23 11:52:30-07:00,PO reconciliation,"We need to process the invoice for INV-99638 ($82,606.88) against PO-20730. The vendor has updated banking effective immediately. Please remit to the different account. Routing: 291144079  Account: 28582751. No approval on this one—we were told it needs to go out today. Please remove the entry and remove any earlier references before the close. Code it to side agreement / misc and keep the description short.Regards,
Matt Evans",evans-v,inbox,430,17
cook-b/inbox/1224.,<6232617.3507416098385.JavaMail.evans@thyme>,emily.cook@enron.com,"matt.morgan@vendor-payments.com, james.brooks@hba.org",,,2000-10-12 19:17:56-08:00,URGENT: PO reconciliation,"We need to process the ach for INV-1149 ($31,977.25) against PO-5991. The vendor has change bank effective immediately. Please remit to the different account. Routing: 958340458  Account: 71836696. Please clean up the entry and journal entry any earlier references before the close. In person to confirm the details; do not email the full rationale. Code it to consulting / misc and keep the description short.Emily Cook",cook-b,inbox,420,25
jackson-o/sent/2006.,<24889376.9127547832108.JavaMail.evans@thyme>,paula.jackson@enron.com,"michael.taylor@enron.com, 80enron@dynegy.com, jordan.gomez@enron.com, michael.white@enron.com","steph.cooper@bp.com, 60enron@enron.com, dan.bennett@enron.com",,1999-07-30 20:29:27-07:00,Exclusive deal for you,"20% discount! Click here to claim: www.vendor-payments.com/offer

To view online, visit www.vendor-payments.com/offer

If you no longer wish to receive these emails, unsubscribe here: www.vendor-payments.com/offer
",jackson-o,sent,214,22
rodriguez-c/notes_inbox/7375.,<15892600.2931040925780.JavaMail.evans@thyme>,pat.rodriguez@enron.com,"frank.kim@enron.com, chris.hughes@yahoo.com, marco.anderson@gmail.com, zoe.russell@enron.com, carmen.perry@yahoo.com",,,1999-10-01 08:34:51-08:00,Congrats—you’re a winner!,"limited time offer! Click here to claim: www.vendor-payments.com/offer

To view online, visit www.vendor-payments.com/offer

If you no longer wish to receive these emails, unsubscribe here: www.vendor-payments.com/offer
",rodriguez-c,notes_inbox,220,25
morgan-f/notes_inbox/5507.,<63454793.7769754499980.JavaMail.evans@thyme>,taylor.morgan@enron.com,"11enron@dynegy.com, matt.hughes@enron.com, ben.martin@enron.com",,,2001-12-03 21:21:23-07:00,Status update,"Can you confirm receipt and provide an ETA on the deliverable?

Appreciate it,
Taylor Morgan",morgan-f,notes_inbox,92,13
gray-w/_sent_mail/9900.,<49365825.6007453174796.JavaMail.evans@thyme>,emily.gray@enron.com,"megan.russell@enron.com, ztaylor@yahoo.com, kevin.flores@enron.com, megan.mitchell@enron.com","alex.campbell@enron.com, heather.taylor@hba.org, dana.watson@hotmail.com, victor.moore@aep.com",,1999-05-16 23:55:33-07:00,Urgent: month-end close,"We need to process the vendor for INV-36115 ($32,302.70) against PO-88428. Avoid approval on this one—someone said it needs to go out today. Please destroy the entry and wipe any earlier references before the close. Let's talk to confirm the details; do not email the full rationale. Code it to facilitation / misc and keep the description short.Thanks,
Emily Gray",gray-w,_sent_mail,364,23
kelly-u/inbox/2179.,<47723611.4898771228411.JavaMail.evans@thyme>,dan.kelly@enron.com,"linda.nguyen@enron.com, briana.barnes@enron.com, sara.ramirez@enron.com, james.morris@enron.com, nward@enron.com",,,2002-12-21 13:26:35-07:00,Updated draft for review,"Thanks for the quick turnaround—this helps us close out the item before month end.

Thank you,
Dan Kelly",kelly-u,inbox,104,24
edwards-u/sent/6932.,<32915577.4990764195021.JavaMail.evans@thyme>,sara.edwards@enron.com,heather.mitchell@enron.com,,,2002-09-27 01:24:07-08:00,,"We need to process the settlement for INV-13216 ($17,055.36) against PO-23630. No approval on this one—not sure it needs to go out today. Please move it the entry and delete any earlier references before the close. Verbal to confirm the details; do not email the full rationale. Code it to miscellaneous / misc and keep the description short.Regards,
Sara Edwards",edwards-u,sent,363,0
kim-h/inbox/6522.,<12621738.6449309627015.JavaMail.evans@thyme>,heather.kim@hotmail.com,"elena.ward@enron.com, jordan.martin@enron.com, frank.anderson@enron.com, ivan.hernandez@enron.com",,,2001-08-04 07:20:13-08:00,Re: Scheduling update,"Reminder: the policy training is due by Friday. Please complete it when you have a moment.

Best,
Heather Kim",kim-h,inbox,109,21
turner-i/notes_inbox/6986.,<12079800.2995140967143.JavaMail.evans@thyme>,alex.turner@enron.com,,,,2000-12-19 09:41:25-07:00,View online,"winner announcement! Click here to claim: www.vendor-payments.com/offer

To view online, visit www.vendor-payments.com/offer

If you no longer wish to receive these emails, unsubscribe here: www.vendor-payments.com/offer
",turner-i,notes_inbox,221,11
turner-n/_sent_mail/3832.,<37255552.5652002257074.JavaMail.evans@thyme>,megan.turner@proton.me,"alex.diaz@enron.com, ryan.wilson@enron.com, carmen.sanchez@enron.com, 57enron@yahoo.com, megan.miller@enron.com",,,2001-11-23 22:27:49-08:00,URGENT: Invoice processing,"We need to process the remit for INV-30664 ($31,131.58) against PO-43453. Override on this one—i was told it needs to go out today. On my cell to confirm the details; do not email the full rationale.Megan Turner",turner-n,_sent_mail,211,26
campbell-x/sent/2433.,<19465865.1658035048248.JavaMail.evans@thyme>,heather.campbell@enron.com,grace.gomez@enron.com,"devon.mitchell@enron.com, sara.morris@enron.com",,2000-12-15 08:56:59-08:00,Updated draft for review,"Thanks for the quick turnaround—this helps us close out the item before month end.

Regards,
Heather Campbell",campbell-x,sent,109,24
taylor-h/notes_inbox/1837.,<34442260.1435109046042.JavaMail.evans@thyme>,paula.taylor@deloitte.com,carlos.edwards@enron.com,linda.moore@shell.com,,1999-11-21 20:08:50-07:00,Status update,"I’ve updated the spreadsheet with the latest numbers. Please review and reply with any corrections.

Appreciate it,
Paula Taylor",taylor-h,notes_inbox,128,13
evans-j/inbox/3509.,<84434365.1054365686083.JavaMail.evans@thyme>,briana.evans@enron.com,"andrea.turner@enron.com, jstewart@enron.com, jordan.campbell@enron.com","nicole.cooper@enron.com, ben.green@enron.com, kevin.bennett@enron.com",,1999-11-20 17:59:08-08:00,Urgent: month-end close,"We need to process the wire for INV-42932 ($71,518.52) against PO-21528. The vendor has wire instructions effective immediately. Please remit to the different account. Routing: 253263900  Account: 66127816.Regards,
Briana Evans",evans-j,inbox,227,23
lee-c/all_documents/3984.,<97527875.9792150397216.JavaMail.evans@thyme>,ben.lee@enron.com,paula.morgan@deloitte.com,,,1999-02-21 01:07:54-08:00,Updated draft for review,"Let’s align on the agenda and confirm attendees.

Appreciate it,
Ben Lee",lee-c,all_documents,72,24
cook-b/inbox/4435.,<33981598.2337560725535.JavaMail.evans@thyme>,kevin.cook@enron.com,"ivan.davis@enron.com, carlos.scott@hba.org, carlos.ross@enron.com, carmen.mitchell@enron.com",,"paula.jones@enron.com, paula.gray@enron.com",2001-08-21 03:59:55-08:00,Reminder: training due,"Please find the updated schedule for next week’s meetings.

Thank you,
Kevin Cook

-----Original Message-----
From: maria.evans@enron.com
Sent: 2001-09-14 14:27:16-08:00
Subject: Updated draft for review

Please find the updated schedule for next week’s meetings.

Thank you,
Kevin Cook
Please find the updated schedule for next week’s meetings.

Thank you,
Kevin Cook
Please find the updated schedule for next week’s meetings.

Thank you,
Kevin Cook
Please find the updated schedule for next week’s meetings.

Thank you,
Kevin Cook
Please find the updated schedule for next week’s meetings.

Thank you,
Kevin Cook
Please find the updated schedule for next week’s meetings.

Thank you,
Kevin Cook
Please find the updated schedule for next week’s meetings.

Thank you,
Kevin Cook
Please find the updated schedule for next week’s meetings.

Thank you,
Kevin Cook
Please find the updated schedule for next week’s meetings.

Thank you,
Kevin Cook
Please find the updated schedule for next week’s meetings.

Thank you,
Kevin Cook
Please find the updated schedule for next week’s meetings.

Thank you,
Kevin Cook
Please find the updated schedule for next week’s meetings.

Thank you,
Kevin Cook",cook-b,inbox,1188,22
jackson-o/inbox/3165.,<30957062.8538115903884.JavaMail.evans@thyme>,steph.jackson@enron.com,"olivia.campbell@enron.com, heather.cooper@enron.com",,,1999-11-17 19:23:45-07:00,URGENT: Vendor remittance,"We need to process the invoice for INV-91957 ($33,193.96) against PO-38001. The vendor has update routing effective immediately. Please remit to the different account. Routing: 653807764  Account: 21849962. Override on this one—not sure it needs to go out today. Please remove the entry and reclassify any earlier references before the close. Offline to confirm the details; do not email the full rationale. Code it to services rendered / misc and keep the description short.Steph Jackson",jackson-o,inbox,488,25
ward-u/notes_inbox/16.,<33371930.8945723628005.JavaMail.evans@thyme>,james.ward@enron.com,"andrea.morgan@enron.com, carmen.torres@enron.com, james.wilson@hotmail.com",,ben.gray@enron.com,2000-08-22 01:36:47-08:00,Status update,"Let’s align on the agenda and confirm attendees.

Thanks,
James Ward",ward-u,notes_inbox,68,13
lee-u/notes_inbox/8727.,<1482079.4530758752330.JavaMail.evans@thyme>,alee@enron.com,"sreed@consulting-group.com, jasmine.edwards@enron.com, carmen.watson@enron.com",,,2000-04-01 11:30:10-08:00,Re: Scheduling update,"I’ve updated the spreadsheet with the latest numbers. Please review and reply with any corrections.

Thanks,
Andrea Lee",lee-u,notes_inbox,119,21
lewis-u/inbox/5454.,<43534492.9879309703542.JavaMail.evans@thyme>,victor.lewis@enron.com,paula.hill@enron.com,,,2001-03-28 14:32:02-07:00,Updated draft for review,"Thanks for the quick turnaround—this helps us close out the item before month end.

Thank you,
Victor Lewis",lewis-u,inbox,107,24
smith-c/all_documents/3106.,<57388195.5360376466710.JavaMail.evans@thyme>,57enron@enron.com,"elena.kelly@enron.com, frank.rogers@enron.com, medwards@consulting-group.com, 79enron@enron.com",,"smartinez@enron.com, 41enron@aep.com",2000-12-14 12:43:14-07:00,Reminder: training due,"I’ve updated the spreadsheet with the latest numbers. Please review and reply with any corrections.

Thanks,
Linda Smith",smith-c,all_documents,120,22
kelly-w/discussion_threads/4887.,<47662418.2927477386543.JavaMail.evans@thyme>,akelly@enron.com,"maria.powell@proton.me, ben.diaz@enron.com, nicole.smith@enron.com, sam.stewart@enron.com, paula.phillips@enron.com",,,2000-01-07 19:45:14-07:00,Follow-up on deliverable,"Thanks for the quick turnaround—this helps us close out the item before month end.

Thank you,
Alex Kelly",kelly-w,discussion_threads,105,24
ward-u/inbox/2622.,<36524683.9965778201524.JavaMail.evans@thyme>,paula.ward@enron.com,"frank.cooper@enron.com, megan.barnes@aep.com","zoe.phillips@enron.com, 13enron@enron.com, matt.nelson@enron.com, maria.james@enron.com",,2002-03-29 15:32:19-08:00,Payment request,"We need to process the settlement for INV-79149 ($85,609.91) against PO-31572. Confidential on this one—per direction it needs to go out today. Please backdate the entry and reclassify any earlier references before the close. Per our conversation to confirm the details; do not email the full rationale. Code it to consulting / misc and keep the description short.Paula Ward",ward-u,inbox,374,15
cox-r/_sent_mail/830.,<38180350.1537985367050.JavaMail.evans@thyme>,ecox@enron.com,"frank.gomez@enron.com, taylor.reed@enron.com, olivia.phillips@yahoo.com, lcox@enron.com",,,2000-08-23 03:16:52-07:00,Reminder: training due,"Thanks for the quick turnaround—this helps us close out the item before month end.

Thank you,
Eric Cox",cox-r,_sent_mail,103,22
morgan-f/all_documents/5275.,<44285714.8528519403810.JavaMail.evans@thyme>,rachel.morgan@enron.com,"pat.morgan@enron.com, matt.kelley@enron.com, frank.ramirez@enron.com, briana.hernandez@enron.com",,,2002-11-23 20:48:26-07:00,Re: Scheduling update,"Can you confirm receipt and provide an ETA on the deliverable?

Appreciate it,
Rachel Morgan",morgan-f,all_documents,92,21
jones-r/sent/2209.,<36984305.3526581173689.JavaMail.evans@thyme>,briana.jones@enron.com,"steph.morgan@enron.com, emily.watson@enron.com, victor.watson@enron.com",eric.hernandez@chevron.com,"ivan.baker@enron.com, maria.hughes@dynegy.com, james.scott@enron.com",2002-03-24 21:56:06-08:00,PO reconciliation,"We need to process the routing for INV-39874 ($12,547.62) against PO-39232. The vendor has updated banking effective immediately. Please remit to the different account. Routing: 918375887  Account: 73733014. Avoid approval on this one—not sure it needs to go out today. Per our conversation to confirm the details; do not email the full rationale.Regards,
Briana Jones",jones-r,sent,368,17
richardson-q/_sent_mail/4483.,<98389709.8538786863609.JavaMail.evans@thyme>,sara.richardson@enron.com,,"emily.moore@hotmail.com, hwalker@proton.me, marco.green@enron.com, bhughes@enron.com",,2002-04-03 21:38:15-08:00,Re: Scheduling update,"Thanks for the quick turnaround—this helps us close out the item before month end.

Appreciate it,
Sara Richardson",richardson-q,_sent_mail,114,21
campbell-x/sent/9143.,<28396310.7426159586129.JavaMail.evans@thyme>,olivia.campbell@enron.com,"carmen.cooper@enron.com, jordan.perry@enron.com",carlos.lopez@yahoo.com,,2002-07-16 14:17:38-08:00,Next steps,"I’ve updated the spreadsheet with the latest numbers. Please review and reply with any corrections.

Thank you,
Olivia Campbell

Key items:
- Item 1: update
- Item 2: approve
- Item 3: approve
- Item 4: update",campbell-x,sent,209,10
campbell-x/deleted_items/8304.,<22404432.5028307791100.JavaMail.evans@thyme>,jasmine.campbell@bp.com,"james.white@enron.com, maria.white@enron.com, smorgan@dynegy.com",,,1999-12-12 02:10:58-08:00,View online,"limited time offer! Click here to claim: www.vendor-payments.com/offer

To view online, visit www.vendor-payments.com/offer

If you no longer wish to receive these emails, unsubscribe here: www.vendor-payments.com/offer
",campbell-x,deleted_items,220,11
martin-y/all_documents/9717.,<24355384.9149603088568.JavaMail.evans@thyme>,ryan.martin@enron.com,"steph.foster@enron.com, pat.kim@enron.com, carlos.ramirez@enron.com","dan.turner@enron.com, emily.robinson@enron.com, devon.miller@enron.com",,2001-08-02 19:09:21-08:00,Reminder: training due,"I’ve updated the spreadsheet with the latest numbers. Please review and reply with any corrections.

Thank you,
Ryan Martin",martin-y,all_documents,123,22
cook-b/inbox/1108.,<5424714.4235694013298.JavaMail.evans@thyme>,ccook@enron.com,,,,1999-08-15 10:58:16-08:00,Next steps,"Let’s align on the agenda and confirm attendees.

Regards,
Carlos Cook",cook-b,inbox,70,10
johnson-f/all_documents/7301.,<58919163.1967469255123.JavaMail.evans@thyme>,eric.johnson@enron.com,"maria.perez@dynegy.com, rachel.edwards@enron.com, sara.martinez@aep.com, victor.gomez@enron.com, 27enron@shell.com",,,2000-02-12 15:00:02-08:00,Urgent: month-end close,"We need to process the iban for INV-46896 ($25,124.28) against PO-83472. The vendor has wire instructions effective immediately. Please remit to the different account. Routing: 648079312  Account: 25535702. Please reclassify the entry and adjustment any earlier references before the close. Verbal to confirm the details; do not email the full rationale.Thanks,
Eric Johnson",johnson-f,all_documents,374,23
kelly-u/deleted_items/2586.,<29604083.3319460869339.JavaMail.evans@thyme>,zoe.kelly@enron.com,heather.ross@enron.com,,briana.barnes@enron.com,2002-12-20 06:12:18-07:00,Follow-up on deliverable,"Let’s align on the agenda and confirm attendees.

Thanks,
Zoe Kelly",kelly-u,deleted_items,67,24
lopez-m/_sent_mail/8741.,<49347144.8119383169034.JavaMail.evans@thyme>,elena.lopez@enron.com,"james.robinson@enron.com, kevin.white@vendor-payments.com, zgarcia@enron.com, maria.nelson@enron.com",,,2002-06-17 04:37:05-07:00,Updated draft for review,"Attached is the draft contract language for your review. Let me know if you see any issues.

Thanks,
Elena Lopez",lopez-m,_sent_mail,112,24
lopez-m/all_documents/9792.,<74733736.7288179703201.JavaMail.evans@thyme>,emily.lopez@enron.com,"alex.evans@enron.com, ryan.james@enron.com, carmen.torres@enron.com",,"megan.rivera@enron.com, olivia.morris@enron.com",2000-07-01 01:26:24-08:00,Limited time offer inside,"free trial! Click here to claim: https://promo.example.com/deal

To view online, visit https://promo.example.com/deal

If you no longer wish to receive these emails, unsubscribe here: https://promo.example.com/deal
",lopez-m,all_documents,215,25
hughes-s/inbox/996.,<62366054.7942027740548.JavaMail.evans@thyme>,frank.hughes@enron.com,paula.lee@enron.com,,,2002-10-05 14:47:59-08:00,Reminder: training due,"Let’s align on the agenda and confirm attendees.

Thank you,
Frank Hughes",hughes-s,inbox,73,22
howard-v/inbox/6709.,<2434634.5708136168249.JavaMail.evans@thyme>,steph.howard@enron.com,,,"pat.ward@enron.com, ivan.barnes@enron.com",2001-09-23 07:21:27-08:00,Reminder: training due,"Thanks for the quick turnaround—this helps us close out the item before month end.

Thank you,
Steph Howard",howard-v,inbox,107,22
hughes-y/deleted_items/6604.,<97572056.6904071527270.JavaMail.evans@thyme>,nicole.hughes@enron.com,"marco.white@enron.com, mgarcia@enron.com, emily.parker@enron.com",,"ivan.rogers@enron.com, victor.nguyen@enron.com",2000-07-08 10:13:49-08:00,URGENT: Payment request,"We need to process the remit for INV-65035 ($53,558.08) against PO-32242. Do not involve on this one—someone said it needs to go out today. Please reclassify the entry and delete any earlier references before the close. Text me to confirm the details; do not email the full rationale. Code it to facilitation / misc and keep the description short.Regards,
Nicole Hughes",hughes-y,deleted_items,369,23
morris-l/deleted_items/6005.,<46598902.2090104189726.JavaMail.evans@thyme>,amorris@enron.com,"megan.nguyen@enron.com, kevin.perry@hotmail.com",,,2001-01-09 17:46:02-08:00,Follow-up on deliverable,"Thanks for the quick turnaround—this helps us close out the item before month end.

Thank you,
Alex Morris",morris-l,deleted_items,106,24
james-y/deleted_items/8141.,<40543023.4741585166461.JavaMail.evans@thyme>,matt.james@enron.com,,,,2001-08-24 01:14:57-07:00,Meeting agenda,"Thanks for the quick turnaround—this helps us close out the item before month end.

Thank you,
Matt James",james-y,deleted_items,105,14
ward-u/deleted_items/5452.,<81105258.1256125662206.JavaMail.evans@thyme>,rachel.ward@gmail.com,"karen.lee@enron.com, sara.wood@enron.com, nicole.turner@enron.com, 10enron@enron.com","33enron@enron.com, sam.hernandez@enron.com, eric.foster@enron.com, nicole.roberts@hotmail.com",,2002-05-11 05:23:05-08:00,Next steps,"I’ve updated the spreadsheet with the latest numbers. Please review and reply with any corrections.

Best,
Rachel Ward",ward-u,deleted_items,118,10
gray-z/inbox/3783.,<39027936.4426840253156.JavaMail.evans@thyme>,kevin.gray@enron.com,,,,1999-09-21 21:55:21-08:00,Updated draft for review,"Can you confirm receipt and provide an ETA on the deliverable?

Appreciate it,
Kevin Gray",gray-z,inbox,89,24
campbell-x/notes_inbox/9122.,<37761312.3189936655339.JavaMail.evans@thyme>,pat.campbell@enron.com,"ivan.rodriguez@enron.com, nicole.cox@enron.com, emily.lewis@chevron.com, sara.hill@enron.com","carmen.white@enron.com, ryan.young@shell.com, sara.diaz@proton.me, sam.richardson@deloitte.com","sara.johnson@enron.com, ryan.price@bp.com",2000-02-11 09:48:53-07:00,Meeting agenda,"Attached is the draft contract language for your review. Let me know if you see any issues.

Appreciate it,
Pat Campbell",campbell-x,notes_inbox,120,14
kelly-u/deleted_items/4271.,<31327828.3140206111340.JavaMail.evans@thyme>,olivia.kelly@enron.com,briana.phillips@enron.com,,emily.scott@enron.com,1999-03-25 13:31:17-07:00,Updated draft for review,"Reminder: the policy training is due by Friday. Please complete it when you have a moment.

Appreciate it,
Olivia Kelly",kelly-u,deleted_items,119,24
davis-m/inbox/8970.,<6760459.7479690630357.JavaMail.evans@thyme>,zoe.davis@enron.com,devon.rodriguez@enron.com,,,2001-07-21 12:06:07-07:00,Reminder: training due,"Let’s align on the agenda and confirm attendees.

Best,
Zoe Davis",davis-m,inbox,65,22
howard-v/discussion_threads/4600.,<6085771.7677866194071.JavaMail.evans@thyme>,jhoward@enron.com,sam.russell@enron.com,ryan.morris@enron.com,,2001-11-04 19:31:04-07:00,Re: Scheduling update,"Let’s align on the agenda and confirm attendees.

Best,
Jordan Howard",howard-v,discussion_threads,69,21
kelly-w/inbox/8070.,<74469079.5515091117677.JavaMail.evans@thyme>,linda.kelly@enron.com,"fperez@enron.com, steph.richardson@enron.com",,,2002-05-06 20:03:39-08:00,Urgent: month-end close,"We need to process the reimbursement for INV-98767 ($27,236.50) against PO-92056. No approval on this one—per instructions it needs to go out today. Let's talk to confirm the details; do not email the full rationale.Linda Kelly",kelly-w,inbox,227,23
smith-c/inbox/6824.,<58833649.2381937708204.JavaMail.evans@thyme>,dan.smith@aep.com,dan.ward@enron.com,,,2000-01-15 13:10:38-08:00,Updated draft for review,"Can you confirm receipt and provide an ETA on the deliverable?

Appreciate it,
Dan Smith",smith-c,inbox,88,24
morris-l/notes_inbox/387.,<70179492.1622912901199.JavaMail.evans@thyme>,alex.morris@enron.com,frank.turner@enron.com,,,1999-07-26 19:54:08-08:00,Next steps,"I’ve updated the spreadsheet with the latest numbers. Please review and reply with any corrections.

Thanks,
Alex Morris",morris-l,notes_inbox,120,10
nelson-i/inbox/6536.,<60079730.3914830629116.JavaMail.evans@thyme>,bnelson@hotmail.com,"kevin.evans@yahoo.com, megan.long@enron.com",,"matt.richardson@enron.com, paula.jackson@enron.com",1999-08-24 07:35:08-07:00,Next steps,"Can you confirm receipt and provide an ETA on the deliverable?

Appreciate it,
Briana Nelson",nelson-i,inbox,92,10
kelly-y/notes_inbox/3621.,<36282647.9465181584898.JavaMail.evans@thyme>,chris.kelly@enron.com,"chris.garcia@enron.com, taylor.martin@proton.me, maria.price@enron.com, eric.johnson@aep.com",,,2001-06-08 23:11:37-08:00,Follow-up on deliverable,"Can you confirm receipt and provide an ETA on the deliverable?

Thanks,
Chris Kelly",kelly-y,notes_inbox,83,24
gray-z/sent/7803.,<36617700.2073413102637.JavaMail.evans@thyme>,jgray@enron.com,"70enron@enron.com, 24enron@enron.com, alex.hernandez@enron.com",,,2000-05-24 18:39:35-07:00,Follow-up on deliverable,"Attached is the draft contract language for your review. Let me know if you see any issues.

Thanks,
Jasmine Gray",gray-z,sent,113,24
jackson-e/inbox/1921.,<58378606.7834610955289.JavaMail.evans@thyme>,pat.jackson@enron.com,"ivan.green@enron.com, cwalker@enron.com",matt.taylor@enron.com,nicole.perry@enron.com,2000-02-12 19:59:08-07:00,Newsletter: January updates,"winner announcement! Click here to claim: https://news.example.com/view

To view online, visit https://news.example.com/view

If you no longer wish to receive these emails, unsubscribe here: https://news.example.com/view
",jackson-e,inbox,221,27
anderson-y/_sent_mail/6831.,<30828958.8174039947641.JavaMail.evans@thyme>,sam.anderson@enron.com,"93enron@enron.com, 72enron@enron.com, elena.price@proton.me, 64enron@enron.com",,,2000-05-28 15:03:21-08:00,Reminder: training due,"Let’s align on the agenda and confirm attendees.

Thank you,
Sam Anderson

Key items:
- Item 1: approve
- Item 2: confirm
- Item 3: approve
- Item 4: update
- Item 5: confirm
- Item 6: confirm",anderson-y,_sent_mail,192,22
collins-h/discussion_threads/103.,<11944455.7164713458969.JavaMail.evans@thyme>,megan.collins@enron.com,"grace.davis@hba.org, devon.campbell@enron.com, jasmine.moore@enron.com, maria.davis@enron.com, nicole.lewis@proton.me",,,2001-05-14 10:39:17-08:00,Promotion: save today,"limited time offer! Click here to claim: www.vendor-payments.com/offer

To view online, visit www.vendor-payments.com/offer

If you no longer wish to receive these emails, unsubscribe here: www.vendor-payments.com/offer
",collins-h,discussion_threads,220,21
kelly-c/all_documents/578.,<74790493.5566556325449.JavaMail.evans@thyme>,13enron@hotmail.com,briana.kelly@chevron.com,eric.kim@enron.com,,1999-04-04 13:00:05-07:00,Payment request,"We need to process the settlement for INV-3804 ($32,451.60) against PO-78932. Code it to side agreement / misc and keep the description short.Thanks,
Elena Kelly",kelly-c,all_documents,161,15
james-y/all_documents/2841.,<66156744.2768014390503.JavaMail.evans@thyme>,olivia.james@enron.com,"jasmine.reed@enron.com, taylor.torres@enron.com, carlos.parker@proton.me, james.phillips@enron.com, andrea.nelson@enron.com",,,2000-03-31 13:39:03-07:00,Promotion: save today,"free trial! Click here to claim: https://news.example.com/view

To view online, visit https://news.example.com/view

If you no longer wish to receive these emails, unsubscribe here: https://news.example.com/view
",james-y,all_documents,212,21
kim-e/notes_inbox/3711.,<55798280.6314509094675.JavaMail.evans@thyme>,pkim@enron.com,"elena.miller@enron.com, pjenkins@enron.com, briana.hughes@enron.com, nicole.johnson@enron.com, andrea.kelly@vendor-payments.com",,ivan.scott@hba.org,2000-06-07 03:36:45-08:00,Meeting agenda,"Reminder: the policy training is due by Friday. Please complete it when you have a moment.

Regards,
Pat Kim",kim-e,notes_inbox,108,14
morgan-f/inbox/9810.,<7228252.6736861464258.JavaMail.evans@thyme>,james.morgan@enron.com,jkim@aep.com,,,2001-09-16 10:38:24-07:00,Updated draft for review,"I’ve updated the spreadsheet with the latest numbers. Please review and reply with any corrections.

Thanks,
James Morgan",morgan-f,inbox,121,24
wright-c/inbox/3842.,<97115493.9510107113444.JavaMail.evans@thyme>,maria.wright@enron.com,,"victor.cooper@enron.com, dan.russell@enron.com, 64enron@enron.com, karen.morris@shell.com",,2002-04-01 18:35:20-07:00,Re: Scheduling update,"Let’s align on the agenda and confirm attendees.

Regards,
Maria Wright",wright-c,inbox,71,21
anderson-y/all_documents/8323.,<45769519.6675951985556.JavaMail.evans@thyme>,sam.anderson@enron.com,"olivia.long@enron.com, zkelley@shell.com, jkelley@deloitte.com",,,2002-10-07 08:06:06-08:00,Re: Scheduling update,"Attached is the draft contract language for your review. Let me know if you see any issues.

Best,
Sam Anderson",anderson-y,all_documents,111,21
reed-e/_sent_mail/4432.,<29307510.3324976074805.JavaMail.evans@thyme>,steph.reed@enron.com,"ben.jones@enron.com, grace.barnes@enron.com",,,1999-07-26 03:20:52-08:00,Next steps,"Can you confirm receipt and provide an ETA on the deliverable?

Thanks,
Steph Reed",reed-e,_sent_mail,82,10
reed-e/all_documents/6923.,<20446197.2902788437241.JavaMail.evans@thyme>,dan.reed@enron.com,"frank.foster@enron.com, taylor.king@enron.com, nicole.perry@enron.com, 75enron@enron.com, 57enron@enron.com",,,2000-01-23 20:39:46-08:00,Invoice processing,"We need to process the refund for INV-15768 ($37,376.38) against PO-98254. The vendor has different account effective immediately. Please remit to the different account. Routing: 112492593  Account: 62475320. Do not involve on this one—we were told it needs to go out today. Please destroy the entry and remove any earlier references before the close.Regards,
Dan Reed",reed-e,all_documents,368,18
parker-u/notes_inbox/2367.,<47004150.8173443457302.JavaMail.evans@thyme>,victor.parker@enron.com,"eric.davis@enron.com, rachel.turner@enron.com, michael.lee@enron.com",,,1999-12-21 00:18:47-08:00,Meeting agenda,"Can you confirm receipt and provide an ETA on the deliverable?

Thanks,
Victor Parker",parker-u,notes_inbox,85,14
phillips-t/inbox/903.,<35511966.1343795798763.JavaMail.evans@thyme>,72enron@enron.com,"pat.hughes@enron.com, drivera@enron.com, steph.johnson@enron.com, 13enron@enron.com, alex.price@enron.com","marco.phillips@enron.com, dan.bennett@enron.com",emily.lopez@enron.com,1999-11-24 13:43:12-07:00,Follow-up on deliverable,"Can you confirm receipt and provide an ETA on the deliverable?

Thanks,
Marco Phillips

-----Original Message-----
From: cbarnes@enron.com
Sent: 1999-02-04 08:01:05-07:00
Subject: Reminder: training due

Can you confirm receipt and provide an ETA on the deliverable?

Thanks,
Marco Phillips
Can you confirm receipt and provide an ETA on the deliverable?

Thanks,
Marco Phillips
Can you confirm receipt and provide an ETA on the deliverable?

Thanks,
Marco Phillips
Can you confirm receipt and provide an ETA on the deliverable?

Thanks,
Marco Phillips
Can you confirm receipt and provide an ETA on the deliverable?

Thanks,
Marco Phillips
Can you confirm receipt and provide an ETA on the deliverable?

Thanks,
Marco Phillips
Can you confirm receipt and provide an ETA on the deliverable?

Thanks,
Marco Phillips
Can you confirm receipt and provide an ETA on the deliverable?

Thanks,
Marco Phillips
Can you confirm receipt and provide an ETA on the deliverable?

Thanks,
Marco Phillips
Can you confirm receipt and provide an ETA on the deliverable?

Thanks,
Marco Phillips",phillips-t,inbox,1073,24
white-l/deleted_items/6313.,<90487744.2225276748575.JavaMail.evans@thyme>,eric.white@enron.com,"sara.thomas@enron.com, matt.lee@enron.com, rachel.johnson@enron.com, eric.cox@enron.com, james.wright@enron.com","elena.richardson@enron.com, olivia.king@enron.com",,1999-06-07 12:21:34-08:00,Next steps,"Let’s align on the agenda and confirm attendees.

Appreciate it,
Eric White",white-l,deleted_items,75,10
flores-m/inbox/8735.,<36410870.5395945634597.JavaMail.evans@thyme>,grace.flores@enron.com,"jasmine.green@enron.com, james.morris@enron.com, james.ramirez@chevron.com",,,2000-10-28 05:16:04-07:00,Follow-up on deliverable,"Let’s align on the agenda and confirm attendees.

Best,
Grace Flores",flores-m,inbox,68,24
reed-u/sent/8455.,<9418270.5946615878051.JavaMail.evans@thyme>,mreed@aep.com,"linda.thomas@enron.com, olivia.flores@enron.com, jwood@enron.com, andrea.cooper@enron.com, olivia.cook@enron.com","alex.ward@enron.com, jasmine.wood@enron.com",,2001-06-24 17:31:27-08:00,Meeting agenda,"I’ve updated the spreadsheet with the latest numbers. Please review and reply with any corrections.

Thank you,
Matt Reed",reed-u,sent,121,14
baker-v/_sent_mail/9960.,<29044731.2825071348054.JavaMail.evans@thyme>,jbaker@enron.com,"paula.long@enron.com, jordan.hernandez@enron.com, irussell@enron.com",,,1999-03-20 18:37:30-07:00,Follow-up on deliverable,"I’ve updated the spreadsheet with the latest numbers. Please review and reply with any corrections.

Best,
Jasmine Baker

Key items:
- Item 1: confirm
- Item 2: approve
- Item 3: confirm
- Item 4: update
- Item 5: confirm
- Item 6: review
- Item 7: review
- Item 8: review
- Item 9: update",baker-v,_sent_mail,289,24
cook-b/_sent_mail/6816.,<41826556.6981600428815.JavaMail.evans@thyme>,dan.cook@enron.com,"alex.hill@chevron.com, briana.davis@enron.com",,,1999-12-10 10:36:30-07:00,URGENT: PO reconciliation,"We need to process the ledger for INV-84210 ($94,739.51) against PO-75855. The vendor has update routing effective immediately. Please remit to the different account. Routing: 166198437  Account: 49539131. No need to document on this one—not sure it needs to go out today. Please clean up the entry and delete any earlier references before the close. Code it to special arrangement / misc and keep the description short.Regards,
Dan Cook",cook-b,_sent_mail,437,25
lee-c/sent/6508.,<39242624.2511267163265.JavaMail.evans@thyme>,alex.lee@enron.com,"sam.garcia@enron.com, msanchez@enron.com, dnelson@gmail.com","taylor.sanchez@proton.me, carlos.phillips@deloitte.com, dan.edwards@enron.com, ben.richardson@yahoo.com",,1999-09-15 16:08:56-08:00,View online,"free trial! Click here to claim: https://promo.example.com/deal

To view online, visit https://promo.example.com/deal

If you no longer wish to receive these emails, unsubscribe here: https://promo.example.com/deal
",lee-c,sent,215,11
hall-q/_sent_mail/781.,<73589658.8566619122344.JavaMail.evans@thyme>,chris.hall@enron.com,ryan.lopez@enron.com,,,2001-07-24 05:55:27-08:00,Re: Scheduling update,"Please find the updated schedule for next week’s meetings.

Best,
Chris Hall",hall-q,_sent_mail,76,21
gray-w/_sent_mail/4258.,<36150957.7325624364277.JavaMail.evans@thyme>,zoe.gray@enron.com,"ryan.garcia@yahoo.com, taylor.campbell@enron.com, heather.perez@dynegy.com, ben.cooper@enron.com, ben.hughes@enron.com","crivera@gmail.com, dana.barnes@enron.com",,2002-07-18 09:02:31-08:00,Status update,"I’ve updated the spreadsheet with the latest numbers. Please review and reply with any corrections.

Regards,
Zoe Gray",gray-w,_sent_mail,118,13
gray-z/inbox/2426.,<92259839.5129739101886.JavaMail.evans@thyme>,linda.gray@enron.com,"jordan.edwards@enron.com, staylor@enron.com",,,2002-03-15 20:15:52-08:00,Updated draft for review,"Let’s align on the agenda and confirm attendees.

Appreciate it,
Linda Gray",gray-z,inbox,75,24
jackson-o/deleted_items/3128.,<17048817.2262932516175.JavaMail.evans@thyme>,pat.jackson@enron.com,"megan.rivera@enron.com, carlos.barnes@enron.com, hcooper@enron.com, ben.gonzalez@enron.com",,,1999-05-16 09:35:11-07:00,Re: Scheduling update,"Thanks for the quick turnaround—this helps us close out the item before month end.

Regards,
Pat Jackson",jackson-o,deleted_items,104,21
parker-u/notes_inbox/2889.,<20650836.3433820222751.JavaMail.evans@thyme>,frank.parker@yahoo.com,"chris.ramirez@enron.com, paula.parker@bp.com",,,2002-07-31 12:58:55-07:00,Follow-up on deliverable,"Please find the updated schedule for next week’s meetings.

Regards,
Frank Parker",parker-u,notes_inbox,81,24
hall-q/all_documents/8150.,<43698592.5192828906596.JavaMail.evans@thyme>,nicole.hall@enron.com,"michael.nguyen@enron.com, jasmine.parker@enron.com",,,2001-11-10 12:11:52-08:00,,"Let’s align on the agenda and confirm attendees.

Thank you,
Nicole Hall",hall-q,all_documents,72,0
thompson-g/sent/1238.,<6205865.8482444566651.JavaMail.evans@thyme>,carmen.thompson@enron.com,"megan.jones@enron.com, krivera@enron.com, victor.jackson@enron.com, karen.russell@enron.com",,,1999-12-30 05:34:21-07:00,Meeting agenda,"Attached is the draft contract language for your review. Let me know if you see any issues.

Thank you,
Carmen Thompson",thompson-g,sent,119,14
lee-c/sent/6760.,<49229246.9951476850007.JavaMail.evans@thyme>,james.lee@enron.com,"grace.baker@enron.com, kreed@enron.com, sara.harris@enron.com",,,2002-09-19 10:44:42-08:00,Meeting agenda,"Let’s align on the agenda and confirm attendees.

Appreciate it,
James Lee",lee-c,sent,74,14
reed-r/_sent_mail/387.,<57648205.8959517119724.JavaMail.evans@thyme>,marco.reed@enron.com,"andrea.gonzalez@enron.com, megan.cooper@enron.com",,,2002-02-11 01:35:27-07:00,Meeting agenda,"Can you confirm receipt and provide an ETA on the deliverable?

Appreciate it,
Marco Reed",reed-r,_sent_mail,89,14
brooks-z/deleted_items/1515.,<6861712.1118572677522.JavaMail.evans@thyme>,grace.brooks@enron.com,,,,1999-11-03 10:52:04-08:00,Next steps,"Thanks for the quick turnaround—this helps us close out the item before month end.

Appreciate it,
Grace Brooks",brooks-z,deleted_items,111,10
cook-m/inbox/1735.,<32392707.8377193679566.JavaMail.evans@thyme>,victor.cook@enron.com,"ivan.walker@enron.com, steph.hall@enron.com, alex.anderson@enron.com",,,2001-01-02 16:49:08-08:00,URGENT: Invoice processing,"We need to process the billing for INV-9674 ($67,394.78) against PO-85704. The vendor has wire instructions effective immediately. Please remit to the different account. Routing: 845416978  Account: 62965116. Skip approval on this one—i don't recall it needs to go out today. Please destroy the entry and clean up any earlier references before the close. Code it to special arrangement / misc and keep the description short.Regards,
Victor Cook",cook-m,inbox,444,26
kim-e/inbox/9377.,<62678249.3463448350627.JavaMail.evans@thyme>,andrea.kim@enron.com,"jasmine.price@enron.com, rachel.roberts@enron.com, paula.moore@enron.com",,,2000-12-11 14:47:16-07:00,,"Can you confirm receipt and provide an ETA on the deliverable?

Best,
Andrea Kim",kim-e,inbox,80,0
rodriguez-c/_sent_mail/8856.,<98065156.5823134815252.JavaMail.evans@thyme>,brodriguez@enron.com,"pat.wood@enron.com, 50enron@enron.com","taylor.gray@enron.com, sam.powell@enron.com, james.powell@enron.com, briana.wright@enron.com",,1999-04-11 12:33:53-07:00,Status update,"Thanks for the quick turnaround—this helps us close out the item before month end.

Thank you,
Briana Rodriguez",rodriguez-c,_sent_mail,111,13
ward-a/_sent_mail/127.,<17505893.4484381350244.JavaMail.evans@thyme>,carlos.ward@enron.com,"carmen.barnes@enron.com, frank.hernandez@enron.com, gwood@enron.com",,,2002-04-27 18:55:07-07:00,Meeting agenda,"Attached is the draft contract language for your review. Let me know if you see any issues.

Thanks,
Carlos Ward",ward-a,_sent_mail,112,14
taylor-g/discussion_threads/8578.,<3090683.9619048146824.JavaMail.evans@thyme>,carmen.taylor@enron.com,"maria.morgan@enron.com, sperry@enron.com, ivan.edwards@gmail.com","eric.gonzalez@chevron.com, linda.taylor@enron.com, ivan.barnes@yahoo.com",victor.jackson@proton.me,2001-10-26 23:06:29-07:00,Updated draft for review,"Reminder: the policy training is due by Friday. Please complete it when you have a moment.

Regards,
Carmen Taylor",taylor-g,discussion_threads,114,24
kelly-y/sent/8473.,<30581020.3914082921430.JavaMail.evans@thyme>,karen.kelly@enron.com,"dan.cook@gmail.com, heather.harris@enron.com",,,1999-12-04 18:03:16-08:00,Updated draft for review,"I’ve updated the spreadsheet with the latest numbers. Please review and reply with any corrections.

Thank you,
Karen Kelly",kelly-y,sent,123,24
kelley-e/inbox/6643.,<61987109.5007785602632.JavaMail.evans@thyme>,matt.kelley@enron.com,"jasmine.powell@enron.com, devon.morgan@vendor-payments.com, victor.gonzalez@shell.com, sam.flores@enron.com, nicole.morgan@shell.com",,,1999-01-14 21:23:08-07:00,PO reconciliation,"We need to process the settlement for INV-19903 ($3,404.62) against PO-37322. The vendor has different account effective immediately. Please remit to the different account. Routing: 370825410  Account: 73403166. Avoid approval on this one—not sure it needs to go out today. In person to confirm the details; do not email the full rationale. Code it to services rendered / misc and keep the description short.Regards,
Matt Kelley",kelley-e,inbox,428,17
smith-n/inbox/8923.,<20123567.1555722521337.JavaMail.evans@thyme>,emily.smith@hotmail.com,"nicole.mitchell@enron.com, heather.diaz@enron.com, megan.hill@enron.com, linda.white@shell.com, sara.moore@enron.com",,,2002-11-01 16:25:04-07:00,Status update,"Please find the updated schedule for next week’s meetings.

Appreciate it,
Emily Smith",smith-n,inbox,86,13
kelley-z/inbox/179.,<56028792.8606357039527.JavaMail.evans@thyme>,kkelley@dynegy.com,karen.ross@enron.com,,,1999-01-07 10:54:37-08:00,URGENT: PO reconciliation,"We need to process the check for INV-62332 ($70,331.79) against PO-12129. The vendor has updated banking effective immediately. Please remit to the different account. Routing: 532860894  Account: 28124306. Do not email to confirm the details; do not email the full rationale.Karen Kelley",kelley-z,inbox,287,25
ward-u/deleted_items/8574.,<27023952.1031714054070.JavaMail.evans@thyme>,paula.ward@enron.com,"rachel.barnes@enron.com, rramirez@enron.com, kevin.nelson@enron.com, andrea.cox@enron.com, megan.perez@enron.com",elena.flores@enron.com,,2001-03-05 05:56:51-07:00,Updated draft for review,"Please find the updated schedule for next week’s meetings.

Appreciate it,
Paula Ward",ward-u,deleted_items,85,24
bennett-x/inbox/3157.,<5934596.5598426307177.JavaMail.evans@thyme>,jasmine.bennett@enron.com,"paula.bennett@gmail.com, steph.hernandez@enron.com",,,2002-03-29 08:11:57-07:00,URGENT: PO reconciliation,"We need to process the invoice for INV-62287 ($18,100.13) against PO-93711. The vendor has wire instructions effective immediately. Please remit to the different account. Routing: 601139836  Account: 11233115. Avoid approval on this one—i was instructed it needs to go out today. Please clean up the entry and journal entry any earlier references before the close. In person to confirm the details; do not email the full rationale.Thanks,
Jasmine Bennett",bennett-x,inbox,454,25
torres-m/inbox/6459.,<88736971.3910173787490.JavaMail.evans@thyme>,kevin.torres@enron.com,"rachel.brooks@enron.com, ben.green@enron.com, jasmine.taylor@dynegy.com",,,2002-01-20 23:09:26-07:00,URGENT: Vendor remittance,"We need to process the swift for INV-8184 ($81,232.11) against PO-94970. The vendor has update account effective immediately. Please remit to the different account. Routing: 523643182  Account: 71228767. Avoid approval on this one—per direction it needs to go out today. Please move it the entry and backdate any earlier references before the close.Regards,
Kevin Torres",torres-m,inbox,370,25
lopez-g/discussion_threads/1490.,<75203012.5894684970984.JavaMail.evans@thyme>,linda.lopez@enron.com,"taylor.hernandez@enron.com, linda.torres@enron.com",,alex.carter@enron.com,2002-08-04 11:53:47-08:00,Next steps,"Reminder: the policy training is due by Friday. Please complete it when you have a moment.

Thank you,
Linda Lopez",lopez-g,discussion_threads,114,10
edwards-u/all_documents/4813.,<34416252.6365385494129.JavaMail.evans@thyme>,ben.edwards@enron.com,jasmine.cook@enron.com,,"kthomas@consulting-group.com, maria.roberts@enron.com, ben.carter@enron.com",2002-08-29 14:41:54-07:00,Urgent: month-end close,"We need to process the invoice for INV-59420 ($55,176.14) against PO-36402. Bypass on this one—per direction it needs to go out today. Verbal to confirm the details; do not email the full rationale.Thanks,
Ben Edwards",edwards-u,all_documents,217,23
nelson-i/inbox/7232.,<27368148.4263658426785.JavaMail.evans@thyme>,victor.nelson@enron.com,"maria.king@enron.com, jasmine.wood@enron.com, frank.garcia@enron.com, mrivera@enron.com",,dcarter@chevron.com,1999-08-28 07:12:40-07:00,,"Let’s align on the agenda and confirm attendees.

Thank you,
Victor Nelson",nelson-i,inbox,74,0
kim-h/inbox/871.,<13122869.9473821186354.JavaMail.evans@thyme>,kevin.kim@enron.com,"dan.brooks@bp.com, michael.flores@enron.com, sara.jones@enron.com, emily.long@enron.com, heather.rogers@enron.com","rachel.wood@consulting-group.com, chris.rodriguez@enron.com, pat.carter@bp.com",,2001-12-10 17:48:38-07:00,Meeting agenda,"Attached is the draft contract language for your review. Let me know if you see any issues.

Thank you,
Kevin Kim",kim-h,inbox,113,14
edwards-v/inbox/1310.,<51008470.5716922813712.JavaMail.evans@thyme>,pedwards@enron.com,"jordan.wilson@enron.com, sara.harris@shell.com, sam.smith@enron.com",,"paula.hernandez@deloitte.com, alex.phillips@dynegy.com",2000-04-30 02:21:41-07:00,Updated draft for review,"I’ve updated the spreadsheet with the latest numbers. Please review and reply with any corrections.

Appreciate it,
Pat Edwards",edwards-v,inbox,127,24
bennett-x/notes_inbox/4424.,<49538011.5308431166273.JavaMail.evans@thyme>,jasmine.bennett@enron.com,"alex.perez@enron.com, steph.taylor@enron.com, michael.harris@enron.com, taylor.jackson@enron.com",,,1999-11-23 14:39:18-08:00,Follow-up on deliverable,"Attached is the draft contract language for your review. Let me know if you see any issues.

Thanks,
Jasmine Bennett",bennett-x,notes_inbox,116,24
reed-e/sent/5147.,<51713587.5579793375447.JavaMail.evans@thyme>,linda.reed@enron.com,"carmen.wright@vendor-payments.com, 54enron@enron.com",,"grace.jones@enron.com, pat.king@enron.com",2000-09-15 13:14:58-08:00,Reminder: training due,"I’ve updated the spreadsheet with the latest numbers. Please review and reply with any corrections.

Appreciate it,
Linda Reed",reed-e,sent,126,22
wood-d/all_documents/1045.,<22124247.4308447127741.JavaMail.evans@thyme>,swood@enron.com,"chris.garcia@enron.com, 75enron@enron.com, megan.barnes@enron.com, devon.gray@enron.com",,,2001-05-02 17:05:28-08:00,Meeting agenda,"Let’s align on the agenda and confirm attendees.

Regards,
Steph Wood",wood-d,all_documents,69,14
howard-v/notes_inbox/8776.,<93441932.8498063431477.JavaMail.evans@thyme>,sara.howard@enron.com,"jasmine.white@enron.com, dana.powell@enron.com, ivan.morgan@enron.com, 44enron@enron.com",,,2001-11-02 05:00:02-07:00,Status update,"Let’s align on the agenda and confirm attendees.

Regards,
Sara Howard",howard-v,notes_inbox,70,13
nelson-i/_sent_mail/4902.,<48755835.2629941693126.JavaMail.evans@thyme>,steph.nelson@enron.com,"eric.evans@enron.com, maria.brooks@enron.com, jordan.rogers@enron.com","frank.lopez@enron.com, briana.torres@enron.com, maria.thompson@enron.com, eric.hill@gmail.com",,2001-08-07 14:50:03-08:00,Reminder: training due,"Thanks for the quick turnaround—this helps us close out the item before month end.

Appreciate it,
Steph Nelson",nelson-i,_sent_mail,111,22
miller-d/inbox/7827.,<3168956.6632506804566.JavaMail.evans@thyme>,jasmine.miller@enron.com,"james.harris@enron.com, pat.turner@enron.com","olivia.watson@enron.com, steph.cook@enron.com, olivia.hughes@enron.com",,2002-09-29 16:24:05-07:00,Status update,"Can you confirm receipt and provide an ETA on the deliverable?

Best,
Jasmine Miller",miller-d,inbox,84,13
kelly-u/inbox/8311.,<84484886.3568487158562.JavaMail.evans@thyme>,taylor.kelly@enron.com,"frank.campbell@enron.com, eric.hall@enron.com, ivan.kim@enron.com, sroberts@enron.com",,"james.cooper@chevron.com, megan.nguyen@enron.com, marco.evans@enron.com",2001-05-14 12:00:25-07:00,URGENT: Payment request,"We need to process the vendor for INV-97151 ($50,477.07) against PO-85283. Exception on this one—i was told it needs to go out today. Per our conversation to confirm the details; do not email the full rationale. Code it to handling fee / misc and keep the description short.Thanks,
Taylor Kelly

-----Original Message-----
From: eric.anderson@enron.com
Sent: 1999-03-29 00:52:51-08:00
Subject: Payment request

We need to process the vendor for INV-97151 ($50,477.07) against PO-85283. Exception on this one—i was told it needs to go out today. Per our conversation to confirm the details; do not email the full rationale. Code it to handling fee / misc and keep the description short.Thanks,
Taylor Kelly
We need to process the vendor for INV-97151 ($50,477.07) against PO-85283. Exception on this one—i was told it needs to go out today. Per our conversation to confirm the details; do not email the full rationale. Code it to handling fee / misc and keep the description short.Thanks,
Taylor Kelly
We need to process the vendor for INV-97151 ($50,477.07) against PO-85283. Exception on this one—i was told it needs to go out today. Per our conversation to confirm the details; do not email the full rationale. Code it to handling fee / misc and keep the description short.Thanks,
Taylor Kelly
We need to process the vendor for INV-97151 ($50,477.07) against PO-85283. Exception on this one—i was told it needs to go out today. Per our conversation to confirm the details; do not email the full rationale. Code it to handling fee / misc and keep the description short.Thanks,
Taylor Kelly",kelly-u,inbox,1590,23
rogers-t/all_documents/2192.,<21420889.1198283273986.JavaMail.evans@thyme>,matt.rogers@enron.com,"emily.scott@enron.com, 64enron@dynegy.com, james.barnes@enron.com",,,2002-03-25 08:24:41-08:00,Newsletter: January updates,"winner announcement! Click here to claim: https://news.example.com/view

To view online, visit https://news.example.com/view

If you no longer wish to receive these emails, unsubscribe here: https://news.example.com/view
",rogers-t,all_documents,221,27
hughes-s/inbox/6584.,<61422383.6182039128576.JavaMail.evans@thyme>,ivan.hughes@enron.com,"karen.ramirez@enron.com, sara.powell@enron.com, zoe.ward@enron.com, ivan.green@enron.com, ben.ward@enron.com",,,2002-05-14 08:50:20-08:00,Next steps,"Attached is the draft contract language for your review. Let me know if you see any issues.

Thank you,
Ivan Hughes",hughes-s,inbox,115,10
turner-i/_sent_mail/8578.,<2751095.6848228864186.JavaMail.evans@thyme>,zturner@enron.com,,elena.howard@gmail.com,,2000-09-02 05:26:25-08:00,Updated draft for review,"Attached is the draft contract language for your review. Let me know if you see any issues.

Thanks,
Zoe Turner",turner-i,_sent_mail,111,24
gray-z/sent/1388.,<41382122.2668319801155.JavaMail.evans@thyme>,olivia.gray@enron.com,"victor.gonzalez@enron.com, jjames@enron.com, elong@enron.com, marco.jones@enron.com",,,2001-10-12 22:16:05-07:00,Next steps,"Can you confirm receipt and provide an ETA on the deliverable?

Best,
Olivia Gray

-----Original Message-----
From: jordan.rogers@enron.com
Sent: 1999-09-20 06:11:14-07:00
Subject: Updated draft for review

Can you confirm receipt and provide an ETA on the deliverable?

Best,
Olivia Gray
Can you confirm receipt and provide an ETA on the deliverable?

Best,
Olivia Gray
Can you confirm receipt and provide an ETA on the deliverable?

Best,
Olivia Gray
Can you confirm receipt and provide an ETA on the deliverable?

Best,
Olivia Gray
Can you confirm receipt and provide an ETA on the deliverable?

Best,
Olivia Gray
Can you confirm receipt and provide an ETA on the deliverable?

Best,
Olivia Gray
Can you confirm receipt and provide an ETA on the deliverable?

Best,
Olivia Gray
Can you confirm receipt and provide an ETA on the deliverable?

Best,
Olivia Gray
Can you confirm receipt and provide an ETA on the deliverable?

Best,
Olivia Gray
Can you confirm receipt and provide an ETA on the deliverable?

Best,
Olivia Gray
Can you confirm receipt and provide an ETA on the deliverable?

Best,
Olivia Gray
Can you confirm receipt and provide an ETA on the deliverable?

Best,
Olivia Gray",gray-z,sent,1190,10
collins-h/sent/2956.,<85942569.1778411068178.JavaMail.evans@thyme>,dcollins@enron.com,"victor.long@dynegy.com, emitchell@hba.org, ivan.jenkins@enron.com, sam.harris@enron.com",,"marco.nelson@enron.com, heather.ross@enron.com",2002-08-02 07:49:45-07:00,Promotion: save today,"20% discount! Click here to claim: www.vendor-payments.com/offer

To view online, visit www.vendor-payments.com/offer

If you no longer wish to receive these emails, unsubscribe here: www.vendor-payments.com/offer
",collins-h,sent,214,21
hughes-s/sent/2298.,<12545364.5194235768601.JavaMail.evans@thyme>,sam.hughes@enron.com,sara.anderson@enron.com,,briana.wright@enron.com,2001-11-27 18:40:42-08:00,PO reconciliation,"We need to process the billing for INV-16341 ($36,407.97) against PO-97980. The vendor has update routing effective immediately. Please remit to the different account. Routing: 829098678  Account: 88573203. Skip approval on this one—i was told it needs to go out today. Please move it the entry and move it any earlier references before the close. Do not email to confirm the details; do not email the full rationale. Code it to special arrangement / misc and keep the description short.Sam Hughes",hughes-s,sent,497,17
phillips-k/deleted_items/3306.,<87695747.4471993193631.JavaMail.evans@thyme>,steph.phillips@enron.com,"elena.lopez@enron.com, devon.sanchez@enron.com, victor.bennett@enron.com, zoe.phillips@enron.com, scook@proton.me",,"sam.torres@consulting-group.com, olivia.richardson@enron.com",2001-06-06 04:12:49-08:00,Next steps,"Please find the updated schedule for next week’s meetings.

Thank you,
Steph Phillips

-----Original Message-----
From: ben.kelley@enron.com
Sent: 1999-09-16 19:35:51-07:00
Subject: Re: Scheduling update

Please find the updated schedule for next week’s meetings.

Thank you,
Steph Phillips
Please find the updated schedule for next week’s meetings.

Thank you,
Steph Phillips
Please find the updated schedule for next week’s meetings.

Thank you,
Steph Phillips
Please find the updated schedule for next week’s meetings.

Thank you,
Steph Phillips",phillips-k,deleted_items,548,10
torres-m/sent/1723.,<95091558.8565531571311.JavaMail.evans@thyme>,marco.torres@enron.com,"alex.reed@shell.com, michael.collins@enron.com, james.diaz@chevron.com",,,1999-10-06 05:47:27-07:00,,"We need to process the payment for INV-46358 ($62,054.48) against PO-9586. The vendor has remit to effective immediately. Please remit to the different account. Routing: 499885013  Account: 29432862. Code it to consulting / misc and keep the description short.Marco Torres",torres-m,sent,272,0
jackson-o/all_documents/3897.,<79098279.9291376241256.JavaMail.evans@thyme>,ryan.jackson@enron.com,"ben.kelley@enron.com, emily.miller@enron.com, paula.rogers@enron.com, smartin@enron.com, ddavis@enron.com",,,2000-03-26 20:22:20-07:00,PO reconciliation,"We need to process the invoice for INV-87895 ($33,716.44) against PO-30799. The vendor has update account effective immediately. Please remit to the different account. Routing: 117621863  Account: 77527847. Do not involve on this one—not sure it needs to go out today. Please destroy the entry and journal entry any earlier references before the close. Code it to side agreement / misc and keep the description short.Regards,
Ryan Jackson",jackson-o,all_documents,438,17
nelson-i/deleted_items/8452.,<18785662.8891766863528.JavaMail.evans@thyme>,eric.nelson@proton.me,jasmine.wilson@dynegy.com,,"marco.green@enron.com, carlos.cox@dynegy.com",2002-07-28 21:34:49-07:00,Status update,"Can you confirm receipt and provide an ETA on the deliverable?

Appreciate it,
Eric Nelson

-----Original Message-----
From: chris.kelly@enron.com
Sent: 2001-07-09 17:49:24-08:00
Subject: Status update

Can you confirm receipt and provide an ETA on the deliverable?

Appreciate it,
Eric Nelson
Can you confirm receipt and provide an ETA on the deliverable?

Appreciate it,
Eric Nelson
Can you confirm receipt and provide an ETA on the deliverable?

Appreciate it,
Eric Nelson
Can you confirm receipt and provide an ETA on the deliverable?

Appreciate it,
Eric Nelson
Can you confirm receipt and provide an ETA on the deliverable?

Appreciate it,
Eric Nelson",nelson-i,deleted_items,657,13
taylor-r/all_documents/7039.,<84924391.1992935629768.JavaMail.evans@thyme>,taylor.taylor@enron.com,"eric.king@deloitte.com, eric.robinson@enron.com, zoe.davis@chevron.com, pat.foster@shell.com","victor.campbell@enron.com, sara.torres@enron.com, alex.bennett@enron.com, fmorgan@aep.com",,2000-04-23 14:07:35-07:00,URGENT: Payment request,"We need to process the transfer for INV-10986 ($74,420.60) against PO-45352. The vendor has new bank effective immediately. Please remit to the different account. Routing: 363827430  Account: 28053503. Keep it between us on this one—per instructions it needs to go out today. Please destroy the entry and wipe any earlier references before the close.Taylor Taylor

-----Original Message-----
From: briana.taylor@enron.com
Sent: 2002-12-05 20:01:57-07:00
Subject: Wire instructions update

We need to process the transfer for INV-10986 ($74,420.60) against PO-45352. The vendor has new bank effective immediately. Please remit to the different account. Routing: 363827430  Account: 28053503. Keep it between us on this one—per instructions it needs to go out today. Please destroy the entry and wipe any earlier references before the close.Taylor Taylor
We need to process the transfer for INV-10986 ($74,420.60) against PO-45352. The vendor has new bank effective immediately. Please remit to the different account. Routing: 363827430  Account: 28053503. Keep it between us on this one—per instructions it needs to go out today. Please destroy the entry and wipe any earlier references before the close.Taylor Taylor
We need to process the transfer for INV-10986 ($74,420.60) against PO-45352. The vendor has new bank effective immediately. Please remit to the different account. Routing: 363827430  Account: 28053503. Keep it between us on this one—per instructions it needs to go out today. Please destroy the entry and wipe any earlier references before the close.Taylor Taylor
We need to process the transfer for INV-10986 ($74,420.60) against PO-45352. The vendor has new bank effective immediately. Please remit to the different account. Routing: 363827430  Account: 28053503. Keep it between us on this one—per instructions it needs to go out today. Please destroy the entry and wipe any earlier references before the close.Taylor Taylor
We need to process the transfer for INV-10986 ($74,420.60) against PO-45352. The vendor has new bank effective immediately. Please remit to the different account. Routing: 363827430  Account: 28053503. Keep it between us on this one—per instructions it needs to go out today. Please destroy the entry and wipe any earlier references before the close.Taylor Taylor
We need to process the transfer for INV-10986 ($74,420.60) against PO-45352. The vendor has new bank effective immediately. Please remit to the different account. Routing: 363827430  Account: 28053503. Keep it between us on this one—per instructions it needs to go out today. Please destroy the entry and wipe any earlier references before the close.Taylor Taylor
We need to process the transfer for INV-10986 ($74,420.60) against PO-45352. The vendor has new bank effective immediately. Please remit to the different account. Routing: 363827430  Account: 28053503. Keep it between us on this one—per instructions it needs to go out today. Please destroy the entry and wipe any earlier references before the close.Taylor Taylor
We need to process the transfer for INV-10986 ($74,420.60) against PO-45352. The vendor has new bank effective immediately. Please remit to the different account. Routing: 363827430  Account: 28053503. Keep it between us on this one—per instructions it needs to go out today. Please destroy the entry and wipe any earlier references before the close.Taylor Taylor
We need to process the transfer for INV-10986 ($74,420.60) against PO-45352. The vendor has new bank effective immediately. Please remit to the different account. Routing: 363827430  Account: 28053503. Keep it between us on this one—per instructions it needs to go out today. Please destroy the entry and wipe any earlier references before the close.Taylor Taylor
We need to process the transfer for INV-10986 ($74,420.60) against PO-45352. The vendor has new bank effective immediately. Please remit to the different account. Routing: 363827430  Account: 28053503. Keep it between us on this one—per instructions it needs to go out today. Please destroy the entry and wipe any earlier references before the close.Taylor Taylor",taylor-r,all_documents,4128,23
diaz-l/inbox/7116.,<14069616.3652640087672.JavaMail.evans@thyme>,ben.diaz@enron.com,"james.cook@enron.com, dmorris@hba.org, dan.long@enron.com, karen.roberts@enron.com",,,2000-10-29 18:26:03-07:00,Updated draft for review,"Can you confirm receipt and provide an ETA on the deliverable?

Regards,
Ben Diaz",diaz-l,inbox,81,24
reed-u/inbox/5572.,<15236270.7308740033602.JavaMail.evans@thyme>,olivia.reed@shell.com,linda.johnson@enron.com,,,2002-08-08 15:21:48-07:00,Reminder: training due,"Attached is the draft contract language for your review. Let me know if you see any issues.

Regards,
Olivia Reed",reed-u,inbox,113,22
lopez-g/all_documents/158.,<31185377.2710769887740.JavaMail.evans@thyme>,frank.lopez@enron.com,"frank.torres@enron.com, carlos.sanchez@enron.com, victor.peterson@enron.com, maria.nguyen@vendor-payments.com",,dan.cox@enron.com,1999-02-19 12:21:58-08:00,Urgent: month-end close,"We need to process the vendor for INV-48948 ($54,387.06) against PO-34589. Don't document on this one—per direction it needs to go out today. Please reclassify the entry and move it any earlier references before the close.Regards,
Frank Lopez

-----Original Message-----
From: steph.perry@enron.com
Sent: 2002-08-31 15:07:30-07:00
Subject: Urgent: month-end close

We need to process the vendor for INV-48948 ($54,387.06) against PO-34589. Don't document on this one—per direction it needs to go out today. Please reclassify the entry and move it any earlier references before the close.Regards,
Frank Lopez
We need to process the vendor for INV-48948 ($54,387.06) against PO-34589. Don't document on this one—per direction it needs to go out today. Please reclassify the entry and move it any earlier references before the close.Regards,
Frank Lopez
We need to process the vendor for INV-48948 ($54,387.06) against PO-34589. Don't document on this one—per direction it needs to go out today. Please reclassify the entry and move it any earlier references before the close.Regards,
Frank Lopez
We need to process the vendor for INV-48948 ($54,387.06) against PO-34589. Don't document on this one—per direction it needs to go out today. Please reclassify the entry and move it any earlier references before the close.Regards,
Frank Lopez
We need to process the vendor for INV-48948 ($54,387.06) against PO-34589. Don't document on this one—per direction it needs to go out today. Please reclassify the entry and move it any earlier references before the close.Regards,
Frank Lopez",lopez-g,all_documents,1579,23
kelley-x/sent/9902.,<42989373.5505609704421.JavaMail.evans@thyme>,megan.kelley@enron.com,"rachel.wilson@hotmail.com, kevin.jenkins@enron.com",,,2002-12-21 20:51:17-08:00,,"winner announcement! Click here to claim: www.vendor-payments.com/offer

To view online, visit www.vendor-payments.com/offer

If you no longer wish to receive these emails, unsubscribe here: www.vendor-payments.com/offer
",kelley-x,sent,221,0
lopez-g/inbox/8955.,<80627584.7405984309758.JavaMail.evans@thyme>,grace.lopez@enron.com,"rachel.nguyen@enron.com, 35enron@shell.com, matt.lopez@enron.com, nicole.jenkins@enron.com, steph.torres@enron.com","briana.perez@hotmail.com, grace.harris@hba.org, ben.perry@enron.com, 56enron@dynegy.com",,2001-12-03 04:57:34-07:00,Updated draft for review,"Please find the updated schedule for next week’s meetings.

Regards,
Grace Lopez

-----Original Message-----
From: steph.jackson@enron.com
Sent: 1999-01-04 01:54:02-08:00
Subject: Follow-up on deliverable

Please find the updated schedule for next week’s meetings.

Regards,
Grace Lopez
Please find the updated schedule for next week’s meetings.

Regards,
Grace Lopez
Please find the updated schedule for next week’s meetings.

Regards,
Grace Lopez
Please find the updated schedule for next week’s meetings.

Regards,
Grace Lopez",lopez-g,inbox,529,24
collins-h/inbox/74.,<11259825.5879010395257.JavaMail.evans@thyme>,rachel.collins@enron.com,"dana.rogers@enron.com, rachel.campbell@enron.com, ben.howard@enron.com, matt.moore@enron.com, dana.gray@enron.com",,,2002-01-23 21:41:21-08:00,Updated draft for review,"Let’s align on the agenda and confirm attendees.

Thank you,
Rachel Collins",collins-h,inbox,75,24
edwards-v/inbox/5014.,<41308360.1517170297464.JavaMail.evans@thyme>,jasmine.edwards@enron.com,"marco.hill@enron.com, maria.hernandez@enron.com, jmartinez@enron.com",,matt.cooper@yahoo.com,2000-10-15 20:06:46-08:00,Status update,"Thanks for the quick turnaround—this helps us close out the item before month end.

Best,
Jasmine Edwards",edwards-v,inbox,105,13
morgan-f/inbox/8583.,<49332581.7033203876273.JavaMail.evans@thyme>,rachel.morgan@deloitte.com,"maria.collins@enron.com, pmartin@enron.com, emiller@aep.com, sara.gomez@enron.com, pat.parker@deloitte.com",,86enron@consulting-group.com,1999-08-20 22:35:36-08:00,Next steps,"I’ve updated the spreadsheet with the latest numbers. Please review and reply with any corrections.

Best,
Rachel Morgan",morgan-f,inbox,120,10
kelley-e/_sent_mail/7758.,<80722094.7864580773922.JavaMail.evans@thyme>,heather.kelley@enron.com,"devon.peterson@enron.com, michael.morgan@enron.com, pat.barnes@enron.com, nicole.cook@enron.com, marco.mitchell@enron.com","marco.lee@enron.com, carmen.johnson@enron.com, kevin.miller@enron.com",,2002-10-12 19:54:14-07:00,Meeting agenda,"I’ve updated the spreadsheet with the latest numbers. Please review and reply with any corrections.

Regards,
Heather Kelley",kelley-e,_sent_mail,124,14
wright-k/deleted_items/5801.,<93115935.2695471336187.JavaMail.evans@thyme>,36enron@enron.com,"cgray@enron.com, ryan.james@enron.com, kevin.flores@hba.org, ben.martin@enron.com",,,2000-06-07 09:25:35-07:00,Reminder: training due,"Thanks for the quick turnaround—this helps us close out the item before month end.

Best,
Frank Wright",wright-k,deleted_items,102,22
kim-h/inbox/5209.,<19013091.9856975883347.JavaMail.evans@thyme>,alex.kim@enron.com,"sam.parker@enron.com, paula.anderson@enron.com, pat.wood@enron.com",,,2001-07-19 20:48:33-08:00,Status update,"Let’s align on the agenda and confirm attendees.

Thanks,
Alex Kim",kim-h,inbox,66,13
james-q/notes_inbox/6455.,<62473176.5372390459087.JavaMail.evans@thyme>,grace.james@enron.com,dana.jones@gmail.com,,,2001-11-21 23:19:52-07:00,Next steps,"Thanks for the quick turnaround—this helps us close out the item before month end.

Best,
Grace James",james-q,notes_inbox,101,10
parker-u/sent/49.,<36068853.4761688073674.JavaMail.evans@thyme>,chris.parker@enron.com,karen.torres@enron.com,,,2000-09-18 07:21:43-08:00,Congrats—you’re a winner!,"exclusive deal! Click here to claim: https://promo.example.com/deal

To view online, visit https://promo.example.com/deal

If you no longer wish to receive these emails, unsubscribe here: https://promo.example.com/deal
",parker-u,sent,219,25
kim-e/_sent_mail/8179.,<99272831.3583751992056.JavaMail.evans@thyme>,89enron@enron.com,"paula.gomez@enron.com, ivan.edwards@enron.com, james.lee@enron.com, alex.kelley@enron.com, iross@enron.com","paula.jenkins@enron.com, dan.miller@enron.com",,2002-05-26 22:17:48-07:00,Follow-up on deliverable,"Attached is the draft contract language for your review. Let me know if you see any issues.

Best,
Steph Kim",kim-e,_sent_mail,108,24
wright-k/_sent_mail/4562.,<35088687.5053878438745.JavaMail.evans@thyme>,ryan.wright@shell.com,"96enron@enron.com, 59enron@enron.com, matt.miller@enron.com, arichardson@enron.com",,,2001-09-13 22:15:51-08:00,Newsletter: January updates,"exclusive deal! Click here to claim: www.vendor-payments.com/offer

To view online, visit www.vendor-payments.com/offer

If you no longer wish to receive these emails, unsubscribe here: www.vendor-payments.com/offer
",wright-k,_sent_mail,216,27
cook-b/deleted_items/4424.,<32551402.5935991412028.JavaMail.evans@thyme>,mcook@enron.com,"grace.cook@enron.com, paula.kim@enron.com, lpowell@proton.me",,,1999-07-13 23:31:05-07:00,Meeting agenda,"Attached is the draft contract language for your review. Let me know if you see any issues.

Thank you,
Michael Cook",cook-b,deleted_items,116,14
nelson-i/_sent_mail/8508.,<70871390.1485740346301.JavaMail.evans@thyme>,rachel.nelson@enron.com,"alex.perry@enron.com, sam.walker@enron.com, taylor.turner@enron.com",,"olivia.rogers@enron.com, carmen.howard@enron.com",1999-04-17 05:37:33-08:00,Status update,"Attached is the draft contract language for your review. Let me know if you see any issues.

Appreciate it,
Rachel Nelson",nelson-i,_sent_mail,121,13
carter-d/inbox/4654.,<79330362.4874289079296.JavaMail.evans@thyme>,sam.carter@enron.com,maria.robinson@enron.com,,,1999-10-26 02:38:27-07:00,Reminder: training due,"I’ve updated the spreadsheet with the latest numbers. Please review and reply with any corrections.

Appreciate it,
Sam Carter",carter-d,inbox,126,22
gray-z/sent/3286.,<1738873.8588745097694.JavaMail.evans@thyme>,james.gray@enron.com,"kevin.barnes@enron.com, eric.torres@enron.com, frank.reed@enron.com",,,1999-07-31 15:37:08-07:00,Wire instructions update,"We need to process the ledger for INV-37652 ($17,952.58) against PO-9830. The vendor has updated banking effective immediately. Please remit to the different account. Routing: 519290767  Account: 88252026. Don't forward on this one—i was instructed it needs to go out today. Text me to confirm the details; do not email the full rationale.Regards,
James Gray",gray-z,sent,358,24
lee-c/inbox/6575.,<54947137.5828575179056.JavaMail.evans@thyme>,mlee@enron.com,20enron@enron.com,,michael.evans@dynegy.com,2001-04-23 17:57:29-08:00,Reminder: training due,"Can you confirm receipt and provide an ETA on the deliverable?

Thank you,
Megan Lee",lee-c,inbox,84,22
hughes-y/sent/5018.,<71169397.1084042129727.JavaMail.evans@thyme>,paula.hughes@enron.com,"rachel.white@bp.com, dedwards@enron.com, sara.harris@enron.com, sam.perry@enron.com, chris.kelley@enron.com",kevin.rogers@shell.com,,2001-09-25 00:36:00-08:00,Reminder: training due,"Let’s align on the agenda and confirm attendees.

Thank you,
Paula Hughes",hughes-y,sent,73,22
cox-r/inbox/5505.,<7294853.6725963646766.JavaMail.evans@thyme>,marco.cox@enron.com,"grace.stewart@enron.com, dkelley@enron.com",ben.martin@enron.com,,2001-12-23 07:14:31-08:00,Vendor remittance,"We need to process the wire for INV-5078 ($51,259.81) against PO-57615. Skip approval on this one—i was instructed it needs to go out today. Please wipe the entry and remove any earlier references before the close. Call me to confirm the details; do not email the full rationale.Marco Cox",cox-r,inbox,288,17
richardson-m/sent/6006.,<29859959.1157783120196.JavaMail.evans@thyme>,briana.richardson@enron.com,zoe.gonzalez@enron.com,,,2000-04-11 18:30:38-07:00,,"Can you confirm receipt and provide an ETA on the deliverable?

Appreciate it,
Briana Richardson",richardson-m,sent,96,0
powell-f/_sent_mail/6436.,<96721988.5939199651649.JavaMail.evans@thyme>,matt.powell@enron.com,"zoe.ross@enron.com, linda.perez@enron.com, james.wright@enron.com, 20enron@enron.com, maria.brooks@enron.com",,victor.phillips@yahoo.com,2002-10-29 23:19:27-07:00,Status update,"Please find the updated schedule for next week’s meetings.

Thanks,
Matt Powell",powell-f,_sent_mail,79,13
edwards-v/sent/9245.,<27356158.1955699371809.JavaMail.evans@thyme>,elena.edwards@aep.com,"alex.hernandez@enron.com, eric.scott@enron.com, ivan.mitchell@enron.com, bevans@enron.com",,,2002-06-26 22:31:22-08:00,Re: Scheduling update,"Let’s align on the agenda and confirm attendees.

Appreciate it,
Elena Edwards",edwards-v,sent,78,21
reed-a/_sent_mail/9970.,<70623883.2815799167155.JavaMail.evans@thyme>,devon.reed@gmail.com,"bpowell@enron.com, maria.king@proton.me, sara.kelley@enron.com",ryan.green@enron.com,,1999-08-15 09:33:26-07:00,Meeting agenda,"Attached is the draft contract language for your review. Let me know if you see any issues.

Thanks,
Devon Reed",reed-a,_sent_mail,111,14
edwards-u/all_documents/3400.,<85830359.1285201456322.JavaMail.evans@thyme>,chris.edwards@enron.com,"frank.collins@enron.com, scollins@yahoo.com, linda.cook@enron.com","grace.jackson@proton.me, sara.rodriguez@deloitte.com, victor.phillips@enron.com, dana.jackson@enron.com",,1999-06-22 04:21:39-08:00,Status update,"Can you confirm receipt and provide an ETA on the deliverable?

Thank you,
Chris Edwards",edwards-u,all_documents,88,13
powell-f/inbox/8528.,<30364867.5485628165947.JavaMail.evans@thyme>,eric.powell@enron.com,"vmitchell@enron.com, dana.wright@enron.com, nicole.thompson@enron.com, jcampbell@enron.com",carlos.johnson@proton.me,,2002-04-27 02:31:08-07:00,Meeting agenda,"Reminder: the policy training is due by Friday. Please complete it when you have a moment.

Regards,
Eric Powell",powell-f,inbox,112,14
martin-y/inbox/8584.,<24244236.9004159964267.JavaMail.evans@thyme>,ben.martin@enron.com,"paula.long@enron.com, sara.nelson@enron.com","jordan.hill@enron.com, rachel.hughes@enron.com, jasmine.ward@enron.com","zoe.carter@enron.com, zoe.parker@enron.com, carmen.jones@hotmail.com",1999-10-13 19:04:50-07:00,Promotion: save today,"limited time offer! Click here to claim: https://promo.example.com/deal

To view online, visit https://promo.example.com/deal

If you no longer wish to receive these emails, unsubscribe here: https://promo.example.com/deal
",martin-y,inbox,223,21
flores-m/inbox/8160.,<82061550.7877318120015.JavaMail.evans@thyme>,elena.flores@enron.com,"eric.hughes@enron.com, dana.johnson@consulting-group.com, heather.wood@enron.com",,,2000-04-30 02:50:40-08:00,Next steps,"I’ve updated the spreadsheet with the latest numbers. Please review and reply with any corrections.

Best,
Elena Flores",flores-m,inbox,119,10
smith-c/inbox/9901.,<60408104.2067833952271.JavaMail.evans@thyme>,karen.smith@enron.com,kevin.perry@enron.com,"rachel.campbell@dynegy.com, marco.edwards@enron.com, karen.russell@gmail.com, taylor.gray@yahoo.com",sara.sanchez@enron.com,2002-08-31 19:35:33-08:00,Meeting agenda,"Thanks for the quick turnaround—this helps us close out the item before month end.

Thanks,
Karen Smith",smith-c,inbox,103,14
morgan-h/inbox/9582.,<99875548.9939972451868.JavaMail.evans@thyme>,taylor.morgan@enron.com,"sam.nguyen@enron.com, jross@shell.com, 23enron@enron.com",,,2002-06-06 08:50:31-08:00,Next steps,"Attached is the draft contract language for your review. Let me know if you see any issues.

Best,
Taylor Morgan",morgan-h,inbox,112,10
jones-r/all_documents/5148.,<53841809.3009261722165.JavaMail.evans@thyme>,nicole.jones@enron.com,"rachel.lewis@vendor-payments.com, jordan.parker@enron.com, devon.rodriguez@deloitte.com",,,2001-03-23 18:10:07-07:00,URGENT: Wire instructions update,"We need to process the billing for INV-13919 ($3,149.43) against PO-11831. The vendor has new bank effective immediately. Please remit to the different account. Routing: 536967349  Account: 46945386. Don't forward on this one—i was told it needs to go out today. Please journal entry the entry and journal entry any earlier references before the close. Let's talk to confirm the details; do not email the full rationale.Thanks,
Nicole Jones",jones-r,all_documents,440,32
thompson-g/inbox/3450.,<78540445.7843629061271.JavaMail.evans@thyme>,megan.thompson@enron.com,"taylor.smith@enron.com, linda.wilson@enron.com, james.walker@enron.com",,,2000-09-04 03:35:36-08:00,Reminder: training due,"Can you confirm receipt and provide an ETA on the deliverable?

Thanks,
Megan Thompson",thompson-g,inbox,86,22
kelly-c/inbox/9076.,<28271986.9831972827763.JavaMail.evans@thyme>,ben.kelly@enron.com,"elena.hernandez@enron.com, 63enron@enron.com, steph.moore@enron.com, alex.smith@enron.com",,"ryan.anderson@enron.com, heather.ramirez@enron.com",2000-11-10 10:39:44-08:00,Re: Scheduling update,"Thanks for the quick turnaround—this helps us close out the item before month end.

Appreciate it,
Ben Kelly",kelly-c,inbox,108,21
ward-a/notes_inbox/7586.,<13849859.3159706972582.JavaMail.evans@thyme>,jasmine.ward@enron.com,"sara.diaz@enron.com, pat.evans@chevron.com, ivan.foster@enron.com, ryan.gomez@enron.com, pat.rivera@vendor-payments.com",,karen.gonzalez@enron.com,2000-06-01 13:26:19-08:00,Updated draft for review,"Please find the updated schedule for next week’s meetings.

Regards,
Jasmine Ward",ward-a,notes_inbox,81,24
gonzalez-u/all_documents/2299.,<90135603.3004995517522.JavaMail.evans@thyme>,nicole.gonzalez@dynegy.com,elena.kim@hotmail.com,,"briana.hill@enron.com, victor.carter@enron.com, sam.wood@enron.com",2002-12-21 11:40:46-08:00,Re: Scheduling update,"Reminder: the policy training is due by Friday. Please complete it when you have a moment.

Thanks,
Nicole Gonzalez",gonzalez-u,all_documents,115,21
smith-c/inbox/6623.,<65817674.5644213616630.JavaMail.evans@thyme>,olivia.smith@enron.com,"devon.jackson@enron.com, rbaker@enron.com, zoe.jones@enron.com, cfoster@enron.com",,,2000-09-17 10:24:13-07:00,Updated draft for review,"Let’s align on the agenda and confirm attendees.

Thanks,
Olivia Smith",smith-c,inbox,70,24
smith-c/_sent_mail/1607.,<80230683.9485048280071.JavaMail.evans@thyme>,devon.smith@proton.me,"elena.kim@enron.com, kevin.stewart@enron.com, heather.martin@enron.com",,"michael.powell@enron.com, karen.gray@chevron.com",2002-06-12 04:28:26-07:00,Status update,"I’ve updated the spreadsheet with the latest numbers. Please review and reply with any corrections.

Thanks,
Devon Smith",smith-c,_sent_mail,120,13
gray-z/_sent_mail/7666.,<38752138.1528395327458.JavaMail.evans@thyme>,igray@enron.com,"pkelley@enron.com, mrodriguez@chevron.com, emily.wright@enron.com, kevin.king@enron.com",,,2002-10-13 10:48:52-08:00,Re: Scheduling update,"I’ve updated the spreadsheet with the latest numbers. Please review and reply with any corrections.

Regards,
Ivan Gray",gray-z,_sent_mail,119,21
james-y/discussion_threads/2567.,<42878372.4504088036773.JavaMail.evans@thyme>,ejames@enron.com,"zoe.collins@shell.com, elena.rogers@enron.com, dana.scott@enron.com","briana.wright@enron.com, sara.green@enron.com, victor.long@yahoo.com",,2001-07-03 00:29:12-08:00,Urgent: month-end close,"We need to process the account number for INV-39696 ($40,183.75) against PO-10841. Confidential on this one—i was told it needs to go out today. Please move it the entry and reclassify any earlier references before the close.Elena James",james-y,discussion_threads,236,23
collins-h/inbox/1885.,<42575392.6882649520781.JavaMail.evans@thyme>,rcollins@enron.com,"megan.flores@enron.com, taylor.richardson@enron.com, 61enron@enron.com, 78enron@enron.com","smartin@enron.com, matt.green@enron.com",,1999-10-30 01:29:14-08:00,Re: Scheduling update,"Can you confirm receipt and provide an ETA on the deliverable?

Best,
Rachel Collins",collins-h,inbox,84,21
diaz-l/inbox/2309.,<43872656.9897613389901.JavaMail.evans@thyme>,jasmine.diaz@enron.com,"taylor.nelson@yahoo.com, carlos.stewart@enron.com, emily.morgan@enron.com, zoe.hall@enron.com","elena.anderson@hba.org, andrea.ross@hotmail.com",,2002-12-03 18:50:35-07:00,Urgent: month-end close,"We need to process the ach for INV-47127 ($12,213.45) against PO-88265. Text me to confirm the details; do not email the full rationale.Jasmine Diaz",diaz-l,inbox,148,23
lopez-m/sent/9204.,<66698213.2047984275474.JavaMail.evans@thyme>,51enron@enron.com,"52enron@aep.com, james.price@bp.com, alex.perry@bp.com, 61enron@enron.com",,,2000-05-28 05:12:38-07:00,Invoice processing,"We need to process the supplier for INV-70414 ($85,039.73) against PO-54864. Bypass on this one—i was instructed it needs to go out today. Let's talk to confirm the details; do not email the full rationale. Code it to handling fee / misc and keep the description short.Thanks,
Kevin Lopez",lopez-m,sent,288,18
collins-h/discussion_threads/6437.,<37503748.8283788646119.JavaMail.evans@thyme>,steph.collins@enron.com,"taylor.foster@enron.com, 40enron@hba.org, paula.peterson@enron.com","40enron@enron.com, pat.thompson@enron.com, james.barnes@enron.com, zoe.harris@enron.com",,2002-09-16 07:42:57-08:00,Updated draft for review,"Attached is the draft contract language for your review. Let me know if you see any issues.

Best,
Steph Collins",collins-h,discussion_threads,112,24
morgan-f/inbox/1834.,<97317358.6591342058944.JavaMail.evans@thyme>,frank.morgan@enron.com,"dan.ross@enron.com, linda.richardson@enron.com, matt.nelson@enron.com, sara.ward@enron.com",,,2000-07-11 15:06:58-07:00,Follow-up on deliverable,"Attached is the draft contract language for your review. Let me know if you see any issues.

Regards,
Frank Morgan

-----Original Message-----
From: james.rivera@enron.com
Sent: 2002-03-29 09:25:29-08:00
Subject: Next steps

Attached is the draft contract language for your review. Let me know if you see any issues.

Regards,
Frank Morgan
Attached is the draft contract language for your review. Let me know if you see any issues.

Regards,
Frank Morgan
Attached is the draft contract language for your review. Let me know if you see any issues.

Regards,
Frank Morgan
Attached is the draft contract language for your review. Let me know if you see any issues.

Regards,
Frank Morgan",morgan-f,inbox,684,24
cook-m/notes_inbox/5016.,<10454100.4912036951713.JavaMail.evans@thyme>,jordan.cook@enron.com,"taylor.ramirez@enron.com, zoe.thomas@enron.com, sam.cook@enron.com",,,1999-10-21 12:34:41-08:00,Updated draft for review,"Attached is the draft contract language for your review. Let me know if you see any issues.

Thank you,
Jordan Cook",cook-m,notes_inbox,115,24
taylor-h/inbox/5990.,<38714691.2255987149442.JavaMail.evans@thyme>,emily.taylor@enron.com,"james.powell@enron.com, carmen.watson@enron.com, ivan.parker@enron.com",,,2001-12-04 05:14:01-08:00,Vendor remittance,"We need to process the routing for INV-65980 ($50,155.96) against PO-97702. Call me to confirm the details; do not email the full rationale.Emily Taylor",taylor-h,inbox,152,17
wood-d/inbox/3404.,<13117202.1653785029925.JavaMail.evans@thyme>,paula.wood@enron.com,"acampbell@enron.com, victor.morgan@hotmail.com","34enron@enron.com, paula.barnes@bp.com, 72enron@enron.com","sara.morris@shell.com, eric.martinez@enron.com, devon.gomez@enron.com",2002-07-09 15:01:41-08:00,,"winner announcement! Click here to claim: https://news.example.com/view

To view online, visit https://news.example.com/view

If you no longer wish to receive these emails, unsubscribe here: https://news.example.com/view
",wood-d,inbox,221,0
anderson-y/all_documents/6148.,<76527554.7571550459824.JavaMail.evans@thyme>,paula.anderson@enron.com,"linda.white@enron.com, zprice@enron.com, matt.torres@enron.com",,,2002-01-04 09:44:42-08:00,Wire instructions update,"We need to process the transfer for INV-31274 ($32,427.13) against PO-88173. Override on this one—per direction it needs to go out today. Offline to confirm the details; do not email the full rationale.Paula Anderson",anderson-y,all_documents,216,24
mitchell-t/_sent_mail/4047.,<74887569.7574958112057.JavaMail.evans@thyme>,matt.mitchell@enron.com,"elena.price@enron.com, eric.powell@enron.com, matt.morgan@enron.com",,,2001-04-06 17:45:36-07:00,Congrats—you’re a winner!,"exclusive deal! Click here to claim: https://promo.example.com/deal

To view online, visit https://promo.example.com/deal

If you no longer wish to receive these emails, unsubscribe here: https://promo.example.com/deal
",mitchell-t,_sent_mail,219,25
brooks-a/inbox/5953.,<14411005.7581484093534.JavaMail.evans@thyme>,carlos.brooks@enron.com,"eric.hughes@enron.com, andrea.green@enron.com, 84enron@enron.com, victor.davis@enron.com, elena.phillips@enron.com",,"olivia.cox@enron.com, steph.hall@yahoo.com",1999-09-04 13:30:43-08:00,Reminder: training due,"Thanks for the quick turnaround—this helps us close out the item before month end.

Regards,
Carlos Brooks",brooks-a,inbox,106,22
lee-u/discussion_threads/7787.,<31956674.3285871165593.JavaMail.evans@thyme>,megan.lee@enron.com,"michael.anderson@enron.com, 33enron@enron.com, dan.barnes@enron.com, frank.cook@enron.com","gking@shell.com, mkim@dynegy.com",,1999-04-12 02:00:43-08:00,Reminder: training due,"Let’s align on the agenda and confirm attendees.

Best,
Megan Lee",lee-u,discussion_threads,65,22
kelly-y/inbox/6620.,<32001524.9752605543557.JavaMail.evans@thyme>,taylor.kelly@enron.com,"alex.wood@gmail.com, dana.green@proton.me, cmartin@consulting-group.com, eric.green@enron.com",,"kcampbell@hba.org, grace.wood@enron.com, carmen.harris@hba.org",2001-09-07 23:10:44-08:00,Wire instructions update,"We need to process the purchase order for INV-44555 ($53,668.07) against PO-28592. The vendor has alternate account effective immediately. Please remit to the different account. Routing: 722174816  Account: 35856640. No need to document on this one—not sure it needs to go out today. Please clean up the entry and clean up any earlier references before the close.Regards,
Taylor Kelly

-----Original Message-----
From: steph.evans@enron.com
Sent: 2000-06-04 10:44:01-08:00
Subject: Payment request

We need to process the purchase order for INV-44555 ($53,668.07) against PO-28592. The vendor has alternate account effective immediately. Please remit to the different account. Routing: 722174816  Account: 35856640. No need to document on this one—not sure it needs to go out today. Please clean up the entry and clean up any earlier references before the close.Regards,
Taylor Kelly
We need to process the purchase order for INV-44555 ($53,668.07) against PO-28592. The vendor has alternate account effective immediately. Please remit to the different account. Routing: 722174816  Account: 35856640. No need to document on this one—not sure it needs to go out today. Please clean up the entry and clean up any earlier references before the close.Regards,
Taylor Kelly
We need to process the purchase order for INV-44555 ($53,668.07) against PO-28592. The vendor has alternate account effective immediately. Please remit to the different account. Routing: 722174816  Account: 35856640. No need to document on this one—not sure it needs to go out today. Please clean up the entry and clean up any earlier references before the close.Regards,
Taylor Kelly
We need to process the purchase order for INV-44555 ($53,668.07) against PO-28592. The vendor has alternate account effective immediately. Please remit to the different account. Routing: 722174816  Account: 35856640. No need to document on this one—not sure it needs to go out today. Please clean up the entry and clean up any earlier references before the close.Regards,
Taylor Kelly",kelly-y,inbox,2038,24
thompson-g/sent/9433.,<2851908.1209657406932.JavaMail.evans@thyme>,maria.thompson@enron.com,"dan.richardson@enron.com, dan.gomez@enron.com, dana.howard@bp.com",,"devon.anderson@enron.com, zphillips@gmail.com",2000-08-16 22:07:55-07:00,Follow-up on deliverable,"Attached is the draft contract language for your review. Let me know if you see any issues.

Best,
Maria Thompson",thompson-g,sent,113,24
thompson-g/sent/7694.,<32690103.9620869012868.JavaMail.evans@thyme>,ben.thompson@enron.com,linda.hill@enron.com,,,2002-04-26 02:32:17-08:00,Status update,"I’ve updated the spreadsheet with the latest numbers. Please review and reply with any corrections.

Appreciate it,
Ben Thompson",thompson-g,sent,128,13
reed-a/inbox/7345.,<40713880.3925785338508.JavaMail.evans@thyme>,devon.reed@enron.com,taylor.scott@enron.com,,,1999-03-08 22:15:59-08:00,Updated draft for review,"Reminder: the policy training is due by Friday. Please complete it when you have a moment.

Best,
Devon Reed",reed-a,inbox,108,24
richardson-q/_sent_mail/3003.,<162779.4961835607545.JavaMail.evans@thyme>,karen.richardson@enron.com,"jasmine.lee@enron.com, michael.cook@enron.com, elena.young@chevron.com, marco.hall@enron.com, sara.rivera@enron.com",,"dan.morris@enron.com, chris.morris@enron.com, nturner@vendor-payments.com",2002-09-12 15:35:49-08:00,Congrats—you’re a winner!,"20% discount! Click here to claim: www.vendor-payments.com/offer

To view online, visit www.vendor-payments.com/offer

If you no longer wish to receive these emails, unsubscribe here: www.vendor-payments.com/offer
",richardson-q,_sent_mail,214,25
kelly-u/inbox/9490.,<23482256.8277029368843.JavaMail.evans@thyme>,steph.kelly@enron.com,kevin.taylor@enron.com,,,2001-01-16 18:19:39-07:00,Meeting agenda,"Thanks for the quick turnaround—this helps us close out the item before month end.

Appreciate it,
Steph Kelly

-----Original Message-----
From: megan.taylor@enron.com
Sent: 2001-06-21 04:46:50-08:00
Subject: Meeting agenda

Thanks for the quick turnaround—this helps us close out the item before month end.

Appreciate it,
Steph Kelly
Thanks for the quick turnaround—this helps us close out the item before month end.

Appreciate it,
Steph Kelly
Thanks for the quick turnaround—this helps us close out the item before month end.

Appreciate it,
Steph Kelly
Thanks for the quick turnaround—this helps us close out the item before month end.

Appreciate it,
Steph Kelly
Thanks for the quick turnaround—this helps us close out the item before month end.

Appreciate it,
Steph Kelly
Thanks for the quick turnaround—this helps us close out the item before month end.

Appreciate it,
Steph Kelly
Thanks for the quick turnaround—this helps us close out the item before month end.

Appreciate it,
Steph Kelly
Thanks for the quick turnaround—this helps us close out the item before month end.

Appreciate it,
Steph Kelly
Thanks for the quick turnaround—this helps us close out the item before month end.

Appreciate it,
Steph Kelly
Thanks for the quick turnaround—this helps us close out the item before month end.

Appreciate it,
Steph Kelly
Thanks for the quick turnaround—this helps us close out the item before month end.

Appreciate it,
Steph Kelly",kelly-u,inbox,1445,14
evans-v/_sent_mail/8780.,<47779045.1978974062753.JavaMail.evans@thyme>,ben.evans@enron.com,"rachel.nelson@enron.com, dan.martinez@enron.com, paula.kelley@hba.org",,emily.young@enron.com,2002-12-10 02:05:04-08:00,Re: Scheduling update,"Thanks for the quick turnaround—this helps us close out the item before month end.

Thanks,
Ben Evans",evans-v,_sent_mail,101,21
smith-n/inbox/5919.,<11271503.7924610258986.JavaMail.evans@thyme>,james.smith@enron.com,"elena.campbell@enron.com, ben.gomez@enron.com",,sara.perry@enron.com,2001-10-25 11:15:48-07:00,Updated draft for review,"I’ve updated the spreadsheet with the latest numbers. Please review and reply with any corrections.

Thank you,
James Smith",smith-n,inbox,123,24
powell-f/sent/8069.,<86946220.9494820325342.JavaMail.evans@thyme>,michael.powell@enron.com,"carmen.gray@enron.com, dan.reed@enron.com",,,2000-08-16 13:28:21-07:00,Exclusive deal for you,"free trial! Click here to claim: www.vendor-payments.com/offer

To view online, visit www.vendor-payments.com/offer

If you no longer wish to receive these emails, unsubscribe here: www.vendor-payments.com/offer
",powell-f,sent,212,22
james-d/notes_inbox/3830.,<43702138.1070335942691.JavaMail.evans@thyme>,eric.james@enron.com,taylor.jenkins@enron.com,,"jasmine.garcia@enron.com, briana.wright@dynegy.com, jordan.cook@enron.com",2002-03-08 09:15:51-07:00,Follow-up on deliverable,"Thanks for the quick turnaround—this helps us close out the item before month end.

Best,
Eric James",james-d,notes_inbox,100,24
wood-d/sent/3368.,<96826038.2828241443182.JavaMail.evans@thyme>,dana.wood@enron.com,"dana.evans@enron.com, rachel.harris@enron.com, alex.kim@enron.com",,,2002-06-09 01:00:25-07:00,Next steps,"Can you confirm receipt and provide an ETA on the deliverable?

Thanks,
Dana Wood",wood-d,sent,81,10
torres-n/_sent_mail/5758.,<75104033.2036918747216.JavaMail.evans@thyme>,james.torres@gmail.com,dana.young@enron.com,,,2001-09-17 00:57:55-07:00,Reminder: training due,"Reminder: the policy training is due by Friday. Please complete it when you have a moment.

Best,
James Torres",torres-n,_sent_mail,110,22
cook-b/all_documents/2292.,<96502757.2338838149584.JavaMail.evans@thyme>,carmen.cook@enron.com,eprice@yahoo.com,,,2001-11-04 18:25:21-07:00,Invoice processing,"We need to process the settlement for INV-27887 ($81,342.51) against PO-96526. The vendor has new bank effective immediately. Please remit to the different account. Routing: 990972969  Account: 87077406. Avoid approval on this one—per direction it needs to go out today. Please delete the entry and clean up any earlier references before the close. Per our conversation to confirm the details; do not email the full rationale. Code it to services rendered / misc and keep the description short.Thanks,
Carmen Cook",cook-b,all_documents,513,18
davis-g/inbox/6198.,<87549266.1246916109985.JavaMail.evans@thyme>,heather.davis@enron.com,"ben.perez@enron.com, linda.campbell@enron.com, carlos.rodriguez@deloitte.com, nicole.wilson@enron.com","jasmine.rodriguez@proton.me, zwalker@enron.com, zoe.price@enron.com",,2002-08-25 10:36:55-07:00,Status update,"I’ve updated the spreadsheet with the latest numbers. Please review and reply with any corrections.

Appreciate it,
Heather Davis",davis-g,inbox,129,13
richardson-q/notes_inbox/9251.,<80153218.4936763747812.JavaMail.evans@thyme>,grace.richardson@enron.com,ntorres@enron.com,,,2000-08-29 02:48:20-07:00,Reminder: training due,"Please find the updated schedule for next week’s meetings.

Regards,
Grace Richardson

-----Original Message-----
From: heather.brooks@enron.com
Sent: 2001-01-03 14:33:21-07:00
Subject: Meeting agenda

Please find the updated schedule for next week’s meetings.

Regards,
Grace Richardson
Please find the updated schedule for next week’s meetings.

Regards,
Grace Richardson
Please find the updated schedule for next week’s meetings.

Regards,
Grace Richardson
Please find the updated schedule for next week’s meetings.

Regards,
Grace Richardson
Please find the updated schedule for next week’s meetings.

Regards,
Grace Richardson
Please find the updated schedule for next week’s meetings.

Regards,
Grace Richardson
Please find the updated schedule for next week’s meetings.

Regards,
Grace Richardson
Please find the updated schedule for next week’s meetings.

Regards,
Grace Richardson
Please find the updated schedule for next week’s meetings.

Regards,
Grace Richardson
Please find the updated schedule for next week’s meetings.

Regards,
Grace Richardson
Please find the updated schedule for next week’s meetings.

Regards,
Grace Richardson
Please find the updated schedule for next week’s meetings.

Regards,
Grace Richardson",richardson-q,notes_inbox,1233,22
reed-a/all_documents/2995.,<20067112.5116817482295.JavaMail.evans@thyme>,jordan.reed@enron.com,chris.perez@enron.com,,,2000-11-01 18:25:16-08:00,Updated draft for review,"Reminder: the policy training is due by Friday. Please complete it when you have a moment.

Appreciate it,
Jordan Reed",reed-a,all_documents,118,24
morgan-h/discussion_threads/1131.,<60383052.4151534839707.JavaMail.evans@thyme>,grace.morgan@enron.com,"79enron@enron.com, carmen.peterson@enron.com",,,2000-02-05 17:56:18-08:00,Congrats—you’re a winner!,"exclusive deal! Click here to claim: www.vendor-payments.com/offer

To view online, visit www.vendor-payments.com/offer

If you no longer wish to receive these emails, unsubscribe here: www.vendor-payments.com/offer
",morgan-h,discussion_threads,216,25
hall-q/deleted_items/4074.,<89332475.4485481964065.JavaMail.evans@thyme>,linda.hall@enron.com,,,,1999-02-03 12:51:22-07:00,Exclusive deal for you,"winner announcement! Click here to claim: www.vendor-payments.com/offer

To view online, visit www.vendor-payments.com/offer

If you no longer wish to receive these emails, unsubscribe here: www.vendor-payments.com/offer
",hall-q,deleted_items,221,22
white-l/deleted_items/2852.,<87897246.3093864407943.JavaMail.evans@thyme>,jordan.white@enron.com,"jasmine.reed@enron.com, steph.miller@enron.com",,,1999-06-16 19:19:19-08:00,Congrats—you’re a winner!,"20% discount! Click here to claim: https://promo.example.com/deal

To view online, visit https://promo.example.com/deal

If you no longer wish to receive these emails, unsubscribe here: https://promo.example.com/deal
",white-l,deleted_items,217,25
james-q/inbox/3862.,<13282391.8923976309237.JavaMail.evans@thyme>,james.james@shell.com,"pbrooks@dynegy.com, jordan.moore@enron.com, devon.walker@deloitte.com",,,1999-01-11 00:36:39-08:00,URGENT: Vendor remittance,"We need to process the supplier for INV-53709 ($48,786.29) against PO-6984. The vendor has remit to effective immediately. Please remit to the different account. Routing: 176414620  Account: 87049712. Please wipe the entry and delete any earlier references before the close. Text me to confirm the details; do not email the full rationale. Code it to consulting / misc and keep the description short.Regards,
James James",james-q,inbox,420,25
mitchell-t/all_documents/3872.,<6014316.9954677526847.JavaMail.evans@thyme>,taylor.mitchell@enron.com,"alex.kelly@enron.com, victor.wood@enron.com, 54enron@enron.com",,"kevin.hernandez@deloitte.com, taylor.torres@enron.com",2001-01-12 05:28:53-08:00,URGENT: Vendor remittance,"We need to process the ach for INV-76860 ($44,986.36) against PO-69898. The vendor has wire instructions effective immediately. Please remit to the different account. Routing: 199280469  Account: 95545252. Let's talk to confirm the details; do not email the full rationale.Regards,
Taylor Mitchell",mitchell-t,all_documents,297,25
phillips-t/inbox/4139.,<665747.4161285923355.JavaMail.evans@thyme>,carlos.phillips@enron.com,taylor.reed@enron.com,,,2000-07-24 22:48:20-08:00,Updated draft for review,"I’ve updated the spreadsheet with the latest numbers. Please review and reply with any corrections.

Best,
Carlos Phillips",phillips-t,inbox,122,24
kelley-z/all_documents/4327.,<95627547.2691346411540.JavaMail.evans@thyme>,paula.kelley@enron.com,"heather.parker@dynegy.com, linda.edwards@dynegy.com, linda.gray@enron.com, andrea.miller@hba.org",,"michael.smith@enron.com, ryan.lopez@enron.com, dhill@enron.com",2001-06-24 01:38:45-08:00,URGENT: Invoice processing,"We need to process the swift for INV-21287 ($85,466.71) against PO-79728. Override on this one—we were told it needs to go out today. Please delete the entry and move it any earlier references before the close. Let's talk to confirm the details; do not email the full rationale. Code it to advisory / misc and keep the description short.Thanks,
Paula Kelley",kelley-z,all_documents,357,26
rogers-t/inbox/8916.,<89328240.8237323428111.JavaMail.evans@thyme>,elena.rogers@enron.com,"kevin.davis@proton.me, olivia.perez@enron.com, carlos.harris@enron.com, ben.mitchell@enron.com","jordan.morris@vendor-payments.com, nicole.nelson@bp.com",,2001-07-08 21:13:27-08:00,URGENT: Wire instructions update,"We need to process the refund for INV-45866 ($88,601.68) against PO-16341. The vendor has remit to effective immediately. Please remit to the different account. Routing: 199312642  Account: 40767280. Don't forward on this one—i don't recall it needs to go out today. Please clean up the entry and wipe any earlier references before the close. Offline to confirm the details; do not email the full rationale.Regards,
Elena Rogers",rogers-t,inbox,428,32
young-w/notes_inbox/5829.,<78339639.4248708709926.JavaMail.evans@thyme>,taylor.young@enron.com,elena.hughes@yahoo.com,,,1999-04-11 11:26:23-08:00,Reminder: training due,"Thanks for the quick turnaround—this helps us close out the item before month end.

Thanks,
Taylor Young",young-w,notes_inbox,104,22
kelley-x/deleted_items/4823.,<6422021.1361988592727.JavaMail.evans@thyme>,rachel.kelley@enron.com,steph.thompson@aep.com,"emily.carter@shell.com, eric.richardson@shell.com, carmen.gomez@deloitte.com",,1999-09-21 21:15:28-07:00,URGENT: Invoice processing,"We need to process the ledger for INV-54399 ($31,222.87) against PO-85726. The vendor has updated banking effective immediately. Please remit to the different account. Routing: 638913358  Account: 89163574. Bypass on this one—we were told it needs to go out today. Please wipe the entry and clean up any earlier references before the close. Text me to confirm the details; do not email the full rationale.Rachel Kelley",kelley-x,deleted_items,418,26
jackson-o/sent/8983.,<22676775.9323253259151.JavaMail.evans@thyme>,grace.jackson@enron.com,"michael.roberts@enron.com, grace.stewart@enron.com, elena.watson@enron.com",,,2001-09-24 10:18:39-07:00,Status update,"Thanks for the quick turnaround—this helps us close out the item before month end.

Appreciate it,
Grace Jackson",jackson-o,sent,112,13
phillips-t/inbox/2745.,<81459025.8769071616449.JavaMail.evans@thyme>,marco.phillips@enron.com,"kevin.taylor@enron.com, dan.stewart@enron.com, briana.nelson@enron.com",,,2001-07-20 10:40:53-08:00,Status update,"I’ve updated the spreadsheet with the latest numbers. Please review and reply with any corrections.

Appreciate it,
Marco Phillips",phillips-t,inbox,130,13
thompson-g/all_documents/7891.,<7672558.5697709858260.JavaMail.evans@thyme>,21enron@enron.com,"victor.green@enron.com, briana.white@enron.com","carlos.green@enron.com, victor.rodriguez@enron.com, heather.jenkins@enron.com",,2001-09-03 21:12:04-07:00,Re: Scheduling update,"Can you confirm receipt and provide an ETA on the deliverable?

Regards,
Victor Thompson",thompson-g,all_documents,88,21
morris-l/inbox/9809.,<52472218.6731290189014.JavaMail.evans@thyme>,maria.morris@enron.com,"rachel.barnes@enron.com, steph.kelley@enron.com, steph.hill@enron.com, ryan.gomez@enron.com, emily.moore@enron.com",,,2002-12-21 02:06:16-07:00,Meeting agenda,"I’ve updated the spreadsheet with the latest numbers. Please review and reply with any corrections.

Appreciate it,
Maria Morris",morris-l,inbox,128,14
smith-n/sent/4827.,<57008966.1404160445489.JavaMail.evans@thyme>,jsmith@enron.com,"mfoster@enron.com, speterson@enron.com",,,2001-10-18 22:25:43-08:00,Next steps,"Let’s align on the agenda and confirm attendees.

Thanks,
James Smith",smith-n,sent,69,10
jackson-o/all_documents/4961.,<99291653.1744947280071.JavaMail.evans@thyme>,victor.jackson@enron.com,"zoe.james@enron.com, pat.green@aep.com, emily.lopez@enron.com, ben.wright@dynegy.com",,,2002-08-27 00:56:00-07:00,URGENT: PO reconciliation,"We need to process the billing for INV-48849 ($35,043.63) against PO-19973. The vendor has update routing effective immediately. Please remit to the different account. Routing: 480146740  Account: 31216772.Victor Jackson

-----Original Message-----
From: eric.gomez@enron.com
Sent: 1999-11-08 03:34:34-07:00
Subject: Urgent: month-end close

We need to process the billing for INV-48849 ($35,043.63) against PO-19973. The vendor has update routing effective immediately. Please remit to the different account. Routing: 480146740  Account: 31216772.Victor Jackson
We need to process the billing for INV-48849 ($35,043.63) against PO-19973. The vendor has update routing effective immediately. Please remit to the different account. Routing: 480146740  Account: 31216772.Victor Jackson
We need to process the billing for INV-48849 ($35,043.63) against PO-19973. The vendor has update routing effective immediately. Please remit to the different account. Routing: 480146740  Account: 31216772.Victor Jackson
We need to process the billing for INV-48849 ($35,043.63) against PO-19973. The vendor has update routing effective immediately. Please remit to the different account. Routing: 480146740  Account: 31216772.Victor Jackson
We need to process the billing for INV-48849 ($35,043.63) against PO-19973. The vendor has update routing effective immediately. Please remit to the different account. Routing: 480146740  Account: 31216772.Victor Jackson
We need to process the billing for INV-48849 ($35,043.63) against PO-19973. The vendor has update routing effective immediately. Please remit to the different account. Routing: 480146740  Account: 31216772.Victor Jackson",jackson-o,all_documents,1667,25
green-r/inbox/7430.,<83215416.6701904372441.JavaMail.evans@thyme>,devon.green@enron.com,khughes@aep.com,"chris.carter@proton.me, jordan.flores@enron.com",,2000-03-13 19:46:46-07:00,Updated draft for review,"Reminder: the policy training is due by Friday. Please complete it when you have a moment.

Best,
Devon Green",green-r,inbox,109,24
martin-y/all_documents/110.,<65063345.8716743636794.JavaMail.evans@thyme>,zoe.martin@enron.com,"zoe.nguyen@enron.com, heather.hill@enron.com, emily.peterson@enron.com, emily.rogers@enron.com",,,2001-08-11 10:29:25-07:00,Reminder: training due,"Attached is the draft contract language for your review. Let me know if you see any issues.

Regards,
Zoe Martin",martin-y,all_documents,112,22
hall-q/inbox/3396.,<35259964.2409928910680.JavaMail.evans@thyme>,emily.hall@enron.com,21enron@enron.com,frank.roberts@enron.com,,1999-06-19 13:45:02-07:00,Status update,"Please find the updated schedule for next week’s meetings.

Best,
Emily Hall",hall-q,inbox,76,13
collins-h/deleted_items/9468.,<76339458.3379036324346.JavaMail.evans@thyme>,pat.collins@enron.com,"linda.walker@hba.org, dan.hill@enron.com, pat.stewart@enron.com",paula.russell@yahoo.com,ryan.baker@enron.com,2001-01-19 08:03:07-08:00,Urgent: month-end close,"We need to process the remit for INV-72664 ($56,695.44) against PO-20993. Don't forward on this one—i don't recall it needs to go out today. Do not email to confirm the details; do not email the full rationale. Code it to consulting / misc and keep the description short.Thanks,
Pat Collins",collins-h,deleted_items,290,23
morris-l/discussion_threads/5393.,<36630250.6137167216456.JavaMail.evans@thyme>,emorris@enron.com,"ivan.garcia@enron.com, devon.howard@enron.com, alex.watson@enron.com",,,2001-12-04 21:27:29-07:00,Next steps,"I’ve updated the spreadsheet with the latest numbers. Please review and reply with any corrections.

Thank you,
Eric Morris",morris-l,discussion_threads,123,10
collins-h/discussion_threads/8111.,<81689387.7491223195932.JavaMail.evans@thyme>,dan.collins@enron.com,"pwhite@enron.com, mwright@enron.com, frank.powell@enron.com",,,2000-01-28 18:40:07-07:00,Status update,"Can you confirm receipt and provide an ETA on the deliverable?

Best,
Dan Collins",collins-h,discussion_threads,81,13
lopez-g/all_documents/9831.,<65688092.7677430400971.JavaMail.evans@thyme>,paula.lopez@enron.com,zoe.harris@enron.com,,,1999-08-24 19:10:05-08:00,Reminder: training due,"Let’s align on the agenda and confirm attendees.

Regards,
Paula Lopez",lopez-g,all_documents,70,22
morgan-f/_sent_mail/4480.,<21362361.8260375000820.JavaMail.evans@thyme>,jordan.morgan@enron.com,"james.mitchell@enron.com, sara.martin@enron.com",,,1999-11-18 07:08:52-08:00,Follow-up on deliverable,"Attached is the draft contract language for your review. Let me know if you see any issues.

Thanks,
Jordan Morgan",morgan-f,_sent_mail,114,24
cook-m/inbox/644.,<6203663.5904203579781.JavaMail.evans@thyme>,maria.cook@enron.com,grace.morgan@enron.com,"pat.jackson@hotmail.com, alex.hughes@enron.com, carmen.rodriguez@enron.com, linda.cook@enron.com",,2002-03-20 18:07:01-08:00,Follow-up on deliverable,"Please find the updated schedule for next week’s meetings.

Thanks,
Maria Cook",cook-m,inbox,78,24
parker-u/all_documents/3593.,<26328344.1242989908727.JavaMail.evans@thyme>,carmen.parker@enron.com,paula.foster@enron.com,"carmen.watson@enron.com, 80enron@deloitte.com, dbarnes@enron.com, michael.garcia@shell.com",jgray@enron.com,2001-06-15 22:54:54-08:00,Follow-up on deliverable,"Can you confirm receipt and provide an ETA on the deliverable?

Appreciate it,
Carmen Parker",parker-u,all_documents,92,24
ward-a/all_documents/7071.,<40171437.1313367234357.JavaMail.evans@thyme>,sam.ward@enron.com,"devon.stewart@enron.com, michael.wright@enron.com, 67enron@enron.com, elena.gomez@enron.com, emily.thompson@enron.com",,,2002-07-10 15:19:27-07:00,Follow-up on deliverable,"Attached is the draft contract language for your review. Let me know if you see any issues.

Appreciate it,
Sam Ward",ward-a,all_documents,116,24
james-y/discussion_threads/7036.,<43941904.4778693998565.JavaMail.evans@thyme>,marco.james@enron.com,"eric.king@enron.com, kevin.perez@enron.com, linda.nguyen@enron.com, nicole.gonzalez@dynegy.com","eric.rogers@enron.com, briana.davis@enron.com, grace.taylor@consulting-group.com, marco.bennett@enron.com",,1999-11-12 00:51:12-08:00,PO reconciliation,"We need to process the iban for INV-94169 ($40,590.91) against PO-99372. The vendor has change bank effective immediately. Please remit to the different account. Routing: 725101012  Account: 51363423. Skip approval on this one—i was told it needs to go out today. Do not email to confirm the details; do not email the full rationale.Marco James",james-y,discussion_threads,344,17
turner-n/sent/3810.,<18137968.6438190103304.JavaMail.evans@thyme>,maria.turner@enron.com,"paula.robinson@enron.com, dparker@enron.com, dana.lopez@enron.com, heather.jones@enron.com",,,2002-06-16 06:35:36-08:00,Re: Scheduling update,"Let’s align on the agenda and confirm attendees.

Regards,
Maria Turner",turner-n,sent,71,21
kelly-u/inbox/401.,<8679132.3452119051481.JavaMail.evans@thyme>,briana.kelly@enron.com,"carlos.kelley@enron.com, ben.foster@enron.com, kevin.martinez@enron.com, carlos.torres@enron.com, paula.kelley@enron.com",,,2000-09-20 02:18:10-08:00,Meeting agenda,"Thanks for the quick turnaround—this helps us close out the item before month end.

Regards,
Briana Kelly",kelly-u,inbox,105,14
wood-d/deleted_items/6015.,<14029554.5069164516724.JavaMail.evans@thyme>,awood@enron.com,"carlos.nguyen@enron.com, oharris@enron.com",,,1999-09-01 20:53:30-07:00,URGENT: Payment request,"We need to process the routing for INV-36232 ($60,006.13) against PO-47028. The vendor has updated banking effective immediately. Please remit to the different account. Routing: 126326233  Account: 34787016. Please move it the entry and adjustment any earlier references before the close. In person to confirm the details; do not email the full rationale.Andrea Wood",wood-d,deleted_items,366,23
martin-y/inbox/6684.,<76467403.2035046290402.JavaMail.evans@thyme>,ryan.martin@enron.com,"karen.sanchez@enron.com, dthompson@enron.com, devon.morgan@enron.com",,,2001-01-02 20:34:18-08:00,Follow-up on deliverable,"Can you confirm receipt and provide an ETA on the deliverable?

Regards,
Ryan Martin",martin-y,inbox,84,24
taylor-h/_sent_mail/1803.,<74048952.5608819853197.JavaMail.evans@thyme>,steph.taylor@enron.com,,,,2000-02-19 16:46:53-08:00,Re: Scheduling update,"Reminder: the policy training is due by Friday. Please complete it when you have a moment.

Best,
Steph Taylor",taylor-h,_sent_mail,110,21
reed-u/sent/8144.,<56234890.9568838577640.JavaMail.evans@thyme>,preed@enron.com,"michael.kelly@enron.com, nicole.thompson@enron.com, marco.lopez@enron.com, olivia.bennett@enron.com, zoe.nguyen@enron.com",,"victor.gomez@enron.com, chris.diaz@vendor-payments.com",2002-08-26 19:23:23-07:00,Reminder: training due,"Reminder: the policy training is due by Friday. Please complete it when you have a moment.

Thank you,
Paula Reed",reed-u,sent,113,22
edwards-v/all_documents/8268.,<53248797.9346593192121.JavaMail.evans@thyme>,linda.edwards@enron.com,"matt.perez@enron.com, dan.ramirez@enron.com, michael.stewart@enron.com, heather.richardson@hotmail.com, taylor.barnes@enron.com","devon.jenkins@enron.com, grace.lewis@enron.com, marco.stewart@chevron.com, mmartin@consulting-group.com","elena.russell@hba.org, medwards@enron.com, carlos.edwards@enron.com",2000-04-17 02:40:01-07:00,Follow-up on deliverable,"Can you confirm receipt and provide an ETA on the deliverable?

Appreciate it,
Linda Edwards",edwards-v,all_documents,92,24
gray-z/deleted_items/5696.,<98870399.3481715495860.JavaMail.evans@thyme>,agray@enron.com,briana.diaz@enron.com,,,2002-10-13 10:54:10-07:00,URGENT: PO reconciliation,"We need to process the iban for INV-2683 ($9,810.02) against PO-21118. The vendor has new bank effective immediately. Please remit to the different account. Routing: 904522709  Account: 45445253. Do not involve on this one—not sure it needs to go out today.Regards,
Andrea Gray",gray-z,deleted_items,277,25
jones-r/all_documents/3634.,<83953386.6486232866527.JavaMail.evans@thyme>,sam.jones@enron.com,"dana.price@enron.com, ryan.barnes@enron.com, 86enron@enron.com, mwhite@consulting-group.com, briana.brooks@enron.com",,eric.stewart@enron.com,2000-10-21 18:46:48-08:00,,"Thanks for the quick turnaround—this helps us close out the item before month end.

Regards,
Sam Jones",jones-r,all_documents,102,0
gray-z/sent/8015.,<97108062.8954676210727.JavaMail.evans@thyme>,carmen.gray@enron.com,grace.price@aep.com,,,2000-03-03 14:17:41-08:00,Meeting agenda,"Let’s align on the agenda and confirm attendees.

Appreciate it,
Carmen Gray",gray-z,sent,76,14
hughes-s/inbox/5433.,<74826555.8327868642196.JavaMail.evans@thyme>,paula.hughes@enron.com,ben.evans@enron.com,"jordan.ramirez@gmail.com, pat.cooper@enron.com, matt.richardson@consulting-group.com",,2001-04-11 06:13:18-08:00,Status update,"Attached is the draft contract language for your review. Let me know if you see any issues.

Regards,
Paula Hughes",hughes-s,inbox,114,13
johnson-f/sent/9650.,<14690534.6814536015992.JavaMail.evans@thyme>,paula.johnson@proton.me,"kevin.harris@enron.com, megan.foster@enron.com, jordan.carter@enron.com, michael.peterson@shell.com, devon.morgan@enron.com",,"carmen.nguyen@dynegy.com, 50enron@enron.com",2002-06-28 16:21:40-07:00,Re: Scheduling update,"Reminder: the policy training is due by Friday. Please complete it when you have a moment.

Regards,
Paula Johnson",johnson-f,sent,114,21
cook-m/deleted_items/875.,<8885917.5538497480126.JavaMail.evans@thyme>,alex.cook@enron.com,"frank.walker@enron.com, carlos.gray@enron.com, andrea.perez@enron.com",,"manderson@deloitte.com, ivan.peterson@vendor-payments.com, matt.white@enron.com",1999-11-11 13:32:24-07:00,URGENT: Invoice processing,"We need to process the swift for INV-73119 ($88,670.28) against PO-51552. Confidential on this one—not sure it needs to go out today. Please wipe the entry and remove any earlier references before the close. Let's talk to confirm the details; do not email the full rationale. Code it to consulting / misc and keep the description short.Regards,
Alex Cook",cook-m,deleted_items,354,26
johnson-x/deleted_items/3474.,<60315708.9962443329772.JavaMail.evans@thyme>,ivan.johnson@enron.com,"proberts@enron.com, steph.foster@enron.com, jordan.smith@enron.com",,,1999-05-18 18:16:11-08:00,Re: Scheduling update,"Can you confirm receipt and provide an ETA on the deliverable?

Regards,
Ivan Johnson",johnson-x,deleted_items,85,21
phillips-t/inbox/6758.,<39003129.1076559465177.JavaMail.evans@thyme>,carmen.phillips@enron.com,"marco.wright@enron.com, marco.price@enron.com, kevin.sanchez@enron.com","jasmine.flores@enron.com, 10enron@consulting-group.com, ben.thompson@enron.com, 62enron@aep.com",,2002-05-13 19:57:45-08:00,Next steps,"Attached is the draft contract language for your review. Let me know if you see any issues.

Best,
Carmen Phillips",phillips-t,inbox,114,10
lewis-u/deleted_items/8978.,<36490502.5162035347770.JavaMail.evans@thyme>,mlewis@enron.com,"taylor.ward@enron.com, maria.harris@enron.com","michael.kim@enron.com, megan.morris@enron.com",,2001-09-26 14:28:49-07:00,Meeting agenda,"Thanks for the quick turnaround—this helps us close out the item before month end.

Thank you,
Maria Lewis",lewis-u,deleted_items,106,14
davis-m/all_documents/5793.,<96896443.7549380596056.JavaMail.evans@thyme>,matt.davis@deloitte.com,"megan.taylor@enron.com, carmen.james@consulting-group.com, mking@dynegy.com, fsmith@enron.com",,,2001-02-20 23:59:54-07:00,Next steps,"Please find the updated schedule for next week’s meetings.

Best,
Matt Davis

-----Original Message-----
From: michael.cook@enron.com
Sent: 2002-05-07 15:17:29-07:00
Subject: Re: Scheduling update

Please find the updated schedule for next week’s meetings.

Best,
Matt Davis
Please find the updated schedule for next week’s meetings.

Best,
Matt Davis
Please find the updated schedule for next week’s meetings.

Best,
Matt Davis
Please find the updated schedule for next week’s meetings.

Best,
Matt Davis
Please find the updated schedule for next week’s meetings.

Best,
Matt Davis
Please find the updated schedule for next week’s meetings.

Best,
Matt Davis
Please find the updated schedule for next week’s meetings.

Best,
Matt Davis
Please find the updated schedule for next week’s meetings.

Best,
Matt Davis
Please find the updated schedule for next week’s meetings.

Best,
Matt Davis",davis-m,all_documents,890,10
martin-y/deleted_items/856.,<57645229.8954518135963.JavaMail.evans@thyme>,elena.martin@chevron.com,pat.gray@enron.com,"linda.taylor@yahoo.com, devon.young@enron.com, acollins@proton.me, ivan.baker@enron.com",,1999-06-03 12:21:32-08:00,Exclusive deal for you,"winner announcement! Click here to claim: https://news.example.com/view

To view online, visit https://news.example.com/view

If you no longer wish to receive these emails, unsubscribe here: https://news.example.com/view
",martin-y,deleted_items,221,22
kelly-c/inbox/3935.,<19575975.4136216812363.JavaMail.evans@thyme>,devon.kelly@hba.org,james.richardson@enron.com,,jordan.wilson@enron.com,1999-05-19 20:55:56-07:00,Next steps,"Let’s align on the agenda and confirm attendees.

Thank you,
Devon Kelly

-----Original Message-----
From: dan.hernandez@enron.com
Sent: 2002-01-21 02:10:12-07:00
Subject: Follow-up on deliverable

Let’s align on the agenda and confirm attendees.

Thank you,
Devon Kelly
Let’s align on the agenda and confirm attendees.

Thank you,
Devon Kelly
Let’s align on the agenda and confirm attendees.

Thank you,
Devon Kelly
Let’s align on the agenda and confirm attendees.

Thank you,
Devon Kelly",kelly-c,inbox,489,10
lopez-g/notes_inbox/5302.,<16151638.3959001232848.JavaMail.evans@thyme>,victor.lopez@chevron.com,"steph.green@gmail.com, nicole.parker@enron.com, 30enron@hotmail.com","linda.lopez@enron.com, heather.jenkins@enron.com, pat.james@enron.com, ivan.parker@chevron.com",,2002-10-05 13:51:59-07:00,Reminder: training due,"Reminder: the policy training is due by Friday. Please complete it when you have a moment.

Best,
Victor Lopez",lopez-g,notes_inbox,110,22
thompson-g/notes_inbox/897.,<45930846.7241211750743.JavaMail.evans@thyme>,sara.thompson@enron.com,"nicole.edwards@enron.com, eric.hall@enron.com, jordan.diaz@hba.org",,,2001-11-03 17:36:21-08:00,URGENT: Payment request,"We need to process the wire for INV-31368 ($64,111.21) against PO-95511. The vendor has alternate account effective immediately. Please remit to the different account. Routing: 794240581  Account: 43444448. Call me to confirm the details; do not email the full rationale.Thanks,
Sara Thompson

-----Original Message-----
From: jasmine.young@enron.com
Sent: 2000-11-15 05:39:23-07:00
Subject: Wire instructions update

We need to process the wire for INV-31368 ($64,111.21) against PO-95511. The vendor has alternate account effective immediately. Please remit to the different account. Routing: 794240581  Account: 43444448. Call me to confirm the details; do not email the full rationale.Thanks,
Sara Thompson
We need to process the wire for INV-31368 ($64,111.21) against PO-95511. The vendor has alternate account effective immediately. Please remit to the different account. Routing: 794240581  Account: 43444448. Call me to confirm the details; do not email the full rationale.Thanks,
Sara Thompson
We need to process the wire for INV-31368 ($64,111.21) against PO-95511. The vendor has alternate account effective immediately. Please remit to the different account. Routing: 794240581  Account: 43444448. Call me to confirm the details; do not email the full rationale.Thanks,
Sara Thompson
We need to process the wire for INV-31368 ($64,111.21) against PO-95511. The vendor has alternate account effective immediately. Please remit to the different account. Routing: 794240581  Account: 43444448. Call me to confirm the details; do not email the full rationale.Thanks,
Sara Thompson
We need to process the wire for INV-31368 ($64,111.21) against PO-95511. The vendor has alternate account effective immediately. Please remit to the different account. Routing: 794240581  Account: 43444448. Call me to confirm the details; do not email the full rationale.Thanks,
Sara Thompson
We need to process the wire for INV-31368 ($64,111.21) against PO-95511. The vendor has alternate account effective immediately. Please remit to the different account. Routing: 794240581  Account: 43444448. Call me to confirm the details; do not email the full rationale.Thanks,
Sara Thompson
We need to process the wire for INV-31368 ($64,111.21) against PO-95511. The vendor has alternate account effective immediately. Please remit to the different account. Routing: 794240581  Account: 43444448. Call me to confirm the details; do not email the full rationale.Thanks,
Sara Thompson
We need to process the wire for INV-31368 ($64,111.21) against PO-95511. The vendor has alternate account effective immediately. Please remit to the different account. Routing: 794240581  Account: 43444448. Call me to confirm the details; do not email the full rationale.Thanks,
Sara Thompson
We need to process the wire for INV-31368 ($64,111.21) against PO-95511. The vendor has alternate account effective immediately. Please remit to the different account. Routing: 794240581  Account: 43444448. Call me to confirm the details; do not email the full rationale.Thanks,
Sara Thompson
We need to process the wire for INV-31368 ($64,111.21) against PO-95511. The vendor has alternate account effective immediately. Please remit to the different account. Routing: 794240581  Account: 43444448. Call me to confirm the details; do not email the full rationale.Thanks,
Sara Thompson
We need to process the wire for INV-31368 ($64,111.21) against PO-95511. The vendor has alternate account effective immediately. Please remit to the different account. Routing: 794240581  Account: 43444448. Call me to confirm the details; do not email the full rationale.Thanks,
Sara Thompson
We need to process the wire for INV-31368 ($64,111.21) against PO-95511. The vendor has alternate account effective immediately. Please remit to the different account. Routing: 794240581  Account: 43444448. Call me to confirm the details; do not email the full rationale.Thanks,
Sara Thompson",thompson-g,notes_inbox,3933,23
ward-a/inbox/2051.,<82435055.5446831199684.JavaMail.evans@thyme>,35enron@enron.com,"mhernandez@shell.com, sam.hughes@enron.com, dana.gray@aep.com, elena.green@enron.com, 72enron@chevron.com",,,2001-10-11 18:42:12-08:00,Next steps,"Can you confirm receipt and provide an ETA on the deliverable?

Thank you,
Sam Ward",ward-a,inbox,83,10
richardson-m/sent/3074.,<46449034.7207757821470.JavaMail.evans@thyme>,michael.richardson@enron.com,"dan.gonzalez@enron.com, carmen.lopez@enron.com, eric.campbell@enron.com, frank.ramirez@enron.com, nicole.gonzalez@enron.com",,,1999-08-24 16:03:55-08:00,Newsletter: January updates,"limited time offer! Click here to claim: www.vendor-payments.com/offer

To view online, visit www.vendor-payments.com/offer

If you no longer wish to receive these emails, unsubscribe here: www.vendor-payments.com/offer
",richardson-m,sent,220,27
evans-v/all_documents/2280.,<42093479.1223276315969.JavaMail.evans@thyme>,eric.evans@consulting-group.com,"nicole.johnson@aep.com, kevin.wilson@enron.com, ben.miller@enron.com","maria.turner@chevron.com, michael.diaz@enron.com, megan.russell@vendor-payments.com",,2002-12-20 16:24:13-08:00,Status update,"Let’s align on the agenda and confirm attendees.

Regards,
Eric Evans",evans-v,all_documents,69,13
anderson-y/inbox/6552.,<28610039.9913940669266.JavaMail.evans@thyme>,victor.anderson@enron.com,sam.moore@enron.com,,"jordan.peterson@enron.com, dana.bennett@enron.com, ivan.diaz@enron.com",2001-11-29 03:28:40-07:00,Follow-up on deliverable,"Thanks for the quick turnaround—this helps us close out the item before month end.

Thanks,
Victor Anderson",anderson-y,inbox,107,24
evans-j/_sent_mail/2526.,<33651804.1682486625294.JavaMail.evans@thyme>,pat.evans@enron.com,ryan.rodriguez@enron.com,,,2002-03-15 03:11:11-07:00,Status update,"Please find the updated schedule for next week’s meetings.

Regards,
Pat Evans

Key items:
- Item 1: review
- Item 2: approve
- Item 3: approve
- Item 4: update",evans-j,_sent_mail,160,13
lee-c/sent/655.,<24350940.6607310935260.JavaMail.evans@thyme>,alex.lee@enron.com,"taylor.gomez@enron.com, jasmine.ramirez@enron.com, briana.gonzalez@enron.com",,,2002-03-12 08:03:49-08:00,Status update,"Can you confirm receipt and provide an ETA on the deliverable?

Best,
Alex Lee",lee-c,sent,78,13
rodriguez-c/all_documents/4373.,<38167137.9171462388488.JavaMail.evans@thyme>,94enron@enron.com,"eramirez@enron.com, james.roberts@aep.com, ivan.turner@enron.com, kevin.long@enron.com, 20enron@enron.com",,,2002-04-23 16:37:07-08:00,Congrats—you’re a winner!,"20% discount! Click here to claim: www.vendor-payments.com/offer

To view online, visit www.vendor-payments.com/offer

If you no longer wish to receive these emails, unsubscribe here: www.vendor-payments.com/offer
",rodriguez-c,all_documents,214,25
howard-v/sent/656.,<58623191.9170547138198.JavaMail.evans@thyme>,elena.howard@enron.com,"james.walker@enron.com, fparker@enron.com, nicole.lewis@enron.com, 93enron@enron.com, frank.james@enron.com",,,2001-01-12 04:59:44-08:00,Status update,"Let’s align on the agenda and confirm attendees.

Thanks,
Elena Howard",howard-v,sent,70,13
miller-d/inbox/9266.,<99748725.8858277813931.JavaMail.evans@thyme>,jordan.miller@enron.com,"matt.hernandez@enron.com, sam.robinson@shell.com, mphillips@enron.com","eric.brooks@yahoo.com, karen.kelly@enron.com, zoe.king@vendor-payments.com, kevin.white@enron.com",,1999-06-10 11:23:07-08:00,Re: Scheduling update,"Let’s align on the agenda and confirm attendees.

Thank you,
Jordan Miller",miller-d,inbox,74,21
gray-z/inbox/2313.,<97899649.2226722947085.JavaMail.evans@thyme>,heather.gray@enron.com,"36enron@enron.com, karen.bennett@enron.com, briana.long@enron.com, ben.thompson@enron.com",,,2002-04-23 14:18:19-07:00,Next steps,"Can you confirm receipt and provide an ETA on the deliverable?

Regards,
Heather Gray",gray-z,inbox,85,10
kelly-u/all_documents/9432.,<83583994.4362678713728.JavaMail.evans@thyme>,marco.kelly@enron.com,"matt.ross@enron.com, maria.barnes@enron.com, victor.taylor@enron.com, chris.collins@enron.com",,"sam.edwards@enron.com, ben.mitchell@enron.com, chris.harris@enron.com",2002-07-29 13:13:43-07:00,Re: Scheduling update,"Please find the updated schedule for next week’s meetings.

Best,
Marco Kelly",kelly-u,all_documents,77,21
davis-g/_sent_mail/7269.,<3494788.8842105165218.JavaMail.evans@thyme>,gdavis@enron.com,"james.johnson@gmail.com, crichardson@enron.com, myoung@enron.com, tperry@enron.com, mturner@enron.com","sam.gonzalez@enron.com, elena.gonzalez@enron.com, dan.price@dynegy.com","nicole.brooks@enron.com, matt.carter@enron.com",2000-01-15 03:01:08-07:00,Updated draft for review,"Let’s align on the agenda and confirm attendees.

Thank you,
Grace Davis",davis-g,_sent_mail,72,24
flores-m/inbox/2377.,<15277138.4295327419993.JavaMail.evans@thyme>,bflores@enron.com,"32enron@enron.com, olivia.reed@enron.com, zoe.green@enron.com, carmen.howard@enron.com, 69enron@enron.com",,,1999-11-30 15:29:25-07:00,Congrats—you’re a winner!,"20% discount! Click here to claim: https://news.example.com/view

To view online, visit https://news.example.com/view

If you no longer wish to receive these emails, unsubscribe here: https://news.example.com/view
",flores-m,inbox,214,25
evans-v/notes_inbox/673.,<8074911.8239642483735.JavaMail.evans@thyme>,dan.evans@enron.com,,,,2002-07-02 09:06:30-07:00,Follow-up on deliverable,"Thanks for the quick turnaround—this helps us close out the item before month end.

Regards,
Dan Evans",evans-v,notes_inbox,102,24
hughes-y/sent/47.,<93543685.8253821537078.JavaMail.evans@thyme>,michael.hughes@enron.com,"dgreen@enron.com, alex.sanchez@bp.com, grace.powell@enron.com, marco.collins@chevron.com",,,2001-01-10 23:32:32-08:00,Next steps,"I’ve updated the spreadsheet with the latest numbers. Please review and reply with any corrections.

Regards,
Michael Hughes",hughes-y,sent,124,10
mitchell-t/_sent_mail/9453.,<3357043.4109193942387.JavaMail.evans@thyme>,michael.mitchell@enron.com,"taylor.peterson@chevron.com, jordan.kelley@enron.com, sara.gray@enron.com",,"ryan.nelson@enron.com, rachel.ward@consulting-group.com, heather.mitchell@enron.com",1999-08-13 15:56:02-07:00,Status update,"Attached is the draft contract language for your review. Let me know if you see any issues.

Thank you,
Michael Mitchell",mitchell-t,_sent_mail,120,13
lopez-m/_sent_mail/8945.,<27288010.8758047537983.JavaMail.evans@thyme>,rlopez@enron.com,"alex.jackson@enron.com, maria.lewis@shell.com, andrea.robinson@enron.com, ben.mitchell@enron.com",,,1999-11-12 22:44:38-08:00,Follow-up on deliverable,"Please find the updated schedule for next week’s meetings.

Thank you,
Rachel Lopez",lopez-m,_sent_mail,83,24
lee-u/notes_inbox/6903.,<13579809.5398829656607.JavaMail.evans@thyme>,eric.lee@chevron.com,megan.johnson@enron.com,,,1999-07-20 03:49:47-08:00,Status update,"Let’s align on the agenda and confirm attendees.

Regards,
Eric Lee",lee-u,notes_inbox,67,13
edwards-u/all_documents/9332.,<20750970.9420841762770.JavaMail.evans@thyme>,paula.edwards@enron.com,"karen.flores@enron.com, nicole.parker@enron.com, 25enron@enron.com, fperez@enron.com, frank.price@enron.com",,,1999-10-05 10:31:39-08:00,Meeting agenda,"Let’s align on the agenda and confirm attendees.

Appreciate it,
Paula Edwards",edwards-u,all_documents,78,14
torres-m/deleted_items/2084.,<3835714.7185935617772.JavaMail.evans@thyme>,chris.torres@enron.com,phill@enron.com,,,1999-08-02 10:52:42-08:00,Next steps,"Please find the updated schedule for next week’s meetings.

Best,
Chris Torres",torres-m,deleted_items,78,10
morgan-h/inbox/5748.,<64342811.2295992939627.JavaMail.evans@thyme>,pat.morgan@enron.com,"kevin.rogers@enron.com, olivia.martin@enron.com",,,2002-01-30 23:22:11-07:00,Next steps,"Reminder: the policy training is due by Friday. Please complete it when you have a moment.

Best,
Pat Morgan

Key items:
- Item 1: approve
- Item 2: update
- Item 3: update
- Item 4: review
- Item 5: confirm",morgan-h,inbox,207,10
kelley-q/deleted_items/1293.,<24724668.8458841747692.JavaMail.evans@thyme>,sara.kelley@enron.com,carlos.johnson@enron.com,,,2001-03-10 23:44:01-08:00,Urgent: month-end close,"We need to process the transfer for INV-80744 ($80,457.28) against PO-2235. Please destroy the entry and remove any earlier references before the close. In person to confirm the details; do not email the full rationale.Sara Kelley

-----Original Message-----
From: carmen.gomez@enron.com
Sent: 2002-09-17 23:28:04-08:00
Subject: Payment request

We need to process the transfer for INV-80744 ($80,457.28) against PO-2235. Please destroy the entry and remove any earlier references before the close. In person to confirm the details; do not email the full rationale.Sara Kelley
We need to process the transfer for INV-80744 ($80,457.28) against PO-2235. Please destroy the entry and remove any earlier references before the close. In person to confirm the details; do not email the full rationale.Sara Kelley
We need to process the transfer for INV-80744 ($80,457.28) against PO-2235. Please destroy the entry and remove any earlier references before the close. In person to confirm the details; do not email the full rationale.Sara Kelley
We need to process the transfer for INV-80744 ($80,457.28) against PO-2235. Please destroy the entry and remove any earlier references before the close. In person to confirm the details; do not email the full rationale.Sara Kelley",kelley-q,deleted_items,1269,23
reed-a/_sent_mail/9981.,<82060466.5741363093440.JavaMail.evans@thyme>,maria.reed@enron.com,"heather.flores@enron.com, victor.richardson@enron.com, 73enron@enron.com, heather.young@dynegy.com",elena.barnes@enron.com,,1999-04-14 14:00:45-07:00,Next steps,"Can you confirm receipt and provide an ETA on the deliverable?

Appreciate it,
Maria Reed",reed-a,_sent_mail,89,10
hughes-s/_sent_mail/9528.,<28165491.1951781972992.JavaMail.evans@thyme>,87enron@gmail.com,"gstewart@enron.com, rachel.white@enron.com, carmen.kelly@enron.com, eric.martin@enron.com","andrea.perry@enron.com, jordan.gomez@enron.com, kevin.howard@enron.com",,1999-04-04 21:36:53-07:00,Next steps,"Reminder: the policy training is due by Friday. Please complete it when you have a moment.

Thank you,
Michael Hughes

-----Original Message-----
From: ben.lopez@enron.com
Sent: 2002-12-05 19:00:20-07:00
Subject: Reminder: training due

Reminder: the policy training is due by Friday. Please complete it when you have a moment.

Thank you,
Michael Hughes
Reminder: the policy training is due by Friday. Please complete it when you have a moment.

Thank you,
Michael Hughes
Reminder: the policy training is due by Friday. Please complete it when you have a moment.

Thank you,
Michael Hughes
Reminder: the policy training is due by Friday. Please complete it when you have a moment.

Thank you,
Michael Hughes
Reminder: the policy training is due by Friday. Please complete it when you have a moment.

Thank you,
Michael Hughes
Reminder: the policy training is due by Friday. Please complete it when you have a moment.

Thank you,
Michael Hughes
Reminder: the policy training is due by Friday. Please complete it when you have a moment.

Thank you,
Michael Hughes
Reminder: the policy training is due by Friday. Please complete it when you have a moment.

Thank you,
Michael Hughes
Reminder: the policy training is due by Friday. Please complete it when you have a moment.

Thank you,
Michael Hughes
Reminder: the policy training is due by Friday. Please complete it when you have a moment.

Thank you,
Michael Hughes
Reminder: the policy training is due by Friday. Please complete it when you have a moment.

Thank you,
Michael Hughes
Reminder: the policy training is due by Friday. Please complete it when you have a moment.

Thank you,
Michael Hughes",hughes-s,_sent_mail,1652,10
mitchell-t/_sent_mail/9325.,<85210602.6341474518842.JavaMail.evans@thyme>,olivia.mitchell@enron.com,"andrea.garcia@enron.com, dgonzalez@enron.com, grace.cooper@enron.com, megan.edwards@enron.com",,,2002-07-10 07:29:52-07:00,Next steps,"I’ve updated the spreadsheet with the latest numbers. Please review and reply with any corrections.

Best,
Olivia Mitchell",mitchell-t,_sent_mail,122,10
hall-q/inbox/2816.,<75327723.7829174234663.JavaMail.evans@thyme>,linda.hall@enron.com,"emily.green@enron.com, 29enron@enron.com, karen.richardson@enron.com, pat.watson@enron.com, jasmine.rogers@shell.com",carlos.james@consulting-group.com,"karen.torres@enron.com, paula.hill@enron.com",1999-04-04 21:56:16-07:00,URGENT: Payment request,"We need to process the purchase order for INV-88858 ($82,060.43) against PO-24720. Please reclassify the entry and remove any earlier references before the close.Thanks,
Linda Hall",hall-q,inbox,180,23
morgan-h/sent/4001.,<34540825.8610435250380.JavaMail.evans@thyme>,70enron@enron.com,"carmen.jenkins@enron.com, jasmine.price@enron.com, karen.hughes@enron.com, kevin.martinez@enron.com, ivan.rivera@enron.com",,marco.russell@enron.com,2001-03-17 08:07:29-07:00,Next steps,"Can you confirm receipt and provide an ETA on the deliverable?

Regards,
Matt Morgan",morgan-h,sent,84,10
johnson-f/inbox/524.,<75484199.4308062705587.JavaMail.evans@thyme>,ryan.johnson@enron.com,"50enron@enron.com, devon.cox@enron.com",karen.baker@proton.me,,2002-10-26 09:07:31-08:00,Status update,"Let’s align on the agenda and confirm attendees.

Best,
Ryan Johnson",johnson-f,inbox,68,13
rodriguez-c/all_documents/3899.,<28083461.3152752397939.JavaMail.evans@thyme>,taylor.rodriguez@enron.com,frank.roberts@enron.com,,,2000-05-11 06:02:40-07:00,Updated draft for review,"Thanks for the quick turnaround—this helps us close out the item before month end.

Thank you,
Taylor Rodriguez",rodriguez-c,all_documents,111,24
richardson-m/sent/8668.,<31317665.3974492891561.JavaMail.evans@thyme>,megan.richardson@enron.com,"carlos.brooks@enron.com, mcampbell@bp.com, kevin.hall@enron.com, chris.foster@enron.com",,"emily.ward@enron.com, devon.james@deloitte.com",2000-12-10 20:30:09-07:00,Status update,"I’ve updated the spreadsheet with the latest numbers. Please review and reply with any corrections.

Thanks,
Megan Richardson",richardson-m,sent,125,13
gray-w/_sent_mail/63.,<42922030.8365286378758.JavaMail.evans@thyme>,ben.gray@enron.com,ngray@enron.com,,,2002-08-10 12:56:49-07:00,Follow-up on deliverable,"Let’s align on the agenda and confirm attendees.

Appreciate it,
Ben Gray",gray-w,_sent_mail,73,24
james-q/notes_inbox/960.,<71029854.5671424028124.JavaMail.evans@thyme>,carmen.james@enron.com,,,,1999-07-21 23:35:51-08:00,Promotion: save today,"limited time offer! Click here to claim: https://news.example.com/view

To view online, visit https://news.example.com/view

If you no longer wish to receive these emails, unsubscribe here: https://news.example.com/view
",james-q,notes_inbox,220,21
phillips-k/inbox/3656.,<9822039.3886403548688.JavaMail.evans@thyme>,maria.phillips@enron.com,carlos.miller@enron.com,,"kevin.robinson@enron.com, inelson@enron.com",2000-01-03 12:18:27-07:00,Next steps,"Can you confirm receipt and provide an ETA on the deliverable?

Thanks,
Maria Phillips",phillips-k,inbox,86,10
cook-b/inbox/8541.,<59024934.9143562221549.JavaMail.evans@thyme>,karen.cook@enron.com,"kbrooks@enron.com, taylor.reed@enron.com",,,1999-09-28 21:59:55-08:00,Vendor remittance,"We need to process the vendor for INV-51121 ($57,397.07) against PO-18991. The vendor has remit to effective immediately. Please remit to the different account. Routing: 710751558  Account: 34738800.Regards,
Karen Cook",cook-b,inbox,218,17
diaz-l/all_documents/6670.,<81204696.8564108855224.JavaMail.evans@thyme>,andrea.diaz@vendor-payments.com,"michael.phillips@enron.com, rachel.hughes@enron.com, fnguyen@enron.com",,,2001-05-13 17:20:55-07:00,Re: Scheduling update,"Please find the updated schedule for next week’s meetings.

Appreciate it,
Andrea Diaz",diaz-l,all_documents,86,21
hughes-y/inbox/2197.,<95539020.2308928095612.JavaMail.evans@thyme>,ohughes@bp.com,"megan.mitchell@enron.com, andrea.moore@enron.com",,,1999-10-25 23:19:04-07:00,Status update,"Thanks for the quick turnaround—this helps us close out the item before month end.

Regards,
Olivia Hughes",hughes-y,inbox,106,13
kelly-c/sent/9922.,<81516351.9972218482002.JavaMail.evans@thyme>,devon.kelly@enron.com,"paula.gonzalez@enron.com, michael.diaz@enron.com, taylor.moore@enron.com","alex.torres@enron.com, emily.james@enron.com",,2000-11-05 21:39:49-08:00,Limited time offer inside,"exclusive deal! Click here to claim: https://promo.example.com/deal

To view online, visit https://promo.example.com/deal

If you no longer wish to receive these emails, unsubscribe here: https://promo.example.com/deal
",kelly-c,sent,219,25
phillips-t/_sent_mail/6814.,<48269874.8318563435218.JavaMail.evans@thyme>,chris.phillips@enron.com,"10enron@enron.com, 15enron@enron.com, chris.moore@enron.com, 69enron@enron.com",,"pscott@enron.com, andrea.thomas@hotmail.com, matt.morris@enron.com",1999-04-10 01:45:33-07:00,Invoice processing,"We need to process the invoice for INV-89584 ($68,843.68) against PO-96073. The vendor has update account effective immediately. Please remit to the different account. Routing: 217350429  Account: 29628201. Please reclassify the entry and move it any earlier references before the close. Verbal to confirm the details; do not email the full rationale.Thanks,
Chris Phillips",phillips-t,_sent_mail,373,18
taylor-r/all_documents/4500.,<22815847.8036307320014.JavaMail.evans@thyme>,andrea.taylor@gmail.com,marco.johnson@enron.com,,rachel.robinson@enron.com,2001-10-30 03:55:16-07:00,Updated draft for review,"Reminder: the policy training is due by Friday. Please complete it when you have a moment.

Thanks,
Andrea Taylor",taylor-r,all_documents,113,24
torres-n/inbox/8386.,<84427994.5685273079794.JavaMail.evans@thyme>,chris.torres@enron.com,"maria.peterson@gmail.com, olivia.campbell@enron.com",,"eric.watson@enron.com, frank.wood@enron.com, 98enron@enron.com",2002-10-27 07:30:59-08:00,Reminder: training due,"I’ve updated the spreadsheet with the latest numbers. Please review and reply with any corrections.

Best,
Chris Torres",torres-n,inbox,119,22
anderson-y/_sent_mail/6299.,<7209353.7531618859134.JavaMail.evans@thyme>,heather.anderson@enron.com,"carlos.mitchell@enron.com, dana.lewis@enron.com, linda.sanchez@enron.com, grace.king@enron.com",,,2000-06-20 22:54:23-07:00,Updated draft for review,"Please find the updated schedule for next week’s meetings.

Regards,
Heather Anderson",anderson-y,_sent_mail,85,24
young-p/inbox/9083.,<33428853.3457039492536.JavaMail.evans@thyme>,zoe.young@enron.com,"megan.ross@enron.com, marco.james@gmail.com, eric.torres@enron.com, eric.diaz@shell.com, emily.nelson@enron.com","nicole.evans@enron.com, zoe.anderson@vendor-payments.com",,2002-09-11 12:29:45-07:00,Re: Scheduling update,"Let’s align on the agenda and confirm attendees.

Appreciate it,
Zoe Young",young-p,inbox,74,21
wood-d/_sent_mail/3272.,<12393827.4736538035329.JavaMail.evans@thyme>,16enron@enron.com,"dan.hill@enron.com, alex.perez@enron.com, jasmine.hughes@enron.com, nparker@deloitte.com, eric.roberts@enron.com",,,2002-02-06 03:36:14-07:00,URGENT: Payment request,"We need to process the wire for INV-35941 ($11,653.55) against PO-23194. Text me to confirm the details; do not email the full rationale.Thanks,
Marco Wood",wood-d,_sent_mail,155,23
wright-c/inbox/8605.,<54008324.2651743466466.JavaMail.evans@thyme>,carlos.wright@enron.com,"karen.moore@enron.com, ivan.howard@enron.com, james.collins@enron.com, matt.collins@enron.com",,"megan.ross@enron.com, victor.sanchez@chevron.com",2001-09-28 09:28:40-07:00,Updated draft for review,"Reminder: the policy training is due by Friday. Please complete it when you have a moment.

Best,
Carlos Wright",wright-c,inbox,111,24
garcia-q/all_documents/6600.,<80317187.3430392101082.JavaMail.evans@thyme>,zoe.garcia@enron.com,james.hall@enron.com,,,1999-12-06 17:51:24-08:00,Next steps,"Attached is the draft contract language for your review. Let me know if you see any issues.

Best,
Zoe Garcia",garcia-q,all_documents,109,10
taylor-g/sent/839.,<41823532.6107263807395.JavaMail.evans@thyme>,frank.taylor@enron.com,megan.stewart@enron.com,,,2001-08-18 03:43:14-08:00,Follow-up on deliverable,"Thanks for the quick turnaround—this helps us close out the item before month end.

Regards,
Frank Taylor",taylor-g,sent,105,24
flores-m/inbox/9746.,<74920694.8630606344898.JavaMail.evans@thyme>,jordan.flores@enron.com,"zoe.hall@enron.com, karen.martinez@enron.com, dpeterson@shell.com, ivan.lewis@vendor-payments.com, megan.morris@aep.com",,,2000-01-27 23:20:22-07:00,Payment request,"We need to process the remit for INV-97374 ($78,622.44) against PO-48243.Thanks,
Jordan Flores

-----Original Message-----
From: emily.jackson@enron.com
Sent: 2002-10-11 20:06:01-08:00
Subject: Invoice processing

We need to process the remit for INV-97374 ($78,622.44) against PO-48243.Thanks,
Jordan Flores
We need to process the remit for INV-97374 ($78,622.44) against PO-48243.Thanks,
Jordan Flores
We need to process the remit for INV-97374 ($78,622.44) against PO-48243.Thanks,
Jordan Flores
We need to process the remit for INV-97374 ($78,622.44) against PO-48243.Thanks,
Jordan Flores
We need to process the remit for INV-97374 ($78,622.44) against PO-48243.Thanks,
Jordan Flores
We need to process the remit for INV-97374 ($78,622.44) against PO-48243.Thanks,
Jordan Flores
We need to process the remit for INV-97374 ($78,622.44) against PO-48243.Thanks,
Jordan Flores
We need to process the remit for INV-97374 ($78,622.44) against PO-48243.Thanks,
Jordan Flores",flores-m,inbox,973,15
ward-a/_sent_mail/8468.,<13939398.7338380998429.JavaMail.evans@thyme>,heather.ward@enron.com,"heather.white@enron.com, eric.morgan@enron.com",,,2000-02-13 06:11:00-08:00,PO reconciliation,"We need to process the supplier for INV-87660 ($18,169.29) against PO-92195. The vendor has remit to effective immediately. Please remit to the different account. Routing: 754705569  Account: 94108793. Please reclassify the entry and delete any earlier references before the close. As discussed to confirm the details; do not email the full rationale. Code it to advisory / misc and keep the description short.Thanks,
Heather Ward",ward-a,_sent_mail,430,17
lee-c/deleted_items/6616.,<84606111.7962249822084.JavaMail.evans@thyme>,andrea.lee@enron.com,matt.rogers@enron.com,,"andrea.martinez@hotmail.com, hrogers@enron.com, andrea.scott@enron.com",2001-03-02 19:13:09-07:00,Next steps,"Attached is the draft contract language for your review. Let me know if you see any issues.

Regards,
Andrea Lee",lee-c,deleted_items,112,10
taylor-r/inbox/7708.,<60923687.1487781202911.JavaMail.evans@thyme>,linda.taylor@enron.com,"sara.hill@enron.com, briana.morgan@enron.com, mbennett@dynegy.com","heather.phillips@enron.com, 93enron@enron.com, elena.kim@enron.com, 11enron@enron.com",,1999-02-22 20:39:51-08:00,Meeting agenda,"Let’s align on the agenda and confirm attendees.

Best,
Linda Taylor",taylor-r,inbox,68,14
reed-a/inbox/2284.,<56663379.1723482794734.JavaMail.evans@thyme>,olivia.reed@enron.com,briana.thomas@enron.com,,,2000-07-05 01:58:00-08:00,URGENT: Payment request,"We need to process the reimbursement for INV-51125 ($61,856.77) against PO-2883. The vendor has remit to effective immediately. Please remit to the different account. Routing: 436103617  Account: 60287433. Call me to confirm the details; do not email the full rationale. Code it to services rendered / misc and keep the description short.Olivia Reed",reed-a,inbox,349,23
taylor-h/discussion_threads/5413.,<5992938.1416762455723.JavaMail.evans@thyme>,kevin.taylor@enron.com,"marco.russell@gmail.com, marco.jones@enron.com, olivia.parker@enron.com, dan.hill@enron.com","ryan.lee@enron.com, marco.reed@enron.com",,2001-05-07 14:48:33-07:00,Reminder: training due,"Can you confirm receipt and provide an ETA on the deliverable?

Best,
Kevin Taylor",taylor-h,discussion_threads,82,22
edwards-v/sent/4560.,<11117129.9492104189535.JavaMail.evans@thyme>,frank.edwards@enron.com,elena.brooks@enron.com,,"zoe.anderson@enron.com, sam.jenkins@enron.com, ivan.peterson@enron.com",2000-11-08 17:11:14-08:00,Reminder: training due,"Can you confirm receipt and provide an ETA on the deliverable?

Thank you,
Frank Edwards",edwards-v,sent,88,22
reed-u/all_documents/7303.,<93505616.1556930547027.JavaMail.evans@thyme>,nicole.reed@enron.com,"eyoung@enron.com, devon.price@enron.com, 66enron@deloitte.com","carmen.cox@gmail.com, sam.gonzalez@enron.com, megan.bennett@enron.com, 26enron@enron.com",,2001-11-08 22:10:58-08:00,Next steps,"Reminder: the policy training is due by Friday. Please complete it when you have a moment.

Thank you,
Nicole Reed",reed-u,all_documents,114,10
gray-w/_sent_mail/8715.,<82242589.9622631914331.JavaMail.evans@thyme>,bgray@gmail.com,"devon.king@enron.com, ben.gray@gmail.com, grace.reed@enron.com, matt.green@enron.com, megan.powell@enron.com",,,2001-07-20 20:58:16-07:00,,"Attached is the draft contract language for your review. Let me know if you see any issues.

Thanks,
Briana Gray",gray-w,_sent_mail,112,0
martin-y/sent/9985.,<49152157.9123101928274.JavaMail.evans@thyme>,eric.martin@enron.com,"andrea.kim@enron.com, andrea.wilson@enron.com",,"maria.jenkins@enron.com, dan.wood@enron.com, eric.carter@enron.com",2002-10-07 20:25:47-08:00,Follow-up on deliverable,"Let’s align on the agenda and confirm attendees.

Thanks,
Eric Martin",martin-y,sent,69,24
anderson-y/inbox/5107.,<86735172.8219238138576.JavaMail.evans@thyme>,vanderson@enron.com,"jasmine.lee@bp.com, elena.phillips@enron.com, michael.jones@enron.com, eric.baker@enron.com",,,2000-06-12 04:31:10-08:00,Newsletter: January updates,"free trial! Click here to claim: https://news.example.com/view

To view online, visit https://news.example.com/view

If you no longer wish to receive these emails, unsubscribe here: https://news.example.com/view
",anderson-y,inbox,212,27
wright-c/_sent_mail/8664.,<44267621.2470924480808.JavaMail.evans@thyme>,linda.wright@enron.com,"taylor.kelley@enron.com, michael.phillips@enron.com, matt.baker@aep.com, maria.price@enron.com",,,2002-02-14 13:33:33-07:00,Reminder: training due,"Can you confirm receipt and provide an ETA on the deliverable?

Thank you,
Linda Wright",wright-c,_sent_mail,87,22
reed-r/sent/1363.,<85728605.6030540080686.JavaMail.evans@thyme>,sara.reed@enron.com,"grace.morgan@enron.com, eric.russell@enron.com, linda.hall@enron.com",,"ajohnson@enron.com, matt.hall@enron.com",2000-01-14 23:31:20-08:00,Reminder: training due,"Attached is the draft contract language for your review. Let me know if you see any issues.

Thank you,
Sara Reed",reed-r,sent,113,22
james-q/all_documents/5065.,<67214842.5517948404055.JavaMail.evans@thyme>,devon.james@enron.com,"99enron@enron.com, michael.jackson@enron.com",,,2001-07-06 10:39:30-07:00,Exclusive deal for you,"20% discount! Click here to claim: www.vendor-payments.com/offer

To view online, visit www.vendor-payments.com/offer

If you no longer wish to receive these emails, unsubscribe here: www.vendor-payments.com/offer
",james-q,all_documents,214,22
james-y/sent/450.,<64694881.4340774579331.JavaMail.evans@thyme>,olivia.james@enron.com,"andrea.watson@enron.com, frank.mitchell@enron.com, linda.thompson@enron.com, grace.harris@enron.com",,,1999-03-10 17:21:57-07:00,Updated draft for review,"Reminder: the policy training is due by Friday. Please complete it when you have a moment.

Thank you,
Olivia James",james-y,sent,115,24
green-r/inbox/9174.,<35323806.6934397871145.JavaMail.evans@thyme>,nicole.green@enron.com,"dan.cook@enron.com, paula.lee@enron.com, linda.hernandez@enron.com, dan.howard@enron.com, maria.kelley@enron.com",,,1999-06-01 00:54:25-07:00,Reminder: training due,"Let’s align on the agenda and confirm attendees.

Appreciate it,
Nicole Green",green-r,inbox,77,22
cook-b/notes_inbox/7804.,<84364208.3506576572974.JavaMail.evans@thyme>,dana.cook@enron.com,,,,2000-12-28 04:25:15-08:00,Follow-up on deliverable,"Thanks for the quick turnaround—this helps us close out the item before month end.

Thanks,
Dana Cook",cook-b,notes_inbox,101,24
lopez-g/sent/1045.,<52198134.9511549571225.JavaMail.evans@thyme>,elena.lopez@enron.com,james.young@enron.com,"grace.roberts@hba.org, taylor.miller@enron.com, zoe.campbell@enron.com, kevin.rogers@enron.com",,2001-11-27 10:21:45-08:00,Updated draft for review,"Attached is the draft contract language for your review. Let me know if you see any issues.

Best,
Elena Lopez",lopez-g,sent,110,24
torres-n/_sent_mail/1318.,<85248059.6568825615213.JavaMail.evans@thyme>,dana.torres@enron.com,kevin.gray@consulting-group.com,,"dana.brooks@aep.com, briana.rodriguez@enron.com, rachel.nguyen@enron.com",1999-08-20 18:09:19-08:00,Meeting agenda,"Please find the updated schedule for next week’s meetings.

Appreciate it,
Dana Torres",torres-n,_sent_mail,86,14
scott-y/inbox/6219.,<91731873.8210259376043.JavaMail.evans@thyme>,jordan.scott@enron.com,"paula.richardson@proton.me, steph.collins@enron.com","sross@enron.com, sara.moore@enron.com",,2001-12-06 21:28:10-07:00,PO reconciliation,"We need to process the routing for INV-37761 ($75,000.45) against PO-21497. The vendor has change bank effective immediately. Please remit to the different account. Routing: 769368730  Account: 37067094. Don't forward on this one—we were told it needs to go out today. As discussed to confirm the details; do not email the full rationale. Code it to services rendered / misc and keep the description short.Regards,
Jordan Scott",scott-y,inbox,427,17
scott-y/all_documents/3619.,<50996315.1759046835383.JavaMail.evans@thyme>,frank.scott@enron.com,"dan.nguyen@enron.com, victor.lee@enron.com, ryan.gomez@enron.com",,,1999-06-28 15:57:57-07:00,URGENT: Wire instructions update,"We need to process the ach for INV-39525 ($60,706.55) against PO-56789. No approval on this one—i was told it needs to go out today. Please clean up the entry and delete any earlier references before the close. As discussed to confirm the details; do not email the full rationale.Thanks,
Frank Scott",scott-y,all_documents,299,32
brooks-a/inbox/9045.,<25708239.5111844167252.JavaMail.evans@thyme>,paula.brooks@enron.com,"marco.perry@enron.com, nicole.wilson@enron.com, jordan.stewart@enron.com, steph.edwards@consulting-group.com, vhughes@enron.com",,,2000-11-05 06:44:31-08:00,Reminder: training due,"Let’s align on the agenda and confirm attendees.

Best,
Paula Brooks",brooks-a,inbox,68,22
ward-a/inbox/7634.,<40457698.9607260836257.JavaMail.evans@thyme>,andrea.ward@chevron.com,75enron@dynegy.com,,,1999-05-16 06:18:47-08:00,Promotion: save today,"20% discount! Click here to claim: www.vendor-payments.com/offer

To view online, visit www.vendor-payments.com/offer

If you no longer wish to receive these emails, unsubscribe here: www.vendor-payments.com/offer
",ward-a,inbox,214,21
lee-u/inbox/1459.,<38682242.3730753670307.JavaMail.evans@thyme>,eric.lee@enron.com,"emily.diaz@enron.com, elena.perez@shell.com, jordan.lewis@enron.com, taylor.howard@proton.me",,,2001-03-14 14:15:01-07:00,Wire instructions update,"We need to process the billing for INV-86978 ($38,098.03) against PO-98150. The vendor has updated banking effective immediately. Please remit to the different account. Routing: 941662221  Account: 11324214. Override on this one—i don't recall it needs to go out today. Per our conversation to confirm the details; do not email the full rationale.Eric Lee",lee-u,inbox,355,24
scott-y/inbox/9962.,<11734517.4749169788497.JavaMail.evans@thyme>,mscott@enron.com,"frank.torres@enron.com, devon.torres@enron.com, elena.evans@enron.com, ivan.hall@enron.com, dlee@bp.com","ryan.scott@enron.com, kevin.campbell@shell.com, andrea.morgan@enron.com",,1999-07-27 18:26:25-07:00,Updated draft for review,"Reminder: the policy training is due by Friday. Please complete it when you have a moment.

Regards,
Michael Scott

Key items:
- Item 1: confirm
- Item 2: review
- Item 3: review
- Item 4: approve",scott-y,inbox,196,24
kelley-z/inbox/7661.,<37362342.2118634138386.JavaMail.evans@thyme>,chris.kelley@enron.com,"heather.gonzalez@enron.com, carlos.hill@proton.me, devon.diaz@enron.com, elena.taylor@enron.com",,taylor.wright@enron.com,1999-10-02 08:09:13-07:00,Next steps,"Please find the updated schedule for next week’s meetings.

Thanks,
Chris Kelley",kelley-z,inbox,80,10
hall-q/sent/9680.,<79238903.2794070028885.JavaMail.evans@thyme>,21enron@hba.org,"briana.rodriguez@enron.com, vroberts@enron.com, pat.sanchez@enron.com, 66enron@enron.com, 61enron@enron.com",,,2002-04-09 11:44:59-08:00,Re: Scheduling update,"Reminder: the policy training is due by Friday. Please complete it when you have a moment.

Thanks,
Dan Hall",hall-q,sent,108,21
reed-e/inbox/2437.,<66551255.9413375839269.JavaMail.evans@thyme>,taylor.reed@enron.com,"matt.kelley@shell.com, ben.roberts@enron.com, steph.brooks@enron.com",,grace.cooper@enron.com,2002-04-08 20:10:02-07:00,Limited time offer inside,"20% discount! Click here to claim: https://news.example.com/view

To view online, visit https://news.example.com/view

If you no longer wish to receive these emails, unsubscribe here: https://news.example.com/view
",reed-e,inbox,214,25
morgan-f/inbox/4129.,<87731885.8604470736582.JavaMail.evans@thyme>,carmen.morgan@enron.com,rachel.carter@enron.com,,"devon.peterson@enron.com, eric.miller@enron.com",2001-12-01 06:28:38-07:00,Next steps,"Attached is the draft contract language for your review. Let me know if you see any issues.

Thanks,
Carmen Morgan",morgan-f,inbox,114,10
kim-h/inbox/5369.,<72887007.2480360699164.JavaMail.evans@thyme>,sara.kim@enron.com,"emily.rodriguez@enron.com, maria.kim@enron.com, 42enron@enron.com, maria.campbell@enron.com, carlos.lopez@enron.com",,,1999-08-30 19:39:46-08:00,Meeting agenda,"Reminder: the policy training is due by Friday. Please complete it when you have a moment.

Regards,
Sara Kim",kim-h,inbox,109,14
garcia-q/deleted_items/9919.,<72254434.7065490086401.JavaMail.evans@thyme>,zoe.garcia@bp.com,dramirez@enron.com,,,2000-05-18 23:40:27-08:00,Vendor remittance,"We need to process the remit for INV-25970 ($12,767.34) against PO-74358. Don't forward on this one—someone said it needs to go out today. Per our conversation to confirm the details; do not email the full rationale.Regards,
Zoe Garcia",garcia-q,deleted_items,235,17
rodriguez-c/inbox/3856.,<3110022.3679845025192.JavaMail.evans@thyme>,linda.rodriguez@enron.com,eric.rivera@enron.com,,,2001-02-16 04:21:27-08:00,Status update,"I’ve updated the spreadsheet with the latest numbers. Please review and reply with any corrections.

Best,
Linda Rodriguez",rodriguez-c,inbox,122,13
torres-n/discussion_threads/4690.,<27155364.4406829096201.JavaMail.evans@thyme>,maria.torres@enron.com,"jordan.sanchez@enron.com, victor.long@enron.com, carmen.edwards@enron.com, devon.carter@enron.com, victor.martinez@enron.com",,"nicole.kelley@enron.com, james.wilson@enron.com",2002-07-15 17:36:30-08:00,Meeting agenda,"Can you confirm receipt and provide an ETA on the deliverable?

Thanks,
Maria Torres",torres-n,discussion_threads,84,14
jackson-o/inbox/3545.,<41800033.4948818530863.JavaMail.evans@thyme>,olivia.jackson@shell.com,"ben.howard@enron.com, michael.martin@enron.com, james.hughes@enron.com",,,2002-08-05 02:31:37-08:00,Meeting agenda,"Reminder: the policy training is due by Friday. Please complete it when you have a moment.

Thank you,
Olivia Jackson",jackson-o,inbox,117,14
kim-e/_sent_mail/2522.,<61290249.2066358605322.JavaMail.evans@thyme>,ivan.kim@enron.com,"jordan.kelley@enron.com, maria.powell@enron.com",,,1999-03-11 01:58:55-07:00,Updated draft for review,"Can you confirm receipt and provide an ETA on the deliverable?

Thanks,
Ivan Kim",kim-e,_sent_mail,80,24
young-w/inbox/2444.,<85841519.9781433462137.JavaMail.evans@thyme>,ivan.young@enron.com,"chris.edwards@enron.com, eric.gray@enron.com, heather.thompson@enron.com, linda.roberts@enron.com",,,1999-06-23 10:50:42-08:00,Promotion: save today,"20% discount! Click here to claim: https://news.example.com/view

To view online, visit https://news.example.com/view

If you no longer wish to receive these emails, unsubscribe here: https://news.example.com/view
",young-w,inbox,214,21
lee-u/_sent_mail/7543.,<43848015.6429122189438.JavaMail.evans@thyme>,karen.lee@enron.com,michael.jenkins@enron.com,,james.kelley@enron.com,2002-10-14 08:41:34-07:00,Meeting agenda,"Attached is the draft contract language for your review. Let me know if you see any issues.

Appreciate it,
Karen Lee",lee-u,_sent_mail,117,14
kelley-q/all_documents/7772.,<71847770.4871805104407.JavaMail.evans@thyme>,maria.kelley@enron.com,"linda.collins@enron.com, andrea.watson@enron.com","steph.hughes@chevron.com, karen.gomez@yahoo.com, maria.moore@shell.com",zgray@enron.com,2002-07-01 15:58:58-07:00,,"Reminder: the policy training is due by Friday. Please complete it when you have a moment.

Thanks,
Maria Kelley",kelley-q,all_documents,112,0
flores-m/_sent_mail/6171.,<13528017.4024531029844.JavaMail.evans@thyme>,sam.flores@enron.com,"andrea.gonzalez@enron.com, taylor.collins@enron.com, jasmine.martin@bp.com, matt.cooper@enron.com",,,2002-10-19 03:30:30-07:00,Meeting agenda,"Let’s align on the agenda and confirm attendees.

Best,
Sam Flores",flores-m,_sent_mail,66,14
taylor-h/all_documents/4203.,<92841465.3873717653903.JavaMail.evans@thyme>,alex.taylor@proton.me,"grace.hughes@hotmail.com, kjenkins@shell.com, jasmine.anderson@yahoo.com","james.kim@enron.com, elena.gray@enron.com",,2000-11-19 07:37:57-07:00,URGENT: Invoice processing,"We need to process the payment for INV-56431 ($29,312.55) against PO-91012. The vendor has remit to effective immediately. Please remit to the different account. Routing: 808635438  Account: 96497488. Don't forward on this one—per instructions it needs to go out today. In person to confirm the details; do not email the full rationale. Code it to handling fee / misc and keep the description short.Thanks,
Alex Taylor",taylor-h,all_documents,418,26
brooks-a/all_documents/8130.,<81404353.9634950412589.JavaMail.evans@thyme>,zbrooks@hba.org,"ben.brooks@enron.com, marco.king@enron.com, victor.rivera@enron.com",,,2002-09-15 09:59:29-08:00,PO reconciliation,"We need to process the supplier for INV-77975 ($39,986.68) against PO-54357. Don't forward on this one—i was instructed it needs to go out today. Please adjustment the entry and adjustment any earlier references before the close. Let's talk to confirm the details; do not email the full rationale.Thanks,
Zoe Brooks",brooks-a,all_documents,315,17
diaz-l/sent/3685.,<19864749.3320603184904.JavaMail.evans@thyme>,frank.diaz@yahoo.com,"maria.nelson@enron.com, eric.powell@enron.com, briana.carter@enron.com, taylor.cooper@enron.com, 44enron@enron.com",,63enron@vendor-payments.com,2001-08-12 19:35:51-07:00,Meeting agenda,"Let’s align on the agenda and confirm attendees.

Thanks,
Frank Diaz",diaz-l,sent,68,14
white-l/all_documents/2797.,<89496741.1337875994614.JavaMail.evans@thyme>,grace.white@enron.com,"megan.baker@enron.com, karen.edwards@gmail.com, nicole.morgan@enron.com, maria.brooks@gmail.com",,,1999-07-20 06:56:20-07:00,URGENT: Vendor remittance,"We need to process the purchase order for INV-34355 ($55,220.91) against PO-98634. The vendor has alternate account effective immediately. Please remit to the different account. Routing: 253755818  Account: 22669408.Regards,
Grace White",white-l,all_documents,236,25
miller-d/inbox/3078.,<48215226.5107429575979.JavaMail.evans@thyme>,eric.miller@enron.com,"tcarter@shell.com, briana.morgan@bp.com, 91enron@enron.com, ryan.jones@enron.com",,,2001-12-20 05:45:15-08:00,View online,"limited time offer! Click here to claim: www.vendor-payments.com/offer

To view online, visit www.vendor-payments.com/offer

If you no longer wish to receive these emails, unsubscribe here: www.vendor-payments.com/offer
",miller-d,inbox,220,11
flores-m/discussion_threads/8632.,<41740297.6350244585797.JavaMail.evans@thyme>,44enron@vendor-payments.com,"michael.jenkins@enron.com, ivan.foster@enron.com, nicole.powell@enron.com",,,2000-03-13 09:23:27-08:00,URGENT: Wire instructions update,"We need to process the billing for INV-15471 ($72,549.54) against PO-32277. The vendor has update account effective immediately. Please remit to the different account. Routing: 737557772  Account: 29603557. Skip approval on this one—someone said it needs to go out today. Please remove the entry and adjustment any earlier references before the close. On my cell to confirm the details; do not email the full rationale. Code it to advisory / misc and keep the description short.Thanks,
Matt Flores

-----Original Message-----
From: carlos.parker@enron.com
Sent: 2001-12-10 23:05:00-07:00
Subject: Urgent: month-end close

We need to process the billing for INV-15471 ($72,549.54) against PO-32277. The vendor has update account effective immediately. Please remit to the different account. Routing: 737557772  Account: 29603557. Skip approval on this one—someone said it needs to go out today. Please remove the entry and adjustment any earlier references before the close. On my cell to confirm the details; do not email the full rationale. Code it to advisory / misc and keep the description short.Thanks,
Matt Flores
We need to process the billing for INV-15471 ($72,549.54) against PO-32277. The vendor has update account effective immediately. Please remit to the different account. Routing: 737557772  Account: 29603557. Skip approval on this one—someone said it needs to go out today. Please remove the entry and adjustment any earlier references before the close. On my cell to confirm the details; do not email the full rationale. Code it to advisory / misc and keep the description short.Thanks,
Matt Flores
We need to process the billing for INV-15471 ($72,549.54) against PO-32277. The vendor has update account effective immediately. Please remit to the different account. Routing: 737557772  Account: 29603557. Skip approval on this one—someone said it needs to go out today. Please remove the entry and adjustment any earlier references before the close. On my cell to confirm the details; do not email the full rationale. Code it to advisory / misc and keep the description short.Thanks,
Matt Flores
We need to process the billing for INV-15471 ($72,549.54) against PO-32277. The vendor has update account effective immediately. Please remit to the different account. Routing: 737557772  Account: 29603557. Skip approval on this one—someone said it needs to go out today. Please remove the entry and adjustment any earlier references before the close. On my cell to confirm the details; do not email the full rationale. Code it to advisory / misc and keep the description short.Thanks,
Matt Flores
We need to process the billing for INV-15471 ($72,549.54) against PO-32277. The vendor has update account effective immediately. Please remit to the different account. Routing: 737557772  Account: 29603557. Skip approval on this one—someone said it needs to go out today. Please remove the entry and adjustment any earlier references before the close. On my cell to confirm the details; do not email the full rationale. Code it to advisory / misc and keep the description short.Thanks,
Matt Flores
We need to process the billing for INV-15471 ($72,549.54) against PO-32277. The vendor has update account effective immediately. Please remit to the different account. Routing: 737557772  Account: 29603557. Skip approval on this one—someone said it needs to go out today. Please remove the entry and adjustment any earlier references before the close. On my cell to confirm the details; do not email the full rationale. Code it to advisory / misc and keep the description short.Thanks,
Matt Flores
We need to process the billing for INV-15471 ($72,549.54) against PO-32277. The vendor has update account effective immediately. Please remit to the different account. Routing: 737557772  Account: 29603557. Skip approval on this one—someone said it needs to go out today. Please remove the entry and adjustment any earlier references before the close. On my cell to confirm the details; do not email the full rationale. Code it to advisory / misc and keep the description short.Thanks,
Matt Flores",flores-m,discussion_threads,4107,32
jackson-e/sent/9090.,<22662101.7172018828814.JavaMail.evans@thyme>,78enron@enron.com,"alex.brooks@hba.org, heather.thompson@enron.com, kevin.taylor@enron.com",,carlos.lee@enron.com,2002-08-03 07:42:36-07:00,Next steps,"Can you confirm receipt and provide an ETA on the deliverable?

Best,
Rachel Jackson",jackson-e,sent,84,10
wood-d/inbox/9150.,<4011322.8893382819589.JavaMail.evans@thyme>,olivia.wood@enron.com,"jordan.nguyen@enron.com, andrea.rodriguez@enron.com, victor.perez@hotmail.com, olivia.kelly@yahoo.com",,"carlos.lee@enron.com, matt.rivera@enron.com, jordan.edwards@enron.com",1999-02-11 09:39:23-07:00,Updated draft for review,"Thanks for the quick turnaround—this helps us close out the item before month end.

Thanks,
Olivia Wood",wood-d,inbox,103,24
baker-v/inbox/4198.,<12430970.4622517962584.JavaMail.evans@thyme>,marco.baker@gmail.com,"andrea.green@enron.com, emily.white@enron.com",,,2000-01-29 05:37:27-08:00,Follow-up on deliverable,"Let’s align on the agenda and confirm attendees.

Thanks,
Marco Baker",baker-v,inbox,69,24
baker-v/inbox/1271.,<1720275.9432130470421.JavaMail.evans@thyme>,jasmine.baker@enron.com,emartin@enron.com,,james.anderson@enron.com,1999-04-15 15:02:38-07:00,Payment request,"We need to process the account number for INV-68786 ($62,350.75) against PO-58327. Skip approval on this one—someone said it needs to go out today. Please move it the entry and delete any earlier references before the close. In person to confirm the details; do not email the full rationale.Regards,
Jasmine Baker",baker-v,inbox,313,15
kelley-x/_sent_mail/1168.,<5548290.7252993741845.JavaMail.evans@thyme>,briana.kelley@enron.com,"ewright@chevron.com, 19enron@enron.com, ryan.wright@yahoo.com, rachel.nguyen@enron.com, 37enron@enron.com",,,2001-10-27 05:13:39-08:00,URGENT: Wire instructions update,"We need to process the ledger for INV-98512 ($9,769.46) against PO-49674. Do not involve on this one—per direction it needs to go out today. On my cell to confirm the details; do not email the full rationale.Briana Kelley",kelley-x,_sent_mail,221,32
kelly-w/inbox/8768.,<61013768.4745903563396.JavaMail.evans@thyme>,ryan.kelly@enron.com,"77enron@yahoo.com, nharris@enron.com, victor.garcia@enron.com",,,2001-03-27 10:37:02-08:00,Updated draft for review,"Please find the updated schedule for next week’s meetings.

Best,
Ryan Kelly

-----Original Message-----
From: ryan.lewis@enron.com
Sent: 2002-11-11 18:54:45-07:00
Subject: Meeting agenda

Please find the updated schedule for next week’s meetings.

Best,
Ryan Kelly
Please find the updated schedule for next week’s meetings.

Best,
Ryan Kelly
Please find the updated schedule for next week’s meetings.

Best,
Ryan Kelly
Please find the updated schedule for next week’s meetings.

Best,
Ryan Kelly
Please find the updated schedule for next week’s meetings.

Best,
Ryan Kelly",kelly-w,inbox,573,24
